datetime,month,hour,carbon_intensity_gCO2_kWh,region
2021-01-01 00:00:00,1,0,168.5,West Midlands
2021-01-01 01:00:00,1,1,160.0,West Midlands
2021-01-01 02:00:00,1,2,148.5,West Midlands
2021-01-01 03:00:00,1,3,148.5,West Midlands
2021-01-01 04:00:00,1,4,142.5,West Midlands
2021-01-01 05:00:00,1,5,126.0,West Midlands
2021-01-01 06:00:00,1,6,142.0,West Midlands
2021-01-01 07:00:00,1,7,134.0,West Midlands
2021-01-01 08:00:00,1,8,130.5,West Midlands
2021-01-01 09:00:00,1,9,147.5,West Midlands
2021-01-01 10:00:00,1,10,174.0,West Midlands
2021-01-01 11:00:00,1,11,199.5,West Midlands
2021-01-01 12:00:00,1,12,209.5,West Midlands
2021-01-01 13:00:00,1,13,206.5,West Midlands
2021-01-01 14:00:00,1,14,228.0,West Midlands
2021-01-01 15:00:00,1,15,259.0,West Midlands
2021-01-01 16:00:00,1,16,255.0,West Midlands
2021-01-01 17:00:00,1,17,283.5,West Midlands
2021-01-01 18:00:00,1,18,292.0,West Midlands
2021-01-01 19:00:00,1,19,300.5,West Midlands
2021-01-01 20:00:00,1,20,278.5,West Midlands
2021-01-01 21:00:00,1,21,255.0,West Midlands
2021-01-01 22:00:00,1,22,241.0,West Midlands
2021-01-01 23:00:00,1,23,220.0,West Midlands
2021-01-02 00:00:00,1,0,209.0,West Midlands
2021-01-02 01:00:00,1,1,221.0,West Midlands
2021-01-02 02:00:00,1,2,223.5,West Midlands
2021-01-02 03:00:00,1,3,214.0,West Midlands
2021-01-02 04:00:00,1,4,199.0,West Midlands
2021-01-02 05:00:00,1,5,185.0,West Midlands
2021-01-02 06:00:00,1,6,198.5,West Midlands
2021-01-02 07:00:00,1,7,222.5,West Midlands
2021-01-02 08:00:00,1,8,259.5,West Midlands
2021-01-02 09:00:00,1,9,277.0,West Midlands
2021-01-02 10:00:00,1,10,298.0,West Midlands
2021-01-02 11:00:00,1,11,304.5,West Midlands
2021-01-02 12:00:00,1,12,299.0,West Midlands
2021-01-02 13:00:00,1,13,308.5,West Midlands
2021-01-02 14:00:00,1,14,299.0,West Midlands
2021-01-02 15:00:00,1,15,312.0,West Midlands
2021-01-02 16:00:00,1,16,310.0,West Midlands
2021-01-02 17:00:00,1,17,304.0,West Midlands
2021-01-02 18:00:00,1,18,317.0,West Midlands
2021-01-02 19:00:00,1,19,291.5,West Midlands
2021-01-02 20:00:00,1,20,277.5,West Midlands
2021-01-02 21:00:00,1,21,234.5,West Midlands
2021-01-02 22:00:00,1,22,194.5,West Midlands
2021-01-02 23:00:00,1,23,155.5,West Midlands
2021-01-03 00:00:00,1,0,134.0,West Midlands
2021-01-03 01:00:00,1,1,131.0,West Midlands
2021-01-03 02:00:00,1,2,99.5,West Midlands
2021-01-03 03:00:00,1,3,70.0,West Midlands
2021-01-03 04:00:00,1,4,77.0,West Midlands
2021-01-03 05:00:00,1,5,91.5,West Midlands
2021-01-03 06:00:00,1,6,94.0,West Midlands
2021-01-03 07:00:00,1,7,120.0,West Midlands
2021-01-03 08:00:00,1,8,167.0,West Midlands
2021-01-03 09:00:00,1,9,209.0,West Midlands
2021-01-03 10:00:00,1,10,240.5,West Midlands
2021-01-03 11:00:00,1,11,266.0,West Midlands
2021-01-03 12:00:00,1,12,273.5,West Midlands
2021-01-03 13:00:00,1,13,265.0,West Midlands
2021-01-03 14:00:00,1,14,269.5,West Midlands
2021-01-03 15:00:00,1,15,254.5,West Midlands
2021-01-03 16:00:00,1,16,251.0,West Midlands
2021-01-03 17:00:00,1,17,260.0,West Midlands
2021-01-03 18:00:00,1,18,266.0,West Midlands
2021-01-03 19:00:00,1,19,252.0,West Midlands
2021-01-03 20:00:00,1,20,222.5,West Midlands
2021-01-03 21:00:00,1,21,203.5,West Midlands
2021-01-03 22:00:00,1,22,173.5,West Midlands
2021-01-03 23:00:00,1,23,106.0,West Midlands
2021-01-04 00:00:00,1,0,101.0,West Midlands
2021-01-04 01:00:00,1,1,100.0,West Midlands
2021-01-04 02:00:00,1,2,95.0,West Midlands
2021-01-04 03:00:00,1,3,89.5,West Midlands
2021-01-04 04:00:00,1,4,87.0,West Midlands
2021-01-04 05:00:00,1,5,89.0,West Midlands
2021-01-04 06:00:00,1,6,135.0,West Midlands
2021-01-04 07:00:00,1,7,226.0,West Midlands
2021-01-04 08:00:00,1,8,275.5,West Midlands
2021-01-04 09:00:00,1,9,291.0,West Midlands
2021-01-04 10:00:00,1,10,285.5,West Midlands
2021-01-04 11:00:00,1,11,291.5,West Midlands
2021-01-04 12:00:00,1,12,292.0,West Midlands
2021-01-04 13:00:00,1,13,292.5,West Midlands
2021-01-04 14:00:00,1,14,286.5,West Midlands
2021-01-04 15:00:00,1,15,289.5,West Midlands
2021-01-04 16:00:00,1,16,286.0,West Midlands
2021-01-04 17:00:00,1,17,292.5,West Midlands
2021-01-04 18:00:00,1,18,302.5,West Midlands
2021-01-04 19:00:00,1,19,294.0,West Midlands
2021-01-04 20:00:00,1,20,257.0,West Midlands
2021-01-04 21:00:00,1,21,222.5,West Midlands
2021-01-04 22:00:00,1,22,207.0,West Midlands
2021-01-04 23:00:00,1,23,150.0,West Midlands
2021-01-05 00:00:00,1,0,141.0,West Midlands
2021-01-05 01:00:00,1,1,137.5,West Midlands
2021-01-05 02:00:00,1,2,136.5,West Midlands
2021-01-05 03:00:00,1,3,123.5,West Midlands
2021-01-05 04:00:00,1,4,112.0,West Midlands
2021-01-05 05:00:00,1,5,139.0,West Midlands
2021-01-05 06:00:00,1,6,189.0,West Midlands
2021-01-05 07:00:00,1,7,267.0,West Midlands
2021-01-05 08:00:00,1,8,328.0,West Midlands
2021-01-05 09:00:00,1,9,336.5,West Midlands
2021-01-05 10:00:00,1,10,332.0,West Midlands
2021-01-05 11:00:00,1,11,324.5,West Midlands
2021-01-05 12:00:00,1,12,314.5,West Midlands
2021-01-05 13:00:00,1,13,310.5,West Midlands
2021-01-05 14:00:00,1,14,314.0,West Midlands
2021-01-05 15:00:00,1,15,313.0,West Midlands
2021-01-05 16:00:00,1,16,325.5,West Midlands
2021-01-05 17:00:00,1,17,318.5,West Midlands
2021-01-05 18:00:00,1,18,332.5,West Midlands
2021-01-05 19:00:00,1,19,346.5,West Midlands
2021-01-05 20:00:00,1,20,332.5,West Midlands
2021-01-05 21:00:00,1,21,305.5,West Midlands
2021-01-05 22:00:00,1,22,274.5,West Midlands
2021-01-05 23:00:00,1,23,238.0,West Midlands
2021-01-06 00:00:00,1,0,234.0,West Midlands
2021-01-06 01:00:00,1,1,244.5,West Midlands
2021-01-06 02:00:00,1,2,236.0,West Midlands
2021-01-06 03:00:00,1,3,222.5,West Midlands
2021-01-06 04:00:00,1,4,229.0,West Midlands
2021-01-06 05:00:00,1,5,256.0,West Midlands
2021-01-06 06:00:00,1,6,319.5,West Midlands
2021-01-06 07:00:00,1,7,335.0,West Midlands
2021-01-06 08:00:00,1,8,367.5,West Midlands
2021-01-06 09:00:00,1,9,363.0,West Midlands
2021-01-06 10:00:00,1,10,355.5,West Midlands
2021-01-06 11:00:00,1,11,348.0,West Midlands
2021-01-06 12:00:00,1,12,334.0,West Midlands
2021-01-06 13:00:00,1,13,334.0,West Midlands
2021-01-06 14:00:00,1,14,341.0,West Midlands
2021-01-06 15:00:00,1,15,352.0,West Midlands
2021-01-06 16:00:00,1,16,367.0,West Midlands
2021-01-06 17:00:00,1,17,376.5,West Midlands
2021-01-06 18:00:00,1,18,361.0,West Midlands
2021-01-06 19:00:00,1,19,383.5,West Midlands
2021-01-06 20:00:00,1,20,418.0,West Midlands
2021-01-06 21:00:00,1,21,397.0,West Midlands
2021-01-06 22:00:00,1,22,362.0,West Midlands
2021-01-06 23:00:00,1,23,332.5,West Midlands
2021-01-07 00:00:00,1,0,330.5,West Midlands
2021-01-07 01:00:00,1,1,336.0,West Midlands
2021-01-07 02:00:00,1,2,298.0,West Midlands
2021-01-07 03:00:00,1,3,276.0,West Midlands
2021-01-07 04:00:00,1,4,308.0,West Midlands
2021-01-07 05:00:00,1,5,358.5,West Midlands
2021-01-07 06:00:00,1,6,399.5,West Midlands
2021-01-07 07:00:00,1,7,417.5,West Midlands
2021-01-07 08:00:00,1,8,412.5,West Midlands
2021-01-07 09:00:00,1,9,396.5,West Midlands
2021-01-07 10:00:00,1,10,394.5,West Midlands
2021-01-07 11:00:00,1,11,368.0,West Midlands
2021-01-07 12:00:00,1,12,375.0,West Midlands
2021-01-07 13:00:00,1,13,368.0,West Midlands
2021-01-07 14:00:00,1,14,362.5,West Midlands
2021-01-07 15:00:00,1,15,330.5,West Midlands
2021-01-07 16:00:00,1,16,325.5,West Midlands
2021-01-07 17:00:00,1,17,339.5,West Midlands
2021-01-07 18:00:00,1,18,329.0,West Midlands
2021-01-07 19:00:00,1,19,332.5,West Midlands
2021-01-07 20:00:00,1,20,326.5,West Midlands
2021-01-07 21:00:00,1,21,326.5,West Midlands
2021-01-07 22:00:00,1,22,292.0,West Midlands
2021-01-07 23:00:00,1,23,264.5,West Midlands
2021-01-08 00:00:00,1,0,251.0,West Midlands
2021-01-08 01:00:00,1,1,221.5,West Midlands
2021-01-08 02:00:00,1,2,194.5,West Midlands
2021-01-08 03:00:00,1,3,182.5,West Midlands
2021-01-08 04:00:00,1,4,186.5,West Midlands
2021-01-08 05:00:00,1,5,213.0,West Midlands
2021-01-08 06:00:00,1,6,257.5,West Midlands
2021-01-08 07:00:00,1,7,271.0,West Midlands
2021-01-08 08:00:00,1,8,294.0,West Midlands
2021-01-08 09:00:00,1,9,298.0,West Midlands
2021-01-08 10:00:00,1,10,302.5,West Midlands
2021-01-08 11:00:00,1,11,308.0,West Midlands
2021-01-08 12:00:00,1,12,304.5,West Midlands
2021-01-08 13:00:00,1,13,310.0,West Midlands
2021-01-08 14:00:00,1,14,324.5,West Midlands
2021-01-08 15:00:00,1,15,307.5,West Midlands
2021-01-08 16:00:00,1,16,321.5,West Midlands
2021-01-08 17:00:00,1,17,336.5,West Midlands
2021-01-08 18:00:00,1,18,338.5,West Midlands
2021-01-08 19:00:00,1,19,364.5,West Midlands
2021-01-08 20:00:00,1,20,380.5,West Midlands
2021-01-08 21:00:00,1,21,364.0,West Midlands
2021-01-08 22:00:00,1,22,357.5,West Midlands
2021-01-08 23:00:00,1,23,343.0,West Midlands
2021-01-09 00:00:00,1,0,324.5,West Midlands
2021-01-09 01:00:00,1,1,307.5,West Midlands
2021-01-09 02:00:00,1,2,294.5,West Midlands
2021-01-09 03:00:00,1,3,270.0,West Midlands
2021-01-09 04:00:00,1,4,242.0,West Midlands
2021-01-09 05:00:00,1,5,229.0,West Midlands
2021-01-09 06:00:00,1,6,245.0,West Midlands
2021-01-09 07:00:00,1,7,246.0,West Midlands
2021-01-09 08:00:00,1,8,251.0,West Midlands
2021-01-09 09:00:00,1,9,275.0,West Midlands
2021-01-09 10:00:00,1,10,293.0,West Midlands
2021-01-09 11:00:00,1,11,292.0,West Midlands
2021-01-09 12:00:00,1,12,294.5,West Midlands
2021-01-09 13:00:00,1,13,289.0,West Midlands
2021-01-09 14:00:00,1,14,285.0,West Midlands
2021-01-09 15:00:00,1,15,285.5,West Midlands
2021-01-09 16:00:00,1,16,280.5,West Midlands
2021-01-09 17:00:00,1,17,267.0,West Midlands
2021-01-09 18:00:00,1,18,288.5,West Midlands
2021-01-09 19:00:00,1,19,268.5,West Midlands
2021-01-09 20:00:00,1,20,264.0,West Midlands
2021-01-09 21:00:00,1,21,247.0,West Midlands
2021-01-09 22:00:00,1,22,220.0,West Midlands
2021-01-09 23:00:00,1,23,178.0,West Midlands
2021-01-10 00:00:00,1,0,157.5,West Midlands
2021-01-10 01:00:00,1,1,154.5,West Midlands
2021-01-10 02:00:00,1,2,171.0,West Midlands
2021-01-10 03:00:00,1,3,170.5,West Midlands
2021-01-10 04:00:00,1,4,191.5,West Midlands
2021-01-10 05:00:00,1,5,208.0,West Midlands
2021-01-10 06:00:00,1,6,209.0,West Midlands
2021-01-10 07:00:00,1,7,235.0,West Midlands
2021-01-10 08:00:00,1,8,303.0,West Midlands
2021-01-10 09:00:00,1,9,351.5,West Midlands
2021-01-10 10:00:00,1,10,356.0,West Midlands
2021-01-10 11:00:00,1,11,334.0,West Midlands
2021-01-10 12:00:00,1,12,318.0,West Midlands
2021-01-10 13:00:00,1,13,318.0,West Midlands
2021-01-10 14:00:00,1,14,300.0,West Midlands
2021-01-10 15:00:00,1,15,284.0,West Midlands
2021-01-10 16:00:00,1,16,255.5,West Midlands
2021-01-10 17:00:00,1,17,245.5,West Midlands
2021-01-10 18:00:00,1,18,254.0,West Midlands
2021-01-10 19:00:00,1,19,210.5,West Midlands
2021-01-10 20:00:00,1,20,166.0,West Midlands
2021-01-10 21:00:00,1,21,124.5,West Midlands
2021-01-10 22:00:00,1,22,73.0,West Midlands
2021-01-10 23:00:00,1,23,52.5,West Midlands
2021-01-11 00:00:00,1,0,64.0,West Midlands
2021-01-11 01:00:00,1,1,59.0,West Midlands
2021-01-11 02:00:00,1,2,56.0,West Midlands
2021-01-11 03:00:00,1,3,57.5,West Midlands
2021-01-11 04:00:00,1,4,73.5,West Midlands
2021-01-11 05:00:00,1,5,83.0,West Midlands
2021-01-11 06:00:00,1,6,100.0,West Midlands
2021-01-11 07:00:00,1,7,148.5,West Midlands
2021-01-11 08:00:00,1,8,164.5,West Midlands
2021-01-11 09:00:00,1,9,167.5,West Midlands
2021-01-11 10:00:00,1,10,184.0,West Midlands
2021-01-11 11:00:00,1,11,191.0,West Midlands
2021-01-11 12:00:00,1,12,193.0,West Midlands
2021-01-11 13:00:00,1,13,183.0,West Midlands
2021-01-11 14:00:00,1,14,179.0,West Midlands
2021-01-11 15:00:00,1,15,184.0,West Midlands
2021-01-11 16:00:00,1,16,184.5,West Midlands
2021-01-11 17:00:00,1,17,192.0,West Midlands
2021-01-11 18:00:00,1,18,199.5,West Midlands
2021-01-11 19:00:00,1,19,177.5,West Midlands
2021-01-11 20:00:00,1,20,167.0,West Midlands
2021-01-11 21:00:00,1,21,141.0,West Midlands
2021-01-11 22:00:00,1,22,113.5,West Midlands
2021-01-11 23:00:00,1,23,110.5,West Midlands
2021-01-12 00:00:00,1,0,115.5,West Midlands
2021-01-12 01:00:00,1,1,121.0,West Midlands
2021-01-12 02:00:00,1,2,91.5,West Midlands
2021-01-12 03:00:00,1,3,99.5,West Midlands
2021-01-12 04:00:00,1,4,105.5,West Midlands
2021-01-12 05:00:00,1,5,123.5,West Midlands
2021-01-12 06:00:00,1,6,198.5,West Midlands
2021-01-12 07:00:00,1,7,288.5,West Midlands
2021-01-12 08:00:00,1,8,328.0,West Midlands
2021-01-12 09:00:00,1,9,360.5,West Midlands
2021-01-12 10:00:00,1,10,366.0,West Midlands
2021-01-12 11:00:00,1,11,349.0,West Midlands
2021-01-12 12:00:00,1,12,359.5,West Midlands
2021-01-12 13:00:00,1,13,370.5,West Midlands
2021-01-12 14:00:00,1,14,362.5,West Midlands
2021-01-12 15:00:00,1,15,353.0,West Midlands
2021-01-12 16:00:00,1,16,321.0,West Midlands
2021-01-12 17:00:00,1,17,335.0,West Midlands
2021-01-12 18:00:00,1,18,345.0,West Midlands
2021-01-12 19:00:00,1,19,385.5,West Midlands
2021-01-12 20:00:00,1,20,388.0,West Midlands
2021-01-12 21:00:00,1,21,388.0,West Midlands
2021-01-12 22:00:00,1,22,371.0,West Midlands
2021-01-12 23:00:00,1,23,343.5,West Midlands
2021-01-13 00:00:00,1,0,358.0,West Midlands
2021-01-13 01:00:00,1,1,340.0,West Midlands
2021-01-13 02:00:00,1,2,317.5,West Midlands
2021-01-13 03:00:00,1,3,305.0,West Midlands
2021-01-13 04:00:00,1,4,303.5,West Midlands
2021-01-13 05:00:00,1,5,293.0,West Midlands
2021-01-13 06:00:00,1,6,328.5,West Midlands
2021-01-13 07:00:00,1,7,346.5,West Midlands
2021-01-13 08:00:00,1,8,361.0,West Midlands
2021-01-13 09:00:00,1,9,365.0,West Midlands
2021-01-13 10:00:00,1,10,346.5,West Midlands
2021-01-13 11:00:00,1,11,324.5,West Midlands
2021-01-13 12:00:00,1,12,308.0,West Midlands
2021-01-13 13:00:00,1,13,302.0,West Midlands
2021-01-13 14:00:00,1,14,298.0,West Midlands
2021-01-13 15:00:00,1,15,300.5,West Midlands
2021-01-13 16:00:00,1,16,294.5,West Midlands
2021-01-13 17:00:00,1,17,281.0,West Midlands
2021-01-13 18:00:00,1,18,279.5,West Midlands
2021-01-13 19:00:00,1,19,297.0,West Midlands
2021-01-13 20:00:00,1,20,310.5,West Midlands
2021-01-13 21:00:00,1,21,307.5,West Midlands
2021-01-13 22:00:00,1,22,275.5,West Midlands
2021-01-13 23:00:00,1,23,219.0,West Midlands
2021-01-14 00:00:00,1,0,200.5,West Midlands
2021-01-14 01:00:00,1,1,195.5,West Midlands
2021-01-14 02:00:00,1,2,184.0,West Midlands
2021-01-14 03:00:00,1,3,159.0,West Midlands
2021-01-14 04:00:00,1,4,160.5,West Midlands
2021-01-14 05:00:00,1,5,188.5,West Midlands
2021-01-14 06:00:00,1,6,233.0,West Midlands
2021-01-14 07:00:00,1,7,291.5,West Midlands
2021-01-14 08:00:00,1,8,324.0,West Midlands
2021-01-14 09:00:00,1,9,328.0,West Midlands
2021-01-14 10:00:00,1,10,330.0,West Midlands
2021-01-14 11:00:00,1,11,342.0,West Midlands
2021-01-14 12:00:00,1,12,348.0,West Midlands
2021-01-14 13:00:00,1,13,352.0,West Midlands
2021-01-14 14:00:00,1,14,358.0,West Midlands
2021-01-14 15:00:00,1,15,360.5,West Midlands
2021-01-14 16:00:00,1,16,345.5,West Midlands
2021-01-14 17:00:00,1,17,333.0,West Midlands
2021-01-14 18:00:00,1,18,334.5,West Midlands
2021-01-14 19:00:00,1,19,371.5,West Midlands
2021-01-14 20:00:00,1,20,397.0,West Midlands
2021-01-14 21:00:00,1,21,410.0,West Midlands
2021-01-14 22:00:00,1,22,400.0,West Midlands
2021-01-14 23:00:00,1,23,346.0,West Midlands
2021-01-15 00:00:00,1,0,333.0,West Midlands
2021-01-15 01:00:00,1,1,328.0,West Midlands
2021-01-15 02:00:00,1,2,324.0,West Midlands
2021-01-15 03:00:00,1,3,315.0,West Midlands
2021-01-15 04:00:00,1,4,308.0,West Midlands
2021-01-15 05:00:00,1,5,309.0,West Midlands
2021-01-15 06:00:00,1,6,332.0,West Midlands
2021-01-15 07:00:00,1,7,352.0,West Midlands
2021-01-15 08:00:00,1,8,352.5,West Midlands
2021-01-15 09:00:00,1,9,339.5,West Midlands
2021-01-15 10:00:00,1,10,335.0,West Midlands
2021-01-15 11:00:00,1,11,334.5,West Midlands
2021-01-15 12:00:00,1,12,319.5,West Midlands
2021-01-15 13:00:00,1,13,287.5,West Midlands
2021-01-15 14:00:00,1,14,290.0,West Midlands
2021-01-15 15:00:00,1,15,275.5,West Midlands
2021-01-15 16:00:00,1,16,241.0,West Midlands
2021-01-15 17:00:00,1,17,222.0,West Midlands
2021-01-15 18:00:00,1,18,228.0,West Midlands
2021-01-15 19:00:00,1,19,215.0,West Midlands
2021-01-15 20:00:00,1,20,190.0,West Midlands
2021-01-15 21:00:00,1,21,155.0,West Midlands
2021-01-15 22:00:00,1,22,125.0,West Midlands
2021-01-15 23:00:00,1,23,86.5,West Midlands
2021-01-16 00:00:00,1,0,83.5,West Midlands
2021-01-16 01:00:00,1,1,69.0,West Midlands
2021-01-16 02:00:00,1,2,53.0,West Midlands
2021-01-16 03:00:00,1,3,59.0,West Midlands
2021-01-16 04:00:00,1,4,60.0,West Midlands
2021-01-16 05:00:00,1,5,59.0,West Midlands
2021-01-16 06:00:00,1,6,54.5,West Midlands
2021-01-16 07:00:00,1,7,59.5,West Midlands
2021-01-16 08:00:00,1,8,72.0,West Midlands
2021-01-16 09:00:00,1,9,97.0,West Midlands
2021-01-16 10:00:00,1,10,130.0,West Midlands
2021-01-16 11:00:00,1,11,123.0,West Midlands
2021-01-16 12:00:00,1,12,126.0,West Midlands
2021-01-16 13:00:00,1,13,130.0,West Midlands
2021-01-16 14:00:00,1,14,138.5,West Midlands
2021-01-16 15:00:00,1,15,154.0,West Midlands
2021-01-16 16:00:00,1,16,153.5,West Midlands
2021-01-16 17:00:00,1,17,160.5,West Midlands
2021-01-16 18:00:00,1,18,170.5,West Midlands
2021-01-16 19:00:00,1,19,170.5,West Midlands
2021-01-16 20:00:00,1,20,135.5,West Midlands
2021-01-16 21:00:00,1,21,89.0,West Midlands
2021-01-16 22:00:00,1,22,62.0,West Midlands
2021-01-16 23:00:00,1,23,51.0,West Midlands
2021-01-17 00:00:00,1,0,36.0,West Midlands
2021-01-17 01:00:00,1,1,29.0,West Midlands
2021-01-17 02:00:00,1,2,30.5,West Midlands
2021-01-17 03:00:00,1,3,32.5,West Midlands
2021-01-17 04:00:00,1,4,29.5,West Midlands
2021-01-17 05:00:00,1,5,32.5,West Midlands
2021-01-17 06:00:00,1,6,41.0,West Midlands
2021-01-17 07:00:00,1,7,55.5,West Midlands
2021-01-17 08:00:00,1,8,72.0,West Midlands
2021-01-17 09:00:00,1,9,120.0,West Midlands
2021-01-17 10:00:00,1,10,182.0,West Midlands
2021-01-17 11:00:00,1,11,212.5,West Midlands
2021-01-17 12:00:00,1,12,219.0,West Midlands
2021-01-17 13:00:00,1,13,209.5,West Midlands
2021-01-17 14:00:00,1,14,222.0,West Midlands
2021-01-17 15:00:00,1,15,223.0,West Midlands
2021-01-17 16:00:00,1,16,199.0,West Midlands
2021-01-17 17:00:00,1,17,177.0,West Midlands
2021-01-17 18:00:00,1,18,179.5,West Midlands
2021-01-17 19:00:00,1,19,178.5,West Midlands
2021-01-17 20:00:00,1,20,150.5,West Midlands
2021-01-17 21:00:00,1,21,107.0,West Midlands
2021-01-17 22:00:00,1,22,50.5,West Midlands
2021-01-17 23:00:00,1,23,44.0,West Midlands
2021-01-18 00:00:00,1,0,39.5,West Midlands
2021-01-18 01:00:00,1,1,36.5,West Midlands
2021-01-18 02:00:00,1,2,40.5,West Midlands
2021-01-18 03:00:00,1,3,38.0,West Midlands
2021-01-18 04:00:00,1,4,38.0,West Midlands
2021-01-18 05:00:00,1,5,46.0,West Midlands
2021-01-18 06:00:00,1,6,79.0,West Midlands
2021-01-18 07:00:00,1,7,123.0,West Midlands
2021-01-18 08:00:00,1,8,160.5,West Midlands
2021-01-18 09:00:00,1,9,173.5,West Midlands
2021-01-18 10:00:00,1,10,188.0,West Midlands
2021-01-18 11:00:00,1,11,190.5,West Midlands
2021-01-18 12:00:00,1,12,197.0,West Midlands
2021-01-18 13:00:00,1,13,195.5,West Midlands
2021-01-18 14:00:00,1,14,198.0,West Midlands
2021-01-18 15:00:00,1,15,219.5,West Midlands
2021-01-18 16:00:00,1,16,230.0,West Midlands
2021-01-18 17:00:00,1,17,223.5,West Midlands
2021-01-18 18:00:00,1,18,242.5,West Midlands
2021-01-18 19:00:00,1,19,243.0,West Midlands
2021-01-18 20:00:00,1,20,227.5,West Midlands
2021-01-18 21:00:00,1,21,193.5,West Midlands
2021-01-18 22:00:00,1,22,144.0,West Midlands
2021-01-18 23:00:00,1,23,108.5,West Midlands
2021-01-19 00:00:00,1,0,126.5,West Midlands
2021-01-19 01:00:00,1,1,137.0,West Midlands
2021-01-19 02:00:00,1,2,140.0,West Midlands
2021-01-19 03:00:00,1,3,125.0,West Midlands
2021-01-19 04:00:00,1,4,119.5,West Midlands
2021-01-19 05:00:00,1,5,119.5,West Midlands
2021-01-19 06:00:00,1,6,169.5,West Midlands
2021-01-19 07:00:00,1,7,256.5,West Midlands
2021-01-19 08:00:00,1,8,307.5,West Midlands
2021-01-19 09:00:00,1,9,317.0,West Midlands
2021-01-19 10:00:00,1,10,327.5,West Midlands
2021-01-19 11:00:00,1,11,317.0,West Midlands
2021-01-19 12:00:00,1,12,294.5,West Midlands
2021-01-19 13:00:00,1,13,303.0,West Midlands
2021-01-19 14:00:00,1,14,301.5,West Midlands
2021-01-19 15:00:00,1,15,304.5,West Midlands
2021-01-19 16:00:00,1,16,291.0,West Midlands
2021-01-19 17:00:00,1,17,292.5,West Midlands
2021-01-19 18:00:00,1,18,303.5,West Midlands
2021-01-19 19:00:00,1,19,306.0,West Midlands
2021-01-19 20:00:00,1,20,274.5,West Midlands
2021-01-19 21:00:00,1,21,210.5,West Midlands
2021-01-19 22:00:00,1,22,143.5,West Midlands
2021-01-19 23:00:00,1,23,107.5,West Midlands
2021-01-20 00:00:00,1,0,113.5,West Midlands
2021-01-20 01:00:00,1,1,124.0,West Midlands
2021-01-20 02:00:00,1,2,127.5,West Midlands
2021-01-20 03:00:00,1,3,144.0,West Midlands
2021-01-20 04:00:00,1,4,155.5,West Midlands
2021-01-20 05:00:00,1,5,173.5,West Midlands
2021-01-20 06:00:00,1,6,217.0,West Midlands
2021-01-20 07:00:00,1,7,297.0,West Midlands
2021-01-20 08:00:00,1,8,344.5,West Midlands
2021-01-20 09:00:00,1,9,363.0,West Midlands
2021-01-20 10:00:00,1,10,360.5,West Midlands
2021-01-20 11:00:00,1,11,351.5,West Midlands
2021-01-20 12:00:00,1,12,344.0,West Midlands
2021-01-20 13:00:00,1,13,341.5,West Midlands
2021-01-20 14:00:00,1,14,343.0,West Midlands
2021-01-20 15:00:00,1,15,338.5,West Midlands
2021-01-20 16:00:00,1,16,341.5,West Midlands
2021-01-20 17:00:00,1,17,348.5,West Midlands
2021-01-20 18:00:00,1,18,338.5,West Midlands
2021-01-20 19:00:00,1,19,334.0,West Midlands
2021-01-20 20:00:00,1,20,318.0,West Midlands
2021-01-20 21:00:00,1,21,235.5,West Midlands
2021-01-20 22:00:00,1,22,136.5,West Midlands
2021-01-20 23:00:00,1,23,98.0,West Midlands
2021-01-21 00:00:00,1,0,98.0,West Midlands
2021-01-21 01:00:00,1,1,87.0,West Midlands
2021-01-21 02:00:00,1,2,64.5,West Midlands
2021-01-21 03:00:00,1,3,56.0,West Midlands
2021-01-21 04:00:00,1,4,47.5,West Midlands
2021-01-21 05:00:00,1,5,54.5,West Midlands
2021-01-21 06:00:00,1,6,74.5,West Midlands
2021-01-21 07:00:00,1,7,111.5,West Midlands
2021-01-21 08:00:00,1,8,165.0,West Midlands
2021-01-21 09:00:00,1,9,161.0,West Midlands
2021-01-21 10:00:00,1,10,145.5,West Midlands
2021-01-21 11:00:00,1,11,153.5,West Midlands
2021-01-21 12:00:00,1,12,165.0,West Midlands
2021-01-21 13:00:00,1,13,154.5,West Midlands
2021-01-21 14:00:00,1,14,152.5,West Midlands
2021-01-21 15:00:00,1,15,170.5,West Midlands
2021-01-21 16:00:00,1,16,182.5,West Midlands
2021-01-21 17:00:00,1,17,180.0,West Midlands
2021-01-21 18:00:00,1,18,183.0,West Midlands
2021-01-21 19:00:00,1,19,187.5,West Midlands
2021-01-21 20:00:00,1,20,169.0,West Midlands
2021-01-21 21:00:00,1,21,109.0,West Midlands
2021-01-21 22:00:00,1,22,64.0,West Midlands
2021-01-21 23:00:00,1,23,51.5,West Midlands
2021-01-22 00:00:00,1,0,39.5,West Midlands
2021-01-22 01:00:00,1,1,39.0,West Midlands
2021-01-22 02:00:00,1,2,39.0,West Midlands
2021-01-22 03:00:00,1,3,36.5,West Midlands
2021-01-22 04:00:00,1,4,37.0,West Midlands
2021-01-22 05:00:00,1,5,49.5,West Midlands
2021-01-22 06:00:00,1,6,90.0,West Midlands
2021-01-22 07:00:00,1,7,187.5,West Midlands
2021-01-22 08:00:00,1,8,237.0,West Midlands
2021-01-22 09:00:00,1,9,258.5,West Midlands
2021-01-22 10:00:00,1,10,291.0,West Midlands
2021-01-22 11:00:00,1,11,289.0,West Midlands
2021-01-22 12:00:00,1,12,281.0,West Midlands
2021-01-22 13:00:00,1,13,282.0,West Midlands
2021-01-22 14:00:00,1,14,287.5,West Midlands
2021-01-22 15:00:00,1,15,294.0,West Midlands
2021-01-22 16:00:00,1,16,291.0,West Midlands
2021-01-22 17:00:00,1,17,279.0,West Midlands
2021-01-22 18:00:00,1,18,288.5,West Midlands
2021-01-22 19:00:00,1,19,309.0,West Midlands
2021-01-22 20:00:00,1,20,312.5,West Midlands
2021-01-22 21:00:00,1,21,323.5,West Midlands
2021-01-22 22:00:00,1,22,321.0,West Midlands
2021-01-22 23:00:00,1,23,308.5,West Midlands
2021-01-23 00:00:00,1,0,304.0,West Midlands
2021-01-23 01:00:00,1,1,316.0,West Midlands
2021-01-23 02:00:00,1,2,318.0,West Midlands
2021-01-23 03:00:00,1,3,314.0,West Midlands
2021-01-23 04:00:00,1,4,298.5,West Midlands
2021-01-23 05:00:00,1,5,296.0,West Midlands
2021-01-23 06:00:00,1,6,311.0,West Midlands
2021-01-23 07:00:00,1,7,306.0,West Midlands
2021-01-23 08:00:00,1,8,309.0,West Midlands
2021-01-23 09:00:00,1,9,336.0,West Midlands
2021-01-23 10:00:00,1,10,359.0,West Midlands
2021-01-23 11:00:00,1,11,367.5,West Midlands
2021-01-23 12:00:00,1,12,366.0,West Midlands
2021-01-23 13:00:00,1,13,357.0,West Midlands
2021-01-23 14:00:00,1,14,344.5,West Midlands
2021-01-23 15:00:00,1,15,339.5,West Midlands
2021-01-23 16:00:00,1,16,322.5,West Midlands
2021-01-23 17:00:00,1,17,314.5,West Midlands
2021-01-23 18:00:00,1,18,330.5,West Midlands
2021-01-23 19:00:00,1,19,349.0,West Midlands
2021-01-23 20:00:00,1,20,360.5,West Midlands
2021-01-23 21:00:00,1,21,369.0,West Midlands
2021-01-23 22:00:00,1,22,374.0,West Midlands
2021-01-23 23:00:00,1,23,357.0,West Midlands
2021-01-24 00:00:00,1,0,339.5,West Midlands
2021-01-24 01:00:00,1,1,341.5,West Midlands
2021-01-24 02:00:00,1,2,335.0,West Midlands
2021-01-24 03:00:00,1,3,320.0,West Midlands
2021-01-24 04:00:00,1,4,309.5,West Midlands
2021-01-24 05:00:00,1,5,302.5,West Midlands
2021-01-24 06:00:00,1,6,303.5,West Midlands
2021-01-24 07:00:00,1,7,311.5,West Midlands
2021-01-24 08:00:00,1,8,347.0,West Midlands
2021-01-24 09:00:00,1,9,373.0,West Midlands
2021-01-24 10:00:00,1,10,391.5,West Midlands
2021-01-24 11:00:00,1,11,390.0,West Midlands
2021-01-24 12:00:00,1,12,385.5,West Midlands
2021-01-24 13:00:00,1,13,383.5,West Midlands
2021-01-24 14:00:00,1,14,384.5,West Midlands
2021-01-24 15:00:00,1,15,369.5,West Midlands
2021-01-24 16:00:00,1,16,339.0,West Midlands
2021-01-24 17:00:00,1,17,321.5,West Midlands
2021-01-24 18:00:00,1,18,312.0,West Midlands
2021-01-24 19:00:00,1,19,316.0,West Midlands
2021-01-24 20:00:00,1,20,304.0,West Midlands
2021-01-24 21:00:00,1,21,276.5,West Midlands
2021-01-24 22:00:00,1,22,202.5,West Midlands
2021-01-24 23:00:00,1,23,135.0,West Midlands
2021-01-25 00:00:00,1,0,138.5,West Midlands
2021-01-25 01:00:00,1,1,122.0,West Midlands
2021-01-25 02:00:00,1,2,113.0,West Midlands
2021-01-25 03:00:00,1,3,79.0,West Midlands
2021-01-25 04:00:00,1,4,73.5,West Midlands
2021-01-25 05:00:00,1,5,101.0,West Midlands
2021-01-25 06:00:00,1,6,181.5,West Midlands
2021-01-25 07:00:00,1,7,268.0,West Midlands
2021-01-25 08:00:00,1,8,262.5,West Midlands
2021-01-25 09:00:00,1,9,275.5,West Midlands
2021-01-25 10:00:00,1,10,288.5,West Midlands
2021-01-25 11:00:00,1,11,303.0,West Midlands
2021-01-25 12:00:00,1,12,317.5,West Midlands
2021-01-25 13:00:00,1,13,329.5,West Midlands
2021-01-25 14:00:00,1,14,346.5,West Midlands
2021-01-25 15:00:00,1,15,343.0,West Midlands
2021-01-25 16:00:00,1,16,357.0,West Midlands
2021-01-25 17:00:00,1,17,341.0,West Midlands
2021-01-25 18:00:00,1,18,369.5,West Midlands
2021-01-25 19:00:00,1,19,341.5,West Midlands
2021-01-25 20:00:00,1,20,311.5,West Midlands
2021-01-25 21:00:00,1,21,282.5,West Midlands
2021-01-25 22:00:00,1,22,266.5,West Midlands
2021-01-25 23:00:00,1,23,216.0,West Midlands
2021-01-26 00:00:00,1,0,206.5,West Midlands
2021-01-26 01:00:00,1,1,216.5,West Midlands
2021-01-26 02:00:00,1,2,247.0,West Midlands
2021-01-26 03:00:00,1,3,250.0,West Midlands
2021-01-26 04:00:00,1,4,248.0,West Midlands
2021-01-26 05:00:00,1,5,246.5,West Midlands
2021-01-26 06:00:00,1,6,310.5,West Midlands
2021-01-26 07:00:00,1,7,345.5,West Midlands
2021-01-26 08:00:00,1,8,347.5,West Midlands
2021-01-26 09:00:00,1,9,332.5,West Midlands
2021-01-26 10:00:00,1,10,320.0,West Midlands
2021-01-26 11:00:00,1,11,317.5,West Midlands
2021-01-26 12:00:00,1,12,302.0,West Midlands
2021-01-26 13:00:00,1,13,295.0,West Midlands
2021-01-26 14:00:00,1,14,300.0,West Midlands
2021-01-26 15:00:00,1,15,315.0,West Midlands
2021-01-26 16:00:00,1,16,318.5,West Midlands
2021-01-26 17:00:00,1,17,321.0,West Midlands
2021-01-26 18:00:00,1,18,351.5,West Midlands
2021-01-26 19:00:00,1,19,351.0,West Midlands
2021-01-26 20:00:00,1,20,328.5,West Midlands
2021-01-26 21:00:00,1,21,272.0,West Midlands
2021-01-26 22:00:00,1,22,223.5,West Midlands
2021-01-26 23:00:00,1,23,152.3,West Midlands
2021-01-27 00:00:00,1,0,148.0,West Midlands
2021-01-27 01:00:00,1,1,156.0,West Midlands
2021-01-27 02:00:00,1,2,164.5,West Midlands
2021-01-27 03:00:00,1,3,153.0,West Midlands
2021-01-27 04:00:00,1,4,157.0,West Midlands
2021-01-27 05:00:00,1,5,174.5,West Midlands
2021-01-27 06:00:00,1,6,227.0,West Midlands
2021-01-27 07:00:00,1,7,344.0,West Midlands
2021-01-27 08:00:00,1,8,382.5,West Midlands
2021-01-27 09:00:00,1,9,395.0,West Midlands
2021-01-27 10:00:00,1,10,406.5,West Midlands
2021-01-27 11:00:00,1,11,401.0,West Midlands
2021-01-27 12:00:00,1,12,393.0,West Midlands
2021-01-27 13:00:00,1,13,401.5,West Midlands
2021-01-27 14:00:00,1,14,402.5,West Midlands
2021-01-27 15:00:00,1,15,401.5,West Midlands
2021-01-27 16:00:00,1,16,384.0,West Midlands
2021-01-27 17:00:00,1,17,351.5,West Midlands
2021-01-27 18:00:00,1,18,355.5,West Midlands
2021-01-27 19:00:00,1,19,359.0,West Midlands
2021-01-27 20:00:00,1,20,334.5,West Midlands
2021-01-27 21:00:00,1,21,258.0,West Midlands
2021-01-27 22:00:00,1,22,195.5,West Midlands
2021-01-27 23:00:00,1,23,111.5,West Midlands
2021-01-28 00:00:00,1,0,84.0,West Midlands
2021-01-28 01:00:00,1,1,73.5,West Midlands
2021-01-28 02:00:00,1,2,71.5,West Midlands
2021-01-28 03:00:00,1,3,67.5,West Midlands
2021-01-28 04:00:00,1,4,63.0,West Midlands
2021-01-28 05:00:00,1,5,67.5,West Midlands
2021-01-28 06:00:00,1,6,117.0,West Midlands
2021-01-28 07:00:00,1,7,207.5,West Midlands
2021-01-28 08:00:00,1,8,253.0,West Midlands
2021-01-28 09:00:00,1,9,302.5,West Midlands
2021-01-28 10:00:00,1,10,320.5,West Midlands
2021-01-28 11:00:00,1,11,323.5,West Midlands
2021-01-28 12:00:00,1,12,307.5,West Midlands
2021-01-28 13:00:00,1,13,303.0,West Midlands
2021-01-28 14:00:00,1,14,327.0,West Midlands
2021-01-28 15:00:00,1,15,332.5,West Midlands
2021-01-28 16:00:00,1,16,353.0,West Midlands
2021-01-28 17:00:00,1,17,329.5,West Midlands
2021-01-28 18:00:00,1,18,345.5,West Midlands
2021-01-28 19:00:00,1,19,344.5,West Midlands
2021-01-28 20:00:00,1,20,296.0,West Midlands
2021-01-28 21:00:00,1,21,229.0,West Midlands
2021-01-28 22:00:00,1,22,171.0,West Midlands
2021-01-28 23:00:00,1,23,121.5,West Midlands
2021-01-29 00:00:00,1,0,120.5,West Midlands
2021-01-29 01:00:00,1,1,128.0,West Midlands
2021-01-29 02:00:00,1,2,131.0,West Midlands
2021-01-29 03:00:00,1,3,122.5,West Midlands
2021-01-29 04:00:00,1,4,128.0,West Midlands
2021-01-29 05:00:00,1,5,145.5,West Midlands
2021-01-29 06:00:00,1,6,166.0,West Midlands
2021-01-29 07:00:00,1,7,227.5,West Midlands
2021-01-29 08:00:00,1,8,254.5,West Midlands
2021-01-29 09:00:00,1,9,278.5,West Midlands
2021-01-29 10:00:00,1,10,291.5,West Midlands
2021-01-29 11:00:00,1,11,303.5,West Midlands
2021-01-29 12:00:00,1,12,343.0,West Midlands
2021-01-29 13:00:00,1,13,351.0,West Midlands
2021-01-29 14:00:00,1,14,356.0,West Midlands
2021-01-29 15:00:00,1,15,378.5,West Midlands
2021-01-29 16:00:00,1,16,356.0,West Midlands
2021-01-29 17:00:00,1,17,324.5,West Midlands
2021-01-29 18:00:00,1,18,337.0,West Midlands
2021-01-29 19:00:00,1,19,330.5,West Midlands
2021-01-29 20:00:00,1,20,260.0,West Midlands
2021-01-29 21:00:00,1,21,225.0,West Midlands
2021-01-29 22:00:00,1,22,178.5,West Midlands
2021-01-29 23:00:00,1,23,129.0,West Midlands
2021-01-30 00:00:00,1,0,118.5,West Midlands
2021-01-30 01:00:00,1,1,92.5,West Midlands
2021-01-30 02:00:00,1,2,56.0,West Midlands
2021-01-30 03:00:00,1,3,49.0,West Midlands
2021-01-30 04:00:00,1,4,50.5,West Midlands
2021-01-30 05:00:00,1,5,53.0,West Midlands
2021-01-30 06:00:00,1,6,57.0,West Midlands
2021-01-30 07:00:00,1,7,57.5,West Midlands
2021-01-30 08:00:00,1,8,78.5,West Midlands
2021-01-30 09:00:00,1,9,126.0,West Midlands
2021-01-30 10:00:00,1,10,174.0,West Midlands
2021-01-30 11:00:00,1,11,189.0,West Midlands
2021-01-30 12:00:00,1,12,189.5,West Midlands
2021-01-30 13:00:00,1,13,199.5,West Midlands
2021-01-30 14:00:00,1,14,202.0,West Midlands
2021-01-30 15:00:00,1,15,227.0,West Midlands
2021-01-30 16:00:00,1,16,237.5,West Midlands
2021-01-30 17:00:00,1,17,247.0,West Midlands
2021-01-30 18:00:00,1,18,263.5,West Midlands
2021-01-30 19:00:00,1,19,261.0,West Midlands
2021-01-30 20:00:00,1,20,260.5,West Midlands
2021-01-30 21:00:00,1,21,257.0,West Midlands
2021-01-30 22:00:00,1,22,234.5,West Midlands
2021-01-30 23:00:00,1,23,195.5,West Midlands
2021-01-31 00:00:00,1,0,169.5,West Midlands
2021-01-31 01:00:00,1,1,179.0,West Midlands
2021-01-31 02:00:00,1,2,222.5,West Midlands
2021-01-31 03:00:00,1,3,231.5,West Midlands
2021-01-31 04:00:00,1,4,223.0,West Midlands
2021-01-31 05:00:00,1,5,224.0,West Midlands
2021-01-31 06:00:00,1,6,203.5,West Midlands
2021-01-31 07:00:00,1,7,195.0,West Midlands
2021-01-31 08:00:00,1,8,198.5,West Midlands
2021-01-31 09:00:00,1,9,207.5,West Midlands
2021-01-31 10:00:00,1,10,221.5,West Midlands
2021-01-31 11:00:00,1,11,235.5,West Midlands
2021-01-31 12:00:00,1,12,244.5,West Midlands
2021-01-31 13:00:00,1,13,249.0,West Midlands
2021-01-31 14:00:00,1,14,252.0,West Midlands
2021-01-31 15:00:00,1,15,255.5,West Midlands
2021-01-31 16:00:00,1,16,257.0,West Midlands
2021-01-31 17:00:00,1,17,249.0,West Midlands
2021-01-31 18:00:00,1,18,261.5,West Midlands
2021-01-31 19:00:00,1,19,271.0,West Midlands
2021-01-31 20:00:00,1,20,260.5,West Midlands
2021-01-31 21:00:00,1,21,233.0,West Midlands
2021-01-31 22:00:00,1,22,204.5,West Midlands
2021-01-31 23:00:00,1,23,159.0,West Midlands
2021-02-01 00:00:00,2,0,163.0,West Midlands
2021-02-01 01:00:00,2,1,194.5,West Midlands
2021-02-01 02:00:00,2,2,220.0,West Midlands
2021-02-01 03:00:00,2,3,242.5,West Midlands
2021-02-01 04:00:00,2,4,254.0,West Midlands
2021-02-01 05:00:00,2,5,281.5,West Midlands
2021-02-01 06:00:00,2,6,358.5,West Midlands
2021-02-01 07:00:00,2,7,413.0,West Midlands
2021-02-01 08:00:00,2,8,401.5,West Midlands
2021-02-01 09:00:00,2,9,365.0,West Midlands
2021-02-01 10:00:00,2,10,359.5,West Midlands
2021-02-01 11:00:00,2,11,353.5,West Midlands
2021-02-01 12:00:00,2,12,345.5,West Midlands
2021-02-01 13:00:00,2,13,332.5,West Midlands
2021-02-01 14:00:00,2,14,346.0,West Midlands
2021-02-01 15:00:00,2,15,330.0,West Midlands
2021-02-01 16:00:00,2,16,321.0,West Midlands
2021-02-01 17:00:00,2,17,297.0,West Midlands
2021-02-01 18:00:00,2,18,276.5,West Midlands
2021-02-01 19:00:00,2,19,293.0,West Midlands
2021-02-01 20:00:00,2,20,278.0,West Midlands
2021-02-01 21:00:00,2,21,240.5,West Midlands
2021-02-01 22:00:00,2,22,176.0,West Midlands
2021-02-01 23:00:00,2,23,122.0,West Midlands
2021-02-02 00:00:00,2,0,101.5,West Midlands
2021-02-02 01:00:00,2,1,88.0,West Midlands
2021-02-02 02:00:00,2,2,79.5,West Midlands
2021-02-02 03:00:00,2,3,79.5,West Midlands
2021-02-02 04:00:00,2,4,71.0,West Midlands
2021-02-02 05:00:00,2,5,74.0,West Midlands
2021-02-02 06:00:00,2,6,105.0,West Midlands
2021-02-02 07:00:00,2,7,158.0,West Midlands
2021-02-02 08:00:00,2,8,211.0,West Midlands
2021-02-02 09:00:00,2,9,225.0,West Midlands
2021-02-02 10:00:00,2,10,227.5,West Midlands
2021-02-02 11:00:00,2,11,247.5,West Midlands
2021-02-02 12:00:00,2,12,254.0,West Midlands
2021-02-02 13:00:00,2,13,237.0,West Midlands
2021-02-02 14:00:00,2,14,228.5,West Midlands
2021-02-02 15:00:00,2,15,226.5,West Midlands
2021-02-02 16:00:00,2,16,213.0,West Midlands
2021-02-02 17:00:00,2,17,202.0,West Midlands
2021-02-02 18:00:00,2,18,212.0,West Midlands
2021-02-02 19:00:00,2,19,206.0,West Midlands
2021-02-02 20:00:00,2,20,184.5,West Midlands
2021-02-02 21:00:00,2,21,125.0,West Midlands
2021-02-02 22:00:00,2,22,79.0,West Midlands
2021-02-02 23:00:00,2,23,68.5,West Midlands
2021-02-03 00:00:00,2,0,66.0,West Midlands
2021-02-03 01:00:00,2,1,81.0,West Midlands
2021-02-03 02:00:00,2,2,84.0,West Midlands
2021-02-03 03:00:00,2,3,81.5,West Midlands
2021-02-03 04:00:00,2,4,80.0,West Midlands
2021-02-03 05:00:00,2,5,88.0,West Midlands
2021-02-03 06:00:00,2,6,157.0,West Midlands
2021-02-03 07:00:00,2,7,225.5,West Midlands
2021-02-03 08:00:00,2,8,258.0,West Midlands
2021-02-03 09:00:00,2,9,263.0,West Midlands
2021-02-03 10:00:00,2,10,270.5,West Midlands
2021-02-03 11:00:00,2,11,275.0,West Midlands
2021-02-03 12:00:00,2,12,281.5,West Midlands
2021-02-03 13:00:00,2,13,263.5,West Midlands
2021-02-03 14:00:00,2,14,269.0,West Midlands
2021-02-03 15:00:00,2,15,276.5,West Midlands
2021-02-03 16:00:00,2,16,285.5,West Midlands
2021-02-03 17:00:00,2,17,276.5,West Midlands
2021-02-03 18:00:00,2,18,264.0,West Midlands
2021-02-03 19:00:00,2,19,244.5,West Midlands
2021-02-03 20:00:00,2,20,208.0,West Midlands
2021-02-03 21:00:00,2,21,181.5,West Midlands
2021-02-03 22:00:00,2,22,136.5,West Midlands
2021-02-03 23:00:00,2,23,100.5,West Midlands
2021-02-04 00:00:00,2,0,90.5,West Midlands
2021-02-04 01:00:00,2,1,98.5,West Midlands
2021-02-04 02:00:00,2,2,101.5,West Midlands
2021-02-04 03:00:00,2,3,103.5,West Midlands
2021-02-04 04:00:00,2,4,101.5,West Midlands
2021-02-04 05:00:00,2,5,107.5,West Midlands
2021-02-04 06:00:00,2,6,136.5,West Midlands
2021-02-04 07:00:00,2,7,178.0,West Midlands
2021-02-04 08:00:00,2,8,198.5,West Midlands
2021-02-04 09:00:00,2,9,200.0,West Midlands
2021-02-04 10:00:00,2,10,201.5,West Midlands
2021-02-04 11:00:00,2,11,203.5,West Midlands
2021-02-04 12:00:00,2,12,207.5,West Midlands
2021-02-04 13:00:00,2,13,209.0,West Midlands
2021-02-04 14:00:00,2,14,213.0,West Midlands
2021-02-04 15:00:00,2,15,223.5,West Midlands
2021-02-04 16:00:00,2,16,223.5,West Midlands
2021-02-04 17:00:00,2,17,206.0,West Midlands
2021-02-04 18:00:00,2,18,217.0,West Midlands
2021-02-04 19:00:00,2,19,225.5,West Midlands
2021-02-04 20:00:00,2,20,217.5,West Midlands
2021-02-04 21:00:00,2,21,202.0,West Midlands
2021-02-04 22:00:00,2,22,172.0,West Midlands
2021-02-04 23:00:00,2,23,118.5,West Midlands
2021-02-05 00:00:00,2,0,110.5,West Midlands
2021-02-05 01:00:00,2,1,103.0,West Midlands
2021-02-05 02:00:00,2,2,122.0,West Midlands
2021-02-05 03:00:00,2,3,120.0,West Midlands
2021-02-05 04:00:00,2,4,112.5,West Midlands
2021-02-05 05:00:00,2,5,121.0,West Midlands
2021-02-05 06:00:00,2,6,186.0,West Midlands
2021-02-05 07:00:00,2,7,230.5,West Midlands
2021-02-05 08:00:00,2,8,250.0,West Midlands
2021-02-05 09:00:00,2,9,244.0,West Midlands
2021-02-05 10:00:00,2,10,255.0,West Midlands
2021-02-05 11:00:00,2,11,263.5,West Midlands
2021-02-05 12:00:00,2,12,267.5,West Midlands
2021-02-05 13:00:00,2,13,274.5,West Midlands
2021-02-05 14:00:00,2,14,276.0,West Midlands
2021-02-05 15:00:00,2,15,274.5,West Midlands
2021-02-05 16:00:00,2,16,270.5,West Midlands
2021-02-05 17:00:00,2,17,256.5,West Midlands
2021-02-05 18:00:00,2,18,261.5,West Midlands
2021-02-05 19:00:00,2,19,273.0,West Midlands
2021-02-05 20:00:00,2,20,254.0,West Midlands
2021-02-05 21:00:00,2,21,229.5,West Midlands
2021-02-05 22:00:00,2,22,189.5,West Midlands
2021-02-05 23:00:00,2,23,152.5,West Midlands
2021-02-06 00:00:00,2,0,124.0,West Midlands
2021-02-06 01:00:00,2,1,125.0,West Midlands
2021-02-06 02:00:00,2,2,66.0,West Midlands
2021-02-06 03:00:00,2,3,66.0,West Midlands
2021-02-06 04:00:00,2,4,47.0,West Midlands
2021-02-06 05:00:00,2,5,68.5,West Midlands
2021-02-06 06:00:00,2,6,114.0,West Midlands
2021-02-06 07:00:00,2,7,141.0,West Midlands
2021-02-06 08:00:00,2,8,183.0,West Midlands
2021-02-06 09:00:00,2,9,220.5,West Midlands
2021-02-06 10:00:00,2,10,220.5,West Midlands
2021-02-06 11:00:00,2,11,209.5,West Midlands
2021-02-06 12:00:00,2,12,207.0,West Midlands
2021-02-06 13:00:00,2,13,208.5,West Midlands
2021-02-06 14:00:00,2,14,194.0,West Midlands
2021-02-06 15:00:00,2,15,189.5,West Midlands
2021-02-06 16:00:00,2,16,202.5,West Midlands
2021-02-06 17:00:00,2,17,199.0,West Midlands
2021-02-06 18:00:00,2,18,202.0,West Midlands
2021-02-06 19:00:00,2,19,197.0,West Midlands
2021-02-06 20:00:00,2,20,152.5,West Midlands
2021-02-06 21:00:00,2,21,88.0,West Midlands
2021-02-06 22:00:00,2,22,65.0,West Midlands
2021-02-06 23:00:00,2,23,56.0,West Midlands
2021-02-07 00:00:00,2,0,50.5,West Midlands
2021-02-07 01:00:00,2,1,57.5,West Midlands
2021-02-07 02:00:00,2,2,43.5,West Midlands
2021-02-07 03:00:00,2,3,41.5,West Midlands
2021-02-07 04:00:00,2,4,38.0,West Midlands
2021-02-07 05:00:00,2,5,46.5,West Midlands
2021-02-07 06:00:00,2,6,48.5,West Midlands
2021-02-07 07:00:00,2,7,51.5,West Midlands
2021-02-07 08:00:00,2,8,60.0,West Midlands
2021-02-07 09:00:00,2,9,93.5,West Midlands
2021-02-07 10:00:00,2,10,144.0,West Midlands
2021-02-07 11:00:00,2,11,160.0,West Midlands
2021-02-07 12:00:00,2,12,172.5,West Midlands
2021-02-07 13:00:00,2,13,169.0,West Midlands
2021-02-07 14:00:00,2,14,172.0,West Midlands
2021-02-07 15:00:00,2,15,183.5,West Midlands
2021-02-07 16:00:00,2,16,206.0,West Midlands
2021-02-07 17:00:00,2,17,206.5,West Midlands
2021-02-07 18:00:00,2,18,191.0,West Midlands
2021-02-07 19:00:00,2,19,187.0,West Midlands
2021-02-07 20:00:00,2,20,170.0,West Midlands
2021-02-07 21:00:00,2,21,128.0,West Midlands
2021-02-07 22:00:00,2,22,81.0,West Midlands
2021-02-07 23:00:00,2,23,65.5,West Midlands
2021-02-08 00:00:00,2,0,59.0,West Midlands
2021-02-08 01:00:00,2,1,51.5,West Midlands
2021-02-08 02:00:00,2,2,59.5,West Midlands
2021-02-08 03:00:00,2,3,68.5,West Midlands
2021-02-08 04:00:00,2,4,66.0,West Midlands
2021-02-08 05:00:00,2,5,72.5,West Midlands
2021-02-08 06:00:00,2,6,118.5,West Midlands
2021-02-08 07:00:00,2,7,203.5,West Midlands
2021-02-08 08:00:00,2,8,218.5,West Midlands
2021-02-08 09:00:00,2,9,212.0,West Midlands
2021-02-08 10:00:00,2,10,207.0,West Midlands
2021-02-08 11:00:00,2,11,191.0,West Midlands
2021-02-08 12:00:00,2,12,182.0,West Midlands
2021-02-08 13:00:00,2,13,179.5,West Midlands
2021-02-08 14:00:00,2,14,184.0,West Midlands
2021-02-08 15:00:00,2,15,192.0,West Midlands
2021-02-08 16:00:00,2,16,213.5,West Midlands
2021-02-08 17:00:00,2,17,230.5,West Midlands
2021-02-08 18:00:00,2,18,234.5,West Midlands
2021-02-08 19:00:00,2,19,241.0,West Midlands
2021-02-08 20:00:00,2,20,220.0,West Midlands
2021-02-08 21:00:00,2,21,188.5,West Midlands
2021-02-08 22:00:00,2,22,178.5,West Midlands
2021-02-08 23:00:00,2,23,157.3,West Midlands
2021-02-09 00:00:00,2,0,158.5,West Midlands
2021-02-09 01:00:00,2,1,161.5,West Midlands
2021-02-09 02:00:00,2,2,165.0,West Midlands
2021-02-09 03:00:00,2,3,178.0,West Midlands
2021-02-09 04:00:00,2,4,174.0,West Midlands
2021-02-09 05:00:00,2,5,164.0,West Midlands
2021-02-09 06:00:00,2,6,206.5,West Midlands
2021-02-09 07:00:00,2,7,268.5,West Midlands
2021-02-09 08:00:00,2,8,278.5,West Midlands
2021-02-09 09:00:00,2,9,284.0,West Midlands
2021-02-09 10:00:00,2,10,274.5,West Midlands
2021-02-09 11:00:00,2,11,274.5,West Midlands
2021-02-09 12:00:00,2,12,277.0,West Midlands
2021-02-09 13:00:00,2,13,282.5,West Midlands
2021-02-09 14:00:00,2,14,280.5,West Midlands
2021-02-09 15:00:00,2,15,282.5,West Midlands
2021-02-09 16:00:00,2,16,286.5,West Midlands
2021-02-09 17:00:00,2,17,284.5,West Midlands
2021-02-09 18:00:00,2,18,287.0,West Midlands
2021-02-09 19:00:00,2,19,303.0,West Midlands
2021-02-09 20:00:00,2,20,300.0,West Midlands
2021-02-09 21:00:00,2,21,281.5,West Midlands
2021-02-09 22:00:00,2,22,265.5,West Midlands
2021-02-09 23:00:00,2,23,241.0,West Midlands
2021-02-10 00:00:00,2,0,240.0,West Midlands
2021-02-10 01:00:00,2,1,248.0,West Midlands
2021-02-10 02:00:00,2,2,237.0,West Midlands
2021-02-10 03:00:00,2,3,241.5,West Midlands
2021-02-10 04:00:00,2,4,228.5,West Midlands
2021-02-10 05:00:00,2,5,228.0,West Midlands
2021-02-10 06:00:00,2,6,298.0,West Midlands
2021-02-10 07:00:00,2,7,336.5,West Midlands
2021-02-10 08:00:00,2,8,338.5,West Midlands
2021-02-10 09:00:00,2,9,336.0,West Midlands
2021-02-10 10:00:00,2,10,342.5,West Midlands
2021-02-10 11:00:00,2,11,343.5,West Midlands
2021-02-10 12:00:00,2,12,354.5,West Midlands
2021-02-10 13:00:00,2,13,354.0,West Midlands
2021-02-10 14:00:00,2,14,352.5,West Midlands
2021-02-10 15:00:00,2,15,355.0,West Midlands
2021-02-10 16:00:00,2,16,346.0,West Midlands
2021-02-10 17:00:00,2,17,343.0,West Midlands
2021-02-10 18:00:00,2,18,329.0,West Midlands
2021-02-10 19:00:00,2,19,349.0,West Midlands
2021-02-10 20:00:00,2,20,353.0,West Midlands
2021-02-10 21:00:00,2,21,333.0,West Midlands
2021-02-10 22:00:00,2,22,303.0,West Midlands
2021-02-10 23:00:00,2,23,263.5,West Midlands
2021-02-11 00:00:00,2,0,257.5,West Midlands
2021-02-11 01:00:00,2,1,242.0,West Midlands
2021-02-11 02:00:00,2,2,254.0,West Midlands
2021-02-11 03:00:00,2,3,243.0,West Midlands
2021-02-11 04:00:00,2,4,239.5,West Midlands
2021-02-11 05:00:00,2,5,262.5,West Midlands
2021-02-11 06:00:00,2,6,299.0,West Midlands
2021-02-11 07:00:00,2,7,318.5,West Midlands
2021-02-11 08:00:00,2,8,306.0,West Midlands
2021-02-11 09:00:00,2,9,308.5,West Midlands
2021-02-11 10:00:00,2,10,304.0,West Midlands
2021-02-11 11:00:00,2,11,300.5,West Midlands
2021-02-11 12:00:00,2,12,292.5,West Midlands
2021-02-11 13:00:00,2,13,284.5,West Midlands
2021-02-11 14:00:00,2,14,283.5,West Midlands
2021-02-11 15:00:00,2,15,283.0,West Midlands
2021-02-11 16:00:00,2,16,289.0,West Midlands
2021-02-11 17:00:00,2,17,276.5,West Midlands
2021-02-11 18:00:00,2,18,275.0,West Midlands
2021-02-11 19:00:00,2,19,292.5,West Midlands
2021-02-11 20:00:00,2,20,266.0,West Midlands
2021-02-11 21:00:00,2,21,214.5,West Midlands
2021-02-11 22:00:00,2,22,170.5,West Midlands
2021-02-11 23:00:00,2,23,118.0,West Midlands
2021-02-12 00:00:00,2,0,103.0,West Midlands
2021-02-12 01:00:00,2,1,109.0,West Midlands
2021-02-12 02:00:00,2,2,86.5,West Midlands
2021-02-12 03:00:00,2,3,92.0,West Midlands
2021-02-12 04:00:00,2,4,77.0,West Midlands
2021-02-12 05:00:00,2,5,80.5,West Midlands
2021-02-12 06:00:00,2,6,155.0,West Midlands
2021-02-12 07:00:00,2,7,203.5,West Midlands
2021-02-12 08:00:00,2,8,217.5,West Midlands
2021-02-12 09:00:00,2,9,206.5,West Midlands
2021-02-12 10:00:00,2,10,198.5,West Midlands
2021-02-12 11:00:00,2,11,188.5,West Midlands
2021-02-12 12:00:00,2,12,178.5,West Midlands
2021-02-12 13:00:00,2,13,174.0,West Midlands
2021-02-12 14:00:00,2,14,173.5,West Midlands
2021-02-12 15:00:00,2,15,173.0,West Midlands
2021-02-12 16:00:00,2,16,177.5,West Midlands
2021-02-12 17:00:00,2,17,193.0,West Midlands
2021-02-12 18:00:00,2,18,193.5,West Midlands
2021-02-12 19:00:00,2,19,189.5,West Midlands
2021-02-12 20:00:00,2,20,145.5,West Midlands
2021-02-12 21:00:00,2,21,112.5,West Midlands
2021-02-12 22:00:00,2,22,70.5,West Midlands
2021-02-12 23:00:00,2,23,57.5,West Midlands
2021-02-13 00:00:00,2,0,48.5,West Midlands
2021-02-13 01:00:00,2,1,43.0,West Midlands
2021-02-13 02:00:00,2,2,47.5,West Midlands
2021-02-13 03:00:00,2,3,48.0,West Midlands
2021-02-13 04:00:00,2,4,50.5,West Midlands
2021-02-13 05:00:00,2,5,45.0,West Midlands
2021-02-13 06:00:00,2,6,49.0,West Midlands
2021-02-13 07:00:00,2,7,55.0,West Midlands
2021-02-13 08:00:00,2,8,75.5,West Midlands
2021-02-13 09:00:00,2,9,94.5,West Midlands
2021-02-13 10:00:00,2,10,99.0,West Midlands
2021-02-13 11:00:00,2,11,98.0,West Midlands
2021-02-13 12:00:00,2,12,100.0,West Midlands
2021-02-13 13:00:00,2,13,110.5,West Midlands
2021-02-13 14:00:00,2,14,119.0,West Midlands
2021-02-13 15:00:00,2,15,122.5,West Midlands
2021-02-13 16:00:00,2,16,141.5,West Midlands
2021-02-13 17:00:00,2,17,143.0,West Midlands
2021-02-13 18:00:00,2,18,152.5,West Midlands
2021-02-13 19:00:00,2,19,150.0,West Midlands
2021-02-13 20:00:00,2,20,133.0,West Midlands
2021-02-13 21:00:00,2,21,93.0,West Midlands
2021-02-13 22:00:00,2,22,54.5,West Midlands
2021-02-13 23:00:00,2,23,49.5,West Midlands
2021-02-14 00:00:00,2,0,41.5,West Midlands
2021-02-14 01:00:00,2,1,51.5,West Midlands
2021-02-14 02:00:00,2,2,48.5,West Midlands
2021-02-14 03:00:00,2,3,45.5,West Midlands
2021-02-14 04:00:00,2,4,47.5,West Midlands
2021-02-14 05:00:00,2,5,52.5,West Midlands
2021-02-14 06:00:00,2,6,51.0,West Midlands
2021-02-14 07:00:00,2,7,49.5,West Midlands
2021-02-14 08:00:00,2,8,61.0,West Midlands
2021-02-14 09:00:00,2,9,72.0,West Midlands
2021-02-14 10:00:00,2,10,96.5,West Midlands
2021-02-14 11:00:00,2,11,126.5,West Midlands
2021-02-14 12:00:00,2,12,127.5,West Midlands
2021-02-14 13:00:00,2,13,130.0,West Midlands
2021-02-14 14:00:00,2,14,129.0,West Midlands
2021-02-14 15:00:00,2,15,136.5,West Midlands
2021-02-14 16:00:00,2,16,143.0,West Midlands
2021-02-14 17:00:00,2,17,164.5,West Midlands
2021-02-14 18:00:00,2,18,172.5,West Midlands
2021-02-14 19:00:00,2,19,154.0,West Midlands
2021-02-14 20:00:00,2,20,142.0,West Midlands
2021-02-14 21:00:00,2,21,124.5,West Midlands
2021-02-14 22:00:00,2,22,97.5,West Midlands
2021-02-14 23:00:00,2,23,85.5,West Midlands
2021-02-15 00:00:00,2,0,81.5,West Midlands
2021-02-15 01:00:00,2,1,92.0,West Midlands
2021-02-15 02:00:00,2,2,97.0,West Midlands
2021-02-15 03:00:00,2,3,107.0,West Midlands
2021-02-15 04:00:00,2,4,107.5,West Midlands
2021-02-15 05:00:00,2,5,105.0,West Midlands
2021-02-15 06:00:00,2,6,184.0,West Midlands
2021-02-15 07:00:00,2,7,249.5,West Midlands
2021-02-15 08:00:00,2,8,270.0,West Midlands
2021-02-15 09:00:00,2,9,271.5,West Midlands
2021-02-15 10:00:00,2,10,256.5,West Midlands
2021-02-15 11:00:00,2,11,245.5,West Midlands
2021-02-15 12:00:00,2,12,222.5,West Midlands
2021-02-15 13:00:00,2,13,234.5,West Midlands
2021-02-15 14:00:00,2,14,233.0,West Midlands
2021-02-15 15:00:00,2,15,248.5,West Midlands
2021-02-15 16:00:00,2,16,260.0,West Midlands
2021-02-15 17:00:00,2,17,259.5,West Midlands
2021-02-15 18:00:00,2,18,238.5,West Midlands
2021-02-15 19:00:00,2,19,259.5,West Midlands
2021-02-15 20:00:00,2,20,246.5,West Midlands
2021-02-15 21:00:00,2,21,166.0,West Midlands
2021-02-15 22:00:00,2,22,99.0,West Midlands
2021-02-15 23:00:00,2,23,74.0,West Midlands
2021-02-16 00:00:00,2,0,78.5,West Midlands
2021-02-16 01:00:00,2,1,87.5,West Midlands
2021-02-16 02:00:00,2,2,94.5,West Midlands
2021-02-16 03:00:00,2,3,100.5,West Midlands
2021-02-16 04:00:00,2,4,88.0,West Midlands
2021-02-16 05:00:00,2,5,96.0,West Midlands
2021-02-16 06:00:00,2,6,109.0,West Midlands
2021-02-16 07:00:00,2,7,177.0,West Midlands
2021-02-16 08:00:00,2,8,210.5,West Midlands
2021-02-16 09:00:00,2,9,208.5,West Midlands
2021-02-16 10:00:00,2,10,207.5,West Midlands
2021-02-16 11:00:00,2,11,192.5,West Midlands
2021-02-16 12:00:00,2,12,197.5,West Midlands
2021-02-16 13:00:00,2,13,192.0,West Midlands
2021-02-16 14:00:00,2,14,200.0,West Midlands
2021-02-16 15:00:00,2,15,218.5,West Midlands
2021-02-16 16:00:00,2,16,246.5,West Midlands
2021-02-16 17:00:00,2,17,242.0,West Midlands
2021-02-16 18:00:00,2,18,210.5,West Midlands
2021-02-16 19:00:00,2,19,223.0,West Midlands
2021-02-16 20:00:00,2,20,197.5,West Midlands
2021-02-16 21:00:00,2,21,151.5,West Midlands
2021-02-16 22:00:00,2,22,109.5,West Midlands
2021-02-16 23:00:00,2,23,93.0,West Midlands
2021-02-17 00:00:00,2,0,77.0,West Midlands
2021-02-17 01:00:00,2,1,65.0,West Midlands
2021-02-17 02:00:00,2,2,61.5,West Midlands
2021-02-17 03:00:00,2,3,69.5,West Midlands
2021-02-17 04:00:00,2,4,68.5,West Midlands
2021-02-17 05:00:00,2,5,62.5,West Midlands
2021-02-17 06:00:00,2,6,85.0,West Midlands
2021-02-17 07:00:00,2,7,141.5,West Midlands
2021-02-17 08:00:00,2,8,186.0,West Midlands
2021-02-17 09:00:00,2,9,186.0,West Midlands
2021-02-17 10:00:00,2,10,182.5,West Midlands
2021-02-17 11:00:00,2,11,188.5,West Midlands
2021-02-17 12:00:00,2,12,185.0,West Midlands
2021-02-17 13:00:00,2,13,167.5,West Midlands
2021-02-17 14:00:00,2,14,161.5,West Midlands
2021-02-17 15:00:00,2,15,181.0,West Midlands
2021-02-17 16:00:00,2,16,198.0,West Midlands
2021-02-17 17:00:00,2,17,205.5,West Midlands
2021-02-17 18:00:00,2,18,186.0,West Midlands
2021-02-17 19:00:00,2,19,194.5,West Midlands
2021-02-17 20:00:00,2,20,168.0,West Midlands
2021-02-17 21:00:00,2,21,119.0,West Midlands
2021-02-17 22:00:00,2,22,94.0,West Midlands
2021-02-17 23:00:00,2,23,69.0,West Midlands
2021-02-18 00:00:00,2,0,67.5,West Midlands
2021-02-18 01:00:00,2,1,60.5,West Midlands
2021-02-18 02:00:00,2,2,74.0,West Midlands
2021-02-18 03:00:00,2,3,70.5,West Midlands
2021-02-18 04:00:00,2,4,72.5,West Midlands
2021-02-18 05:00:00,2,5,83.0,West Midlands
2021-02-18 06:00:00,2,6,93.0,West Midlands
2021-02-18 07:00:00,2,7,152.5,West Midlands
2021-02-18 08:00:00,2,8,182.5,West Midlands
2021-02-18 09:00:00,2,9,178.0,West Midlands
2021-02-18 10:00:00,2,10,191.0,West Midlands
2021-02-18 11:00:00,2,11,179.5,West Midlands
2021-02-18 12:00:00,2,12,162.5,West Midlands
2021-02-18 13:00:00,2,13,138.0,West Midlands
2021-02-18 14:00:00,2,14,137.0,West Midlands
2021-02-18 15:00:00,2,15,136.5,West Midlands
2021-02-18 16:00:00,2,16,152.5,West Midlands
2021-02-18 17:00:00,2,17,160.0,West Midlands
2021-02-18 18:00:00,2,18,162.0,West Midlands
2021-02-18 19:00:00,2,19,169.0,West Midlands
2021-02-18 20:00:00,2,20,174.5,West Midlands
2021-02-18 21:00:00,2,21,155.0,West Midlands
2021-02-18 22:00:00,2,22,117.5,West Midlands
2021-02-18 23:00:00,2,23,87.5,West Midlands
2021-02-19 00:00:00,2,0,76.0,West Midlands
2021-02-19 01:00:00,2,1,73.0,West Midlands
2021-02-19 02:00:00,2,2,57.5,West Midlands
2021-02-19 03:00:00,2,3,64.5,West Midlands
2021-02-19 04:00:00,2,4,66.0,West Midlands
2021-02-19 05:00:00,2,5,65.0,West Midlands
2021-02-19 06:00:00,2,6,73.0,West Midlands
2021-02-19 07:00:00,2,7,105.5,West Midlands
2021-02-19 08:00:00,2,8,146.5,West Midlands
2021-02-19 09:00:00,2,9,160.5,West Midlands
2021-02-19 10:00:00,2,10,164.5,West Midlands
2021-02-19 11:00:00,2,11,163.0,West Midlands
2021-02-19 12:00:00,2,12,160.0,West Midlands
2021-02-19 13:00:00,2,13,161.0,West Midlands
2021-02-19 14:00:00,2,14,154.5,West Midlands
2021-02-19 15:00:00,2,15,153.5,West Midlands
2021-02-19 16:00:00,2,16,154.5,West Midlands
2021-02-19 17:00:00,2,17,162.0,West Midlands
2021-02-19 18:00:00,2,18,165.0,West Midlands
2021-02-19 19:00:00,2,19,148.0,West Midlands
2021-02-19 20:00:00,2,20,116.0,West Midlands
2021-02-19 21:00:00,2,21,79.0,West Midlands
2021-02-19 22:00:00,2,22,70.0,West Midlands
2021-02-19 23:00:00,2,23,63.0,West Midlands
2021-02-20 00:00:00,2,0,55.5,West Midlands
2021-02-20 01:00:00,2,1,53.5,West Midlands
2021-02-20 02:00:00,2,2,48.5,West Midlands
2021-02-20 03:00:00,2,3,47.5,West Midlands
2021-02-20 04:00:00,2,4,38.5,West Midlands
2021-02-20 05:00:00,2,5,42.5,West Midlands
2021-02-20 06:00:00,2,6,50.0,West Midlands
2021-02-20 07:00:00,2,7,59.0,West Midlands
2021-02-20 08:00:00,2,8,64.5,West Midlands
2021-02-20 09:00:00,2,9,80.0,West Midlands
2021-02-20 10:00:00,2,10,84.0,West Midlands
2021-02-20 11:00:00,2,11,76.5,West Midlands
2021-02-20 12:00:00,2,12,80.0,West Midlands
2021-02-20 13:00:00,2,13,84.5,West Midlands
2021-02-20 14:00:00,2,14,86.0,West Midlands
2021-02-20 15:00:00,2,15,82.5,West Midlands
2021-02-20 16:00:00,2,16,96.0,West Midlands
2021-02-20 17:00:00,2,17,117.0,West Midlands
2021-02-20 18:00:00,2,18,102.5,West Midlands
2021-02-20 19:00:00,2,19,98.0,West Midlands
2021-02-20 20:00:00,2,20,94.0,West Midlands
2021-02-20 21:00:00,2,21,81.0,West Midlands
2021-02-20 22:00:00,2,22,66.0,West Midlands
2021-02-20 23:00:00,2,23,60.0,West Midlands
2021-02-21 00:00:00,2,0,54.5,West Midlands
2021-02-21 01:00:00,2,1,77.5,West Midlands
2021-02-21 02:00:00,2,2,48.5,West Midlands
2021-02-21 03:00:00,2,3,46.0,West Midlands
2021-02-21 04:00:00,2,4,47.0,West Midlands
2021-02-21 05:00:00,2,5,65.0,West Midlands
2021-02-21 06:00:00,2,6,62.5,West Midlands
2021-02-21 07:00:00,2,7,92.0,West Midlands
2021-02-21 08:00:00,2,8,126.5,West Midlands
2021-02-21 09:00:00,2,9,151.5,West Midlands
2021-02-21 10:00:00,2,10,160.5,West Midlands
2021-02-21 11:00:00,2,11,187.0,West Midlands
2021-02-21 12:00:00,2,12,209.0,West Midlands
2021-02-21 13:00:00,2,13,219.0,West Midlands
2021-02-21 14:00:00,2,14,226.5,West Midlands
2021-02-21 15:00:00,2,15,245.5,West Midlands
2021-02-21 16:00:00,2,16,268.0,West Midlands
2021-02-21 17:00:00,2,17,265.5,West Midlands
2021-02-21 18:00:00,2,18,266.0,West Midlands
2021-02-21 19:00:00,2,19,289.0,West Midlands
2021-02-21 20:00:00,2,20,261.5,West Midlands
2021-02-21 21:00:00,2,21,274.5,West Midlands
2021-02-21 22:00:00,2,22,247.5,West Midlands
2021-02-21 23:00:00,2,23,222.3,West Midlands
2021-02-22 00:00:00,2,0,217.0,West Midlands
2021-02-22 01:00:00,2,1,237.0,West Midlands
2021-02-22 02:00:00,2,2,240.0,West Midlands
2021-02-22 03:00:00,2,3,231.0,West Midlands
2021-02-22 04:00:00,2,4,246.0,West Midlands
2021-02-22 05:00:00,2,5,277.0,West Midlands
2021-02-22 06:00:00,2,6,314.5,West Midlands
2021-02-22 07:00:00,2,7,338.5,West Midlands
2021-02-22 08:00:00,2,8,340.5,West Midlands
2021-02-22 09:00:00,2,9,330.5,West Midlands
2021-02-22 10:00:00,2,10,319.0,West Midlands
2021-02-22 11:00:00,2,11,299.5,West Midlands
2021-02-22 12:00:00,2,12,281.5,West Midlands
2021-02-22 13:00:00,2,13,273.0,West Midlands
2021-02-22 14:00:00,2,14,289.0,West Midlands
2021-02-22 15:00:00,2,15,305.5,West Midlands
2021-02-22 16:00:00,2,16,332.0,West Midlands
2021-02-22 17:00:00,2,17,326.0,West Midlands
2021-02-22 18:00:00,2,18,289.5,West Midlands
2021-02-22 19:00:00,2,19,281.5,West Midlands
2021-02-22 20:00:00,2,20,251.0,West Midlands
2021-02-22 21:00:00,2,21,224.5,West Midlands
2021-02-22 22:00:00,2,22,155.0,West Midlands
2021-02-22 23:00:00,2,23,108.5,West Midlands
2021-02-23 00:00:00,2,0,120.5,West Midlands
2021-02-23 01:00:00,2,1,121.0,West Midlands
2021-02-23 02:00:00,2,2,80.5,West Midlands
2021-02-23 03:00:00,2,3,73.0,West Midlands
2021-02-23 04:00:00,2,4,69.5,West Midlands
2021-02-23 05:00:00,2,5,90.0,West Midlands
2021-02-23 06:00:00,2,6,99.0,West Midlands
2021-02-23 07:00:00,2,7,123.0,West Midlands
2021-02-23 08:00:00,2,8,128.0,West Midlands
2021-02-23 09:00:00,2,9,109.5,West Midlands
2021-02-23 10:00:00,2,10,77.5,West Midlands
2021-02-23 11:00:00,2,11,92.0,West Midlands
2021-02-23 12:00:00,2,12,95.0,West Midlands
2021-02-23 13:00:00,2,13,89.5,West Midlands
2021-02-23 14:00:00,2,14,84.5,West Midlands
2021-02-23 15:00:00,2,15,86.0,West Midlands
2021-02-23 16:00:00,2,16,99.5,West Midlands
2021-02-23 17:00:00,2,17,114.5,West Midlands
2021-02-23 18:00:00,2,18,123.0,West Midlands
2021-02-23 19:00:00,2,19,104.5,West Midlands
2021-02-23 20:00:00,2,20,90.5,West Midlands
2021-02-23 21:00:00,2,21,61.0,West Midlands
2021-02-23 22:00:00,2,22,49.5,West Midlands
2021-02-23 23:00:00,2,23,64.0,West Midlands
2021-02-24 00:00:00,2,0,60.5,West Midlands
2021-02-24 01:00:00,2,1,59.5,West Midlands
2021-02-24 02:00:00,2,2,68.0,West Midlands
2021-02-24 03:00:00,2,3,60.5,West Midlands
2021-02-24 04:00:00,2,4,61.5,West Midlands
2021-02-24 05:00:00,2,5,66.0,West Midlands
2021-02-24 06:00:00,2,6,71.0,West Midlands
2021-02-24 07:00:00,2,7,93.5,West Midlands
2021-02-24 08:00:00,2,8,118.5,West Midlands
2021-02-24 09:00:00,2,9,116.5,West Midlands
2021-02-24 10:00:00,2,10,121.0,West Midlands
2021-02-24 11:00:00,2,11,123.0,West Midlands
2021-02-24 12:00:00,2,12,135.0,West Midlands
2021-02-24 13:00:00,2,13,138.5,West Midlands
2021-02-24 14:00:00,2,14,144.5,West Midlands
2021-02-24 15:00:00,2,15,165.5,West Midlands
2021-02-24 16:00:00,2,16,204.0,West Midlands
2021-02-24 17:00:00,2,17,215.5,West Midlands
2021-02-24 18:00:00,2,18,223.0,West Midlands
2021-02-24 19:00:00,2,19,237.5,West Midlands
2021-02-24 20:00:00,2,20,215.5,West Midlands
2021-02-24 21:00:00,2,21,158.0,West Midlands
2021-02-24 22:00:00,2,22,89.0,West Midlands
2021-02-24 23:00:00,2,23,58.0,West Midlands
2021-02-25 00:00:00,2,0,45.0,West Midlands
2021-02-25 01:00:00,2,1,39.0,West Midlands
2021-02-25 02:00:00,2,2,40.5,West Midlands
2021-02-25 03:00:00,2,3,43.5,West Midlands
2021-02-25 04:00:00,2,4,51.0,West Midlands
2021-02-25 05:00:00,2,5,62.5,West Midlands
2021-02-25 06:00:00,2,6,140.5,West Midlands
2021-02-25 07:00:00,2,7,224.0,West Midlands
2021-02-25 08:00:00,2,8,210.0,West Midlands
2021-02-25 09:00:00,2,9,202.0,West Midlands
2021-02-25 10:00:00,2,10,190.5,West Midlands
2021-02-25 11:00:00,2,11,196.0,West Midlands
2021-02-25 12:00:00,2,12,185.5,West Midlands
2021-02-25 13:00:00,2,13,198.5,West Midlands
2021-02-25 14:00:00,2,14,207.5,West Midlands
2021-02-25 15:00:00,2,15,229.0,West Midlands
2021-02-25 16:00:00,2,16,251.5,West Midlands
2021-02-25 17:00:00,2,17,270.0,West Midlands
2021-02-25 18:00:00,2,18,263.0,West Midlands
2021-02-25 19:00:00,2,19,290.0,West Midlands
2021-02-25 20:00:00,2,20,288.5,West Midlands
2021-02-25 21:00:00,2,21,258.0,West Midlands
2021-02-25 22:00:00,2,22,236.0,West Midlands
2021-02-25 23:00:00,2,23,186.5,West Midlands
2021-02-26 00:00:00,2,0,197.5,West Midlands
2021-02-26 01:00:00,2,1,208.5,West Midlands
2021-02-26 02:00:00,2,2,216.5,West Midlands
2021-02-26 03:00:00,2,3,218.0,West Midlands
2021-02-26 04:00:00,2,4,220.0,West Midlands
2021-02-26 05:00:00,2,5,234.0,West Midlands
2021-02-26 06:00:00,2,6,266.0,West Midlands
2021-02-26 07:00:00,2,7,290.5,West Midlands
2021-02-26 08:00:00,2,8,276.5,West Midlands
2021-02-26 09:00:00,2,9,274.0,West Midlands
2021-02-26 10:00:00,2,10,260.5,West Midlands
2021-02-26 11:00:00,2,11,243.5,West Midlands
2021-02-26 12:00:00,2,12,240.0,West Midlands
2021-02-26 13:00:00,2,13,239.0,West Midlands
2021-02-26 14:00:00,2,14,226.5,West Midlands
2021-02-26 15:00:00,2,15,235.0,West Midlands
2021-02-26 16:00:00,2,16,253.0,West Midlands
2021-02-26 17:00:00,2,17,251.5,West Midlands
2021-02-26 18:00:00,2,18,239.5,West Midlands
2021-02-26 19:00:00,2,19,256.5,West Midlands
2021-02-26 20:00:00,2,20,252.0,West Midlands
2021-02-26 21:00:00,2,21,255.0,West Midlands
2021-02-26 22:00:00,2,22,232.0,West Midlands
2021-02-26 23:00:00,2,23,204.0,West Midlands
2021-02-27 00:00:00,2,0,195.5,West Midlands
2021-02-27 01:00:00,2,1,196.0,West Midlands
2021-02-27 02:00:00,2,2,195.5,West Midlands
2021-02-27 03:00:00,2,3,200.5,West Midlands
2021-02-27 04:00:00,2,4,205.5,West Midlands
2021-02-27 05:00:00,2,5,210.5,West Midlands
2021-02-27 06:00:00,2,6,234.0,West Midlands
2021-02-27 07:00:00,2,7,264.5,West Midlands
2021-02-27 08:00:00,2,8,271.0,West Midlands
2021-02-27 09:00:00,2,9,270.0,West Midlands
2021-02-27 10:00:00,2,10,252.5,West Midlands
2021-02-27 11:00:00,2,11,253.0,West Midlands
2021-02-27 12:00:00,2,12,238.5,West Midlands
2021-02-27 13:00:00,2,13,248.5,West Midlands
2021-02-27 14:00:00,2,14,262.0,West Midlands
2021-02-27 15:00:00,2,15,301.0,West Midlands
2021-02-27 16:00:00,2,16,337.5,West Midlands
2021-02-27 17:00:00,2,17,327.5,West Midlands
2021-02-27 18:00:00,2,18,324.0,West Midlands
2021-02-27 19:00:00,2,19,354.0,West Midlands
2021-02-27 20:00:00,2,20,351.0,West Midlands
2021-02-27 21:00:00,2,21,327.5,West Midlands
2021-02-27 22:00:00,2,22,330.5,West Midlands
2021-02-27 23:00:00,2,23,335.5,West Midlands
2021-02-28 00:00:00,2,0,334.5,West Midlands
2021-02-28 01:00:00,2,1,334.5,West Midlands
2021-02-28 02:00:00,2,2,322.0,West Midlands
2021-02-28 03:00:00,2,3,336.5,West Midlands
2021-02-28 04:00:00,2,4,327.5,West Midlands
2021-02-28 05:00:00,2,5,319.0,West Midlands
2021-02-28 06:00:00,2,6,321.5,West Midlands
2021-02-28 07:00:00,2,7,319.0,West Midlands
2021-02-28 08:00:00,2,8,313.5,West Midlands
2021-02-28 09:00:00,2,9,312.5,West Midlands
2021-02-28 10:00:00,2,10,301.5,West Midlands
2021-02-28 11:00:00,2,11,288.5,West Midlands
2021-02-28 12:00:00,2,12,273.0,West Midlands
2021-02-28 13:00:00,2,13,263.5,West Midlands
2021-02-28 14:00:00,2,14,274.5,West Midlands
2021-02-28 15:00:00,2,15,299.0,West Midlands
2021-02-28 16:00:00,2,16,343.5,West Midlands
2021-02-28 17:00:00,2,17,364.5,West Midlands
2021-02-28 18:00:00,2,18,356.5,West Midlands
2021-02-28 19:00:00,2,19,373.0,West Midlands
2021-02-28 20:00:00,2,20,367.0,West Midlands
2021-02-28 21:00:00,2,21,349.0,West Midlands
2021-02-28 22:00:00,2,22,333.0,West Midlands
2021-02-28 23:00:00,2,23,319.0,West Midlands
2021-03-01 00:00:00,3,0,317.0,West Midlands
2021-03-01 01:00:00,3,1,310.0,West Midlands
2021-03-01 02:00:00,3,2,309.5,West Midlands
2021-03-01 03:00:00,3,3,319.0,West Midlands
2021-03-01 04:00:00,3,4,308.0,West Midlands
2021-03-01 05:00:00,3,5,315.0,West Midlands
2021-03-01 06:00:00,3,6,332.5,West Midlands
2021-03-01 07:00:00,3,7,356.0,West Midlands
2021-03-01 08:00:00,3,8,371.5,West Midlands
2021-03-01 09:00:00,3,9,370.0,West Midlands
2021-03-01 10:00:00,3,10,369.5,West Midlands
2021-03-01 11:00:00,3,11,372.0,West Midlands
2021-03-01 12:00:00,3,12,360.5,West Midlands
2021-03-01 13:00:00,3,13,358.5,West Midlands
2021-03-01 14:00:00,3,14,376.0,West Midlands
2021-03-01 15:00:00,3,15,375.5,West Midlands
2021-03-01 16:00:00,3,16,388.0,West Midlands
2021-03-01 17:00:00,3,17,384.0,West Midlands
2021-03-01 18:00:00,3,18,367.5,West Midlands
2021-03-01 19:00:00,3,19,380.5,West Midlands
2021-03-01 20:00:00,3,20,389.0,West Midlands
2021-03-01 21:00:00,3,21,367.5,West Midlands
2021-03-01 22:00:00,3,22,331.5,West Midlands
2021-03-01 23:00:00,3,23,309.5,West Midlands
2021-03-02 00:00:00,3,0,305.5,West Midlands
2021-03-02 01:00:00,3,1,301.0,West Midlands
2021-03-02 02:00:00,3,2,306.0,West Midlands
2021-03-02 03:00:00,3,3,306.0,West Midlands
2021-03-02 04:00:00,3,4,311.0,West Midlands
2021-03-02 05:00:00,3,5,321.0,West Midlands
2021-03-02 06:00:00,3,6,336.0,West Midlands
2021-03-02 07:00:00,3,7,372.5,West Midlands
2021-03-02 08:00:00,3,8,367.5,West Midlands
2021-03-02 09:00:00,3,9,368.0,West Midlands
2021-03-02 10:00:00,3,10,372.5,West Midlands
2021-03-02 11:00:00,3,11,367.0,West Midlands
2021-03-02 12:00:00,3,12,365.5,West Midlands
2021-03-02 13:00:00,3,13,365.0,West Midlands
2021-03-02 14:00:00,3,14,373.5,West Midlands
2021-03-02 15:00:00,3,15,403.0,West Midlands
2021-03-02 16:00:00,3,16,427.5,West Midlands
2021-03-02 17:00:00,3,17,403.0,West Midlands
2021-03-02 18:00:00,3,18,395.0,West Midlands
2021-03-02 19:00:00,3,19,416.5,West Midlands
2021-03-02 20:00:00,3,20,412.5,West Midlands
2021-03-02 21:00:00,3,21,412.5,West Midlands
2021-03-02 22:00:00,3,22,401.0,West Midlands
2021-03-02 23:00:00,3,23,408.5,West Midlands
2021-03-03 00:00:00,3,0,399.5,West Midlands
2021-03-03 01:00:00,3,1,397.0,West Midlands
2021-03-03 02:00:00,3,2,390.0,West Midlands
2021-03-03 03:00:00,3,3,388.0,West Midlands
2021-03-03 04:00:00,3,4,382.5,West Midlands
2021-03-03 05:00:00,3,5,384.5,West Midlands
2021-03-03 06:00:00,3,6,415.5,West Midlands
2021-03-03 07:00:00,3,7,430.5,West Midlands
2021-03-03 08:00:00,3,8,422.5,West Midlands
2021-03-03 09:00:00,3,9,406.5,West Midlands
2021-03-03 10:00:00,3,10,401.5,West Midlands
2021-03-03 11:00:00,3,11,396.5,West Midlands
2021-03-03 12:00:00,3,12,395.0,West Midlands
2021-03-03 13:00:00,3,13,408.0,West Midlands
2021-03-03 14:00:00,3,14,420.0,West Midlands
2021-03-03 15:00:00,3,15,445.5,West Midlands
2021-03-03 16:00:00,3,16,438.0,West Midlands
2021-03-03 17:00:00,3,17,423.0,West Midlands
2021-03-03 18:00:00,3,18,396.5,West Midlands
2021-03-03 19:00:00,3,19,405.5,West Midlands
2021-03-03 20:00:00,3,20,426.0,West Midlands
2021-03-03 21:00:00,3,21,401.5,West Midlands
2021-03-03 22:00:00,3,22,363.5,West Midlands
2021-03-03 23:00:00,3,23,330.5,West Midlands
2021-03-04 00:00:00,3,0,323.5,West Midlands
2021-03-04 01:00:00,3,1,315.5,West Midlands
2021-03-04 02:00:00,3,2,314.0,West Midlands
2021-03-04 03:00:00,3,3,313.5,West Midlands
2021-03-04 04:00:00,3,4,309.0,West Midlands
2021-03-04 05:00:00,3,5,309.0,West Midlands
2021-03-04 06:00:00,3,6,329.0,West Midlands
2021-03-04 07:00:00,3,7,361.0,West Midlands
2021-03-04 08:00:00,3,8,370.5,West Midlands
2021-03-04 09:00:00,3,9,353.0,West Midlands
2021-03-04 10:00:00,3,10,342.0,West Midlands
2021-03-04 11:00:00,3,11,337.5,West Midlands
2021-03-04 12:00:00,3,12,324.5,West Midlands
2021-03-04 13:00:00,3,13,315.5,West Midlands
2021-03-04 14:00:00,3,14,314.0,West Midlands
2021-03-04 15:00:00,3,15,308.5,West Midlands
2021-03-04 16:00:00,3,16,310.5,West Midlands
2021-03-04 17:00:00,3,17,301.5,West Midlands
2021-03-04 18:00:00,3,18,303.0,West Midlands
2021-03-04 19:00:00,3,19,322.5,West Midlands
2021-03-04 20:00:00,3,20,330.0,West Midlands
2021-03-04 21:00:00,3,21,299.5,West Midlands
2021-03-04 22:00:00,3,22,286.5,West Midlands
2021-03-04 23:00:00,3,23,288.5,West Midlands
2021-03-05 00:00:00,3,0,294.0,West Midlands
2021-03-05 01:00:00,3,1,301.0,West Midlands
2021-03-05 02:00:00,3,2,306.0,West Midlands
2021-03-05 03:00:00,3,3,312.5,West Midlands
2021-03-05 04:00:00,3,4,316.5,West Midlands
2021-03-05 05:00:00,3,5,322.5,West Midlands
2021-03-05 06:00:00,3,6,344.5,West Midlands
2021-03-05 07:00:00,3,7,357.0,West Midlands
2021-03-05 08:00:00,3,8,367.5,West Midlands
2021-03-05 09:00:00,3,9,378.0,West Midlands
2021-03-05 10:00:00,3,10,384.5,West Midlands
2021-03-05 11:00:00,3,11,384.0,West Midlands
2021-03-05 12:00:00,3,12,399.0,West Midlands
2021-03-05 13:00:00,3,13,400.5,West Midlands
2021-03-05 14:00:00,3,14,416.0,West Midlands
2021-03-05 15:00:00,3,15,442.5,West Midlands
2021-03-05 16:00:00,3,16,453.0,West Midlands
2021-03-05 17:00:00,3,17,412.0,West Midlands
2021-03-05 18:00:00,3,18,385.0,West Midlands
2021-03-05 19:00:00,3,19,447.5,West Midlands
2021-03-05 20:00:00,3,20,460.0,West Midlands
2021-03-05 21:00:00,3,21,431.5,West Midlands
2021-03-05 22:00:00,3,22,377.5,West Midlands
2021-03-05 23:00:00,3,23,352.5,West Midlands
2021-03-06 00:00:00,3,0,322.5,West Midlands
2021-03-06 01:00:00,3,1,346.0,West Midlands
2021-03-06 02:00:00,3,2,345.0,West Midlands
2021-03-06 03:00:00,3,3,353.0,West Midlands
2021-03-06 04:00:00,3,4,352.0,West Midlands
2021-03-06 05:00:00,3,5,352.0,West Midlands
2021-03-06 06:00:00,3,6,350.5,West Midlands
2021-03-06 07:00:00,3,7,351.5,West Midlands
2021-03-06 08:00:00,3,8,341.5,West Midlands
2021-03-06 09:00:00,3,9,335.5,West Midlands
2021-03-06 10:00:00,3,10,341.0,West Midlands
2021-03-06 11:00:00,3,11,339.5,West Midlands
2021-03-06 12:00:00,3,12,338.5,West Midlands
2021-03-06 13:00:00,3,13,339.5,West Midlands
2021-03-06 14:00:00,3,14,339.0,West Midlands
2021-03-06 15:00:00,3,15,345.0,West Midlands
2021-03-06 16:00:00,3,16,359.0,West Midlands
2021-03-06 17:00:00,3,17,359.0,West Midlands
2021-03-06 18:00:00,3,18,340.0,West Midlands
2021-03-06 19:00:00,3,19,368.0,West Midlands
2021-03-06 20:00:00,3,20,384.5,West Midlands
2021-03-06 21:00:00,3,21,361.5,West Midlands
2021-03-06 22:00:00,3,22,334.0,West Midlands
2021-03-06 23:00:00,3,23,306.7,West Midlands
2021-03-07 00:00:00,3,0,301.5,West Midlands
2021-03-07 01:00:00,3,1,299.0,West Midlands
2021-03-07 02:00:00,3,2,296.0,West Midlands
2021-03-07 03:00:00,3,3,297.0,West Midlands
2021-03-07 04:00:00,3,4,300.5,West Midlands
2021-03-07 05:00:00,3,5,315.0,West Midlands
2021-03-07 06:00:00,3,6,312.5,West Midlands
2021-03-07 07:00:00,3,7,309.0,West Midlands
2021-03-07 08:00:00,3,8,307.5,West Midlands
2021-03-07 09:00:00,3,9,316.5,West Midlands
2021-03-07 10:00:00,3,10,326.5,West Midlands
2021-03-07 11:00:00,3,11,351.0,West Midlands
2021-03-07 12:00:00,3,12,349.0,West Midlands
2021-03-07 13:00:00,3,13,332.5,West Midlands
2021-03-07 14:00:00,3,14,327.5,West Midlands
2021-03-07 15:00:00,3,15,342.5,West Midlands
2021-03-07 16:00:00,3,16,376.5,West Midlands
2021-03-07 17:00:00,3,17,361.5,West Midlands
2021-03-07 18:00:00,3,18,350.0,West Midlands
2021-03-07 19:00:00,3,19,379.0,West Midlands
2021-03-07 20:00:00,3,20,394.5,West Midlands
2021-03-07 21:00:00,3,21,370.5,West Midlands
2021-03-07 22:00:00,3,22,316.0,West Midlands
2021-03-07 23:00:00,3,23,281.0,West Midlands
2021-03-08 00:00:00,3,0,286.0,West Midlands
2021-03-08 01:00:00,3,1,273.0,West Midlands
2021-03-08 02:00:00,3,2,260.0,West Midlands
2021-03-08 03:00:00,3,3,254.5,West Midlands
2021-03-08 04:00:00,3,4,249.0,West Midlands
2021-03-08 05:00:00,3,5,254.0,West Midlands
2021-03-08 06:00:00,3,6,278.5,West Midlands
2021-03-08 07:00:00,3,7,303.0,West Midlands
2021-03-08 08:00:00,3,8,310.5,West Midlands
2021-03-08 09:00:00,3,9,314.0,West Midlands
2021-03-08 10:00:00,3,10,311.5,West Midlands
2021-03-08 11:00:00,3,11,309.5,West Midlands
2021-03-08 12:00:00,3,12,299.5,West Midlands
2021-03-08 13:00:00,3,13,298.5,West Midlands
2021-03-08 14:00:00,3,14,302.5,West Midlands
2021-03-08 15:00:00,3,15,311.5,West Midlands
2021-03-08 16:00:00,3,16,330.5,West Midlands
2021-03-08 17:00:00,3,17,322.5,West Midlands
2021-03-08 18:00:00,3,18,302.5,West Midlands
2021-03-08 19:00:00,3,19,327.5,West Midlands
2021-03-08 20:00:00,3,20,360.0,West Midlands
2021-03-08 21:00:00,3,21,333.5,West Midlands
2021-03-08 22:00:00,3,22,291.0,West Midlands
2021-03-08 23:00:00,3,23,279.5,West Midlands
2021-03-09 00:00:00,3,0,281.5,West Midlands
2021-03-09 01:00:00,3,1,287.0,West Midlands
2021-03-09 02:00:00,3,2,277.0,West Midlands
2021-03-09 03:00:00,3,3,273.0,West Midlands
2021-03-09 04:00:00,3,4,265.5,West Midlands
2021-03-09 05:00:00,3,5,273.5,West Midlands
2021-03-09 06:00:00,3,6,280.5,West Midlands
2021-03-09 07:00:00,3,7,285.5,West Midlands
2021-03-09 08:00:00,3,8,290.0,West Midlands
2021-03-09 09:00:00,3,9,290.0,West Midlands
2021-03-09 10:00:00,3,10,276.0,West Midlands
2021-03-09 11:00:00,3,11,261.5,West Midlands
2021-03-09 12:00:00,3,12,257.5,West Midlands
2021-03-09 13:00:00,3,13,241.0,West Midlands
2021-03-09 14:00:00,3,14,241.0,West Midlands
2021-03-09 15:00:00,3,15,261.0,West Midlands
2021-03-09 16:00:00,3,16,274.5,West Midlands
2021-03-09 17:00:00,3,17,250.5,West Midlands
2021-03-09 18:00:00,3,18,222.5,West Midlands
2021-03-09 19:00:00,3,19,233.5,West Midlands
2021-03-09 20:00:00,3,20,215.0,West Midlands
2021-03-09 21:00:00,3,21,144.5,West Midlands
2021-03-09 22:00:00,3,22,121.0,West Midlands
2021-03-09 23:00:00,3,23,90.0,West Midlands
2021-03-10 00:00:00,3,0,77.5,West Midlands
2021-03-10 01:00:00,3,1,72.0,West Midlands
2021-03-10 02:00:00,3,2,74.5,West Midlands
2021-03-10 03:00:00,3,3,65.0,West Midlands
2021-03-10 04:00:00,3,4,64.5,West Midlands
2021-03-10 05:00:00,3,5,80.0,West Midlands
2021-03-10 06:00:00,3,6,125.5,West Midlands
2021-03-10 07:00:00,3,7,218.5,West Midlands
2021-03-10 08:00:00,3,8,252.0,West Midlands
2021-03-10 09:00:00,3,9,250.5,West Midlands
2021-03-10 10:00:00,3,10,238.5,West Midlands
2021-03-10 11:00:00,3,11,230.5,West Midlands
2021-03-10 12:00:00,3,12,205.5,West Midlands
2021-03-10 13:00:00,3,13,181.0,West Midlands
2021-03-10 14:00:00,3,14,159.5,West Midlands
2021-03-10 15:00:00,3,15,158.0,West Midlands
2021-03-10 16:00:00,3,16,168.0,West Midlands
2021-03-10 17:00:00,3,17,172.5,West Midlands
2021-03-10 18:00:00,3,18,164.5,West Midlands
2021-03-10 19:00:00,3,19,155.5,West Midlands
2021-03-10 20:00:00,3,20,123.0,West Midlands
2021-03-10 21:00:00,3,21,98.5,West Midlands
2021-03-10 22:00:00,3,22,83.0,West Midlands
2021-03-10 23:00:00,3,23,86.0,West Midlands
2021-03-11 00:00:00,3,0,79.5,West Midlands
2021-03-11 01:00:00,3,1,77.5,West Midlands
2021-03-11 02:00:00,3,2,79.5,West Midlands
2021-03-11 03:00:00,3,3,80.0,West Midlands
2021-03-11 04:00:00,3,4,79.5,West Midlands
2021-03-11 05:00:00,3,5,69.5,West Midlands
2021-03-11 06:00:00,3,6,88.0,West Midlands
2021-03-11 07:00:00,3,7,127.0,West Midlands
2021-03-11 08:00:00,3,8,135.5,West Midlands
2021-03-11 09:00:00,3,9,116.0,West Midlands
2021-03-11 10:00:00,3,10,99.5,West Midlands
2021-03-11 11:00:00,3,11,98.0,West Midlands
2021-03-11 12:00:00,3,12,95.0,West Midlands
2021-03-11 13:00:00,3,13,83.0,West Midlands
2021-03-11 14:00:00,3,14,76.5,West Midlands
2021-03-11 15:00:00,3,15,89.0,West Midlands
2021-03-11 16:00:00,3,16,113.0,West Midlands
2021-03-11 17:00:00,3,17,151.0,West Midlands
2021-03-11 18:00:00,3,18,145.0,West Midlands
2021-03-11 19:00:00,3,19,144.0,West Midlands
2021-03-11 20:00:00,3,20,122.5,West Midlands
2021-03-11 21:00:00,3,21,80.0,West Midlands
2021-03-11 22:00:00,3,22,52.0,West Midlands
2021-03-11 23:00:00,3,23,54.0,West Midlands
2021-03-12 00:00:00,3,0,61.0,West Midlands
2021-03-12 01:00:00,3,1,70.5,West Midlands
2021-03-12 02:00:00,3,2,52.0,West Midlands
2021-03-12 03:00:00,3,3,51.0,West Midlands
2021-03-12 04:00:00,3,4,53.5,West Midlands
2021-03-12 05:00:00,3,5,58.0,West Midlands
2021-03-12 06:00:00,3,6,64.0,West Midlands
2021-03-12 07:00:00,3,7,107.5,West Midlands
2021-03-12 08:00:00,3,8,125.0,West Midlands
2021-03-12 09:00:00,3,9,128.5,West Midlands
2021-03-12 10:00:00,3,10,111.5,West Midlands
2021-03-12 11:00:00,3,11,99.0,West Midlands
2021-03-12 12:00:00,3,12,89.5,West Midlands
2021-03-12 13:00:00,3,13,78.0,West Midlands
2021-03-12 14:00:00,3,14,74.5,West Midlands
2021-03-12 15:00:00,3,15,77.0,West Midlands
2021-03-12 16:00:00,3,16,119.5,West Midlands
2021-03-12 17:00:00,3,17,145.0,West Midlands
2021-03-12 18:00:00,3,18,143.0,West Midlands
2021-03-12 19:00:00,3,19,155.0,West Midlands
2021-03-12 20:00:00,3,20,159.0,West Midlands
2021-03-12 21:00:00,3,21,137.0,West Midlands
2021-03-12 22:00:00,3,22,100.5,West Midlands
2021-03-12 23:00:00,3,23,95.5,West Midlands
2021-03-13 00:00:00,3,0,92.0,West Midlands
2021-03-13 01:00:00,3,1,88.0,West Midlands
2021-03-13 02:00:00,3,2,82.0,West Midlands
2021-03-13 03:00:00,3,3,53.0,West Midlands
2021-03-13 04:00:00,3,4,58.5,West Midlands
2021-03-13 05:00:00,3,5,60.5,West Midlands
2021-03-13 06:00:00,3,6,57.5,West Midlands
2021-03-13 07:00:00,3,7,64.5,West Midlands
2021-03-13 08:00:00,3,8,80.0,West Midlands
2021-03-13 09:00:00,3,9,82.5,West Midlands
2021-03-13 10:00:00,3,10,83.0,West Midlands
2021-03-13 11:00:00,3,11,69.0,West Midlands
2021-03-13 12:00:00,3,12,66.0,West Midlands
2021-03-13 13:00:00,3,13,54.5,West Midlands
2021-03-13 14:00:00,3,14,53.5,West Midlands
2021-03-13 15:00:00,3,15,67.0,West Midlands
2021-03-13 16:00:00,3,16,97.0,West Midlands
2021-03-13 17:00:00,3,17,161.0,West Midlands
2021-03-13 18:00:00,3,18,156.5,West Midlands
2021-03-13 19:00:00,3,19,168.5,West Midlands
2021-03-13 20:00:00,3,20,168.5,West Midlands
2021-03-13 21:00:00,3,21,101.0,West Midlands
2021-03-13 22:00:00,3,22,51.0,West Midlands
2021-03-13 23:00:00,3,23,33.5,West Midlands
2021-03-14 00:00:00,3,0,42.0,West Midlands
2021-03-14 01:00:00,3,1,59.5,West Midlands
2021-03-14 02:00:00,3,2,42.0,West Midlands
2021-03-14 03:00:00,3,3,40.5,West Midlands
2021-03-14 04:00:00,3,4,39.0,West Midlands
2021-03-14 05:00:00,3,5,38.5,West Midlands
2021-03-14 06:00:00,3,6,34.0,West Midlands
2021-03-14 07:00:00,3,7,29.5,West Midlands
2021-03-14 08:00:00,3,8,35.5,West Midlands
2021-03-14 09:00:00,3,9,33.5,West Midlands
2021-03-14 10:00:00,3,10,40.0,West Midlands
2021-03-14 11:00:00,3,11,44.5,West Midlands
2021-03-14 12:00:00,3,12,61.0,West Midlands
2021-03-14 13:00:00,3,13,84.0,West Midlands
2021-03-14 14:00:00,3,14,83.5,West Midlands
2021-03-14 15:00:00,3,15,120.5,West Midlands
2021-03-14 16:00:00,3,16,157.5,West Midlands
2021-03-14 17:00:00,3,17,163.5,West Midlands
2021-03-14 18:00:00,3,18,153.5,West Midlands
2021-03-14 19:00:00,3,19,176.5,West Midlands
2021-03-14 20:00:00,3,20,163.5,West Midlands
2021-03-14 21:00:00,3,21,132.0,West Midlands
2021-03-14 22:00:00,3,22,78.0,West Midlands
2021-03-14 23:00:00,3,23,69.5,West Midlands
2021-03-15 00:00:00,3,0,73.0,West Midlands
2021-03-15 01:00:00,3,1,79.5,West Midlands
2021-03-15 02:00:00,3,2,89.5,West Midlands
2021-03-15 03:00:00,3,3,82.0,West Midlands
2021-03-15 04:00:00,3,4,80.5,West Midlands
2021-03-15 05:00:00,3,5,93.5,West Midlands
2021-03-15 06:00:00,3,6,154.5,West Midlands
2021-03-15 07:00:00,3,7,213.5,West Midlands
2021-03-15 08:00:00,3,8,235.5,West Midlands
2021-03-15 09:00:00,3,9,235.0,West Midlands
2021-03-15 10:00:00,3,10,233.0,West Midlands
2021-03-15 11:00:00,3,11,231.5,West Midlands
2021-03-15 12:00:00,3,12,231.5,West Midlands
2021-03-15 13:00:00,3,13,234.5,West Midlands
2021-03-15 14:00:00,3,14,251.0,West Midlands
2021-03-15 15:00:00,3,15,269.0,West Midlands
2021-03-15 16:00:00,3,16,312.0,West Midlands
2021-03-15 17:00:00,3,17,315.0,West Midlands
2021-03-15 18:00:00,3,18,300.0,West Midlands
2021-03-15 19:00:00,3,19,317.5,West Midlands
2021-03-15 20:00:00,3,20,356.5,West Midlands
2021-03-15 21:00:00,3,21,322.0,West Midlands
2021-03-15 22:00:00,3,22,271.0,West Midlands
2021-03-15 23:00:00,3,23,225.0,West Midlands
2021-03-16 00:00:00,3,0,174.5,West Midlands
2021-03-16 01:00:00,3,1,166.0,West Midlands
2021-03-16 02:00:00,3,2,165.0,West Midlands
2021-03-16 03:00:00,3,3,173.0,West Midlands
2021-03-16 04:00:00,3,4,171.5,West Midlands
2021-03-16 05:00:00,3,5,168.5,West Midlands
2021-03-16 06:00:00,3,6,166.5,West Midlands
2021-03-16 07:00:00,3,7,180.0,West Midlands
2021-03-16 08:00:00,3,8,177.0,West Midlands
2021-03-16 09:00:00,3,9,180.5,West Midlands
2021-03-16 10:00:00,3,10,180.0,West Midlands
2021-03-16 11:00:00,3,11,183.0,West Midlands
2021-03-16 12:00:00,3,12,191.5,West Midlands
2021-03-16 13:00:00,3,13,192.5,West Midlands
2021-03-16 14:00:00,3,14,160.5,West Midlands
2021-03-16 15:00:00,3,15,174.0,West Midlands
2021-03-16 16:00:00,3,16,188.5,West Midlands
2021-03-16 17:00:00,3,17,186.5,West Midlands
2021-03-16 18:00:00,3,18,186.0,West Midlands
2021-03-16 19:00:00,3,19,205.0,West Midlands
2021-03-16 20:00:00,3,20,202.5,West Midlands
2021-03-16 21:00:00,3,21,179.5,West Midlands
2021-03-16 22:00:00,3,22,138.0,West Midlands
2021-03-16 23:00:00,3,23,97.5,West Midlands
2021-03-17 00:00:00,3,0,109.5,West Midlands
2021-03-17 01:00:00,3,1,118.0,West Midlands
2021-03-17 02:00:00,3,2,136.0,West Midlands
2021-03-17 03:00:00,3,3,119.0,West Midlands
2021-03-17 04:00:00,3,4,98.0,West Midlands
2021-03-17 05:00:00,3,5,99.0,West Midlands
2021-03-17 06:00:00,3,6,156.5,West Midlands
2021-03-17 07:00:00,3,7,194.0,West Midlands
2021-03-17 08:00:00,3,8,195.5,West Midlands
2021-03-17 09:00:00,3,9,198.0,West Midlands
2021-03-17 10:00:00,3,10,207.0,West Midlands
2021-03-17 11:00:00,3,11,206.0,West Midlands
2021-03-17 12:00:00,3,12,213.0,West Midlands
2021-03-17 13:00:00,3,13,211.0,West Midlands
2021-03-17 14:00:00,3,14,223.5,West Midlands
2021-03-17 15:00:00,3,15,243.0,West Midlands
2021-03-17 16:00:00,3,16,267.0,West Midlands
2021-03-17 17:00:00,3,17,283.0,West Midlands
2021-03-17 18:00:00,3,18,267.5,West Midlands
2021-03-17 19:00:00,3,19,280.5,West Midlands
2021-03-17 20:00:00,3,20,315.5,West Midlands
2021-03-17 21:00:00,3,21,290.0,West Midlands
2021-03-17 22:00:00,3,22,266.0,West Midlands
2021-03-17 23:00:00,3,23,259.5,West Midlands
2021-03-18 00:00:00,3,0,239.5,West Midlands
2021-03-18 01:00:00,3,1,226.0,West Midlands
2021-03-18 02:00:00,3,2,222.5,West Midlands
2021-03-18 03:00:00,3,3,205.0,West Midlands
2021-03-18 04:00:00,3,4,194.5,West Midlands
2021-03-18 05:00:00,3,5,200.0,West Midlands
2021-03-18 06:00:00,3,6,224.0,West Midlands
2021-03-18 07:00:00,3,7,240.0,West Midlands
2021-03-18 08:00:00,3,8,247.0,West Midlands
2021-03-18 09:00:00,3,9,246.5,West Midlands
2021-03-18 10:00:00,3,10,235.0,West Midlands
2021-03-18 11:00:00,3,11,223.5,West Midlands
2021-03-18 12:00:00,3,12,216.0,West Midlands
2021-03-18 13:00:00,3,13,219.0,West Midlands
2021-03-18 14:00:00,3,14,214.0,West Midlands
2021-03-18 15:00:00,3,15,212.5,West Midlands
2021-03-18 16:00:00,3,16,221.5,West Midlands
2021-03-18 17:00:00,3,17,219.5,West Midlands
2021-03-18 18:00:00,3,18,212.0,West Midlands
2021-03-18 19:00:00,3,19,221.5,West Midlands
2021-03-18 20:00:00,3,20,212.5,West Midlands
2021-03-18 21:00:00,3,21,189.5,West Midlands
2021-03-18 22:00:00,3,22,199.5,West Midlands
2021-03-18 23:00:00,3,23,180.0,West Midlands
2021-03-19 00:00:00,3,0,195.0,West Midlands
2021-03-19 01:00:00,3,1,201.5,West Midlands
2021-03-19 02:00:00,3,2,217.5,West Midlands
2021-03-19 03:00:00,3,3,230.0,West Midlands
2021-03-19 04:00:00,3,4,242.0,West Midlands
2021-03-19 05:00:00,3,5,242.0,West Midlands
2021-03-19 06:00:00,3,6,269.0,West Midlands
2021-03-19 07:00:00,3,7,294.5,West Midlands
2021-03-19 08:00:00,3,8,315.5,West Midlands
2021-03-19 09:00:00,3,9,324.5,West Midlands
2021-03-19 10:00:00,3,10,325.5,West Midlands
2021-03-19 11:00:00,3,11,314.0,West Midlands
2021-03-19 12:00:00,3,12,322.0,West Midlands
2021-03-19 13:00:00,3,13,339.0,West Midlands
2021-03-19 14:00:00,3,14,343.0,West Midlands
2021-03-19 15:00:00,3,15,348.0,West Midlands
2021-03-19 16:00:00,3,16,362.5,West Midlands
2021-03-19 17:00:00,3,17,335.5,West Midlands
2021-03-19 18:00:00,3,18,322.0,West Midlands
2021-03-19 19:00:00,3,19,330.0,West Midlands
2021-03-19 20:00:00,3,20,365.5,West Midlands
2021-03-19 21:00:00,3,21,342.0,West Midlands
2021-03-19 22:00:00,3,22,313.0,West Midlands
2021-03-19 23:00:00,3,23,308.7,West Midlands
2021-03-20 00:00:00,3,0,292.0,West Midlands
2021-03-20 01:00:00,3,1,298.0,West Midlands
2021-03-20 02:00:00,3,2,307.5,West Midlands
2021-03-20 03:00:00,3,3,281.5,West Midlands
2021-03-20 04:00:00,3,4,280.5,West Midlands
2021-03-20 05:00:00,3,5,276.0,West Midlands
2021-03-20 06:00:00,3,6,270.5,West Midlands
2021-03-20 07:00:00,3,7,257.5,West Midlands
2021-03-20 08:00:00,3,8,242.0,West Midlands
2021-03-20 09:00:00,3,9,218.0,West Midlands
2021-03-20 10:00:00,3,10,209.0,West Midlands
2021-03-20 11:00:00,3,11,199.5,West Midlands
2021-03-20 12:00:00,3,12,194.5,West Midlands
2021-03-20 13:00:00,3,13,185.0,West Midlands
2021-03-20 14:00:00,3,14,166.0,West Midlands
2021-03-20 15:00:00,3,15,154.0,West Midlands
2021-03-20 16:00:00,3,16,158.5,West Midlands
2021-03-20 17:00:00,3,17,167.0,West Midlands
2021-03-20 18:00:00,3,18,159.0,West Midlands
2021-03-20 19:00:00,3,19,172.5,West Midlands
2021-03-20 20:00:00,3,20,176.0,West Midlands
2021-03-20 21:00:00,3,21,173.0,West Midlands
2021-03-20 22:00:00,3,22,180.5,West Midlands
2021-03-20 23:00:00,3,23,135.5,West Midlands
2021-03-21 00:00:00,3,0,123.0,West Midlands
2021-03-21 01:00:00,3,1,141.0,West Midlands
2021-03-21 02:00:00,3,2,146.5,West Midlands
2021-03-21 03:00:00,3,3,144.5,West Midlands
2021-03-21 04:00:00,3,4,137.5,West Midlands
2021-03-21 05:00:00,3,5,143.5,West Midlands
2021-03-21 06:00:00,3,6,172.5,West Midlands
2021-03-21 07:00:00,3,7,185.5,West Midlands
2021-03-21 08:00:00,3,8,217.0,West Midlands
2021-03-21 09:00:00,3,9,223.5,West Midlands
2021-03-21 10:00:00,3,10,221.5,West Midlands
2021-03-21 11:00:00,3,11,213.5,West Midlands
2021-03-21 12:00:00,3,12,221.0,West Midlands
2021-03-21 13:00:00,3,13,221.5,West Midlands
2021-03-21 14:00:00,3,14,232.0,West Midlands
2021-03-21 15:00:00,3,15,259.5,West Midlands
2021-03-21 16:00:00,3,16,286.0,West Midlands
2021-03-21 17:00:00,3,17,288.5,West Midlands
2021-03-21 18:00:00,3,18,287.0,West Midlands
2021-03-21 19:00:00,3,19,308.0,West Midlands
2021-03-21 20:00:00,3,20,336.0,West Midlands
2021-03-21 21:00:00,3,21,328.0,West Midlands
2021-03-21 22:00:00,3,22,285.0,West Midlands
2021-03-21 23:00:00,3,23,245.5,West Midlands
2021-03-22 00:00:00,3,0,230.5,West Midlands
2021-03-22 01:00:00,3,1,214.5,West Midlands
2021-03-22 02:00:00,3,2,243.0,West Midlands
2021-03-22 03:00:00,3,3,241.5,West Midlands
2021-03-22 04:00:00,3,4,237.0,West Midlands
2021-03-22 05:00:00,3,5,236.0,West Midlands
2021-03-22 06:00:00,3,6,242.5,West Midlands
2021-03-22 07:00:00,3,7,276.0,West Midlands
2021-03-22 08:00:00,3,8,277.0,West Midlands
2021-03-22 09:00:00,3,9,270.5,West Midlands
2021-03-22 10:00:00,3,10,256.5,West Midlands
2021-03-22 11:00:00,3,11,246.5,West Midlands
2021-03-22 12:00:00,3,12,248.0,West Midlands
2021-03-22 13:00:00,3,13,245.0,West Midlands
2021-03-22 14:00:00,3,14,249.0,West Midlands
2021-03-22 15:00:00,3,15,265.5,West Midlands
2021-03-22 16:00:00,3,16,296.5,West Midlands
2021-03-22 17:00:00,3,17,302.5,West Midlands
2021-03-22 18:00:00,3,18,291.5,West Midlands
2021-03-22 19:00:00,3,19,290.0,West Midlands
2021-03-22 20:00:00,3,20,307.5,West Midlands
2021-03-22 21:00:00,3,21,291.0,West Midlands
2021-03-22 22:00:00,3,22,263.5,West Midlands
2021-03-22 23:00:00,3,23,211.0,West Midlands
2021-03-23 00:00:00,3,0,216.5,West Midlands
2021-03-23 01:00:00,3,1,226.0,West Midlands
2021-03-23 02:00:00,3,2,216.5,West Midlands
2021-03-23 03:00:00,3,3,182.0,West Midlands
2021-03-23 04:00:00,3,4,145.0,West Midlands
2021-03-23 05:00:00,3,5,179.5,West Midlands
2021-03-23 06:00:00,3,6,205.5,West Midlands
2021-03-23 07:00:00,3,7,226.5,West Midlands
2021-03-23 08:00:00,3,8,223.5,West Midlands
2021-03-23 09:00:00,3,9,214.0,West Midlands
2021-03-23 10:00:00,3,10,196.5,West Midlands
2021-03-23 11:00:00,3,11,157.0,West Midlands
2021-03-23 12:00:00,3,12,119.0,West Midlands
2021-03-23 13:00:00,3,13,95.0,West Midlands
2021-03-23 14:00:00,3,14,83.0,West Midlands
2021-03-23 15:00:00,3,15,104.0,West Midlands
2021-03-23 16:00:00,3,16,155.5,West Midlands
2021-03-23 17:00:00,3,17,178.5,West Midlands
2021-03-23 18:00:00,3,18,160.5,West Midlands
2021-03-23 19:00:00,3,19,159.0,West Midlands
2021-03-23 20:00:00,3,20,172.0,West Midlands
2021-03-23 21:00:00,3,21,128.5,West Midlands
2021-03-23 22:00:00,3,22,82.5,West Midlands
2021-03-23 23:00:00,3,23,67.0,West Midlands
2021-03-24 00:00:00,3,0,60.5,West Midlands
2021-03-24 01:00:00,3,1,69.0,West Midlands
2021-03-24 02:00:00,3,2,65.5,West Midlands
2021-03-24 03:00:00,3,3,73.0,West Midlands
2021-03-24 04:00:00,3,4,76.0,West Midlands
2021-03-24 05:00:00,3,5,111.5,West Midlands
2021-03-24 06:00:00,3,6,176.5,West Midlands
2021-03-24 07:00:00,3,7,204.0,West Midlands
2021-03-24 08:00:00,3,8,189.5,West Midlands
2021-03-24 09:00:00,3,9,170.5,West Midlands
2021-03-24 10:00:00,3,10,145.0,West Midlands
2021-03-24 11:00:00,3,11,131.0,West Midlands
2021-03-24 12:00:00,3,12,124.5,West Midlands
2021-03-24 13:00:00,3,13,114.0,West Midlands
2021-03-24 14:00:00,3,14,116.5,West Midlands
2021-03-24 15:00:00,3,15,134.0,West Midlands
2021-03-24 16:00:00,3,16,155.0,West Midlands
2021-03-24 17:00:00,3,17,162.5,West Midlands
2021-03-24 18:00:00,3,18,166.0,West Midlands
2021-03-24 19:00:00,3,19,190.5,West Midlands
2021-03-24 20:00:00,3,20,191.5,West Midlands
2021-03-24 21:00:00,3,21,177.0,West Midlands
2021-03-24 22:00:00,3,22,133.0,West Midlands
2021-03-24 23:00:00,3,23,71.5,West Midlands
2021-03-25 00:00:00,3,0,53.5,West Midlands
2021-03-25 01:00:00,3,1,67.5,West Midlands
2021-03-25 02:00:00,3,2,83.0,West Midlands
2021-03-25 03:00:00,3,3,83.0,West Midlands
2021-03-25 04:00:00,3,4,80.5,West Midlands
2021-03-25 05:00:00,3,5,84.0,West Midlands
2021-03-25 06:00:00,3,6,140.5,West Midlands
2021-03-25 07:00:00,3,7,174.5,West Midlands
2021-03-25 08:00:00,3,8,154.0,West Midlands
2021-03-25 09:00:00,3,9,145.0,West Midlands
2021-03-25 10:00:00,3,10,151.0,West Midlands
2021-03-25 11:00:00,3,11,126.5,West Midlands
2021-03-25 12:00:00,3,12,103.0,West Midlands
2021-03-25 13:00:00,3,13,76.0,West Midlands
2021-03-25 14:00:00,3,14,59.0,West Midlands
2021-03-25 15:00:00,3,15,68.0,West Midlands
2021-03-25 16:00:00,3,16,110.5,West Midlands
2021-03-25 17:00:00,3,17,115.0,West Midlands
2021-03-25 18:00:00,3,18,113.5,West Midlands
2021-03-25 19:00:00,3,19,126.5,West Midlands
2021-03-25 20:00:00,3,20,98.0,West Midlands
2021-03-25 21:00:00,3,21,51.0,West Midlands
2021-03-25 22:00:00,3,22,38.0,West Midlands
2021-03-25 23:00:00,3,23,32.0,West Midlands
2021-03-26 00:00:00,3,0,30.5,West Midlands
2021-03-26 01:00:00,3,1,34.0,West Midlands
2021-03-26 02:00:00,3,2,37.5,West Midlands
2021-03-26 03:00:00,3,3,37.5,West Midlands
2021-03-26 04:00:00,3,4,36.0,West Midlands
2021-03-26 05:00:00,3,5,37.0,West Midlands
2021-03-26 06:00:00,3,6,48.0,West Midlands
2021-03-26 07:00:00,3,7,65.0,West Midlands
2021-03-26 08:00:00,3,8,79.0,West Midlands
2021-03-26 09:00:00,3,9,92.0,West Midlands
2021-03-26 10:00:00,3,10,90.5,West Midlands
2021-03-26 11:00:00,3,11,83.5,West Midlands
2021-03-26 12:00:00,3,12,70.5,West Midlands
2021-03-26 13:00:00,3,13,59.5,West Midlands
2021-03-26 14:00:00,3,14,64.0,West Midlands
2021-03-26 15:00:00,3,15,80.0,West Midlands
2021-03-26 16:00:00,3,16,111.5,West Midlands
2021-03-26 17:00:00,3,17,131.0,West Midlands
2021-03-26 18:00:00,3,18,135.5,West Midlands
2021-03-26 19:00:00,3,19,162.0,West Midlands
2021-03-26 20:00:00,3,20,157.0,West Midlands
2021-03-26 21:00:00,3,21,127.0,West Midlands
2021-03-26 22:00:00,3,22,62.0,West Midlands
2021-03-26 23:00:00,3,23,43.0,West Midlands
2021-03-27 00:00:00,3,0,35.5,West Midlands
2021-03-27 01:00:00,3,1,43.0,West Midlands
2021-03-27 02:00:00,3,2,32.5,West Midlands
2021-03-27 03:00:00,3,3,38.5,West Midlands
2021-03-27 04:00:00,3,4,36.5,West Midlands
2021-03-27 05:00:00,3,5,34.5,West Midlands
2021-03-27 06:00:00,3,6,38.5,West Midlands
2021-03-27 07:00:00,3,7,41.5,West Midlands
2021-03-27 08:00:00,3,8,48.5,West Midlands
2021-03-27 09:00:00,3,9,47.5,West Midlands
2021-03-27 10:00:00,3,10,46.0,West Midlands
2021-03-27 11:00:00,3,11,50.0,West Midlands
2021-03-27 12:00:00,3,12,39.0,West Midlands
2021-03-27 13:00:00,3,13,37.0,West Midlands
2021-03-27 14:00:00,3,14,33.0,West Midlands
2021-03-27 15:00:00,3,15,26.5,West Midlands
2021-03-27 16:00:00,3,16,29.5,West Midlands
2021-03-27 17:00:00,3,17,55.5,West Midlands
2021-03-27 18:00:00,3,18,72.5,West Midlands
2021-03-27 19:00:00,3,19,72.0,West Midlands
2021-03-27 20:00:00,3,20,46.5,West Midlands
2021-03-27 21:00:00,3,21,40.0,West Midlands
2021-03-27 22:00:00,3,22,37.0,West Midlands
2021-03-27 23:00:00,3,23,43.0,West Midlands
2021-03-28 00:00:00,3,0,47.5,West Midlands
2021-03-28 01:00:00,3,1,44.0,West Midlands
2021-03-28 02:00:00,3,2,40.5,West Midlands
2021-03-28 03:00:00,3,3,39.0,West Midlands
2021-03-28 04:00:00,3,4,30.5,West Midlands
2021-03-28 05:00:00,3,5,26.5,West Midlands
2021-03-28 06:00:00,3,6,25.5,West Midlands
2021-03-28 07:00:00,3,7,24.5,West Midlands
2021-03-28 08:00:00,3,8,23.0,West Midlands
2021-03-28 09:00:00,3,9,21.0,West Midlands
2021-03-28 10:00:00,3,10,26.0,West Midlands
2021-03-28 11:00:00,3,11,26.0,West Midlands
2021-03-28 12:00:00,3,12,26.0,West Midlands
2021-03-28 13:00:00,3,13,23.0,West Midlands
2021-03-28 14:00:00,3,14,32.0,West Midlands
2021-03-28 15:00:00,3,15,37.5,West Midlands
2021-03-28 16:00:00,3,16,37.0,West Midlands
2021-03-28 17:00:00,3,17,34.5,West Midlands
2021-03-28 18:00:00,3,18,40.5,West Midlands
2021-03-28 19:00:00,3,19,39.0,West Midlands
2021-03-28 20:00:00,3,20,31.5,West Midlands
2021-03-28 21:00:00,3,21,31.5,West Midlands
2021-03-28 22:00:00,3,22,32.5,West Midlands
2021-03-28 23:00:00,3,23,71.5,West Midlands
2021-03-29 00:00:00,3,0,67.0,West Midlands
2021-03-29 01:00:00,3,1,67.0,West Midlands
2021-03-29 02:00:00,3,2,77.0,West Midlands
2021-03-29 03:00:00,3,3,76.0,West Midlands
2021-03-29 04:00:00,3,4,76.0,West Midlands
2021-03-29 05:00:00,3,5,82.0,West Midlands
2021-03-29 06:00:00,3,6,81.5,West Midlands
2021-03-29 07:00:00,3,7,60.0,West Midlands
2021-03-29 08:00:00,3,8,50.5,West Midlands
2021-03-29 09:00:00,3,9,43.5,West Midlands
2021-03-29 10:00:00,3,10,36.0,West Midlands
2021-03-29 11:00:00,3,11,34.0,West Midlands
2021-03-29 12:00:00,3,12,34.5,West Midlands
2021-03-29 13:00:00,3,13,27.5,West Midlands
2021-03-29 14:00:00,3,14,28.0,West Midlands
2021-03-29 15:00:00,3,15,35.0,West Midlands
2021-03-29 16:00:00,3,16,35.0,West Midlands
2021-03-29 17:00:00,3,17,53.5,West Midlands
2021-03-29 18:00:00,3,18,68.0,West Midlands
2021-03-29 19:00:00,3,19,80.0,West Midlands
2021-03-29 20:00:00,3,20,61.5,West Midlands
2021-03-29 21:00:00,3,21,35.0,West Midlands
2021-03-29 22:00:00,3,22,34.5,West Midlands
2021-03-29 23:00:00,3,23,40.5,West Midlands
2021-03-30 00:00:00,3,0,42.0,West Midlands
2021-03-30 01:00:00,3,1,37.5,West Midlands
2021-03-30 02:00:00,3,2,37.0,West Midlands
2021-03-30 03:00:00,3,3,36.5,West Midlands
2021-03-30 04:00:00,3,4,42.5,West Midlands
2021-03-30 05:00:00,3,5,80.5,West Midlands
2021-03-30 06:00:00,3,6,160.0,West Midlands
2021-03-30 07:00:00,3,7,183.0,West Midlands
2021-03-30 08:00:00,3,8,188.5,West Midlands
2021-03-30 09:00:00,3,9,206.0,West Midlands
2021-03-30 10:00:00,3,10,203.0,West Midlands
2021-03-30 11:00:00,3,11,181.5,West Midlands
2021-03-30 12:00:00,3,12,156.5,West Midlands
2021-03-30 13:00:00,3,13,157.0,West Midlands
2021-03-30 14:00:00,3,14,177.0,West Midlands
2021-03-30 15:00:00,3,15,221.0,West Midlands
2021-03-30 16:00:00,3,16,253.5,West Midlands
2021-03-30 17:00:00,3,17,264.5,West Midlands
2021-03-30 18:00:00,3,18,262.5,West Midlands
2021-03-30 19:00:00,3,19,277.5,West Midlands
2021-03-30 20:00:00,3,20,290.0,West Midlands
2021-03-30 21:00:00,3,21,247.5,West Midlands
2021-03-30 22:00:00,3,22,229.0,West Midlands
2021-03-30 23:00:00,3,23,207.5,West Midlands
2021-03-31 00:00:00,3,0,204.5,West Midlands
2021-03-31 01:00:00,3,1,197.5,West Midlands
2021-03-31 02:00:00,3,2,196.0,West Midlands
2021-03-31 03:00:00,3,3,199.5,West Midlands
2021-03-31 04:00:00,3,4,197.5,West Midlands
2021-03-31 05:00:00,3,5,243.5,West Midlands
2021-03-31 06:00:00,3,6,251.5,West Midlands
2021-03-31 07:00:00,3,7,244.5,West Midlands
2021-03-31 08:00:00,3,8,248.5,West Midlands
2021-03-31 09:00:00,3,9,250.0,West Midlands
2021-03-31 10:00:00,3,10,246.5,West Midlands
2021-03-31 11:00:00,3,11,234.5,West Midlands
2021-03-31 12:00:00,3,12,238.0,West Midlands
2021-03-31 13:00:00,3,13,224.5,West Midlands
2021-03-31 14:00:00,3,14,211.5,West Midlands
2021-03-31 15:00:00,3,15,216.0,West Midlands
2021-03-31 16:00:00,3,16,231.5,West Midlands
2021-03-31 17:00:00,3,17,223.5,West Midlands
2021-03-31 18:00:00,3,18,225.0,West Midlands
2021-03-31 19:00:00,3,19,233.0,West Midlands
2021-03-31 20:00:00,3,20,223.0,West Midlands
2021-03-31 21:00:00,3,21,164.0,West Midlands
2021-03-31 22:00:00,3,22,76.0,West Midlands
2021-03-31 23:00:00,3,23,54.0,West Midlands
2021-04-01 00:00:00,4,0,46.5,West Midlands
2021-04-01 01:00:00,4,1,56.5,West Midlands
2021-04-01 02:00:00,4,2,59.5,West Midlands
2021-04-01 03:00:00,4,3,61.0,West Midlands
2021-04-01 04:00:00,4,4,84.0,West Midlands
2021-04-01 05:00:00,4,5,130.5,West Midlands
2021-04-01 06:00:00,4,6,217.5,West Midlands
2021-04-01 07:00:00,4,7,218.5,West Midlands
2021-04-01 08:00:00,4,8,235.0,West Midlands
2021-04-01 09:00:00,4,9,254.5,West Midlands
2021-04-01 10:00:00,4,10,251.0,West Midlands
2021-04-01 11:00:00,4,11,243.0,West Midlands
2021-04-01 12:00:00,4,12,241.5,West Midlands
2021-04-01 13:00:00,4,13,246.0,West Midlands
2021-04-01 14:00:00,4,14,257.5,West Midlands
2021-04-01 15:00:00,4,15,269.5,West Midlands
2021-04-01 16:00:00,4,16,274.5,West Midlands
2021-04-01 17:00:00,4,17,278.5,West Midlands
2021-04-01 18:00:00,4,18,259.0,West Midlands
2021-04-01 19:00:00,4,19,269.5,West Midlands
2021-04-01 20:00:00,4,20,287.5,West Midlands
2021-04-01 21:00:00,4,21,252.0,West Midlands
2021-04-01 22:00:00,4,22,237.5,West Midlands
2021-04-01 23:00:00,4,23,196.0,West Midlands
2021-04-02 00:00:00,4,0,200.5,West Midlands
2021-04-02 01:00:00,4,1,218.5,West Midlands
2021-04-02 02:00:00,4,2,212.0,West Midlands
2021-04-02 03:00:00,4,3,203.5,West Midlands
2021-04-02 04:00:00,4,4,216.0,West Midlands
2021-04-02 05:00:00,4,5,252.0,West Midlands
2021-04-02 06:00:00,4,6,276.5,West Midlands
2021-04-02 07:00:00,4,7,271.5,West Midlands
2021-04-02 08:00:00,4,8,264.5,West Midlands
2021-04-02 09:00:00,4,9,257.5,West Midlands
2021-04-02 10:00:00,4,10,244.0,West Midlands
2021-04-02 11:00:00,4,11,239.5,West Midlands
2021-04-02 12:00:00,4,12,205.0,West Midlands
2021-04-02 13:00:00,4,13,179.0,West Midlands
2021-04-02 14:00:00,4,14,174.0,West Midlands
2021-04-02 15:00:00,4,15,220.0,West Midlands
2021-04-02 16:00:00,4,16,267.0,West Midlands
2021-04-02 17:00:00,4,17,267.0,West Midlands
2021-04-02 18:00:00,4,18,265.5,West Midlands
2021-04-02 19:00:00,4,19,274.0,West Midlands
2021-04-02 20:00:00,4,20,293.0,West Midlands
2021-04-02 21:00:00,4,21,273.0,West Midlands
2021-04-02 22:00:00,4,22,220.5,West Midlands
2021-04-02 23:00:00,4,23,193.0,West Midlands
2021-04-03 00:00:00,4,0,184.5,West Midlands
2021-04-03 01:00:00,4,1,186.0,West Midlands
2021-04-03 02:00:00,4,2,177.0,West Midlands
2021-04-03 03:00:00,4,3,182.5,West Midlands
2021-04-03 04:00:00,4,4,170.5,West Midlands
2021-04-03 05:00:00,4,5,197.0,West Midlands
2021-04-03 06:00:00,4,6,242.5,West Midlands
2021-04-03 07:00:00,4,7,264.0,West Midlands
2021-04-03 08:00:00,4,8,265.0,West Midlands
2021-04-03 09:00:00,4,9,260.0,West Midlands
2021-04-03 10:00:00,4,10,258.0,West Midlands
2021-04-03 11:00:00,4,11,253.0,West Midlands
2021-04-03 12:00:00,4,12,246.5,West Midlands
2021-04-03 13:00:00,4,13,245.0,West Midlands
2021-04-03 14:00:00,4,14,241.5,West Midlands
2021-04-03 15:00:00,4,15,255.0,West Midlands
2021-04-03 16:00:00,4,16,280.0,West Midlands
2021-04-03 17:00:00,4,17,288.5,West Midlands
2021-04-03 18:00:00,4,18,280.0,West Midlands
2021-04-03 19:00:00,4,19,288.0,West Midlands
2021-04-03 20:00:00,4,20,311.0,West Midlands
2021-04-03 21:00:00,4,21,295.5,West Midlands
2021-04-03 22:00:00,4,22,286.5,West Midlands
2021-04-03 23:00:00,4,23,253.0,West Midlands
2021-04-04 00:00:00,4,0,227.0,West Midlands
2021-04-04 01:00:00,4,1,227.5,West Midlands
2021-04-04 02:00:00,4,2,192.0,West Midlands
2021-04-04 03:00:00,4,3,187.0,West Midlands
2021-04-04 04:00:00,4,4,171.5,West Midlands
2021-04-04 05:00:00,4,5,157.5,West Midlands
2021-04-04 06:00:00,4,6,145.5,West Midlands
2021-04-04 07:00:00,4,7,140.0,West Midlands
2021-04-04 08:00:00,4,8,136.0,West Midlands
2021-04-04 09:00:00,4,9,102.5,West Midlands
2021-04-04 10:00:00,4,10,58.5,West Midlands
2021-04-04 11:00:00,4,11,46.5,West Midlands
2021-04-04 12:00:00,4,12,37.5,West Midlands
2021-04-04 13:00:00,4,13,26.0,West Midlands
2021-04-04 14:00:00,4,14,20.0,West Midlands
2021-04-04 15:00:00,4,15,30.0,West Midlands
2021-04-04 16:00:00,4,16,41.5,West Midlands
2021-04-04 17:00:00,4,17,40.5,West Midlands
2021-04-04 18:00:00,4,18,40.5,West Midlands
2021-04-04 19:00:00,4,19,49.0,West Midlands
2021-04-04 20:00:00,4,20,41.0,West Midlands
2021-04-04 21:00:00,4,21,37.0,West Midlands
2021-04-04 22:00:00,4,22,31.5,West Midlands
2021-04-04 23:00:00,4,23,43.5,West Midlands
2021-04-05 00:00:00,4,0,56.0,West Midlands
2021-04-05 01:00:00,4,1,65.0,West Midlands
2021-04-05 02:00:00,4,2,55.0,West Midlands
2021-04-05 03:00:00,4,3,53.0,West Midlands
2021-04-05 04:00:00,4,4,45.5,West Midlands
2021-04-05 05:00:00,4,5,48.0,West Midlands
2021-04-05 06:00:00,4,6,60.0,West Midlands
2021-04-05 07:00:00,4,7,53.5,West Midlands
2021-04-05 08:00:00,4,8,42.0,West Midlands
2021-04-05 09:00:00,4,9,40.5,West Midlands
2021-04-05 10:00:00,4,10,33.0,West Midlands
2021-04-05 11:00:00,4,11,33.0,West Midlands
2021-04-05 12:00:00,4,12,26.5,West Midlands
2021-04-05 13:00:00,4,13,23.0,West Midlands
2021-04-05 14:00:00,4,14,25.5,West Midlands
2021-04-05 15:00:00,4,15,37.0,West Midlands
2021-04-05 16:00:00,4,16,60.0,West Midlands
2021-04-05 17:00:00,4,17,68.5,West Midlands
2021-04-05 18:00:00,4,18,75.5,West Midlands
2021-04-05 19:00:00,4,19,88.5,West Midlands
2021-04-05 20:00:00,4,20,96.5,West Midlands
2021-04-05 21:00:00,4,21,72.0,West Midlands
2021-04-05 22:00:00,4,22,61.0,West Midlands
2021-04-05 23:00:00,4,23,46.0,West Midlands
2021-04-06 00:00:00,4,0,48.0,West Midlands
2021-04-06 01:00:00,4,1,52.0,West Midlands
2021-04-06 02:00:00,4,2,49.0,West Midlands
2021-04-06 03:00:00,4,3,51.0,West Midlands
2021-04-06 04:00:00,4,4,51.5,West Midlands
2021-04-06 05:00:00,4,5,62.5,West Midlands
2021-04-06 06:00:00,4,6,83.0,West Midlands
2021-04-06 07:00:00,4,7,100.5,West Midlands
2021-04-06 08:00:00,4,8,102.0,West Midlands
2021-04-06 09:00:00,4,9,103.0,West Midlands
2021-04-06 10:00:00,4,10,90.5,West Midlands
2021-04-06 11:00:00,4,11,80.0,West Midlands
2021-04-06 12:00:00,4,12,82.5,West Midlands
2021-04-06 13:00:00,4,13,71.5,West Midlands
2021-04-06 14:00:00,4,14,62.0,West Midlands
2021-04-06 15:00:00,4,15,87.0,West Midlands
2021-04-06 16:00:00,4,16,105.5,West Midlands
2021-04-06 17:00:00,4,17,132.5,West Midlands
2021-04-06 18:00:00,4,18,157.5,West Midlands
2021-04-06 19:00:00,4,19,179.0,West Midlands
2021-04-06 20:00:00,4,20,190.5,West Midlands
2021-04-06 21:00:00,4,21,139.0,West Midlands
2021-04-06 22:00:00,4,22,112.5,West Midlands
2021-04-06 23:00:00,4,23,95.5,West Midlands
2021-04-07 00:00:00,4,0,96.0,West Midlands
2021-04-07 01:00:00,4,1,103.0,West Midlands
2021-04-07 02:00:00,4,2,95.0,West Midlands
2021-04-07 03:00:00,4,3,101.0,West Midlands
2021-04-07 04:00:00,4,4,115.5,West Midlands
2021-04-07 05:00:00,4,5,217.0,West Midlands
2021-04-07 06:00:00,4,6,267.0,West Midlands
2021-04-07 07:00:00,4,7,264.0,West Midlands
2021-04-07 08:00:00,4,8,256.0,West Midlands
2021-04-07 09:00:00,4,9,247.0,West Midlands
2021-04-07 10:00:00,4,10,239.0,West Midlands
2021-04-07 11:00:00,4,11,244.0,West Midlands
2021-04-07 12:00:00,4,12,249.5,West Midlands
2021-04-07 13:00:00,4,13,262.0,West Midlands
2021-04-07 14:00:00,4,14,276.0,West Midlands
2021-04-07 15:00:00,4,15,281.5,West Midlands
2021-04-07 16:00:00,4,16,295.5,West Midlands
2021-04-07 17:00:00,4,17,298.0,West Midlands
2021-04-07 18:00:00,4,18,297.0,West Midlands
2021-04-07 19:00:00,4,19,307.5,West Midlands
2021-04-07 20:00:00,4,20,328.0,West Midlands
2021-04-07 21:00:00,4,21,308.0,West Midlands
2021-04-07 22:00:00,4,22,288.0,West Midlands
2021-04-07 23:00:00,4,23,266.5,West Midlands
2021-04-08 00:00:00,4,0,254.5,West Midlands
2021-04-08 01:00:00,4,1,247.5,West Midlands
2021-04-08 02:00:00,4,2,191.5,West Midlands
2021-04-08 03:00:00,4,3,174.0,West Midlands
2021-04-08 04:00:00,4,4,165.0,West Midlands
2021-04-08 05:00:00,4,5,186.0,West Midlands
2021-04-08 06:00:00,4,6,211.0,West Midlands
2021-04-08 07:00:00,4,7,205.5,West Midlands
2021-04-08 08:00:00,4,8,202.5,West Midlands
2021-04-08 09:00:00,4,9,191.0,West Midlands
2021-04-08 10:00:00,4,10,153.0,West Midlands
2021-04-08 11:00:00,4,11,137.5,West Midlands
2021-04-08 12:00:00,4,12,136.0,West Midlands
2021-04-08 13:00:00,4,13,132.0,West Midlands
2021-04-08 14:00:00,4,14,125.5,West Midlands
2021-04-08 15:00:00,4,15,121.0,West Midlands
2021-04-08 16:00:00,4,16,126.0,West Midlands
2021-04-08 17:00:00,4,17,141.5,West Midlands
2021-04-08 18:00:00,4,18,143.5,West Midlands
2021-04-08 19:00:00,4,19,154.5,West Midlands
2021-04-08 20:00:00,4,20,130.0,West Midlands
2021-04-08 21:00:00,4,21,106.0,West Midlands
2021-04-08 22:00:00,4,22,69.0,West Midlands
2021-04-08 23:00:00,4,23,70.5,West Midlands
2021-04-09 00:00:00,4,0,77.5,West Midlands
2021-04-09 01:00:00,4,1,94.5,West Midlands
2021-04-09 02:00:00,4,2,94.5,West Midlands
2021-04-09 03:00:00,4,3,120.5,West Midlands
2021-04-09 04:00:00,4,4,136.5,West Midlands
2021-04-09 05:00:00,4,5,176.0,West Midlands
2021-04-09 06:00:00,4,6,218.5,West Midlands
2021-04-09 07:00:00,4,7,256.0,West Midlands
2021-04-09 08:00:00,4,8,259.5,West Midlands
2021-04-09 09:00:00,4,9,256.5,West Midlands
2021-04-09 10:00:00,4,10,261.5,West Midlands
2021-04-09 11:00:00,4,11,255.5,West Midlands
2021-04-09 12:00:00,4,12,263.5,West Midlands
2021-04-09 13:00:00,4,13,259.5,West Midlands
2021-04-09 14:00:00,4,14,262.5,West Midlands
2021-04-09 15:00:00,4,15,255.0,West Midlands
2021-04-09 16:00:00,4,16,238.5,West Midlands
2021-04-09 17:00:00,4,17,220.5,West Midlands
2021-04-09 18:00:00,4,18,217.5,West Midlands
2021-04-09 19:00:00,4,19,239.5,West Midlands
2021-04-09 20:00:00,4,20,261.0,West Midlands
2021-04-09 21:00:00,4,21,256.5,West Midlands
2021-04-09 22:00:00,4,22,243.0,West Midlands
2021-04-09 23:00:00,4,23,237.0,West Midlands
2021-04-10 00:00:00,4,0,297.5,West Midlands
2021-04-10 01:00:00,4,1,307.0,West Midlands
2021-04-10 02:00:00,4,2,312.0,West Midlands
2021-04-10 03:00:00,4,3,318.0,West Midlands
2021-04-10 04:00:00,4,4,317.5,West Midlands
2021-04-10 05:00:00,4,5,311.5,West Midlands
2021-04-10 06:00:00,4,6,314.0,West Midlands
2021-04-10 07:00:00,4,7,303.5,West Midlands
2021-04-10 08:00:00,4,8,297.5,West Midlands
2021-04-10 09:00:00,4,9,293.0,West Midlands
2021-04-10 10:00:00,4,10,295.5,West Midlands
2021-04-10 11:00:00,4,11,289.0,West Midlands
2021-04-10 12:00:00,4,12,292.0,West Midlands
2021-04-10 13:00:00,4,13,288.5,West Midlands
2021-04-10 14:00:00,4,14,281.0,West Midlands
2021-04-10 15:00:00,4,15,287.0,West Midlands
2021-04-10 16:00:00,4,16,283.0,West Midlands
2021-04-10 17:00:00,4,17,273.5,West Midlands
2021-04-10 18:00:00,4,18,283.5,West Midlands
2021-04-10 19:00:00,4,19,294.5,West Midlands
2021-04-10 20:00:00,4,20,310.5,West Midlands
2021-04-10 21:00:00,4,21,307.0,West Midlands
2021-04-10 22:00:00,4,22,310.0,West Midlands
2021-04-10 23:00:00,4,23,316.5,West Midlands
2021-04-11 00:00:00,4,0,317.5,West Midlands
2021-04-11 01:00:00,4,1,313.0,West Midlands
2021-04-11 02:00:00,4,2,316.0,West Midlands
2021-04-11 03:00:00,4,3,302.5,West Midlands
2021-04-11 04:00:00,4,4,280.5,West Midlands
2021-04-11 05:00:00,4,5,285.5,West Midlands
2021-04-11 06:00:00,4,6,286.0,West Midlands
2021-04-11 07:00:00,4,7,269.0,West Midlands
2021-04-11 08:00:00,4,8,262.5,West Midlands
2021-04-11 09:00:00,4,9,253.0,West Midlands
2021-04-11 10:00:00,4,10,245.5,West Midlands
2021-04-11 11:00:00,4,11,234.5,West Midlands
2021-04-11 12:00:00,4,12,226.0,West Midlands
2021-04-11 13:00:00,4,13,223.0,West Midlands
2021-04-11 14:00:00,4,14,217.0,West Midlands
2021-04-11 15:00:00,4,15,231.5,West Midlands
2021-04-11 16:00:00,4,16,245.0,West Midlands
2021-04-11 17:00:00,4,17,249.5,West Midlands
2021-04-11 18:00:00,4,18,256.5,West Midlands
2021-04-11 19:00:00,4,19,281.5,West Midlands
2021-04-11 20:00:00,4,20,321.0,West Midlands
2021-04-11 21:00:00,4,21,319.0,West Midlands
2021-04-11 22:00:00,4,22,312.0,West Midlands
2021-04-11 23:00:00,4,23,306.0,West Midlands
2021-04-12 00:00:00,4,0,303.0,West Midlands
2021-04-12 01:00:00,4,1,298.5,West Midlands
2021-04-12 02:00:00,4,2,310.0,West Midlands
2021-04-12 03:00:00,4,3,308.5,West Midlands
2021-04-12 04:00:00,4,4,310.5,West Midlands
2021-04-12 05:00:00,4,5,333.0,West Midlands
2021-04-12 06:00:00,4,6,340.5,West Midlands
2021-04-12 07:00:00,4,7,347.5,West Midlands
2021-04-12 08:00:00,4,8,342.0,West Midlands
2021-04-12 09:00:00,4,9,330.5,West Midlands
2021-04-12 10:00:00,4,10,309.0,West Midlands
2021-04-12 11:00:00,4,11,293.5,West Midlands
2021-04-12 12:00:00,4,12,302.0,West Midlands
2021-04-12 13:00:00,4,13,292.5,West Midlands
2021-04-12 14:00:00,4,14,289.5,West Midlands
2021-04-12 15:00:00,4,15,290.0,West Midlands
2021-04-12 16:00:00,4,16,270.0,West Midlands
2021-04-12 17:00:00,4,17,261.5,West Midlands
2021-04-12 18:00:00,4,18,263.0,West Midlands
2021-04-12 19:00:00,4,19,291.5,West Midlands
2021-04-12 20:00:00,4,20,376.5,West Midlands
2021-04-12 21:00:00,4,21,378.5,West Midlands
2021-04-12 22:00:00,4,22,320.5,West Midlands
2021-04-12 23:00:00,4,23,304.0,West Midlands
2021-04-13 00:00:00,4,0,307.5,West Midlands
2021-04-13 01:00:00,4,1,313.0,West Midlands
2021-04-13 02:00:00,4,2,319.0,West Midlands
2021-04-13 03:00:00,4,3,334.0,West Midlands
2021-04-13 04:00:00,4,4,351.5,West Midlands
2021-04-13 05:00:00,4,5,360.0,West Midlands
2021-04-13 06:00:00,4,6,345.5,West Midlands
2021-04-13 07:00:00,4,7,338.0,West Midlands
2021-04-13 08:00:00,4,8,343.0,West Midlands
2021-04-13 09:00:00,4,9,330.0,West Midlands
2021-04-13 10:00:00,4,10,318.5,West Midlands
2021-04-13 11:00:00,4,11,321.5,West Midlands
2021-04-13 12:00:00,4,12,326.0,West Midlands
2021-04-13 13:00:00,4,13,339.5,West Midlands
2021-04-13 14:00:00,4,14,351.5,West Midlands
2021-04-13 15:00:00,4,15,340.5,West Midlands
2021-04-13 16:00:00,4,16,319.5,West Midlands
2021-04-13 17:00:00,4,17,306.0,West Midlands
2021-04-13 18:00:00,4,18,289.0,West Midlands
2021-04-13 19:00:00,4,19,312.0,West Midlands
2021-04-13 20:00:00,4,20,372.5,West Midlands
2021-04-13 21:00:00,4,21,352.5,West Midlands
2021-04-13 22:00:00,4,22,340.0,West Midlands
2021-04-13 23:00:00,4,23,323.0,West Midlands
2021-04-14 00:00:00,4,0,330.0,West Midlands
2021-04-14 01:00:00,4,1,333.5,West Midlands
2021-04-14 02:00:00,4,2,332.0,West Midlands
2021-04-14 03:00:00,4,3,339.0,West Midlands
2021-04-14 04:00:00,4,4,357.5,West Midlands
2021-04-14 05:00:00,4,5,337.0,West Midlands
2021-04-14 06:00:00,4,6,353.5,West Midlands
2021-04-14 07:00:00,4,7,360.5,West Midlands
2021-04-14 08:00:00,4,8,351.5,West Midlands
2021-04-14 09:00:00,4,9,335.0,West Midlands
2021-04-14 10:00:00,4,10,314.5,West Midlands
2021-04-14 11:00:00,4,11,322.0,West Midlands
2021-04-14 12:00:00,4,12,334.0,West Midlands
2021-04-14 13:00:00,4,13,334.0,West Midlands
2021-04-14 14:00:00,4,14,337.0,West Midlands
2021-04-14 15:00:00,4,15,346.0,West Midlands
2021-04-14 16:00:00,4,16,333.5,West Midlands
2021-04-14 17:00:00,4,17,326.0,West Midlands
2021-04-14 18:00:00,4,18,325.5,West Midlands
2021-04-14 19:00:00,4,19,350.0,West Midlands
2021-04-14 20:00:00,4,20,375.5,West Midlands
2021-04-14 21:00:00,4,21,324.0,West Midlands
2021-04-14 22:00:00,4,22,309.0,West Midlands
2021-04-14 23:00:00,4,23,301.7,West Midlands
2021-04-15 00:00:00,4,0,314.0,West Midlands
2021-04-15 01:00:00,4,1,325.0,West Midlands
2021-04-15 02:00:00,4,2,322.0,West Midlands
2021-04-15 03:00:00,4,3,312.5,West Midlands
2021-04-15 04:00:00,4,4,307.0,West Midlands
2021-04-15 05:00:00,4,5,345.5,West Midlands
2021-04-15 06:00:00,4,6,345.5,West Midlands
2021-04-15 07:00:00,4,7,357.5,West Midlands
2021-04-15 08:00:00,4,8,336.5,West Midlands
2021-04-15 09:00:00,4,9,298.5,West Midlands
2021-04-15 10:00:00,4,10,265.5,West Midlands
2021-04-15 11:00:00,4,11,262.5,West Midlands
2021-04-15 12:00:00,4,12,259.5,West Midlands
2021-04-15 13:00:00,4,13,250.5,West Midlands
2021-04-15 14:00:00,4,14,251.0,West Midlands
2021-04-15 15:00:00,4,15,278.0,West Midlands
2021-04-15 16:00:00,4,16,304.5,West Midlands
2021-04-15 17:00:00,4,17,300.0,West Midlands
2021-04-15 18:00:00,4,18,311.0,West Midlands
2021-04-15 19:00:00,4,19,332.5,West Midlands
2021-04-15 20:00:00,4,20,341.5,West Midlands
2021-04-15 21:00:00,4,21,300.5,West Midlands
2021-04-15 22:00:00,4,22,301.5,West Midlands
2021-04-15 23:00:00,4,23,278.0,West Midlands
2021-04-16 00:00:00,4,0,273.0,West Midlands
2021-04-16 01:00:00,4,1,282.5,West Midlands
2021-04-16 02:00:00,4,2,304.5,West Midlands
2021-04-16 03:00:00,4,3,289.0,West Midlands
2021-04-16 04:00:00,4,4,287.5,West Midlands
2021-04-16 05:00:00,4,5,325.0,West Midlands
2021-04-16 06:00:00,4,6,329.0,West Midlands
2021-04-16 07:00:00,4,7,337.5,West Midlands
2021-04-16 08:00:00,4,8,334.0,West Midlands
2021-04-16 09:00:00,4,9,322.5,West Midlands
2021-04-16 10:00:00,4,10,305.5,West Midlands
2021-04-16 11:00:00,4,11,297.0,West Midlands
2021-04-16 12:00:00,4,12,278.5,West Midlands
2021-04-16 13:00:00,4,13,256.0,West Midlands
2021-04-16 14:00:00,4,14,237.0,West Midlands
2021-04-16 15:00:00,4,15,273.0,West Midlands
2021-04-16 16:00:00,4,16,288.0,West Midlands
2021-04-16 17:00:00,4,17,273.5,West Midlands
2021-04-16 18:00:00,4,18,299.0,West Midlands
2021-04-16 19:00:00,4,19,341.0,West Midlands
2021-04-16 20:00:00,4,20,369.5,West Midlands
2021-04-16 21:00:00,4,21,329.5,West Midlands
2021-04-16 22:00:00,4,22,357.5,West Midlands
2021-04-16 23:00:00,4,23,327.5,West Midlands
2021-04-17 00:00:00,4,0,314.0,West Midlands
2021-04-17 01:00:00,4,1,321.0,West Midlands
2021-04-17 02:00:00,4,2,326.0,West Midlands
2021-04-17 03:00:00,4,3,329.5,West Midlands
2021-04-17 04:00:00,4,4,319.0,West Midlands
2021-04-17 05:00:00,4,5,329.0,West Midlands
2021-04-17 06:00:00,4,6,294.5,West Midlands
2021-04-17 07:00:00,4,7,278.5,West Midlands
2021-04-17 08:00:00,4,8,264.5,West Midlands
2021-04-17 09:00:00,4,9,245.5,West Midlands
2021-04-17 10:00:00,4,10,221.0,West Midlands
2021-04-17 11:00:00,4,11,212.0,West Midlands
2021-04-17 12:00:00,4,12,189.0,West Midlands
2021-04-17 13:00:00,4,13,152.5,West Midlands
2021-04-17 14:00:00,4,14,154.5,West Midlands
2021-04-17 15:00:00,4,15,190.5,West Midlands
2021-04-17 16:00:00,4,16,223.0,West Midlands
2021-04-17 17:00:00,4,17,210.0,West Midlands
2021-04-17 18:00:00,4,18,234.5,West Midlands
2021-04-17 19:00:00,4,19,268.5,West Midlands
2021-04-17 20:00:00,4,20,304.5,West Midlands
2021-04-17 21:00:00,4,21,280.0,West Midlands
2021-04-17 22:00:00,4,22,279.5,West Midlands
2021-04-17 23:00:00,4,23,237.5,West Midlands
2021-04-18 00:00:00,4,0,237.5,West Midlands
2021-04-18 01:00:00,4,1,243.0,West Midlands
2021-04-18 02:00:00,4,2,247.0,West Midlands
2021-04-18 03:00:00,4,3,221.5,West Midlands
2021-04-18 04:00:00,4,4,213.5,West Midlands
2021-04-18 05:00:00,4,5,222.5,West Midlands
2021-04-18 06:00:00,4,6,228.5,West Midlands
2021-04-18 07:00:00,4,7,245.0,West Midlands
2021-04-18 08:00:00,4,8,250.0,West Midlands
2021-04-18 09:00:00,4,9,241.5,West Midlands
2021-04-18 10:00:00,4,10,224.5,West Midlands
2021-04-18 11:00:00,4,11,219.0,West Midlands
2021-04-18 12:00:00,4,12,220.5,West Midlands
2021-04-18 13:00:00,4,13,228.0,West Midlands
2021-04-18 14:00:00,4,14,240.5,West Midlands
2021-04-18 15:00:00,4,15,276.5,West Midlands
2021-04-18 16:00:00,4,16,325.0,West Midlands
2021-04-18 17:00:00,4,17,363.5,West Midlands
2021-04-18 18:00:00,4,18,396.5,West Midlands
2021-04-18 19:00:00,4,19,376.0,West Midlands
2021-04-18 20:00:00,4,20,419.0,West Midlands
2021-04-18 21:00:00,4,21,367.5,West Midlands
2021-04-18 22:00:00,4,22,320.0,West Midlands
2021-04-18 23:00:00,4,23,290.0,West Midlands
2021-04-19 00:00:00,4,0,297.0,West Midlands
2021-04-19 01:00:00,4,1,282.5,West Midlands
2021-04-19 02:00:00,4,2,287.5,West Midlands
2021-04-19 03:00:00,4,3,296.0,West Midlands
2021-04-19 04:00:00,4,4,296.5,West Midlands
2021-04-19 05:00:00,4,5,317.5,West Midlands
2021-04-19 06:00:00,4,6,298.5,West Midlands
2021-04-19 07:00:00,4,7,307.0,West Midlands
2021-04-19 08:00:00,4,8,312.5,West Midlands
2021-04-19 09:00:00,4,9,305.0,West Midlands
2021-04-19 10:00:00,4,10,287.0,West Midlands
2021-04-19 11:00:00,4,11,264.5,West Midlands
2021-04-19 12:00:00,4,12,240.0,West Midlands
2021-04-19 13:00:00,4,13,253.0,West Midlands
2021-04-19 14:00:00,4,14,262.0,West Midlands
2021-04-19 15:00:00,4,15,290.0,West Midlands
2021-04-19 16:00:00,4,16,329.0,West Midlands
2021-04-19 17:00:00,4,17,334.0,West Midlands
2021-04-19 18:00:00,4,18,336.0,West Midlands
2021-04-19 19:00:00,4,19,337.5,West Midlands
2021-04-19 20:00:00,4,20,344.0,West Midlands
2021-04-19 21:00:00,4,21,319.0,West Midlands
2021-04-19 22:00:00,4,22,316.0,West Midlands
2021-04-19 23:00:00,4,23,327.0,West Midlands
2021-04-20 00:00:00,4,0,329.0,West Midlands
2021-04-20 01:00:00,4,1,328.0,West Midlands
2021-04-20 02:00:00,4,2,311.5,West Midlands
2021-04-20 03:00:00,4,3,310.0,West Midlands
2021-04-20 04:00:00,4,4,315.5,West Midlands
2021-04-20 05:00:00,4,5,335.0,West Midlands
2021-04-20 06:00:00,4,6,355.0,West Midlands
2021-04-20 07:00:00,4,7,371.0,West Midlands
2021-04-20 08:00:00,4,8,348.0,West Midlands
2021-04-20 09:00:00,4,9,311.0,West Midlands
2021-04-20 10:00:00,4,10,296.5,West Midlands
2021-04-20 11:00:00,4,11,294.5,West Midlands
2021-04-20 12:00:00,4,12,293.0,West Midlands
2021-04-20 13:00:00,4,13,285.0,West Midlands
2021-04-20 14:00:00,4,14,283.0,West Midlands
2021-04-20 15:00:00,4,15,288.0,West Midlands
2021-04-20 16:00:00,4,16,299.0,West Midlands
2021-04-20 17:00:00,4,17,299.5,West Midlands
2021-04-20 18:00:00,4,18,298.5,West Midlands
2021-04-20 19:00:00,4,19,305.5,West Midlands
2021-04-20 20:00:00,4,20,308.0,West Midlands
2021-04-20 21:00:00,4,21,296.0,West Midlands
2021-04-20 22:00:00,4,22,283.5,West Midlands
2021-04-20 23:00:00,4,23,270.5,West Midlands
2021-04-21 00:00:00,4,0,262.5,West Midlands
2021-04-21 01:00:00,4,1,253.5,West Midlands
2021-04-21 02:00:00,4,2,231.0,West Midlands
2021-04-21 03:00:00,4,3,209.5,West Midlands
2021-04-21 04:00:00,4,4,220.0,West Midlands
2021-04-21 05:00:00,4,5,212.0,West Midlands
2021-04-21 06:00:00,4,6,232.0,West Midlands
2021-04-21 07:00:00,4,7,260.5,West Midlands
2021-04-21 08:00:00,4,8,272.0,West Midlands
2021-04-21 09:00:00,4,9,272.5,West Midlands
2021-04-21 10:00:00,4,10,273.5,West Midlands
2021-04-21 11:00:00,4,11,274.0,West Midlands
2021-04-21 12:00:00,4,12,255.5,West Midlands
2021-04-21 13:00:00,4,13,251.0,West Midlands
2021-04-21 14:00:00,4,14,253.0,West Midlands
2021-04-21 15:00:00,4,15,266.0,West Midlands
2021-04-21 16:00:00,4,16,283.0,West Midlands
2021-04-21 17:00:00,4,17,304.0,West Midlands
2021-04-21 18:00:00,4,18,318.5,West Midlands
2021-04-21 19:00:00,4,19,316.0,West Midlands
2021-04-21 20:00:00,4,20,319.5,West Midlands
2021-04-21 21:00:00,4,21,297.5,West Midlands
2021-04-21 22:00:00,4,22,284.5,West Midlands
2021-04-21 23:00:00,4,23,277.0,West Midlands
2021-04-22 00:00:00,4,0,285.0,West Midlands
2021-04-22 01:00:00,4,1,287.0,West Midlands
2021-04-22 02:00:00,4,2,270.0,West Midlands
2021-04-22 03:00:00,4,3,272.0,West Midlands
2021-04-22 04:00:00,4,4,280.0,West Midlands
2021-04-22 05:00:00,4,5,291.0,West Midlands
2021-04-22 06:00:00,4,6,307.0,West Midlands
2021-04-22 07:00:00,4,7,293.5,West Midlands
2021-04-22 08:00:00,4,8,286.5,West Midlands
2021-04-22 09:00:00,4,9,277.5,West Midlands
2021-04-22 10:00:00,4,10,251.0,West Midlands
2021-04-22 11:00:00,4,11,238.0,West Midlands
2021-04-22 12:00:00,4,12,226.0,West Midlands
2021-04-22 13:00:00,4,13,229.0,West Midlands
2021-04-22 14:00:00,4,14,251.5,West Midlands
2021-04-22 15:00:00,4,15,293.0,West Midlands
2021-04-22 16:00:00,4,16,322.5,West Midlands
2021-04-22 17:00:00,4,17,345.0,West Midlands
2021-04-22 18:00:00,4,18,363.0,West Midlands
2021-04-22 19:00:00,4,19,365.5,West Midlands
2021-04-22 20:00:00,4,20,364.5,West Midlands
2021-04-22 21:00:00,4,21,361.0,West Midlands
2021-04-22 22:00:00,4,22,332.5,West Midlands
2021-04-22 23:00:00,4,23,321.0,West Midlands
2021-04-23 00:00:00,4,0,319.5,West Midlands
2021-04-23 01:00:00,4,1,313.5,West Midlands
2021-04-23 02:00:00,4,2,304.0,West Midlands
2021-04-23 03:00:00,4,3,287.5,West Midlands
2021-04-23 04:00:00,4,4,310.0,West Midlands
2021-04-23 05:00:00,4,5,330.0,West Midlands
2021-04-23 06:00:00,4,6,327.5,West Midlands
2021-04-23 07:00:00,4,7,315.0,West Midlands
2021-04-23 08:00:00,4,8,297.0,West Midlands
2021-04-23 09:00:00,4,9,273.5,West Midlands
2021-04-23 10:00:00,4,10,245.5,West Midlands
2021-04-23 11:00:00,4,11,229.5,West Midlands
2021-04-23 12:00:00,4,12,215.5,West Midlands
2021-04-23 13:00:00,4,13,221.0,West Midlands
2021-04-23 14:00:00,4,14,232.0,West Midlands
2021-04-23 15:00:00,4,15,263.5,West Midlands
2021-04-23 16:00:00,4,16,299.0,West Midlands
2021-04-23 17:00:00,4,17,327.0,West Midlands
2021-04-23 18:00:00,4,18,331.5,West Midlands
2021-04-23 19:00:00,4,19,334.5,West Midlands
2021-04-23 20:00:00,4,20,328.0,West Midlands
2021-04-23 21:00:00,4,21,299.5,West Midlands
2021-04-23 22:00:00,4,22,261.0,West Midlands
2021-04-23 23:00:00,4,23,241.5,West Midlands
2021-04-24 00:00:00,4,0,244.0,West Midlands
2021-04-24 01:00:00,4,1,244.5,West Midlands
2021-04-24 02:00:00,4,2,238.5,West Midlands
2021-04-24 03:00:00,4,3,245.0,West Midlands
2021-04-24 04:00:00,4,4,246.0,West Midlands
2021-04-24 05:00:00,4,5,264.5,West Midlands
2021-04-24 06:00:00,4,6,275.5,West Midlands
2021-04-24 07:00:00,4,7,270.0,West Midlands
2021-04-24 08:00:00,4,8,253.5,West Midlands
2021-04-24 09:00:00,4,9,235.5,West Midlands
2021-04-24 10:00:00,4,10,222.0,West Midlands
2021-04-24 11:00:00,4,11,203.5,West Midlands
2021-04-24 12:00:00,4,12,180.0,West Midlands
2021-04-24 13:00:00,4,13,170.0,West Midlands
2021-04-24 14:00:00,4,14,179.5,West Midlands
2021-04-24 15:00:00,4,15,213.0,West Midlands
2021-04-24 16:00:00,4,16,247.5,West Midlands
2021-04-24 17:00:00,4,17,273.0,West Midlands
2021-04-24 18:00:00,4,18,283.0,West Midlands
2021-04-24 19:00:00,4,19,280.5,West Midlands
2021-04-24 20:00:00,4,20,271.0,West Midlands
2021-04-24 21:00:00,4,21,234.0,West Midlands
2021-04-24 22:00:00,4,22,181.5,West Midlands
2021-04-24 23:00:00,4,23,189.0,West Midlands
2021-04-25 00:00:00,4,0,199.5,West Midlands
2021-04-25 01:00:00,4,1,196.5,West Midlands
2021-04-25 02:00:00,4,2,212.5,West Midlands
2021-04-25 03:00:00,4,3,209.0,West Midlands
2021-04-25 04:00:00,4,4,213.0,West Midlands
2021-04-25 05:00:00,4,5,221.0,West Midlands
2021-04-25 06:00:00,4,6,224.5,West Midlands
2021-04-25 07:00:00,4,7,224.0,West Midlands
2021-04-25 08:00:00,4,8,221.0,West Midlands
2021-04-25 09:00:00,4,9,213.0,West Midlands
2021-04-25 10:00:00,4,10,207.0,West Midlands
2021-04-25 11:00:00,4,11,201.0,West Midlands
2021-04-25 12:00:00,4,12,196.0,West Midlands
2021-04-25 13:00:00,4,13,187.0,West Midlands
2021-04-25 14:00:00,4,14,195.5,West Midlands
2021-04-25 15:00:00,4,15,230.5,West Midlands
2021-04-25 16:00:00,4,16,256.5,West Midlands
2021-04-25 17:00:00,4,17,281.0,West Midlands
2021-04-25 18:00:00,4,18,293.5,West Midlands
2021-04-25 19:00:00,4,19,299.0,West Midlands
2021-04-25 20:00:00,4,20,299.0,West Midlands
2021-04-25 21:00:00,4,21,286.5,West Midlands
2021-04-25 22:00:00,4,22,261.0,West Midlands
2021-04-25 23:00:00,4,23,257.5,West Midlands
2021-04-26 00:00:00,4,0,260.5,West Midlands
2021-04-26 01:00:00,4,1,267.0,West Midlands
2021-04-26 02:00:00,4,2,258.5,West Midlands
2021-04-26 03:00:00,4,3,243.5,West Midlands
2021-04-26 04:00:00,4,4,254.0,West Midlands
2021-04-26 05:00:00,4,5,319.0,West Midlands
2021-04-26 06:00:00,4,6,335.5,West Midlands
2021-04-26 07:00:00,4,7,326.5,West Midlands
2021-04-26 08:00:00,4,8,312.5,West Midlands
2021-04-26 09:00:00,4,9,292.0,West Midlands
2021-04-26 10:00:00,4,10,262.0,West Midlands
2021-04-26 11:00:00,4,11,246.0,West Midlands
2021-04-26 12:00:00,4,12,235.5,West Midlands
2021-04-26 13:00:00,4,13,235.5,West Midlands
2021-04-26 14:00:00,4,14,240.0,West Midlands
2021-04-26 15:00:00,4,15,271.0,West Midlands
2021-04-26 16:00:00,4,16,289.0,West Midlands
2021-04-26 17:00:00,4,17,291.0,West Midlands
2021-04-26 18:00:00,4,18,281.0,West Midlands
2021-04-26 19:00:00,4,19,273.5,West Midlands
2021-04-26 20:00:00,4,20,261.5,West Midlands
2021-04-26 21:00:00,4,21,232.5,West Midlands
2021-04-26 22:00:00,4,22,183.5,West Midlands
2021-04-26 23:00:00,4,23,200.5,West Midlands
2021-04-27 00:00:00,4,0,227.0,West Midlands
2021-04-27 01:00:00,4,1,239.0,West Midlands
2021-04-27 02:00:00,4,2,247.5,West Midlands
2021-04-27 03:00:00,4,3,221.0,West Midlands
2021-04-27 04:00:00,4,4,219.5,West Midlands
2021-04-27 05:00:00,4,5,268.5,West Midlands
2021-04-27 06:00:00,4,6,287.5,West Midlands
2021-04-27 07:00:00,4,7,290.0,West Midlands
2021-04-27 08:00:00,4,8,290.5,West Midlands
2021-04-27 09:00:00,4,9,275.5,West Midlands
2021-04-27 10:00:00,4,10,251.0,West Midlands
2021-04-27 11:00:00,4,11,225.5,West Midlands
2021-04-27 12:00:00,4,12,212.0,West Midlands
2021-04-27 13:00:00,4,13,201.0,West Midlands
2021-04-27 14:00:00,4,14,205.0,West Midlands
2021-04-27 15:00:00,4,15,219.5,West Midlands
2021-04-27 16:00:00,4,16,228.5,West Midlands
2021-04-27 17:00:00,4,17,213.0,West Midlands
2021-04-27 18:00:00,4,18,199.5,West Midlands
2021-04-27 19:00:00,4,19,179.5,West Midlands
2021-04-27 20:00:00,4,20,165.0,West Midlands
2021-04-27 21:00:00,4,21,138.5,West Midlands
2021-04-27 22:00:00,4,22,86.5,West Midlands
2021-04-27 23:00:00,4,23,77.7,West Midlands
2021-04-28 00:00:00,4,0,87.5,West Midlands
2021-04-28 01:00:00,4,1,107.5,West Midlands
2021-04-28 02:00:00,4,2,112.0,West Midlands
2021-04-28 03:00:00,4,3,102.5,West Midlands
2021-04-28 04:00:00,4,4,108.5,West Midlands
2021-04-28 05:00:00,4,5,141.0,West Midlands
2021-04-28 06:00:00,4,6,202.0,West Midlands
2021-04-28 07:00:00,4,7,217.0,West Midlands
2021-04-28 08:00:00,4,8,216.5,West Midlands
2021-04-28 09:00:00,4,9,222.0,West Midlands
2021-04-28 10:00:00,4,10,239.0,West Midlands
2021-04-28 11:00:00,4,11,239.5,West Midlands
2021-04-28 12:00:00,4,12,236.5,West Midlands
2021-04-28 13:00:00,4,13,243.5,West Midlands
2021-04-28 14:00:00,4,14,251.5,West Midlands
2021-04-28 15:00:00,4,15,261.0,West Midlands
2021-04-28 16:00:00,4,16,268.5,West Midlands
2021-04-28 17:00:00,4,17,275.5,West Midlands
2021-04-28 18:00:00,4,18,279.0,West Midlands
2021-04-28 19:00:00,4,19,281.5,West Midlands
2021-04-28 20:00:00,4,20,272.0,West Midlands
2021-04-28 21:00:00,4,21,251.5,West Midlands
2021-04-28 22:00:00,4,22,223.5,West Midlands
2021-04-28 23:00:00,4,23,211.0,West Midlands
2021-04-29 00:00:00,4,0,215.5,West Midlands
2021-04-29 01:00:00,4,1,219.5,West Midlands
2021-04-29 02:00:00,4,2,223.0,West Midlands
2021-04-29 03:00:00,4,3,217.5,West Midlands
2021-04-29 04:00:00,4,4,232.0,West Midlands
2021-04-29 05:00:00,4,5,261.0,West Midlands
2021-04-29 06:00:00,4,6,260.5,West Midlands
2021-04-29 07:00:00,4,7,252.0,West Midlands
2021-04-29 08:00:00,4,8,252.0,West Midlands
2021-04-29 09:00:00,4,9,249.0,West Midlands
2021-04-29 10:00:00,4,10,248.0,West Midlands
2021-04-29 11:00:00,4,11,243.5,West Midlands
2021-04-29 12:00:00,4,12,247.0,West Midlands
2021-04-29 13:00:00,4,13,248.0,West Midlands
2021-04-29 14:00:00,4,14,254.0,West Midlands
2021-04-29 15:00:00,4,15,260.5,West Midlands
2021-04-29 16:00:00,4,16,261.5,West Midlands
2021-04-29 17:00:00,4,17,276.5,West Midlands
2021-04-29 18:00:00,4,18,287.5,West Midlands
2021-04-29 19:00:00,4,19,307.0,West Midlands
2021-04-29 20:00:00,4,20,304.5,West Midlands
2021-04-29 21:00:00,4,21,278.5,West Midlands
2021-04-29 22:00:00,4,22,266.0,West Midlands
2021-04-29 23:00:00,4,23,267.0,West Midlands
2021-04-30 00:00:00,4,0,273.0,West Midlands
2021-04-30 01:00:00,4,1,270.5,West Midlands
2021-04-30 02:00:00,4,2,266.5,West Midlands
2021-04-30 03:00:00,4,3,260.5,West Midlands
2021-04-30 04:00:00,4,4,281.0,West Midlands
2021-04-30 05:00:00,4,5,329.0,West Midlands
2021-04-30 06:00:00,4,6,339.0,West Midlands
2021-04-30 07:00:00,4,7,324.5,West Midlands
2021-04-30 08:00:00,4,8,307.5,West Midlands
2021-04-30 09:00:00,4,9,299.5,West Midlands
2021-04-30 10:00:00,4,10,297.0,West Midlands
2021-04-30 11:00:00,4,11,297.0,West Midlands
2021-04-30 12:00:00,4,12,296.5,West Midlands
2021-04-30 13:00:00,4,13,292.5,West Midlands
2021-04-30 14:00:00,4,14,298.5,West Midlands
2021-04-30 15:00:00,4,15,310.5,West Midlands
2021-04-30 16:00:00,4,16,313.5,West Midlands
2021-04-30 17:00:00,4,17,312.0,West Midlands
2021-04-30 18:00:00,4,18,327.5,West Midlands
2021-04-30 19:00:00,4,19,340.5,West Midlands
2021-04-30 20:00:00,4,20,352.0,West Midlands
2021-04-30 21:00:00,4,21,350.0,West Midlands
2021-04-30 22:00:00,4,22,327.0,West Midlands
2021-04-30 23:00:00,4,23,303.0,West Midlands
2021-05-01 00:00:00,5,0,293.0,West Midlands
2021-05-01 01:00:00,5,1,300.5,West Midlands
2021-05-01 02:00:00,5,2,300.5,West Midlands
2021-05-01 03:00:00,5,3,303.5,West Midlands
2021-05-01 04:00:00,5,4,305.0,West Midlands
2021-05-01 05:00:00,5,5,304.5,West Midlands
2021-05-01 06:00:00,5,6,307.0,West Midlands
2021-05-01 07:00:00,5,7,296.5,West Midlands
2021-05-01 08:00:00,5,8,290.5,West Midlands
2021-05-01 09:00:00,5,9,283.0,West Midlands
2021-05-01 10:00:00,5,10,285.5,West Midlands
2021-05-01 11:00:00,5,11,279.5,West Midlands
2021-05-01 12:00:00,5,12,270.0,West Midlands
2021-05-01 13:00:00,5,13,261.0,West Midlands
2021-05-01 14:00:00,5,14,274.0,West Midlands
2021-05-01 15:00:00,5,15,311.0,West Midlands
2021-05-01 16:00:00,5,16,337.5,West Midlands
2021-05-01 17:00:00,5,17,339.0,West Midlands
2021-05-01 18:00:00,5,18,333.5,West Midlands
2021-05-01 19:00:00,5,19,366.5,West Midlands
2021-05-01 20:00:00,5,20,367.5,West Midlands
2021-05-01 21:00:00,5,21,356.5,West Midlands
2021-05-01 22:00:00,5,22,316.0,West Midlands
2021-05-01 23:00:00,5,23,301.0,West Midlands
2021-05-02 00:00:00,5,0,302.0,West Midlands
2021-05-02 01:00:00,5,1,309.0,West Midlands
2021-05-02 02:00:00,5,2,319.5,West Midlands
2021-05-02 03:00:00,5,3,326.0,West Midlands
2021-05-02 04:00:00,5,4,324.5,West Midlands
2021-05-02 05:00:00,5,5,314.5,West Midlands
2021-05-02 06:00:00,5,6,301.0,West Midlands
2021-05-02 07:00:00,5,7,294.0,West Midlands
2021-05-02 08:00:00,5,8,273.0,West Midlands
2021-05-02 09:00:00,5,9,259.5,West Midlands
2021-05-02 10:00:00,5,10,262.5,West Midlands
2021-05-02 11:00:00,5,11,264.5,West Midlands
2021-05-02 12:00:00,5,12,272.5,West Midlands
2021-05-02 13:00:00,5,13,276.5,West Midlands
2021-05-02 14:00:00,5,14,281.5,West Midlands
2021-05-02 15:00:00,5,15,315.5,West Midlands
2021-05-02 16:00:00,5,16,348.0,West Midlands
2021-05-02 17:00:00,5,17,364.5,West Midlands
2021-05-02 18:00:00,5,18,374.0,West Midlands
2021-05-02 19:00:00,5,19,378.5,West Midlands
2021-05-02 20:00:00,5,20,374.0,West Midlands
2021-05-02 21:00:00,5,21,339.0,West Midlands
2021-05-02 22:00:00,5,22,343.5,West Midlands
2021-05-02 23:00:00,5,23,335.5,West Midlands
2021-05-03 00:00:00,5,0,333.0,West Midlands
2021-05-03 01:00:00,5,1,308.0,West Midlands
2021-05-03 02:00:00,5,2,276.5,West Midlands
2021-05-03 03:00:00,5,3,262.5,West Midlands
2021-05-03 04:00:00,5,4,254.5,West Midlands
2021-05-03 05:00:00,5,5,240.5,West Midlands
2021-05-03 06:00:00,5,6,207.5,West Midlands
2021-05-03 07:00:00,5,7,183.0,West Midlands
2021-05-03 08:00:00,5,8,151.0,West Midlands
2021-05-03 09:00:00,5,9,127.0,West Midlands
2021-05-03 10:00:00,5,10,96.0,West Midlands
2021-05-03 11:00:00,5,11,85.0,West Midlands
2021-05-03 12:00:00,5,12,71.0,West Midlands
2021-05-03 13:00:00,5,13,50.5,West Midlands
2021-05-03 14:00:00,5,14,53.5,West Midlands
2021-05-03 15:00:00,5,15,75.0,West Midlands
2021-05-03 16:00:00,5,16,86.5,West Midlands
2021-05-03 17:00:00,5,17,102.0,West Midlands
2021-05-03 18:00:00,5,18,116.5,West Midlands
2021-05-03 19:00:00,5,19,126.0,West Midlands
2021-05-03 20:00:00,5,20,123.5,West Midlands
2021-05-03 21:00:00,5,21,80.5,West Midlands
2021-05-03 22:00:00,5,22,61.5,West Midlands
2021-05-03 23:00:00,5,23,39.0,West Midlands
2021-05-04 00:00:00,5,0,25.0,West Midlands
2021-05-04 01:00:00,5,1,25.0,West Midlands
2021-05-04 02:00:00,5,2,23.5,West Midlands
2021-05-04 03:00:00,5,3,22.5,West Midlands
2021-05-04 04:00:00,5,4,25.5,West Midlands
2021-05-04 05:00:00,5,5,33.5,West Midlands
2021-05-04 06:00:00,5,6,53.0,West Midlands
2021-05-04 07:00:00,5,7,77.5,West Midlands
2021-05-04 08:00:00,5,8,82.0,West Midlands
2021-05-04 09:00:00,5,9,83.0,West Midlands
2021-05-04 10:00:00,5,10,83.5,West Midlands
2021-05-04 11:00:00,5,11,84.5,West Midlands
2021-05-04 12:00:00,5,12,87.5,West Midlands
2021-05-04 13:00:00,5,13,90.5,West Midlands
2021-05-04 14:00:00,5,14,90.5,West Midlands
2021-05-04 15:00:00,5,15,97.0,West Midlands
2021-05-04 16:00:00,5,16,119.0,West Midlands
2021-05-04 17:00:00,5,17,139.0,West Midlands
2021-05-04 18:00:00,5,18,152.0,West Midlands
2021-05-04 19:00:00,5,19,155.5,West Midlands
2021-05-04 20:00:00,5,20,169.0,West Midlands
2021-05-04 21:00:00,5,21,169.0,West Midlands
2021-05-04 22:00:00,5,22,127.5,West Midlands
2021-05-04 23:00:00,5,23,89.5,West Midlands
2021-05-05 00:00:00,5,0,90.5,West Midlands
2021-05-05 01:00:00,5,1,88.0,West Midlands
2021-05-05 02:00:00,5,2,87.5,West Midlands
2021-05-05 03:00:00,5,3,89.0,West Midlands
2021-05-05 04:00:00,5,4,104.0,West Midlands
2021-05-05 05:00:00,5,5,178.0,West Midlands
2021-05-05 06:00:00,5,6,244.5,West Midlands
2021-05-05 07:00:00,5,7,242.0,West Midlands
2021-05-05 08:00:00,5,8,240.0,West Midlands
2021-05-05 09:00:00,5,9,239.5,West Midlands
2021-05-05 10:00:00,5,10,241.0,West Midlands
2021-05-05 11:00:00,5,11,234.5,West Midlands
2021-05-05 12:00:00,5,12,235.0,West Midlands
2021-05-05 13:00:00,5,13,237.5,West Midlands
2021-05-05 14:00:00,5,14,242.5,West Midlands
2021-05-05 15:00:00,5,15,241.0,West Midlands
2021-05-05 16:00:00,5,16,258.0,West Midlands
2021-05-05 17:00:00,5,17,272.5,West Midlands
2021-05-05 18:00:00,5,18,292.5,West Midlands
2021-05-05 19:00:00,5,19,317.5,West Midlands
2021-05-05 20:00:00,5,20,319.5,West Midlands
2021-05-05 21:00:00,5,21,301.0,West Midlands
2021-05-05 22:00:00,5,22,269.5,West Midlands
2021-05-05 23:00:00,5,23,261.0,West Midlands
2021-05-06 00:00:00,5,0,248.5,West Midlands
2021-05-06 01:00:00,5,1,250.5,West Midlands
2021-05-06 02:00:00,5,2,259.5,West Midlands
2021-05-06 03:00:00,5,3,240.0,West Midlands
2021-05-06 04:00:00,5,4,236.5,West Midlands
2021-05-06 05:00:00,5,5,306.5,West Midlands
2021-05-06 06:00:00,5,6,339.0,West Midlands
2021-05-06 07:00:00,5,7,326.5,West Midlands
2021-05-06 08:00:00,5,8,322.0,West Midlands
2021-05-06 09:00:00,5,9,299.0,West Midlands
2021-05-06 10:00:00,5,10,260.0,West Midlands
2021-05-06 11:00:00,5,11,229.5,West Midlands
2021-05-06 12:00:00,5,12,224.0,West Midlands
2021-05-06 13:00:00,5,13,226.0,West Midlands
2021-05-06 14:00:00,5,14,213.5,West Midlands
2021-05-06 15:00:00,5,15,230.5,West Midlands
2021-05-06 16:00:00,5,16,244.0,West Midlands
2021-05-06 17:00:00,5,17,263.0,West Midlands
2021-05-06 18:00:00,5,18,270.0,West Midlands
2021-05-06 19:00:00,5,19,279.0,West Midlands
2021-05-06 20:00:00,5,20,276.0,West Midlands
2021-05-06 21:00:00,5,21,275.0,West Midlands
2021-05-06 22:00:00,5,22,238.0,West Midlands
2021-05-06 23:00:00,5,23,235.0,West Midlands
2021-05-07 00:00:00,5,0,251.5,West Midlands
2021-05-07 01:00:00,5,1,276.5,West Midlands
2021-05-07 02:00:00,5,2,277.5,West Midlands
2021-05-07 03:00:00,5,3,279.5,West Midlands
2021-05-07 04:00:00,5,4,299.0,West Midlands
2021-05-07 05:00:00,5,5,343.5,West Midlands
2021-05-07 06:00:00,5,6,349.5,West Midlands
2021-05-07 07:00:00,5,7,348.5,West Midlands
2021-05-07 08:00:00,5,8,336.0,West Midlands
2021-05-07 09:00:00,5,9,315.0,West Midlands
2021-05-07 10:00:00,5,10,305.0,West Midlands
2021-05-07 11:00:00,5,11,296.5,West Midlands
2021-05-07 12:00:00,5,12,297.0,West Midlands
2021-05-07 13:00:00,5,13,286.5,West Midlands
2021-05-07 14:00:00,5,14,289.5,West Midlands
2021-05-07 15:00:00,5,15,318.5,West Midlands
2021-05-07 16:00:00,5,16,340.5,West Midlands
2021-05-07 17:00:00,5,17,363.0,West Midlands
2021-05-07 18:00:00,5,18,383.0,West Midlands
2021-05-07 19:00:00,5,19,393.0,West Midlands
2021-05-07 20:00:00,5,20,393.0,West Midlands
2021-05-07 21:00:00,5,21,358.5,West Midlands
2021-05-07 22:00:00,5,22,306.0,West Midlands
2021-05-07 23:00:00,5,23,284.0,West Midlands
2021-05-08 00:00:00,5,0,249.5,West Midlands
2021-05-08 01:00:00,5,1,218.5,West Midlands
2021-05-08 02:00:00,5,2,194.5,West Midlands
2021-05-08 03:00:00,5,3,150.0,West Midlands
2021-05-08 04:00:00,5,4,104.0,West Midlands
2021-05-08 05:00:00,5,5,98.5,West Midlands
2021-05-08 06:00:00,5,6,90.0,West Midlands
2021-05-08 07:00:00,5,7,102.5,West Midlands
2021-05-08 08:00:00,5,8,85.5,West Midlands
2021-05-08 09:00:00,5,9,70.5,West Midlands
2021-05-08 10:00:00,5,10,66.5,West Midlands
2021-05-08 11:00:00,5,11,75.5,West Midlands
2021-05-08 12:00:00,5,12,84.0,West Midlands
2021-05-08 13:00:00,5,13,99.5,West Midlands
2021-05-08 14:00:00,5,14,116.5,West Midlands
2021-05-08 15:00:00,5,15,137.0,West Midlands
2021-05-08 16:00:00,5,16,173.5,West Midlands
2021-05-08 17:00:00,5,17,185.0,West Midlands
2021-05-08 18:00:00,5,18,183.5,West Midlands
2021-05-08 19:00:00,5,19,176.0,West Midlands
2021-05-08 20:00:00,5,20,171.5,West Midlands
2021-05-08 21:00:00,5,21,143.0,West Midlands
2021-05-08 22:00:00,5,22,88.0,West Midlands
2021-05-08 23:00:00,5,23,74.5,West Midlands
2021-05-09 00:00:00,5,0,86.5,West Midlands
2021-05-09 01:00:00,5,1,94.5,West Midlands
2021-05-09 02:00:00,5,2,95.5,West Midlands
2021-05-09 03:00:00,5,3,87.5,West Midlands
2021-05-09 04:00:00,5,4,81.0,West Midlands
2021-05-09 05:00:00,5,5,77.0,West Midlands
2021-05-09 06:00:00,5,6,75.5,West Midlands
2021-05-09 07:00:00,5,7,81.5,West Midlands
2021-05-09 08:00:00,5,8,84.0,West Midlands
2021-05-09 09:00:00,5,9,72.0,West Midlands
2021-05-09 10:00:00,5,10,63.5,West Midlands
2021-05-09 11:00:00,5,11,70.5,West Midlands
2021-05-09 12:00:00,5,12,67.0,West Midlands
2021-05-09 13:00:00,5,13,61.0,West Midlands
2021-05-09 14:00:00,5,14,61.0,West Midlands
2021-05-09 15:00:00,5,15,82.0,West Midlands
2021-05-09 16:00:00,5,16,113.5,West Midlands
2021-05-09 17:00:00,5,17,119.0,West Midlands
2021-05-09 18:00:00,5,18,129.5,West Midlands
2021-05-09 19:00:00,5,19,163.0,West Midlands
2021-05-09 20:00:00,5,20,178.5,West Midlands
2021-05-09 21:00:00,5,21,151.0,West Midlands
2021-05-09 22:00:00,5,22,112.0,West Midlands
2021-05-09 23:00:00,5,23,85.0,West Midlands
2021-05-10 00:00:00,5,0,89.0,West Midlands
2021-05-10 01:00:00,5,1,87.5,West Midlands
2021-05-10 02:00:00,5,2,61.0,West Midlands
2021-05-10 03:00:00,5,3,50.5,West Midlands
2021-05-10 04:00:00,5,4,79.0,West Midlands
2021-05-10 05:00:00,5,5,141.5,West Midlands
2021-05-10 06:00:00,5,6,201.0,West Midlands
2021-05-10 07:00:00,5,7,220.5,West Midlands
2021-05-10 08:00:00,5,8,220.5,West Midlands
2021-05-10 09:00:00,5,9,192.0,West Midlands
2021-05-10 10:00:00,5,10,158.0,West Midlands
2021-05-10 11:00:00,5,11,137.0,West Midlands
2021-05-10 12:00:00,5,12,122.0,West Midlands
2021-05-10 13:00:00,5,13,111.5,West Midlands
2021-05-10 14:00:00,5,14,101.5,West Midlands
2021-05-10 15:00:00,5,15,107.0,West Midlands
2021-05-10 16:00:00,5,16,136.5,West Midlands
2021-05-10 17:00:00,5,17,134.0,West Midlands
2021-05-10 18:00:00,5,18,139.0,West Midlands
2021-05-10 19:00:00,5,19,138.0,West Midlands
2021-05-10 20:00:00,5,20,133.5,West Midlands
2021-05-10 21:00:00,5,21,97.0,West Midlands
2021-05-10 22:00:00,5,22,69.5,West Midlands
2021-05-10 23:00:00,5,23,66.3,West Midlands
2021-05-11 00:00:00,5,0,77.0,West Midlands
2021-05-11 01:00:00,5,1,81.5,West Midlands
2021-05-11 02:00:00,5,2,91.5,West Midlands
2021-05-11 03:00:00,5,3,99.0,West Midlands
2021-05-11 04:00:00,5,4,106.5,West Midlands
2021-05-11 05:00:00,5,5,156.5,West Midlands
2021-05-11 06:00:00,5,6,213.0,West Midlands
2021-05-11 07:00:00,5,7,233.5,West Midlands
2021-05-11 08:00:00,5,8,212.5,West Midlands
2021-05-11 09:00:00,5,9,218.0,West Midlands
2021-05-11 10:00:00,5,10,227.5,West Midlands
2021-05-11 11:00:00,5,11,222.0,West Midlands
2021-05-11 12:00:00,5,12,217.0,West Midlands
2021-05-11 13:00:00,5,13,215.5,West Midlands
2021-05-11 14:00:00,5,14,226.0,West Midlands
2021-05-11 15:00:00,5,15,251.0,West Midlands
2021-05-11 16:00:00,5,16,277.0,West Midlands
2021-05-11 17:00:00,5,17,298.0,West Midlands
2021-05-11 18:00:00,5,18,312.5,West Midlands
2021-05-11 19:00:00,5,19,317.0,West Midlands
2021-05-11 20:00:00,5,20,298.5,West Midlands
2021-05-11 21:00:00,5,21,287.5,West Midlands
2021-05-11 22:00:00,5,22,236.5,West Midlands
2021-05-11 23:00:00,5,23,210.5,West Midlands
2021-05-12 00:00:00,5,0,213.0,West Midlands
2021-05-12 01:00:00,5,1,218.0,West Midlands
2021-05-12 02:00:00,5,2,209.5,West Midlands
2021-05-12 03:00:00,5,3,215.5,West Midlands
2021-05-12 04:00:00,5,4,250.5,West Midlands
2021-05-12 05:00:00,5,5,309.5,West Midlands
2021-05-12 06:00:00,5,6,342.5,West Midlands
2021-05-12 07:00:00,5,7,341.5,West Midlands
2021-05-12 08:00:00,5,8,324.5,West Midlands
2021-05-12 09:00:00,5,9,313.0,West Midlands
2021-05-12 10:00:00,5,10,306.5,West Midlands
2021-05-12 11:00:00,5,11,300.0,West Midlands
2021-05-12 12:00:00,5,12,305.0,West Midlands
2021-05-12 13:00:00,5,13,313.5,West Midlands
2021-05-12 14:00:00,5,14,318.0,West Midlands
2021-05-12 15:00:00,5,15,327.5,West Midlands
2021-05-12 16:00:00,5,16,344.5,West Midlands
2021-05-12 17:00:00,5,17,359.0,West Midlands
2021-05-12 18:00:00,5,18,368.0,West Midlands
2021-05-12 19:00:00,5,19,372.5,West Midlands
2021-05-12 20:00:00,5,20,355.0,West Midlands
2021-05-12 21:00:00,5,21,298.0,West Midlands
2021-05-12 22:00:00,5,22,273.5,West Midlands
2021-05-12 23:00:00,5,23,281.5,West Midlands
2021-05-13 00:00:00,5,0,281.5,West Midlands
2021-05-13 01:00:00,5,1,283.0,West Midlands
2021-05-13 02:00:00,5,2,282.0,West Midlands
2021-05-13 03:00:00,5,3,279.0,West Midlands
2021-05-13 04:00:00,5,4,274.5,West Midlands
2021-05-13 05:00:00,5,5,327.0,West Midlands
2021-05-13 06:00:00,5,6,334.0,West Midlands
2021-05-13 07:00:00,5,7,322.0,West Midlands
2021-05-13 08:00:00,5,8,315.5,West Midlands
2021-05-13 09:00:00,5,9,308.0,West Midlands
2021-05-13 10:00:00,5,10,296.5,West Midlands
2021-05-13 11:00:00,5,11,286.0,West Midlands
2021-05-13 12:00:00,5,12,281.5,West Midlands
2021-05-13 13:00:00,5,13,280.0,West Midlands
2021-05-13 14:00:00,5,14,276.0,West Midlands
2021-05-13 15:00:00,5,15,288.5,West Midlands
2021-05-13 16:00:00,5,16,302.0,West Midlands
2021-05-13 17:00:00,5,17,312.0,West Midlands
2021-05-13 18:00:00,5,18,313.0,West Midlands
2021-05-13 19:00:00,5,19,312.0,West Midlands
2021-05-13 20:00:00,5,20,308.5,West Midlands
2021-05-13 21:00:00,5,21,298.0,West Midlands
2021-05-13 22:00:00,5,22,280.5,West Midlands
2021-05-13 23:00:00,5,23,276.0,West Midlands
2021-05-14 00:00:00,5,0,291.5,West Midlands
2021-05-14 01:00:00,5,1,286.0,West Midlands
2021-05-14 02:00:00,5,2,273.0,West Midlands
2021-05-14 03:00:00,5,3,260.0,West Midlands
2021-05-14 04:00:00,5,4,256.5,West Midlands
2021-05-14 05:00:00,5,5,310.5,West Midlands
2021-05-14 06:00:00,5,6,343.0,West Midlands
2021-05-14 07:00:00,5,7,354.5,West Midlands
2021-05-14 08:00:00,5,8,359.0,West Midlands
2021-05-14 09:00:00,5,9,357.0,West Midlands
2021-05-14 10:00:00,5,10,355.5,West Midlands
2021-05-14 11:00:00,5,11,353.5,West Midlands
2021-05-14 12:00:00,5,12,350.5,West Midlands
2021-05-14 13:00:00,5,13,348.5,West Midlands
2021-05-14 14:00:00,5,14,348.5,West Midlands
2021-05-14 15:00:00,5,15,359.5,West Midlands
2021-05-14 16:00:00,5,16,370.0,West Midlands
2021-05-14 17:00:00,5,17,373.5,West Midlands
2021-05-14 18:00:00,5,18,382.0,West Midlands
2021-05-14 19:00:00,5,19,390.0,West Midlands
2021-05-14 20:00:00,5,20,385.0,West Midlands
2021-05-14 21:00:00,5,21,366.0,West Midlands
2021-05-14 22:00:00,5,22,319.0,West Midlands
2021-05-14 23:00:00,5,23,308.5,West Midlands
2021-05-15 00:00:00,5,0,299.5,West Midlands
2021-05-15 01:00:00,5,1,292.0,West Midlands
2021-05-15 02:00:00,5,2,283.0,West Midlands
2021-05-15 03:00:00,5,3,280.0,West Midlands
2021-05-15 04:00:00,5,4,295.0,West Midlands
2021-05-15 05:00:00,5,5,300.0,West Midlands
2021-05-15 06:00:00,5,6,318.0,West Midlands
2021-05-15 07:00:00,5,7,336.0,West Midlands
2021-05-15 08:00:00,5,8,346.0,West Midlands
2021-05-15 09:00:00,5,9,346.0,West Midlands
2021-05-15 10:00:00,5,10,329.5,West Midlands
2021-05-15 11:00:00,5,11,311.5,West Midlands
2021-05-15 12:00:00,5,12,286.5,West Midlands
2021-05-15 13:00:00,5,13,279.5,West Midlands
2021-05-15 14:00:00,5,14,274.0,West Midlands
2021-05-15 15:00:00,5,15,295.5,West Midlands
2021-05-15 16:00:00,5,16,334.5,West Midlands
2021-05-15 17:00:00,5,17,352.0,West Midlands
2021-05-15 18:00:00,5,18,364.5,West Midlands
2021-05-15 19:00:00,5,19,374.5,West Midlands
2021-05-15 20:00:00,5,20,374.5,West Midlands
2021-05-15 21:00:00,5,21,348.5,West Midlands
2021-05-15 22:00:00,5,22,332.5,West Midlands
2021-05-15 23:00:00,5,23,312.5,West Midlands
2021-05-16 00:00:00,5,0,307.5,West Midlands
2021-05-16 01:00:00,5,1,300.0,West Midlands
2021-05-16 02:00:00,5,2,296.0,West Midlands
2021-05-16 03:00:00,5,3,295.5,West Midlands
2021-05-16 04:00:00,5,4,294.5,West Midlands
2021-05-16 05:00:00,5,5,280.0,West Midlands
2021-05-16 06:00:00,5,6,271.0,West Midlands
2021-05-16 07:00:00,5,7,264.5,West Midlands
2021-05-16 08:00:00,5,8,281.0,West Midlands
2021-05-16 09:00:00,5,9,280.0,West Midlands
2021-05-16 10:00:00,5,10,269.5,West Midlands
2021-05-16 11:00:00,5,11,268.0,West Midlands
2021-05-16 12:00:00,5,12,273.0,West Midlands
2021-05-16 13:00:00,5,13,278.0,West Midlands
2021-05-16 14:00:00,5,14,293.0,West Midlands
2021-05-16 15:00:00,5,15,308.5,West Midlands
2021-05-16 16:00:00,5,16,314.5,West Midlands
2021-05-16 17:00:00,5,17,320.0,West Midlands
2021-05-16 18:00:00,5,18,322.0,West Midlands
2021-05-16 19:00:00,5,19,335.5,West Midlands
2021-05-16 20:00:00,5,20,334.5,West Midlands
2021-05-16 21:00:00,5,21,306.0,West Midlands
2021-05-16 22:00:00,5,22,292.0,West Midlands
2021-05-16 23:00:00,5,23,296.0,West Midlands
2021-05-17 00:00:00,5,0,288.5,West Midlands
2021-05-17 01:00:00,5,1,286.5,West Midlands
2021-05-17 02:00:00,5,2,290.0,West Midlands
2021-05-17 03:00:00,5,3,290.5,West Midlands
2021-05-17 04:00:00,5,4,315.5,West Midlands
2021-05-17 05:00:00,5,5,345.0,West Midlands
2021-05-17 06:00:00,5,6,350.0,West Midlands
2021-05-17 07:00:00,5,7,344.5,West Midlands
2021-05-17 08:00:00,5,8,331.5,West Midlands
2021-05-17 09:00:00,5,9,316.0,West Midlands
2021-05-17 10:00:00,5,10,307.5,West Midlands
2021-05-17 11:00:00,5,11,300.5,West Midlands
2021-05-17 12:00:00,5,12,290.0,West Midlands
2021-05-17 13:00:00,5,13,270.0,West Midlands
2021-05-17 14:00:00,5,14,274.5,West Midlands
2021-05-17 15:00:00,5,15,295.5,West Midlands
2021-05-17 16:00:00,5,16,329.0,West Midlands
2021-05-17 17:00:00,5,17,348.0,West Midlands
2021-05-17 18:00:00,5,18,363.5,West Midlands
2021-05-17 19:00:00,5,19,376.0,West Midlands
2021-05-17 20:00:00,5,20,381.0,West Midlands
2021-05-17 21:00:00,5,21,362.5,West Midlands
2021-05-17 22:00:00,5,22,319.0,West Midlands
2021-05-17 23:00:00,5,23,312.5,West Midlands
2021-05-18 00:00:00,5,0,309.0,West Midlands
2021-05-18 01:00:00,5,1,312.0,West Midlands
2021-05-18 02:00:00,5,2,311.5,West Midlands
2021-05-18 03:00:00,5,3,313.5,West Midlands
2021-05-18 04:00:00,5,4,333.0,West Midlands
2021-05-18 05:00:00,5,5,341.5,West Midlands
2021-05-18 06:00:00,5,6,350.5,West Midlands
2021-05-18 07:00:00,5,7,345.0,West Midlands
2021-05-18 08:00:00,5,8,334.5,West Midlands
2021-05-18 09:00:00,5,9,321.0,West Midlands
2021-05-18 10:00:00,5,10,313.5,West Midlands
2021-05-18 11:00:00,5,11,313.5,West Midlands
2021-05-18 12:00:00,5,12,299.5,West Midlands
2021-05-18 13:00:00,5,13,296.5,West Midlands
2021-05-18 14:00:00,5,14,304.5,West Midlands
2021-05-18 15:00:00,5,15,326.0,West Midlands
2021-05-18 16:00:00,5,16,347.5,West Midlands
2021-05-18 17:00:00,5,17,353.0,West Midlands
2021-05-18 18:00:00,5,18,371.5,West Midlands
2021-05-18 19:00:00,5,19,383.5,West Midlands
2021-05-18 20:00:00,5,20,371.0,West Midlands
2021-05-18 21:00:00,5,21,340.0,West Midlands
2021-05-18 22:00:00,5,22,285.0,West Midlands
2021-05-18 23:00:00,5,23,282.0,West Midlands
2021-05-19 00:00:00,5,0,288.5,West Midlands
2021-05-19 01:00:00,5,1,282.5,West Midlands
2021-05-19 02:00:00,5,2,272.5,West Midlands
2021-05-19 03:00:00,5,3,272.0,West Midlands
2021-05-19 04:00:00,5,4,292.5,West Midlands
2021-05-19 05:00:00,5,5,312.5,West Midlands
2021-05-19 06:00:00,5,6,312.5,West Midlands
2021-05-19 07:00:00,5,7,302.5,West Midlands
2021-05-19 08:00:00,5,8,286.0,West Midlands
2021-05-19 09:00:00,5,9,270.0,West Midlands
2021-05-19 10:00:00,5,10,253.0,West Midlands
2021-05-19 11:00:00,5,11,245.0,West Midlands
2021-05-19 12:00:00,5,12,241.5,West Midlands
2021-05-19 13:00:00,5,13,230.0,West Midlands
2021-05-19 14:00:00,5,14,236.0,West Midlands
2021-05-19 15:00:00,5,15,252.5,West Midlands
2021-05-19 16:00:00,5,16,270.5,West Midlands
2021-05-19 17:00:00,5,17,282.5,West Midlands
2021-05-19 18:00:00,5,18,295.0,West Midlands
2021-05-19 19:00:00,5,19,322.5,West Midlands
2021-05-19 20:00:00,5,20,337.0,West Midlands
2021-05-19 21:00:00,5,21,340.0,West Midlands
2021-05-19 22:00:00,5,22,309.5,West Midlands
2021-05-19 23:00:00,5,23,294.5,West Midlands
2021-05-20 00:00:00,5,0,279.0,West Midlands
2021-05-20 01:00:00,5,1,274.5,West Midlands
2021-05-20 02:00:00,5,2,256.0,West Midlands
2021-05-20 03:00:00,5,3,239.5,West Midlands
2021-05-20 04:00:00,5,4,254.5,West Midlands
2021-05-20 05:00:00,5,5,259.5,West Midlands
2021-05-20 06:00:00,5,6,249.0,West Midlands
2021-05-20 07:00:00,5,7,244.0,West Midlands
2021-05-20 08:00:00,5,8,221.5,West Midlands
2021-05-20 09:00:00,5,9,200.5,West Midlands
2021-05-20 10:00:00,5,10,174.0,West Midlands
2021-05-20 11:00:00,5,11,153.0,West Midlands
2021-05-20 12:00:00,5,12,112.5,West Midlands
2021-05-20 13:00:00,5,13,87.0,West Midlands
2021-05-20 14:00:00,5,14,82.5,West Midlands
2021-05-20 15:00:00,5,15,89.0,West Midlands
2021-05-20 16:00:00,5,16,87.5,West Midlands
2021-05-20 17:00:00,5,17,81.0,West Midlands
2021-05-20 18:00:00,5,18,68.5,West Midlands
2021-05-20 19:00:00,5,19,66.5,West Midlands
2021-05-20 20:00:00,5,20,52.5,West Midlands
2021-05-20 21:00:00,5,21,42.0,West Midlands
2021-05-20 22:00:00,5,22,28.5,West Midlands
2021-05-20 23:00:00,5,23,40.5,West Midlands
2021-05-21 00:00:00,5,0,40.5,West Midlands
2021-05-21 01:00:00,5,1,38.0,West Midlands
2021-05-21 02:00:00,5,2,37.5,West Midlands
2021-05-21 03:00:00,5,3,45.5,West Midlands
2021-05-21 04:00:00,5,4,59.5,West Midlands
2021-05-21 05:00:00,5,5,89.0,West Midlands
2021-05-21 06:00:00,5,6,118.0,West Midlands
2021-05-21 07:00:00,5,7,141.0,West Midlands
2021-05-21 08:00:00,5,8,142.5,West Midlands
2021-05-21 09:00:00,5,9,141.0,West Midlands
2021-05-21 10:00:00,5,10,144.0,West Midlands
2021-05-21 11:00:00,5,11,140.5,West Midlands
2021-05-21 12:00:00,5,12,119.0,West Midlands
2021-05-21 13:00:00,5,13,98.0,West Midlands
2021-05-21 14:00:00,5,14,100.5,West Midlands
2021-05-21 15:00:00,5,15,89.5,West Midlands
2021-05-21 16:00:00,5,16,86.5,West Midlands
2021-05-21 17:00:00,5,17,88.5,West Midlands
2021-05-21 18:00:00,5,18,85.0,West Midlands
2021-05-21 19:00:00,5,19,78.0,West Midlands
2021-05-21 20:00:00,5,20,76.0,West Midlands
2021-05-21 21:00:00,5,21,75.5,West Midlands
2021-05-21 22:00:00,5,22,56.5,West Midlands
2021-05-21 23:00:00,5,23,52.0,West Midlands
2021-05-22 00:00:00,5,0,57.0,West Midlands
2021-05-22 01:00:00,5,1,63.5,West Midlands
2021-05-22 02:00:00,5,2,69.5,West Midlands
2021-05-22 03:00:00,5,3,73.0,West Midlands
2021-05-22 04:00:00,5,4,84.5,West Midlands
2021-05-22 05:00:00,5,5,115.0,West Midlands
2021-05-22 06:00:00,5,6,156.0,West Midlands
2021-05-22 07:00:00,5,7,188.5,West Midlands
2021-05-22 08:00:00,5,8,231.0,West Midlands
2021-05-22 09:00:00,5,9,239.0,West Midlands
2021-05-22 10:00:00,5,10,233.5,West Midlands
2021-05-22 11:00:00,5,11,234.0,West Midlands
2021-05-22 12:00:00,5,12,226.5,West Midlands
2021-05-22 13:00:00,5,13,216.0,West Midlands
2021-05-22 14:00:00,5,14,205.0,West Midlands
2021-05-22 15:00:00,5,15,205.5,West Midlands
2021-05-22 16:00:00,5,16,230.5,West Midlands
2021-05-22 17:00:00,5,17,242.5,West Midlands
2021-05-22 18:00:00,5,18,254.0,West Midlands
2021-05-22 19:00:00,5,19,265.5,West Midlands
2021-05-22 20:00:00,5,20,287.0,West Midlands
2021-05-22 21:00:00,5,21,291.0,West Midlands
2021-05-22 22:00:00,5,22,268.0,West Midlands
2021-05-22 23:00:00,5,23,251.0,West Midlands
2021-05-23 00:00:00,5,0,225.0,West Midlands
2021-05-23 01:00:00,5,1,206.0,West Midlands
2021-05-23 02:00:00,5,2,179.0,West Midlands
2021-05-23 03:00:00,5,3,160.0,West Midlands
2021-05-23 04:00:00,5,4,154.0,West Midlands
2021-05-23 05:00:00,5,5,145.0,West Midlands
2021-05-23 06:00:00,5,6,132.0,West Midlands
2021-05-23 07:00:00,5,7,131.5,West Midlands
2021-05-23 08:00:00,5,8,112.5,West Midlands
2021-05-23 09:00:00,5,9,91.0,West Midlands
2021-05-23 10:00:00,5,10,69.5,West Midlands
2021-05-23 11:00:00,5,11,63.5,West Midlands
2021-05-23 12:00:00,5,12,61.0,West Midlands
2021-05-23 13:00:00,5,13,68.0,West Midlands
2021-05-23 14:00:00,5,14,61.0,West Midlands
2021-05-23 15:00:00,5,15,64.5,West Midlands
2021-05-23 16:00:00,5,16,69.5,West Midlands
2021-05-23 17:00:00,5,17,84.5,West Midlands
2021-05-23 18:00:00,5,18,112.5,West Midlands
2021-05-23 19:00:00,5,19,121.5,West Midlands
2021-05-23 20:00:00,5,20,144.0,West Midlands
2021-05-23 21:00:00,5,21,147.0,West Midlands
2021-05-23 22:00:00,5,22,130.0,West Midlands
2021-05-23 23:00:00,5,23,129.0,West Midlands
2021-05-24 00:00:00,5,0,125.0,West Midlands
2021-05-24 01:00:00,5,1,134.0,West Midlands
2021-05-24 02:00:00,5,2,131.5,West Midlands
2021-05-24 03:00:00,5,3,137.5,West Midlands
2021-05-24 04:00:00,5,4,152.5,West Midlands
2021-05-24 05:00:00,5,5,184.5,West Midlands
2021-05-24 06:00:00,5,6,230.5,West Midlands
2021-05-24 07:00:00,5,7,243.5,West Midlands
2021-05-24 08:00:00,5,8,240.0,West Midlands
2021-05-24 09:00:00,5,9,231.5,West Midlands
2021-05-24 10:00:00,5,10,209.0,West Midlands
2021-05-24 11:00:00,5,11,197.0,West Midlands
2021-05-24 12:00:00,5,12,178.0,West Midlands
2021-05-24 13:00:00,5,13,160.5,West Midlands
2021-05-24 14:00:00,5,14,174.0,West Midlands
2021-05-24 15:00:00,5,15,191.0,West Midlands
2021-05-24 16:00:00,5,16,190.0,West Midlands
2021-05-24 17:00:00,5,17,188.0,West Midlands
2021-05-24 18:00:00,5,18,191.5,West Midlands
2021-05-24 19:00:00,5,19,194.5,West Midlands
2021-05-24 20:00:00,5,20,188.5,West Midlands
2021-05-24 21:00:00,5,21,149.0,West Midlands
2021-05-24 22:00:00,5,22,110.0,West Midlands
2021-05-24 23:00:00,5,23,96.0,West Midlands
2021-05-25 00:00:00,5,0,89.5,West Midlands
2021-05-25 01:00:00,5,1,73.5,West Midlands
2021-05-25 02:00:00,5,2,59.5,West Midlands
2021-05-25 03:00:00,5,3,56.0,West Midlands
2021-05-25 04:00:00,5,4,69.5,West Midlands
2021-05-25 05:00:00,5,5,95.0,West Midlands
2021-05-25 06:00:00,5,6,144.0,West Midlands
2021-05-25 07:00:00,5,7,172.5,West Midlands
2021-05-25 08:00:00,5,8,193.5,West Midlands
2021-05-25 09:00:00,5,9,204.5,West Midlands
2021-05-25 10:00:00,5,10,201.5,West Midlands
2021-05-25 11:00:00,5,11,192.5,West Midlands
2021-05-25 12:00:00,5,12,183.0,West Midlands
2021-05-25 13:00:00,5,13,179.5,West Midlands
2021-05-25 14:00:00,5,14,181.5,West Midlands
2021-05-25 15:00:00,5,15,184.5,West Midlands
2021-05-25 16:00:00,5,16,201.5,West Midlands
2021-05-25 17:00:00,5,17,201.5,West Midlands
2021-05-25 18:00:00,5,18,214.0,West Midlands
2021-05-25 19:00:00,5,19,239.5,West Midlands
2021-05-25 20:00:00,5,20,245.0,West Midlands
2021-05-25 21:00:00,5,21,238.5,West Midlands
2021-05-25 22:00:00,5,22,242.5,West Midlands
2021-05-25 23:00:00,5,23,249.5,West Midlands
2021-05-26 00:00:00,5,0,249.5,West Midlands
2021-05-26 01:00:00,5,1,239.0,West Midlands
2021-05-26 02:00:00,5,2,228.5,West Midlands
2021-05-26 03:00:00,5,3,212.0,West Midlands
2021-05-26 04:00:00,5,4,216.0,West Midlands
2021-05-26 05:00:00,5,5,241.5,West Midlands
2021-05-26 06:00:00,5,6,250.0,West Midlands
2021-05-26 07:00:00,5,7,240.0,West Midlands
2021-05-26 08:00:00,5,8,235.5,West Midlands
2021-05-26 09:00:00,5,9,223.0,West Midlands
2021-05-26 10:00:00,5,10,225.0,West Midlands
2021-05-26 11:00:00,5,11,223.5,West Midlands
2021-05-26 12:00:00,5,12,223.0,West Midlands
2021-05-26 13:00:00,5,13,218.5,West Midlands
2021-05-26 14:00:00,5,14,217.0,West Midlands
2021-05-26 15:00:00,5,15,234.5,West Midlands
2021-05-26 16:00:00,5,16,253.0,West Midlands
2021-05-26 17:00:00,5,17,264.0,West Midlands
2021-05-26 18:00:00,5,18,273.0,West Midlands
2021-05-26 19:00:00,5,19,278.5,West Midlands
2021-05-26 20:00:00,5,20,279.0,West Midlands
2021-05-26 21:00:00,5,21,276.5,West Midlands
2021-05-26 22:00:00,5,22,265.0,West Midlands
2021-05-26 23:00:00,5,23,260.0,West Midlands
2021-05-27 00:00:00,5,0,262.0,West Midlands
2021-05-27 01:00:00,5,1,254.5,West Midlands
2021-05-27 02:00:00,5,2,254.0,West Midlands
2021-05-27 03:00:00,5,3,263.0,West Midlands
2021-05-27 04:00:00,5,4,253.5,West Midlands
2021-05-27 05:00:00,5,5,253.0,West Midlands
2021-05-27 06:00:00,5,6,269.5,West Midlands
2021-05-27 07:00:00,5,7,259.5,West Midlands
2021-05-27 08:00:00,5,8,244.5,West Midlands
2021-05-27 09:00:00,5,9,232.0,West Midlands
2021-05-27 10:00:00,5,10,221.0,West Midlands
2021-05-27 11:00:00,5,11,219.0,West Midlands
2021-05-27 12:00:00,5,12,221.5,West Midlands
2021-05-27 13:00:00,5,13,221.0,West Midlands
2021-05-27 14:00:00,5,14,231.5,West Midlands
2021-05-27 15:00:00,5,15,256.0,West Midlands
2021-05-27 16:00:00,5,16,281.0,West Midlands
2021-05-27 17:00:00,5,17,298.5,West Midlands
2021-05-27 18:00:00,5,18,307.0,West Midlands
2021-05-27 19:00:00,5,19,312.5,West Midlands
2021-05-27 20:00:00,5,20,314.0,West Midlands
2021-05-27 21:00:00,5,21,305.0,West Midlands
2021-05-27 22:00:00,5,22,297.0,West Midlands
2021-05-27 23:00:00,5,23,288.5,West Midlands
2021-05-28 00:00:00,5,0,285.0,West Midlands
2021-05-28 01:00:00,5,1,293.0,West Midlands
2021-05-28 02:00:00,5,2,299.5,West Midlands
2021-05-28 03:00:00,5,3,302.0,West Midlands
2021-05-28 04:00:00,5,4,304.5,West Midlands
2021-05-28 05:00:00,5,5,311.0,West Midlands
2021-05-28 06:00:00,5,6,331.5,West Midlands
2021-05-28 07:00:00,5,7,325.0,West Midlands
2021-05-28 08:00:00,5,8,311.0,West Midlands
2021-05-28 09:00:00,5,9,296.5,West Midlands
2021-05-28 10:00:00,5,10,290.0,West Midlands
2021-05-28 11:00:00,5,11,290.0,West Midlands
2021-05-28 12:00:00,5,12,277.0,West Midlands
2021-05-28 13:00:00,5,13,271.5,West Midlands
2021-05-28 14:00:00,5,14,278.0,West Midlands
2021-05-28 15:00:00,5,15,293.5,West Midlands
2021-05-28 16:00:00,5,16,308.5,West Midlands
2021-05-28 17:00:00,5,17,320.5,West Midlands
2021-05-28 18:00:00,5,18,320.5,West Midlands
2021-05-28 19:00:00,5,19,321.0,West Midlands
2021-05-28 20:00:00,5,20,309.0,West Midlands
2021-05-28 21:00:00,5,21,307.0,West Midlands
2021-05-28 22:00:00,5,22,306.0,West Midlands
2021-05-28 23:00:00,5,23,299.0,West Midlands
2021-05-29 00:00:00,5,0,300.5,West Midlands
2021-05-29 01:00:00,5,1,301.0,West Midlands
2021-05-29 02:00:00,5,2,299.0,West Midlands
2021-05-29 03:00:00,5,3,297.5,West Midlands
2021-05-29 04:00:00,5,4,293.5,West Midlands
2021-05-29 05:00:00,5,5,284.5,West Midlands
2021-05-29 06:00:00,5,6,276.5,West Midlands
2021-05-29 07:00:00,5,7,270.0,West Midlands
2021-05-29 08:00:00,5,8,257.0,West Midlands
2021-05-29 09:00:00,5,9,250.0,West Midlands
2021-05-29 10:00:00,5,10,234.5,West Midlands
2021-05-29 11:00:00,5,11,214.5,West Midlands
2021-05-29 12:00:00,5,12,203.5,West Midlands
2021-05-29 13:00:00,5,13,202.5,West Midlands
2021-05-29 14:00:00,5,14,217.0,West Midlands
2021-05-29 15:00:00,5,15,246.0,West Midlands
2021-05-29 16:00:00,5,16,274.0,West Midlands
2021-05-29 17:00:00,5,17,289.0,West Midlands
2021-05-29 18:00:00,5,18,312.5,West Midlands
2021-05-29 19:00:00,5,19,319.5,West Midlands
2021-05-29 20:00:00,5,20,325.0,West Midlands
2021-05-29 21:00:00,5,21,321.5,West Midlands
2021-05-29 22:00:00,5,22,310.5,West Midlands
2021-05-29 23:00:00,5,23,300.5,West Midlands
2021-05-30 00:00:00,5,0,289.0,West Midlands
2021-05-30 01:00:00,5,1,294.0,West Midlands
2021-05-30 02:00:00,5,2,284.5,West Midlands
2021-05-30 03:00:00,5,3,260.5,West Midlands
2021-05-30 04:00:00,5,4,233.0,West Midlands
2021-05-30 05:00:00,5,5,220.0,West Midlands
2021-05-30 06:00:00,5,6,217.0,West Midlands
2021-05-30 07:00:00,5,7,224.0,West Midlands
2021-05-30 08:00:00,5,8,214.0,West Midlands
2021-05-30 09:00:00,5,9,198.0,West Midlands
2021-05-30 10:00:00,5,10,178.0,West Midlands
2021-05-30 11:00:00,5,11,159.0,West Midlands
2021-05-30 12:00:00,5,12,130.5,West Midlands
2021-05-30 13:00:00,5,13,115.0,West Midlands
2021-05-30 14:00:00,5,14,120.5,West Midlands
2021-05-30 15:00:00,5,15,145.5,West Midlands
2021-05-30 16:00:00,5,16,191.0,West Midlands
2021-05-30 17:00:00,5,17,218.5,West Midlands
2021-05-30 18:00:00,5,18,227.5,West Midlands
2021-05-30 19:00:00,5,19,235.5,West Midlands
2021-05-30 20:00:00,5,20,247.5,West Midlands
2021-05-30 21:00:00,5,21,246.5,West Midlands
2021-05-30 22:00:00,5,22,221.5,West Midlands
2021-05-30 23:00:00,5,23,195.0,West Midlands
2021-05-31 00:00:00,5,0,198.5,West Midlands
2021-05-31 01:00:00,5,1,201.5,West Midlands
2021-05-31 02:00:00,5,2,202.5,West Midlands
2021-05-31 03:00:00,5,3,194.5,West Midlands
2021-05-31 04:00:00,5,4,178.0,West Midlands
2021-05-31 05:00:00,5,5,185.5,West Midlands
2021-05-31 06:00:00,5,6,198.5,West Midlands
2021-05-31 07:00:00,5,7,205.5,West Midlands
2021-05-31 08:00:00,5,8,196.5,West Midlands
2021-05-31 09:00:00,5,9,165.5,West Midlands
2021-05-31 10:00:00,5,10,127.0,West Midlands
2021-05-31 11:00:00,5,11,99.0,West Midlands
2021-05-31 12:00:00,5,12,89.0,West Midlands
2021-05-31 13:00:00,5,13,88.5,West Midlands
2021-05-31 14:00:00,5,14,97.0,West Midlands
2021-05-31 15:00:00,5,15,122.5,West Midlands
2021-05-31 16:00:00,5,16,149.5,West Midlands
2021-05-31 17:00:00,5,17,161.5,West Midlands
2021-05-31 18:00:00,5,18,174.5,West Midlands
2021-05-31 19:00:00,5,19,179.0,West Midlands
2021-05-31 20:00:00,5,20,182.0,West Midlands
2021-05-31 21:00:00,5,21,162.5,West Midlands
2021-05-31 22:00:00,5,22,131.0,West Midlands
2021-05-31 23:00:00,5,23,112.5,West Midlands
2021-06-01 00:00:00,6,0,81.5,West Midlands
2021-06-01 01:00:00,6,1,74.0,West Midlands
2021-06-01 02:00:00,6,2,67.0,West Midlands
2021-06-01 03:00:00,6,3,62.5,West Midlands
2021-06-01 04:00:00,6,4,81.5,West Midlands
2021-06-01 05:00:00,6,5,152.0,West Midlands
2021-06-01 06:00:00,6,6,226.5,West Midlands
2021-06-01 07:00:00,6,7,248.5,West Midlands
2021-06-01 08:00:00,6,8,249.0,West Midlands
2021-06-01 09:00:00,6,9,247.0,West Midlands
2021-06-01 10:00:00,6,10,240.0,West Midlands
2021-06-01 11:00:00,6,11,232.0,West Midlands
2021-06-01 12:00:00,6,12,226.5,West Midlands
2021-06-01 13:00:00,6,13,222.5,West Midlands
2021-06-01 14:00:00,6,14,225.0,West Midlands
2021-06-01 15:00:00,6,15,232.5,West Midlands
2021-06-01 16:00:00,6,16,239.0,West Midlands
2021-06-01 17:00:00,6,17,248.5,West Midlands
2021-06-01 18:00:00,6,18,248.5,West Midlands
2021-06-01 19:00:00,6,19,234.5,West Midlands
2021-06-01 20:00:00,6,20,211.5,West Midlands
2021-06-01 21:00:00,6,21,172.5,West Midlands
2021-06-01 22:00:00,6,22,145.0,West Midlands
2021-06-01 23:00:00,6,23,104.0,West Midlands
2021-06-02 00:00:00,6,0,97.5,West Midlands
2021-06-02 01:00:00,6,1,100.0,West Midlands
2021-06-02 02:00:00,6,2,106.5,West Midlands
2021-06-02 03:00:00,6,3,106.0,West Midlands
2021-06-02 04:00:00,6,4,112.0,West Midlands
2021-06-02 05:00:00,6,5,145.0,West Midlands
2021-06-02 06:00:00,6,6,158.5,West Midlands
2021-06-02 07:00:00,6,7,165.5,West Midlands
2021-06-02 08:00:00,6,8,154.0,West Midlands
2021-06-02 09:00:00,6,9,138.5,West Midlands
2021-06-02 10:00:00,6,10,115.5,West Midlands
2021-06-02 11:00:00,6,11,92.0,West Midlands
2021-06-02 12:00:00,6,12,84.5,West Midlands
2021-06-02 13:00:00,6,13,88.0,West Midlands
2021-06-02 14:00:00,6,14,92.5,West Midlands
2021-06-02 15:00:00,6,15,151.5,West Midlands
2021-06-02 16:00:00,6,16,217.0,West Midlands
2021-06-02 17:00:00,6,17,211.5,West Midlands
2021-06-02 18:00:00,6,18,208.5,West Midlands
2021-06-02 19:00:00,6,19,208.0,West Midlands
2021-06-02 20:00:00,6,20,215.5,West Midlands
2021-06-02 21:00:00,6,21,191.0,West Midlands
2021-06-02 22:00:00,6,22,100.0,West Midlands
2021-06-02 23:00:00,6,23,56.5,West Midlands
2021-06-03 00:00:00,6,0,54.0,West Midlands
2021-06-03 01:00:00,6,1,59.5,West Midlands
2021-06-03 02:00:00,6,2,73.0,West Midlands
2021-06-03 03:00:00,6,3,56.0,West Midlands
2021-06-03 04:00:00,6,4,90.0,West Midlands
2021-06-03 05:00:00,6,5,160.5,West Midlands
2021-06-03 06:00:00,6,6,241.0,West Midlands
2021-06-03 07:00:00,6,7,257.5,West Midlands
2021-06-03 08:00:00,6,8,260.0,West Midlands
2021-06-03 09:00:00,6,9,247.5,West Midlands
2021-06-03 10:00:00,6,10,247.5,West Midlands
2021-06-03 11:00:00,6,11,237.5,West Midlands
2021-06-03 12:00:00,6,12,221.0,West Midlands
2021-06-03 13:00:00,6,13,216.0,West Midlands
2021-06-03 14:00:00,6,14,210.5,West Midlands
2021-06-03 15:00:00,6,15,232.5,West Midlands
2021-06-03 16:00:00,6,16,239.5,West Midlands
2021-06-03 17:00:00,6,17,224.0,West Midlands
2021-06-03 18:00:00,6,18,216.5,West Midlands
2021-06-03 19:00:00,6,19,210.0,West Midlands
2021-06-03 20:00:00,6,20,199.5,West Midlands
2021-06-03 21:00:00,6,21,202.5,West Midlands
2021-06-03 22:00:00,6,22,151.5,West Midlands
2021-06-03 23:00:00,6,23,117.5,West Midlands
2021-06-04 00:00:00,6,0,117.0,West Midlands
2021-06-04 01:00:00,6,1,123.0,West Midlands
2021-06-04 02:00:00,6,2,124.0,West Midlands
2021-06-04 03:00:00,6,3,108.5,West Midlands
2021-06-04 04:00:00,6,4,150.0,West Midlands
2021-06-04 05:00:00,6,5,232.5,West Midlands
2021-06-04 06:00:00,6,6,257.0,West Midlands
2021-06-04 07:00:00,6,7,251.5,West Midlands
2021-06-04 08:00:00,6,8,246.0,West Midlands
2021-06-04 09:00:00,6,9,250.5,West Midlands
2021-06-04 10:00:00,6,10,243.5,West Midlands
2021-06-04 11:00:00,6,11,234.0,West Midlands
2021-06-04 12:00:00,6,12,230.5,West Midlands
2021-06-04 13:00:00,6,13,235.0,West Midlands
2021-06-04 14:00:00,6,14,236.5,West Midlands
2021-06-04 15:00:00,6,15,239.0,West Midlands
2021-06-04 16:00:00,6,16,254.5,West Midlands
2021-06-04 17:00:00,6,17,266.5,West Midlands
2021-06-04 18:00:00,6,18,279.5,West Midlands
2021-06-04 19:00:00,6,19,288.0,West Midlands
2021-06-04 20:00:00,6,20,290.0,West Midlands
2021-06-04 21:00:00,6,21,288.0,West Midlands
2021-06-04 22:00:00,6,22,263.5,West Midlands
2021-06-04 23:00:00,6,23,241.5,West Midlands
2021-06-05 00:00:00,6,0,231.5,West Midlands
2021-06-05 01:00:00,6,1,225.5,West Midlands
2021-06-05 02:00:00,6,2,221.0,West Midlands
2021-06-05 03:00:00,6,3,217.0,West Midlands
2021-06-05 04:00:00,6,4,212.0,West Midlands
2021-06-05 05:00:00,6,5,202.0,West Midlands
2021-06-05 06:00:00,6,6,204.0,West Midlands
2021-06-05 07:00:00,6,7,206.0,West Midlands
2021-06-05 08:00:00,6,8,194.0,West Midlands
2021-06-05 09:00:00,6,9,183.5,West Midlands
2021-06-05 10:00:00,6,10,175.0,West Midlands
2021-06-05 11:00:00,6,11,166.0,West Midlands
2021-06-05 12:00:00,6,12,161.0,West Midlands
2021-06-05 13:00:00,6,13,159.5,West Midlands
2021-06-05 14:00:00,6,14,168.0,West Midlands
2021-06-05 15:00:00,6,15,195.5,West Midlands
2021-06-05 16:00:00,6,16,224.0,West Midlands
2021-06-05 17:00:00,6,17,237.0,West Midlands
2021-06-05 18:00:00,6,18,238.0,West Midlands
2021-06-05 19:00:00,6,19,251.5,West Midlands
2021-06-05 20:00:00,6,20,265.5,West Midlands
2021-06-05 21:00:00,6,21,265.5,West Midlands
2021-06-05 22:00:00,6,22,235.0,West Midlands
2021-06-05 23:00:00,6,23,216.7,West Midlands
2021-06-06 00:00:00,6,0,199.0,West Midlands
2021-06-06 01:00:00,6,1,193.5,West Midlands
2021-06-06 02:00:00,6,2,188.5,West Midlands
2021-06-06 03:00:00,6,3,183.5,West Midlands
2021-06-06 04:00:00,6,4,184.5,West Midlands
2021-06-06 05:00:00,6,5,186.0,West Midlands
2021-06-06 06:00:00,6,6,215.0,West Midlands
2021-06-06 07:00:00,6,7,244.0,West Midlands
2021-06-06 08:00:00,6,8,264.5,West Midlands
2021-06-06 09:00:00,6,9,267.0,West Midlands
2021-06-06 10:00:00,6,10,260.0,West Midlands
2021-06-06 11:00:00,6,11,239.0,West Midlands
2021-06-06 12:00:00,6,12,220.0,West Midlands
2021-06-06 13:00:00,6,13,223.0,West Midlands
2021-06-06 14:00:00,6,14,232.0,West Midlands
2021-06-06 15:00:00,6,15,246.5,West Midlands
2021-06-06 16:00:00,6,16,265.0,West Midlands
2021-06-06 17:00:00,6,17,276.0,West Midlands
2021-06-06 18:00:00,6,18,287.5,West Midlands
2021-06-06 19:00:00,6,19,300.5,West Midlands
2021-06-06 20:00:00,6,20,298.5,West Midlands
2021-06-06 21:00:00,6,21,292.5,West Midlands
2021-06-06 22:00:00,6,22,278.5,West Midlands
2021-06-06 23:00:00,6,23,260.5,West Midlands
2021-06-07 00:00:00,6,0,253.0,West Midlands
2021-06-07 01:00:00,6,1,259.5,West Midlands
2021-06-07 02:00:00,6,2,250.5,West Midlands
2021-06-07 03:00:00,6,3,247.5,West Midlands
2021-06-07 04:00:00,6,4,267.5,West Midlands
2021-06-07 05:00:00,6,5,294.5,West Midlands
2021-06-07 06:00:00,6,6,284.5,West Midlands
2021-06-07 07:00:00,6,7,275.5,West Midlands
2021-06-07 08:00:00,6,8,267.5,West Midlands
2021-06-07 09:00:00,6,9,257.5,West Midlands
2021-06-07 10:00:00,6,10,249.0,West Midlands
2021-06-07 11:00:00,6,11,236.5,West Midlands
2021-06-07 12:00:00,6,12,239.0,West Midlands
2021-06-07 13:00:00,6,13,239.0,West Midlands
2021-06-07 14:00:00,6,14,236.5,West Midlands
2021-06-07 15:00:00,6,15,250.0,West Midlands
2021-06-07 16:00:00,6,16,244.0,West Midlands
2021-06-07 17:00:00,6,17,233.0,West Midlands
2021-06-07 18:00:00,6,18,220.5,West Midlands
2021-06-07 19:00:00,6,19,223.5,West Midlands
2021-06-07 20:00:00,6,20,207.5,West Midlands
2021-06-07 21:00:00,6,21,188.0,West Midlands
2021-06-07 22:00:00,6,22,116.5,West Midlands
2021-06-07 23:00:00,6,23,104.0,West Midlands
2021-06-08 00:00:00,6,0,100.5,West Midlands
2021-06-08 01:00:00,6,1,92.5,West Midlands
2021-06-08 02:00:00,6,2,102.5,West Midlands
2021-06-08 03:00:00,6,3,91.0,West Midlands
2021-06-08 04:00:00,6,4,110.0,West Midlands
2021-06-08 05:00:00,6,5,224.0,West Midlands
2021-06-08 06:00:00,6,6,254.0,West Midlands
2021-06-08 07:00:00,6,7,237.5,West Midlands
2021-06-08 08:00:00,6,8,224.5,West Midlands
2021-06-08 09:00:00,6,9,212.5,West Midlands
2021-06-08 10:00:00,6,10,200.5,West Midlands
2021-06-08 11:00:00,6,11,186.0,West Midlands
2021-06-08 12:00:00,6,12,169.0,West Midlands
2021-06-08 13:00:00,6,13,180.5,West Midlands
2021-06-08 14:00:00,6,14,194.5,West Midlands
2021-06-08 15:00:00,6,15,214.0,West Midlands
2021-06-08 16:00:00,6,16,224.0,West Midlands
2021-06-08 17:00:00,6,17,213.0,West Midlands
2021-06-08 18:00:00,6,18,209.0,West Midlands
2021-06-08 19:00:00,6,19,216.0,West Midlands
2021-06-08 20:00:00,6,20,213.5,West Midlands
2021-06-08 21:00:00,6,21,180.0,West Midlands
2021-06-08 22:00:00,6,22,104.0,West Midlands
2021-06-08 23:00:00,6,23,72.0,West Midlands
2021-06-09 00:00:00,6,0,67.0,West Midlands
2021-06-09 01:00:00,6,1,80.5,West Midlands
2021-06-09 02:00:00,6,2,57.0,West Midlands
2021-06-09 03:00:00,6,3,44.0,West Midlands
2021-06-09 04:00:00,6,4,45.5,West Midlands
2021-06-09 05:00:00,6,5,94.5,West Midlands
2021-06-09 06:00:00,6,6,144.0,West Midlands
2021-06-09 07:00:00,6,7,162.5,West Midlands
2021-06-09 08:00:00,6,8,154.0,West Midlands
2021-06-09 09:00:00,6,9,148.5,West Midlands
2021-06-09 10:00:00,6,10,127.0,West Midlands
2021-06-09 11:00:00,6,11,121.0,West Midlands
2021-06-09 12:00:00,6,12,111.5,West Midlands
2021-06-09 13:00:00,6,13,109.0,West Midlands
2021-06-09 14:00:00,6,14,115.5,West Midlands
2021-06-09 15:00:00,6,15,115.5,West Midlands
2021-06-09 16:00:00,6,16,111.5,West Midlands
2021-06-09 17:00:00,6,17,128.0,West Midlands
2021-06-09 18:00:00,6,18,138.5,West Midlands
2021-06-09 19:00:00,6,19,142.0,West Midlands
2021-06-09 20:00:00,6,20,147.5,West Midlands
2021-06-09 21:00:00,6,21,149.5,West Midlands
2021-06-09 22:00:00,6,22,114.0,West Midlands
2021-06-09 23:00:00,6,23,89.5,West Midlands
2021-06-10 00:00:00,6,0,65.5,West Midlands
2021-06-10 01:00:00,6,1,68.0,West Midlands
2021-06-10 02:00:00,6,2,50.0,West Midlands
2021-06-10 03:00:00,6,3,44.0,West Midlands
2021-06-10 04:00:00,6,4,47.0,West Midlands
2021-06-10 05:00:00,6,5,82.5,West Midlands
2021-06-10 06:00:00,6,6,122.0,West Midlands
2021-06-10 07:00:00,6,7,134.5,West Midlands
2021-06-10 08:00:00,6,8,133.5,West Midlands
2021-06-10 09:00:00,6,9,133.5,West Midlands
2021-06-10 10:00:00,6,10,137.0,West Midlands
2021-06-10 11:00:00,6,11,120.0,West Midlands
2021-06-10 12:00:00,6,12,98.5,West Midlands
2021-06-10 13:00:00,6,13,92.5,West Midlands
2021-06-10 14:00:00,6,14,91.0,West Midlands
2021-06-10 15:00:00,6,15,118.0,West Midlands
2021-06-10 16:00:00,6,16,115.5,West Midlands
2021-06-10 17:00:00,6,17,113.0,West Midlands
2021-06-10 18:00:00,6,18,111.5,West Midlands
2021-06-10 19:00:00,6,19,106.5,West Midlands
2021-06-10 20:00:00,6,20,100.5,West Midlands
2021-06-10 21:00:00,6,21,75.0,West Midlands
2021-06-10 22:00:00,6,22,60.5,West Midlands
2021-06-10 23:00:00,6,23,36.5,West Midlands
2021-06-11 00:00:00,6,0,29.5,West Midlands
2021-06-11 01:00:00,6,1,31.5,West Midlands
2021-06-11 02:00:00,6,2,25.5,West Midlands
2021-06-11 03:00:00,6,3,27.0,West Midlands
2021-06-11 04:00:00,6,4,31.0,West Midlands
2021-06-11 05:00:00,6,5,47.5,West Midlands
2021-06-11 06:00:00,6,6,59.5,West Midlands
2021-06-11 07:00:00,6,7,64.0,West Midlands
2021-06-11 08:00:00,6,8,63.0,West Midlands
2021-06-11 09:00:00,6,9,58.5,West Midlands
2021-06-11 10:00:00,6,10,55.5,West Midlands
2021-06-11 11:00:00,6,11,61.5,West Midlands
2021-06-11 12:00:00,6,12,68.0,West Midlands
2021-06-11 13:00:00,6,13,76.5,West Midlands
2021-06-11 14:00:00,6,14,92.0,West Midlands
2021-06-11 15:00:00,6,15,99.5,West Midlands
2021-06-11 16:00:00,6,16,106.0,West Midlands
2021-06-11 17:00:00,6,17,110.5,West Midlands
2021-06-11 18:00:00,6,18,122.0,West Midlands
2021-06-11 19:00:00,6,19,141.0,West Midlands
2021-06-11 20:00:00,6,20,169.5,West Midlands
2021-06-11 21:00:00,6,21,153.5,West Midlands
2021-06-11 22:00:00,6,22,131.0,West Midlands
2021-06-11 23:00:00,6,23,84.5,West Midlands
2021-06-12 00:00:00,6,0,64.0,West Midlands
2021-06-12 01:00:00,6,1,57.5,West Midlands
2021-06-12 02:00:00,6,2,72.5,West Midlands
2021-06-12 03:00:00,6,3,60.5,West Midlands
2021-06-12 04:00:00,6,4,49.5,West Midlands
2021-06-12 05:00:00,6,5,46.5,West Midlands
2021-06-12 06:00:00,6,6,70.0,West Midlands
2021-06-12 07:00:00,6,7,64.5,West Midlands
2021-06-12 08:00:00,6,8,62.0,West Midlands
2021-06-12 09:00:00,6,9,75.5,West Midlands
2021-06-12 10:00:00,6,10,70.5,West Midlands
2021-06-12 11:00:00,6,11,52.0,West Midlands
2021-06-12 12:00:00,6,12,46.5,West Midlands
2021-06-12 13:00:00,6,13,56.0,West Midlands
2021-06-12 14:00:00,6,14,73.5,West Midlands
2021-06-12 15:00:00,6,15,112.0,West Midlands
2021-06-12 16:00:00,6,16,176.5,West Midlands
2021-06-12 17:00:00,6,17,201.0,West Midlands
2021-06-12 18:00:00,6,18,221.0,West Midlands
2021-06-12 19:00:00,6,19,245.5,West Midlands
2021-06-12 20:00:00,6,20,237.5,West Midlands
2021-06-12 21:00:00,6,21,211.5,West Midlands
2021-06-12 22:00:00,6,22,157.5,West Midlands
2021-06-12 23:00:00,6,23,120.5,West Midlands
2021-06-13 00:00:00,6,0,100.0,West Midlands
2021-06-13 01:00:00,6,1,79.0,West Midlands
2021-06-13 02:00:00,6,2,65.0,West Midlands
2021-06-13 03:00:00,6,3,67.0,West Midlands
2021-06-13 04:00:00,6,4,72.5,West Midlands
2021-06-13 05:00:00,6,5,101.0,West Midlands
2021-06-13 06:00:00,6,6,71.5,West Midlands
2021-06-13 07:00:00,6,7,79.5,West Midlands
2021-06-13 08:00:00,6,8,88.0,West Midlands
2021-06-13 09:00:00,6,9,76.5,West Midlands
2021-06-13 10:00:00,6,10,69.0,West Midlands
2021-06-13 11:00:00,6,11,67.5,West Midlands
2021-06-13 12:00:00,6,12,53.0,West Midlands
2021-06-13 13:00:00,6,13,38.5,West Midlands
2021-06-13 14:00:00,6,14,36.5,West Midlands
2021-06-13 15:00:00,6,15,61.5,West Midlands
2021-06-13 16:00:00,6,16,96.5,West Midlands
2021-06-13 17:00:00,6,17,122.0,West Midlands
2021-06-13 18:00:00,6,18,137.0,West Midlands
2021-06-13 19:00:00,6,19,141.0,West Midlands
2021-06-13 20:00:00,6,20,158.5,West Midlands
2021-06-13 21:00:00,6,21,150.0,West Midlands
2021-06-13 22:00:00,6,22,129.0,West Midlands
2021-06-13 23:00:00,6,23,89.0,West Midlands
2021-06-14 00:00:00,6,0,61.5,West Midlands
2021-06-14 01:00:00,6,1,40.5,West Midlands
2021-06-14 02:00:00,6,2,31.5,West Midlands
2021-06-14 03:00:00,6,3,27.5,West Midlands
2021-06-14 04:00:00,6,4,34.0,West Midlands
2021-06-14 05:00:00,6,5,44.0,West Midlands
2021-06-14 06:00:00,6,6,56.0,West Midlands
2021-06-14 07:00:00,6,7,85.5,West Midlands
2021-06-14 08:00:00,6,8,93.5,West Midlands
2021-06-14 09:00:00,6,9,93.0,West Midlands
2021-06-14 10:00:00,6,10,74.0,West Midlands
2021-06-14 11:00:00,6,11,73.0,West Midlands
2021-06-14 12:00:00,6,12,65.0,West Midlands
2021-06-14 13:00:00,6,13,78.5,West Midlands
2021-06-14 14:00:00,6,14,105.0,West Midlands
2021-06-14 15:00:00,6,15,118.5,West Midlands
2021-06-14 16:00:00,6,16,130.0,West Midlands
2021-06-14 17:00:00,6,17,125.5,West Midlands
2021-06-14 18:00:00,6,18,132.5,West Midlands
2021-06-14 19:00:00,6,19,150.0,West Midlands
2021-06-14 20:00:00,6,20,186.5,West Midlands
2021-06-14 21:00:00,6,21,196.0,West Midlands
2021-06-14 22:00:00,6,22,191.5,West Midlands
2021-06-14 23:00:00,6,23,198.0,West Midlands
2021-06-15 00:00:00,6,0,206.5,West Midlands
2021-06-15 01:00:00,6,1,218.0,West Midlands
2021-06-15 02:00:00,6,2,230.0,West Midlands
2021-06-15 03:00:00,6,3,230.5,West Midlands
2021-06-15 04:00:00,6,4,235.5,West Midlands
2021-06-15 05:00:00,6,5,270.5,West Midlands
2021-06-15 06:00:00,6,6,274.5,West Midlands
2021-06-15 07:00:00,6,7,255.5,West Midlands
2021-06-15 08:00:00,6,8,241.0,West Midlands
2021-06-15 09:00:00,6,9,221.5,West Midlands
2021-06-15 10:00:00,6,10,183.0,West Midlands
2021-06-15 11:00:00,6,11,139.0,West Midlands
2021-06-15 12:00:00,6,12,113.0,West Midlands
2021-06-15 13:00:00,6,13,104.5,West Midlands
2021-06-15 14:00:00,6,14,107.5,West Midlands
2021-06-15 15:00:00,6,15,115.5,West Midlands
2021-06-15 16:00:00,6,16,128.0,West Midlands
2021-06-15 17:00:00,6,17,122.0,West Midlands
2021-06-15 18:00:00,6,18,125.5,West Midlands
2021-06-15 19:00:00,6,19,133.5,West Midlands
2021-06-15 20:00:00,6,20,123.5,West Midlands
2021-06-15 21:00:00,6,21,89.5,West Midlands
2021-06-15 22:00:00,6,22,59.5,West Midlands
2021-06-15 23:00:00,6,23,56.0,West Midlands
2021-06-16 00:00:00,6,0,55.0,West Midlands
2021-06-16 01:00:00,6,1,56.0,West Midlands
2021-06-16 02:00:00,6,2,57.0,West Midlands
2021-06-16 03:00:00,6,3,40.0,West Midlands
2021-06-16 04:00:00,6,4,47.0,West Midlands
2021-06-16 05:00:00,6,5,99.0,West Midlands
2021-06-16 06:00:00,6,6,188.0,West Midlands
2021-06-16 07:00:00,6,7,216.5,West Midlands
2021-06-16 08:00:00,6,8,225.0,West Midlands
2021-06-16 09:00:00,6,9,223.0,West Midlands
2021-06-16 10:00:00,6,10,214.0,West Midlands
2021-06-16 11:00:00,6,11,214.5,West Midlands
2021-06-16 12:00:00,6,12,217.5,West Midlands
2021-06-16 13:00:00,6,13,216.0,West Midlands
2021-06-16 14:00:00,6,14,227.0,West Midlands
2021-06-16 15:00:00,6,15,228.5,West Midlands
2021-06-16 16:00:00,6,16,233.5,West Midlands
2021-06-16 17:00:00,6,17,247.5,West Midlands
2021-06-16 18:00:00,6,18,272.5,West Midlands
2021-06-16 19:00:00,6,19,288.5,West Midlands
2021-06-16 20:00:00,6,20,293.0,West Midlands
2021-06-16 21:00:00,6,21,288.0,West Midlands
2021-06-16 22:00:00,6,22,284.5,West Midlands
2021-06-16 23:00:00,6,23,276.5,West Midlands
2021-06-17 00:00:00,6,0,283.0,West Midlands
2021-06-17 01:00:00,6,1,290.5,West Midlands
2021-06-17 02:00:00,6,2,290.5,West Midlands
2021-06-17 03:00:00,6,3,283.0,West Midlands
2021-06-17 04:00:00,6,4,280.5,West Midlands
2021-06-17 05:00:00,6,5,300.0,West Midlands
2021-06-17 06:00:00,6,6,312.5,West Midlands
2021-06-17 07:00:00,6,7,305.5,West Midlands
2021-06-17 08:00:00,6,8,290.5,West Midlands
2021-06-17 09:00:00,6,9,276.5,West Midlands
2021-06-17 10:00:00,6,10,254.5,West Midlands
2021-06-17 11:00:00,6,11,250.0,West Midlands
2021-06-17 12:00:00,6,12,256.0,West Midlands
2021-06-17 13:00:00,6,13,273.0,West Midlands
2021-06-17 14:00:00,6,14,280.0,West Midlands
2021-06-17 15:00:00,6,15,272.0,West Midlands
2021-06-17 16:00:00,6,16,268.5,West Midlands
2021-06-17 17:00:00,6,17,279.0,West Midlands
2021-06-17 18:00:00,6,18,284.0,West Midlands
2021-06-17 19:00:00,6,19,261.5,West Midlands
2021-06-17 20:00:00,6,20,250.5,West Midlands
2021-06-17 21:00:00,6,21,239.5,West Midlands
2021-06-17 22:00:00,6,22,162.0,West Midlands
2021-06-17 23:00:00,6,23,120.5,West Midlands
2021-06-18 00:00:00,6,0,118.5,West Midlands
2021-06-18 01:00:00,6,1,133.5,West Midlands
2021-06-18 02:00:00,6,2,151.0,West Midlands
2021-06-18 03:00:00,6,3,146.5,West Midlands
2021-06-18 04:00:00,6,4,140.5,West Midlands
2021-06-18 05:00:00,6,5,257.0,West Midlands
2021-06-18 06:00:00,6,6,302.0,West Midlands
2021-06-18 07:00:00,6,7,274.5,West Midlands
2021-06-18 08:00:00,6,8,271.5,West Midlands
2021-06-18 09:00:00,6,9,276.5,West Midlands
2021-06-18 10:00:00,6,10,283.5,West Midlands
2021-06-18 11:00:00,6,11,304.0,West Midlands
2021-06-18 12:00:00,6,12,289.0,West Midlands
2021-06-18 13:00:00,6,13,270.0,West Midlands
2021-06-18 14:00:00,6,14,262.5,West Midlands
2021-06-18 15:00:00,6,15,258.5,West Midlands
2021-06-18 16:00:00,6,16,261.5,West Midlands
2021-06-18 17:00:00,6,17,263.5,West Midlands
2021-06-18 18:00:00,6,18,262.5,West Midlands
2021-06-18 19:00:00,6,19,250.0,West Midlands
2021-06-18 20:00:00,6,20,248.5,West Midlands
2021-06-18 21:00:00,6,21,245.5,West Midlands
2021-06-18 22:00:00,6,22,235.5,West Midlands
2021-06-18 23:00:00,6,23,173.7,West Midlands
2021-06-19 00:00:00,6,0,166.0,West Midlands
2021-06-19 01:00:00,6,1,167.5,West Midlands
2021-06-19 02:00:00,6,2,174.0,West Midlands
2021-06-19 03:00:00,6,3,182.0,West Midlands
2021-06-19 04:00:00,6,4,207.5,West Midlands
2021-06-19 05:00:00,6,5,264.0,West Midlands
2021-06-19 06:00:00,6,6,275.5,West Midlands
2021-06-19 07:00:00,6,7,279.5,West Midlands
2021-06-19 08:00:00,6,8,277.0,West Midlands
2021-06-19 09:00:00,6,9,265.0,West Midlands
2021-06-19 10:00:00,6,10,259.5,West Midlands
2021-06-19 11:00:00,6,11,259.5,West Midlands
2021-06-19 12:00:00,6,12,260.0,West Midlands
2021-06-19 13:00:00,6,13,250.0,West Midlands
2021-06-19 14:00:00,6,14,241.5,West Midlands
2021-06-19 15:00:00,6,15,245.5,West Midlands
2021-06-19 16:00:00,6,16,254.5,West Midlands
2021-06-19 17:00:00,6,17,263.0,West Midlands
2021-06-19 18:00:00,6,18,267.5,West Midlands
2021-06-19 19:00:00,6,19,259.5,West Midlands
2021-06-19 20:00:00,6,20,239.5,West Midlands
2021-06-19 21:00:00,6,21,213.0,West Midlands
2021-06-19 22:00:00,6,22,157.0,West Midlands
2021-06-19 23:00:00,6,23,109.5,West Midlands
2021-06-20 00:00:00,6,0,115.0,West Midlands
2021-06-20 01:00:00,6,1,125.5,West Midlands
2021-06-20 02:00:00,6,2,85.5,West Midlands
2021-06-20 03:00:00,6,3,80.0,West Midlands
2021-06-20 04:00:00,6,4,107.0,West Midlands
2021-06-20 05:00:00,6,5,159.0,West Midlands
2021-06-20 06:00:00,6,6,215.5,West Midlands
2021-06-20 07:00:00,6,7,264.0,West Midlands
2021-06-20 08:00:00,6,8,292.5,West Midlands
2021-06-20 09:00:00,6,9,281.5,West Midlands
2021-06-20 10:00:00,6,10,273.5,West Midlands
2021-06-20 11:00:00,6,11,270.5,West Midlands
2021-06-20 12:00:00,6,12,262.5,West Midlands
2021-06-20 13:00:00,6,13,254.0,West Midlands
2021-06-20 14:00:00,6,14,257.5,West Midlands
2021-06-20 15:00:00,6,15,270.5,West Midlands
2021-06-20 16:00:00,6,16,287.0,West Midlands
2021-06-20 17:00:00,6,17,299.0,West Midlands
2021-06-20 18:00:00,6,18,306.5,West Midlands
2021-06-20 19:00:00,6,19,311.0,West Midlands
2021-06-20 20:00:00,6,20,306.5,West Midlands
2021-06-20 21:00:00,6,21,290.0,West Midlands
2021-06-20 22:00:00,6,22,266.0,West Midlands
2021-06-20 23:00:00,6,23,237.0,West Midlands
2021-06-21 00:00:00,6,0,221.5,West Midlands
2021-06-21 01:00:00,6,1,227.5,West Midlands
2021-06-21 02:00:00,6,2,213.5,West Midlands
2021-06-21 03:00:00,6,3,203.0,West Midlands
2021-06-21 04:00:00,6,4,163.5,West Midlands
2021-06-21 05:00:00,6,5,229.5,West Midlands
2021-06-21 06:00:00,6,6,275.0,West Midlands
2021-06-21 07:00:00,6,7,261.0,West Midlands
2021-06-21 08:00:00,6,8,254.5,West Midlands
2021-06-21 09:00:00,6,9,255.0,West Midlands
2021-06-21 10:00:00,6,10,263.0,West Midlands
2021-06-21 11:00:00,6,11,264.5,West Midlands
2021-06-21 12:00:00,6,12,262.5,West Midlands
2021-06-21 13:00:00,6,13,249.5,West Midlands
2021-06-21 14:00:00,6,14,255.0,West Midlands
2021-06-21 15:00:00,6,15,268.0,West Midlands
2021-06-21 16:00:00,6,16,269.0,West Midlands
2021-06-21 17:00:00,6,17,273.0,West Midlands
2021-06-21 18:00:00,6,18,285.5,West Midlands
2021-06-21 19:00:00,6,19,283.5,West Midlands
2021-06-21 20:00:00,6,20,282.5,West Midlands
2021-06-21 21:00:00,6,21,275.5,West Midlands
2021-06-21 22:00:00,6,22,224.0,West Midlands
2021-06-21 23:00:00,6,23,203.0,West Midlands
2021-06-22 00:00:00,6,0,216.0,West Midlands
2021-06-22 01:00:00,6,1,211.5,West Midlands
2021-06-22 02:00:00,6,2,194.5,West Midlands
2021-06-22 03:00:00,6,3,210.5,West Midlands
2021-06-22 04:00:00,6,4,216.5,West Midlands
2021-06-22 05:00:00,6,5,244.0,West Midlands
2021-06-22 06:00:00,6,6,286.0,West Midlands
2021-06-22 07:00:00,6,7,293.5,West Midlands
2021-06-22 08:00:00,6,8,290.0,West Midlands
2021-06-22 09:00:00,6,9,288.0,West Midlands
2021-06-22 10:00:00,6,10,280.5,West Midlands
2021-06-22 11:00:00,6,11,287.0,West Midlands
2021-06-22 12:00:00,6,12,279.0,West Midlands
2021-06-22 13:00:00,6,13,277.5,West Midlands
2021-06-22 14:00:00,6,14,279.0,West Midlands
2021-06-22 15:00:00,6,15,284.0,West Midlands
2021-06-22 16:00:00,6,16,299.5,West Midlands
2021-06-22 17:00:00,6,17,316.5,West Midlands
2021-06-22 18:00:00,6,18,324.5,West Midlands
2021-06-22 19:00:00,6,19,330.5,West Midlands
2021-06-22 20:00:00,6,20,324.0,West Midlands
2021-06-22 21:00:00,6,21,296.0,West Midlands
2021-06-22 22:00:00,6,22,291.5,West Midlands
2021-06-22 23:00:00,6,23,270.5,West Midlands
2021-06-23 00:00:00,6,0,259.5,West Midlands
2021-06-23 01:00:00,6,1,249.0,West Midlands
2021-06-23 02:00:00,6,2,243.5,West Midlands
2021-06-23 03:00:00,6,3,248.0,West Midlands
2021-06-23 04:00:00,6,4,286.5,West Midlands
2021-06-23 05:00:00,6,5,313.0,West Midlands
2021-06-23 06:00:00,6,6,330.0,West Midlands
2021-06-23 07:00:00,6,7,325.5,West Midlands
2021-06-23 08:00:00,6,8,318.0,West Midlands
2021-06-23 09:00:00,6,9,301.5,West Midlands
2021-06-23 10:00:00,6,10,274.0,West Midlands
2021-06-23 11:00:00,6,11,263.5,West Midlands
2021-06-23 12:00:00,6,12,260.0,West Midlands
2021-06-23 13:00:00,6,13,260.0,West Midlands
2021-06-23 14:00:00,6,14,266.0,West Midlands
2021-06-23 15:00:00,6,15,271.0,West Midlands
2021-06-23 16:00:00,6,16,285.5,West Midlands
2021-06-23 17:00:00,6,17,306.0,West Midlands
2021-06-23 18:00:00,6,18,307.0,West Midlands
2021-06-23 19:00:00,6,19,295.5,West Midlands
2021-06-23 20:00:00,6,20,298.0,West Midlands
2021-06-23 21:00:00,6,21,292.0,West Midlands
2021-06-23 22:00:00,6,22,280.5,West Midlands
2021-06-23 23:00:00,6,23,267.0,West Midlands
2021-06-24 00:00:00,6,0,257.5,West Midlands
2021-06-24 01:00:00,6,1,254.0,West Midlands
2021-06-24 02:00:00,6,2,267.0,West Midlands
2021-06-24 03:00:00,6,3,263.0,West Midlands
2021-06-24 04:00:00,6,4,263.5,West Midlands
2021-06-24 05:00:00,6,5,292.5,West Midlands
2021-06-24 06:00:00,6,6,291.0,West Midlands
2021-06-24 07:00:00,6,7,280.0,West Midlands
2021-06-24 08:00:00,6,8,272.0,West Midlands
2021-06-24 09:00:00,6,9,263.0,West Midlands
2021-06-24 10:00:00,6,10,253.0,West Midlands
2021-06-24 11:00:00,6,11,243.0,West Midlands
2021-06-24 12:00:00,6,12,237.0,West Midlands
2021-06-24 13:00:00,6,13,235.5,West Midlands
2021-06-24 14:00:00,6,14,230.0,West Midlands
2021-06-24 15:00:00,6,15,233.5,West Midlands
2021-06-24 16:00:00,6,16,237.0,West Midlands
2021-06-24 17:00:00,6,17,232.0,West Midlands
2021-06-24 18:00:00,6,18,216.0,West Midlands
2021-06-24 19:00:00,6,19,204.0,West Midlands
2021-06-24 20:00:00,6,20,197.0,West Midlands
2021-06-24 21:00:00,6,21,172.5,West Midlands
2021-06-24 22:00:00,6,22,104.5,West Midlands
2021-06-24 23:00:00,6,23,75.0,West Midlands
2021-06-25 00:00:00,6,0,68.5,West Midlands
2021-06-25 01:00:00,6,1,71.0,West Midlands
2021-06-25 02:00:00,6,2,72.5,West Midlands
2021-06-25 03:00:00,6,3,66.5,West Midlands
2021-06-25 04:00:00,6,4,73.0,West Midlands
2021-06-25 05:00:00,6,5,146.5,West Midlands
2021-06-25 06:00:00,6,6,208.0,West Midlands
2021-06-25 07:00:00,6,7,236.0,West Midlands
2021-06-25 08:00:00,6,8,234.5,West Midlands
2021-06-25 09:00:00,6,9,207.0,West Midlands
2021-06-25 10:00:00,6,10,185.0,West Midlands
2021-06-25 11:00:00,6,11,180.5,West Midlands
2021-06-25 12:00:00,6,12,171.0,West Midlands
2021-06-25 13:00:00,6,13,173.5,West Midlands
2021-06-25 14:00:00,6,14,177.5,West Midlands
2021-06-25 15:00:00,6,15,206.0,West Midlands
2021-06-25 16:00:00,6,16,214.0,West Midlands
2021-06-25 17:00:00,6,17,200.5,West Midlands
2021-06-25 18:00:00,6,18,216.0,West Midlands
2021-06-25 19:00:00,6,19,248.5,West Midlands
2021-06-25 20:00:00,6,20,264.0,West Midlands
2021-06-25 21:00:00,6,21,268.0,West Midlands
2021-06-25 22:00:00,6,22,245.0,West Midlands
2021-06-25 23:00:00,6,23,206.5,West Midlands
2021-06-26 00:00:00,6,0,211.5,West Midlands
2021-06-26 01:00:00,6,1,208.5,West Midlands
2021-06-26 02:00:00,6,2,206.5,West Midlands
2021-06-26 03:00:00,6,3,205.5,West Midlands
2021-06-26 04:00:00,6,4,220.5,West Midlands
2021-06-26 05:00:00,6,5,258.5,West Midlands
2021-06-26 06:00:00,6,6,284.5,West Midlands
2021-06-26 07:00:00,6,7,304.0,West Midlands
2021-06-26 08:00:00,6,8,318.0,West Midlands
2021-06-26 09:00:00,6,9,317.0,West Midlands
2021-06-26 10:00:00,6,10,305.0,West Midlands
2021-06-26 11:00:00,6,11,299.0,West Midlands
2021-06-26 12:00:00,6,12,303.5,West Midlands
2021-06-26 13:00:00,6,13,295.0,West Midlands
2021-06-26 14:00:00,6,14,297.0,West Midlands
2021-06-26 15:00:00,6,15,319.5,West Midlands
2021-06-26 16:00:00,6,16,327.5,West Midlands
2021-06-26 17:00:00,6,17,340.5,West Midlands
2021-06-26 18:00:00,6,18,335.0,West Midlands
2021-06-26 19:00:00,6,19,318.0,West Midlands
2021-06-26 20:00:00,6,20,317.5,West Midlands
2021-06-26 21:00:00,6,21,320.0,West Midlands
2021-06-26 22:00:00,6,22,300.5,West Midlands
2021-06-26 23:00:00,6,23,265.5,West Midlands
2021-06-27 00:00:00,6,0,246.5,West Midlands
2021-06-27 01:00:00,6,1,242.0,West Midlands
2021-06-27 02:00:00,6,2,233.0,West Midlands
2021-06-27 03:00:00,6,3,230.5,West Midlands
2021-06-27 04:00:00,6,4,241.5,West Midlands
2021-06-27 05:00:00,6,5,229.0,West Midlands
2021-06-27 06:00:00,6,6,231.5,West Midlands
2021-06-27 07:00:00,6,7,261.5,West Midlands
2021-06-27 08:00:00,6,8,298.5,West Midlands
2021-06-27 09:00:00,6,9,306.0,West Midlands
2021-06-27 10:00:00,6,10,301.0,West Midlands
2021-06-27 11:00:00,6,11,296.5,West Midlands
2021-06-27 12:00:00,6,12,284.0,West Midlands
2021-06-27 13:00:00,6,13,276.5,West Midlands
2021-06-27 14:00:00,6,14,297.5,West Midlands
2021-06-27 15:00:00,6,15,318.0,West Midlands
2021-06-27 16:00:00,6,16,319.5,West Midlands
2021-06-27 17:00:00,6,17,326.5,West Midlands
2021-06-27 18:00:00,6,18,331.5,West Midlands
2021-06-27 19:00:00,6,19,321.0,West Midlands
2021-06-27 20:00:00,6,20,291.5,West Midlands
2021-06-27 21:00:00,6,21,298.5,West Midlands
2021-06-27 22:00:00,6,22,229.5,West Midlands
2021-06-27 23:00:00,6,23,212.0,West Midlands
2021-06-28 00:00:00,6,0,220.0,West Midlands
2021-06-28 01:00:00,6,1,228.0,West Midlands
2021-06-28 02:00:00,6,2,203.5,West Midlands
2021-06-28 03:00:00,6,3,214.5,West Midlands
2021-06-28 04:00:00,6,4,236.5,West Midlands
2021-06-28 05:00:00,6,5,312.5,West Midlands
2021-06-28 06:00:00,6,6,357.0,West Midlands
2021-06-28 07:00:00,6,7,350.5,West Midlands
2021-06-28 08:00:00,6,8,348.0,West Midlands
2021-06-28 09:00:00,6,9,344.0,West Midlands
2021-06-28 10:00:00,6,10,340.0,West Midlands
2021-06-28 11:00:00,6,11,341.0,West Midlands
2021-06-28 12:00:00,6,12,339.0,West Midlands
2021-06-28 13:00:00,6,13,339.0,West Midlands
2021-06-28 14:00:00,6,14,340.0,West Midlands
2021-06-28 15:00:00,6,15,344.5,West Midlands
2021-06-28 16:00:00,6,16,344.5,West Midlands
2021-06-28 17:00:00,6,17,341.0,West Midlands
2021-06-28 18:00:00,6,18,336.5,West Midlands
2021-06-28 19:00:00,6,19,344.0,West Midlands
2021-06-28 20:00:00,6,20,329.0,West Midlands
2021-06-28 21:00:00,6,21,290.5,West Midlands
2021-06-28 22:00:00,6,22,263.0,West Midlands
2021-06-28 23:00:00,6,23,253.5,West Midlands
2021-06-29 00:00:00,6,0,251.5,West Midlands
2021-06-29 01:00:00,6,1,241.0,West Midlands
2021-06-29 02:00:00,6,2,234.5,West Midlands
2021-06-29 03:00:00,6,3,237.5,West Midlands
2021-06-29 04:00:00,6,4,272.0,West Midlands
2021-06-29 05:00:00,6,5,337.0,West Midlands
2021-06-29 06:00:00,6,6,356.5,West Midlands
2021-06-29 07:00:00,6,7,359.5,West Midlands
2021-06-29 08:00:00,6,8,358.0,West Midlands
2021-06-29 09:00:00,6,9,346.5,West Midlands
2021-06-29 10:00:00,6,10,329.5,West Midlands
2021-06-29 11:00:00,6,11,315.0,West Midlands
2021-06-29 12:00:00,6,12,311.0,West Midlands
2021-06-29 13:00:00,6,13,314.0,West Midlands
2021-06-29 14:00:00,6,14,320.0,West Midlands
2021-06-29 15:00:00,6,15,324.0,West Midlands
2021-06-29 16:00:00,6,16,300.5,West Midlands
2021-06-29 17:00:00,6,17,302.0,West Midlands
2021-06-29 18:00:00,6,18,320.0,West Midlands
2021-06-29 19:00:00,6,19,330.5,West Midlands
2021-06-29 20:00:00,6,20,313.0,West Midlands
2021-06-29 21:00:00,6,21,273.5,West Midlands
2021-06-29 22:00:00,6,22,241.0,West Midlands
2021-06-29 23:00:00,6,23,207.0,West Midlands
2021-06-30 00:00:00,6,0,187.5,West Midlands
2021-06-30 01:00:00,6,1,189.5,West Midlands
2021-06-30 02:00:00,6,2,189.0,West Midlands
2021-06-30 03:00:00,6,3,193.0,West Midlands
2021-06-30 04:00:00,6,4,191.0,West Midlands
2021-06-30 05:00:00,6,5,241.5,West Midlands
2021-06-30 06:00:00,6,6,318.5,West Midlands
2021-06-30 07:00:00,6,7,333.5,West Midlands
2021-06-30 08:00:00,6,8,330.5,West Midlands
2021-06-30 09:00:00,6,9,314.5,West Midlands
2021-06-30 10:00:00,6,10,302.0,West Midlands
2021-06-30 11:00:00,6,11,285.5,West Midlands
2021-06-30 12:00:00,6,12,277.0,West Midlands
2021-06-30 13:00:00,6,13,271.0,West Midlands
2021-06-30 14:00:00,6,14,282.0,West Midlands
2021-06-30 15:00:00,6,15,295.0,West Midlands
2021-06-30 16:00:00,6,16,305.5,West Midlands
2021-06-30 17:00:00,6,17,312.0,West Midlands
2021-06-30 18:00:00,6,18,322.0,West Midlands
2021-06-30 19:00:00,6,19,330.0,West Midlands
2021-06-30 20:00:00,6,20,311.0,West Midlands
2021-06-30 21:00:00,6,21,291.5,West Midlands
2021-06-30 22:00:00,6,22,250.5,West Midlands
2021-06-30 23:00:00,6,23,226.0,West Midlands
2021-07-01 00:00:00,7,0,226.5,West Midlands
2021-07-01 01:00:00,7,1,206.5,West Midlands
2021-07-01 02:00:00,7,2,206.5,West Midlands
2021-07-01 03:00:00,7,3,199.5,West Midlands
2021-07-01 04:00:00,7,4,217.5,West Midlands
2021-07-01 05:00:00,7,5,267.0,West Midlands
2021-07-01 06:00:00,7,6,300.0,West Midlands
2021-07-01 07:00:00,7,7,300.5,West Midlands
2021-07-01 08:00:00,7,8,291.0,West Midlands
2021-07-01 09:00:00,7,9,274.5,West Midlands
2021-07-01 10:00:00,7,10,269.5,West Midlands
2021-07-01 11:00:00,7,11,255.5,West Midlands
2021-07-01 12:00:00,7,12,250.5,West Midlands
2021-07-01 13:00:00,7,13,255.5,West Midlands
2021-07-01 14:00:00,7,14,255.0,West Midlands
2021-07-01 15:00:00,7,15,266.0,West Midlands
2021-07-01 16:00:00,7,16,282.0,West Midlands
2021-07-01 17:00:00,7,17,291.5,West Midlands
2021-07-01 18:00:00,7,18,342.0,West Midlands
2021-07-01 19:00:00,7,19,362.0,West Midlands
2021-07-01 20:00:00,7,20,361.0,West Midlands
2021-07-01 21:00:00,7,21,346.0,West Midlands
2021-07-01 22:00:00,7,22,341.0,West Midlands
2021-07-01 23:00:00,7,23,312.3,West Midlands
2021-07-02 00:00:00,7,0,302.5,West Midlands
2021-07-02 01:00:00,7,1,300.0,West Midlands
2021-07-02 02:00:00,7,2,321.0,West Midlands
2021-07-02 03:00:00,7,3,300.5,West Midlands
2021-07-02 04:00:00,7,4,314.5,West Midlands
2021-07-02 05:00:00,7,5,359.5,West Midlands
2021-07-02 06:00:00,7,6,362.0,West Midlands
2021-07-02 07:00:00,7,7,354.0,West Midlands
2021-07-02 08:00:00,7,8,336.0,West Midlands
2021-07-02 09:00:00,7,9,322.5,West Midlands
2021-07-02 10:00:00,7,10,307.0,West Midlands
2021-07-02 11:00:00,7,11,297.5,West Midlands
2021-07-02 12:00:00,7,12,294.5,West Midlands
2021-07-02 13:00:00,7,13,289.0,West Midlands
2021-07-02 14:00:00,7,14,302.0,West Midlands
2021-07-02 15:00:00,7,15,317.0,West Midlands
2021-07-02 16:00:00,7,16,331.5,West Midlands
2021-07-02 17:00:00,7,17,342.0,West Midlands
2021-07-02 18:00:00,7,18,339.0,West Midlands
2021-07-02 19:00:00,7,19,327.0,West Midlands
2021-07-02 20:00:00,7,20,324.5,West Midlands
2021-07-02 21:00:00,7,21,306.5,West Midlands
2021-07-02 22:00:00,7,22,254.5,West Midlands
2021-07-02 23:00:00,7,23,226.5,West Midlands
2021-07-03 00:00:00,7,0,242.0,West Midlands
2021-07-03 01:00:00,7,1,217.5,West Midlands
2021-07-03 02:00:00,7,2,221.5,West Midlands
2021-07-03 03:00:00,7,3,204.5,West Midlands
2021-07-03 04:00:00,7,4,196.0,West Midlands
2021-07-03 05:00:00,7,5,208.0,West Midlands
2021-07-03 06:00:00,7,6,241.5,West Midlands
2021-07-03 07:00:00,7,7,303.5,West Midlands
2021-07-03 08:00:00,7,8,311.5,West Midlands
2021-07-03 09:00:00,7,9,316.5,West Midlands
2021-07-03 10:00:00,7,10,313.5,West Midlands
2021-07-03 11:00:00,7,11,284.5,West Midlands
2021-07-03 12:00:00,7,12,254.0,West Midlands
2021-07-03 13:00:00,7,13,250.5,West Midlands
2021-07-03 14:00:00,7,14,245.0,West Midlands
2021-07-03 15:00:00,7,15,259.5,West Midlands
2021-07-03 16:00:00,7,16,287.5,West Midlands
2021-07-03 17:00:00,7,17,310.5,West Midlands
2021-07-03 18:00:00,7,18,313.0,West Midlands
2021-07-03 19:00:00,7,19,296.0,West Midlands
2021-07-03 20:00:00,7,20,288.0,West Midlands
2021-07-03 21:00:00,7,21,268.5,West Midlands
2021-07-03 22:00:00,7,22,212.5,West Midlands
2021-07-03 23:00:00,7,23,193.0,West Midlands
2021-07-04 00:00:00,7,0,185.5,West Midlands
2021-07-04 01:00:00,7,1,178.0,West Midlands
2021-07-04 02:00:00,7,2,187.5,West Midlands
2021-07-04 03:00:00,7,3,194.5,West Midlands
2021-07-04 04:00:00,7,4,200.5,West Midlands
2021-07-04 05:00:00,7,5,209.0,West Midlands
2021-07-04 06:00:00,7,6,225.5,West Midlands
2021-07-04 07:00:00,7,7,298.5,West Midlands
2021-07-04 08:00:00,7,8,326.0,West Midlands
2021-07-04 09:00:00,7,9,318.0,West Midlands
2021-07-04 10:00:00,7,10,307.0,West Midlands
2021-07-04 11:00:00,7,11,295.0,West Midlands
2021-07-04 12:00:00,7,12,286.5,West Midlands
2021-07-04 13:00:00,7,13,277.0,West Midlands
2021-07-04 14:00:00,7,14,290.5,West Midlands
2021-07-04 15:00:00,7,15,319.0,West Midlands
2021-07-04 16:00:00,7,16,324.5,West Midlands
2021-07-04 17:00:00,7,17,327.0,West Midlands
2021-07-04 18:00:00,7,18,324.0,West Midlands
2021-07-04 19:00:00,7,19,313.0,West Midlands
2021-07-04 20:00:00,7,20,264.0,West Midlands
2021-07-04 21:00:00,7,21,223.0,West Midlands
2021-07-04 22:00:00,7,22,181.0,West Midlands
2021-07-04 23:00:00,7,23,160.5,West Midlands
2021-07-05 00:00:00,7,0,156.0,West Midlands
2021-07-05 01:00:00,7,1,156.5,West Midlands
2021-07-05 02:00:00,7,2,156.5,West Midlands
2021-07-05 03:00:00,7,3,142.5,West Midlands
2021-07-05 04:00:00,7,4,151.0,West Midlands
2021-07-05 05:00:00,7,5,197.0,West Midlands
2021-07-05 06:00:00,7,6,283.5,West Midlands
2021-07-05 07:00:00,7,7,273.5,West Midlands
2021-07-05 08:00:00,7,8,266.5,West Midlands
2021-07-05 09:00:00,7,9,252.5,West Midlands
2021-07-05 10:00:00,7,10,253.5,West Midlands
2021-07-05 11:00:00,7,11,251.5,West Midlands
2021-07-05 12:00:00,7,12,255.5,West Midlands
2021-07-05 13:00:00,7,13,279.5,West Midlands
2021-07-05 14:00:00,7,14,327.5,West Midlands
2021-07-05 15:00:00,7,15,357.0,West Midlands
2021-07-05 16:00:00,7,16,371.5,West Midlands
2021-07-05 17:00:00,7,17,383.5,West Midlands
2021-07-05 18:00:00,7,18,382.0,West Midlands
2021-07-05 19:00:00,7,19,374.0,West Midlands
2021-07-05 20:00:00,7,20,359.0,West Midlands
2021-07-05 21:00:00,7,21,318.0,West Midlands
2021-07-05 22:00:00,7,22,260.5,West Midlands
2021-07-05 23:00:00,7,23,232.0,West Midlands
2021-07-06 00:00:00,7,0,209.5,West Midlands
2021-07-06 01:00:00,7,1,180.0,West Midlands
2021-07-06 02:00:00,7,2,170.0,West Midlands
2021-07-06 03:00:00,7,3,173.0,West Midlands
2021-07-06 04:00:00,7,4,163.5,West Midlands
2021-07-06 05:00:00,7,5,192.0,West Midlands
2021-07-06 06:00:00,7,6,258.5,West Midlands
2021-07-06 07:00:00,7,7,293.0,West Midlands
2021-07-06 08:00:00,7,8,285.0,West Midlands
2021-07-06 09:00:00,7,9,277.5,West Midlands
2021-07-06 10:00:00,7,10,278.0,West Midlands
2021-07-06 11:00:00,7,11,272.0,West Midlands
2021-07-06 12:00:00,7,12,261.0,West Midlands
2021-07-06 13:00:00,7,13,232.5,West Midlands
2021-07-06 14:00:00,7,14,226.5,West Midlands
2021-07-06 15:00:00,7,15,244.0,West Midlands
2021-07-06 16:00:00,7,16,263.0,West Midlands
2021-07-06 17:00:00,7,17,271.0,West Midlands
2021-07-06 18:00:00,7,18,273.5,West Midlands
2021-07-06 19:00:00,7,19,281.0,West Midlands
2021-07-06 20:00:00,7,20,280.5,West Midlands
2021-07-06 21:00:00,7,21,263.0,West Midlands
2021-07-06 22:00:00,7,22,199.0,West Midlands
2021-07-06 23:00:00,7,23,138.0,West Midlands
2021-07-07 00:00:00,7,0,121.0,West Midlands
2021-07-07 01:00:00,7,1,118.5,West Midlands
2021-07-07 02:00:00,7,2,122.0,West Midlands
2021-07-07 03:00:00,7,3,127.0,West Midlands
2021-07-07 04:00:00,7,4,163.0,West Midlands
2021-07-07 05:00:00,7,5,197.5,West Midlands
2021-07-07 06:00:00,7,6,261.5,West Midlands
2021-07-07 07:00:00,7,7,286.0,West Midlands
2021-07-07 08:00:00,7,8,288.5,West Midlands
2021-07-07 09:00:00,7,9,274.5,West Midlands
2021-07-07 10:00:00,7,10,268.5,West Midlands
2021-07-07 11:00:00,7,11,268.0,West Midlands
2021-07-07 12:00:00,7,12,263.5,West Midlands
2021-07-07 13:00:00,7,13,252.0,West Midlands
2021-07-07 14:00:00,7,14,246.5,West Midlands
2021-07-07 15:00:00,7,15,266.5,West Midlands
2021-07-07 16:00:00,7,16,290.0,West Midlands
2021-07-07 17:00:00,7,17,312.5,West Midlands
2021-07-07 18:00:00,7,18,327.0,West Midlands
2021-07-07 19:00:00,7,19,327.5,West Midlands
2021-07-07 20:00:00,7,20,326.5,West Midlands
2021-07-07 21:00:00,7,21,301.0,West Midlands
2021-07-07 22:00:00,7,22,301.5,West Midlands
2021-07-07 23:00:00,7,23,264.0,West Midlands
2021-07-08 00:00:00,7,0,245.5,West Midlands
2021-07-08 01:00:00,7,1,229.0,West Midlands
2021-07-08 02:00:00,7,2,228.5,West Midlands
2021-07-08 03:00:00,7,3,229.0,West Midlands
2021-07-08 04:00:00,7,4,285.0,West Midlands
2021-07-08 05:00:00,7,5,319.0,West Midlands
2021-07-08 06:00:00,7,6,325.5,West Midlands
2021-07-08 07:00:00,7,7,310.5,West Midlands
2021-07-08 08:00:00,7,8,312.0,West Midlands
2021-07-08 09:00:00,7,9,297.5,West Midlands
2021-07-08 10:00:00,7,10,279.0,West Midlands
2021-07-08 11:00:00,7,11,267.0,West Midlands
2021-07-08 12:00:00,7,12,260.0,West Midlands
2021-07-08 13:00:00,7,13,275.0,West Midlands
2021-07-08 14:00:00,7,14,292.0,West Midlands
2021-07-08 15:00:00,7,15,302.5,West Midlands
2021-07-08 16:00:00,7,16,315.0,West Midlands
2021-07-08 17:00:00,7,17,325.0,West Midlands
2021-07-08 18:00:00,7,18,327.5,West Midlands
2021-07-08 19:00:00,7,19,331.5,West Midlands
2021-07-08 20:00:00,7,20,340.0,West Midlands
2021-07-08 21:00:00,7,21,340.5,West Midlands
2021-07-08 22:00:00,7,22,320.5,West Midlands
2021-07-08 23:00:00,7,23,309.0,West Midlands
2021-07-09 00:00:00,7,0,302.0,West Midlands
2021-07-09 01:00:00,7,1,287.5,West Midlands
2021-07-09 02:00:00,7,2,284.5,West Midlands
2021-07-09 03:00:00,7,3,291.5,West Midlands
2021-07-09 04:00:00,7,4,287.0,West Midlands
2021-07-09 05:00:00,7,5,317.0,West Midlands
2021-07-09 06:00:00,7,6,341.5,West Midlands
2021-07-09 07:00:00,7,7,338.5,West Midlands
2021-07-09 08:00:00,7,8,329.0,West Midlands
2021-07-09 09:00:00,7,9,327.5,West Midlands
2021-07-09 10:00:00,7,10,325.5,West Midlands
2021-07-09 11:00:00,7,11,331.0,West Midlands
2021-07-09 12:00:00,7,12,327.0,West Midlands
2021-07-09 13:00:00,7,13,327.5,West Midlands
2021-07-09 14:00:00,7,14,337.0,West Midlands
2021-07-09 15:00:00,7,15,336.5,West Midlands
2021-07-09 16:00:00,7,16,349.0,West Midlands
2021-07-09 17:00:00,7,17,357.5,West Midlands
2021-07-09 18:00:00,7,18,371.0,West Midlands
2021-07-09 19:00:00,7,19,382.0,West Midlands
2021-07-09 20:00:00,7,20,385.0,West Midlands
2021-07-09 21:00:00,7,21,373.0,West Midlands
2021-07-09 22:00:00,7,22,361.5,West Midlands
2021-07-09 23:00:00,7,23,327.0,West Midlands
2021-07-10 00:00:00,7,0,311.5,West Midlands
2021-07-10 01:00:00,7,1,310.0,West Midlands
2021-07-10 02:00:00,7,2,287.5,West Midlands
2021-07-10 03:00:00,7,3,265.0,West Midlands
2021-07-10 04:00:00,7,4,295.5,West Midlands
2021-07-10 05:00:00,7,5,320.5,West Midlands
2021-07-10 06:00:00,7,6,352.0,West Midlands
2021-07-10 07:00:00,7,7,365.5,West Midlands
2021-07-10 08:00:00,7,8,362.5,West Midlands
2021-07-10 09:00:00,7,9,352.5,West Midlands
2021-07-10 10:00:00,7,10,343.0,West Midlands
2021-07-10 11:00:00,7,11,335.5,West Midlands
2021-07-10 12:00:00,7,12,328.5,West Midlands
2021-07-10 13:00:00,7,13,338.5,West Midlands
2021-07-10 14:00:00,7,14,343.0,West Midlands
2021-07-10 15:00:00,7,15,342.5,West Midlands
2021-07-10 16:00:00,7,16,355.0,West Midlands
2021-07-10 17:00:00,7,17,370.0,West Midlands
2021-07-10 18:00:00,7,18,382.5,West Midlands
2021-07-10 19:00:00,7,19,390.5,West Midlands
2021-07-10 20:00:00,7,20,396.0,West Midlands
2021-07-10 21:00:00,7,21,390.5,West Midlands
2021-07-10 22:00:00,7,22,339.5,West Midlands
2021-07-10 23:00:00,7,23,303.5,West Midlands
2021-07-11 00:00:00,7,0,316.5,West Midlands
2021-07-11 01:00:00,7,1,262.5,West Midlands
2021-07-11 02:00:00,7,2,254.5,West Midlands
2021-07-11 03:00:00,7,3,284.5,West Midlands
2021-07-11 04:00:00,7,4,328.5,West Midlands
2021-07-11 05:00:00,7,5,327.5,West Midlands
2021-07-11 06:00:00,7,6,337.0,West Midlands
2021-07-11 07:00:00,7,7,333.5,West Midlands
2021-07-11 08:00:00,7,8,328.5,West Midlands
2021-07-11 09:00:00,7,9,324.5,West Midlands
2021-07-11 10:00:00,7,10,330.0,West Midlands
2021-07-11 11:00:00,7,11,335.0,West Midlands
2021-07-11 12:00:00,7,12,333.5,West Midlands
2021-07-11 13:00:00,7,13,335.0,West Midlands
2021-07-11 14:00:00,7,14,342.0,West Midlands
2021-07-11 15:00:00,7,15,354.5,West Midlands
2021-07-11 16:00:00,7,16,359.0,West Midlands
2021-07-11 17:00:00,7,17,356.0,West Midlands
2021-07-11 18:00:00,7,18,350.0,West Midlands
2021-07-11 19:00:00,7,19,355.0,West Midlands
2021-07-11 20:00:00,7,20,360.0,West Midlands
2021-07-11 21:00:00,7,21,360.0,West Midlands
2021-07-11 22:00:00,7,22,355.0,West Midlands
2021-07-11 23:00:00,7,23,340.0,West Midlands
2021-07-12 00:00:00,7,0,333.0,West Midlands
2021-07-12 01:00:00,7,1,331.0,West Midlands
2021-07-12 02:00:00,7,2,329.0,West Midlands
2021-07-12 03:00:00,7,3,343.0,West Midlands
2021-07-12 04:00:00,7,4,348.0,West Midlands
2021-07-12 05:00:00,7,5,357.0,West Midlands
2021-07-12 06:00:00,7,6,370.5,West Midlands
2021-07-12 07:00:00,7,7,368.0,West Midlands
2021-07-12 08:00:00,7,8,354.5,West Midlands
2021-07-12 09:00:00,7,9,337.5,West Midlands
2021-07-12 10:00:00,7,10,335.0,West Midlands
2021-07-12 11:00:00,7,11,323.5,West Midlands
2021-07-12 12:00:00,7,12,320.5,West Midlands
2021-07-12 13:00:00,7,13,316.0,West Midlands
2021-07-12 14:00:00,7,14,335.0,West Midlands
2021-07-12 15:00:00,7,15,350.5,West Midlands
2021-07-12 16:00:00,7,16,358.0,West Midlands
2021-07-12 17:00:00,7,17,359.0,West Midlands
2021-07-12 18:00:00,7,18,358.5,West Midlands
2021-07-12 19:00:00,7,19,361.5,West Midlands
2021-07-12 20:00:00,7,20,367.0,West Midlands
2021-07-12 21:00:00,7,21,338.5,West Midlands
2021-07-12 22:00:00,7,22,284.5,West Midlands
2021-07-12 23:00:00,7,23,266.0,West Midlands
2021-07-13 00:00:00,7,0,263.5,West Midlands
2021-07-13 01:00:00,7,1,265.5,West Midlands
2021-07-13 02:00:00,7,2,254.5,West Midlands
2021-07-13 03:00:00,7,3,258.0,West Midlands
2021-07-13 04:00:00,7,4,278.5,West Midlands
2021-07-13 05:00:00,7,5,331.5,West Midlands
2021-07-13 06:00:00,7,6,353.5,West Midlands
2021-07-13 07:00:00,7,7,350.5,West Midlands
2021-07-13 08:00:00,7,8,340.0,West Midlands
2021-07-13 09:00:00,7,9,335.5,West Midlands
2021-07-13 10:00:00,7,10,320.5,West Midlands
2021-07-13 11:00:00,7,11,312.5,West Midlands
2021-07-13 12:00:00,7,12,301.5,West Midlands
2021-07-13 13:00:00,7,13,297.5,West Midlands
2021-07-13 14:00:00,7,14,286.0,West Midlands
2021-07-13 15:00:00,7,15,302.0,West Midlands
2021-07-13 16:00:00,7,16,315.0,West Midlands
2021-07-13 17:00:00,7,17,316.0,West Midlands
2021-07-13 18:00:00,7,18,321.0,West Midlands
2021-07-13 19:00:00,7,19,322.5,West Midlands
2021-07-13 20:00:00,7,20,314.5,West Midlands
2021-07-13 21:00:00,7,21,290.5,West Midlands
2021-07-13 22:00:00,7,22,283.5,West Midlands
2021-07-13 23:00:00,7,23,234.0,West Midlands
2021-07-14 00:00:00,7,0,228.0,West Midlands
2021-07-14 01:00:00,7,1,220.5,West Midlands
2021-07-14 02:00:00,7,2,209.5,West Midlands
2021-07-14 03:00:00,7,3,185.0,West Midlands
2021-07-14 04:00:00,7,4,191.0,West Midlands
2021-07-14 05:00:00,7,5,223.5,West Midlands
2021-07-14 06:00:00,7,6,248.0,West Midlands
2021-07-14 07:00:00,7,7,247.0,West Midlands
2021-07-14 08:00:00,7,8,238.0,West Midlands
2021-07-14 09:00:00,7,9,228.5,West Midlands
2021-07-14 10:00:00,7,10,217.5,West Midlands
2021-07-14 11:00:00,7,11,189.0,West Midlands
2021-07-14 12:00:00,7,12,172.5,West Midlands
2021-07-14 13:00:00,7,13,162.0,West Midlands
2021-07-14 14:00:00,7,14,173.0,West Midlands
2021-07-14 15:00:00,7,15,196.5,West Midlands
2021-07-14 16:00:00,7,16,219.5,West Midlands
2021-07-14 17:00:00,7,17,224.0,West Midlands
2021-07-14 18:00:00,7,18,222.5,West Midlands
2021-07-14 19:00:00,7,19,209.5,West Midlands
2021-07-14 20:00:00,7,20,186.0,West Midlands
2021-07-14 21:00:00,7,21,160.5,West Midlands
2021-07-14 22:00:00,7,22,139.5,West Midlands
2021-07-14 23:00:00,7,23,91.3,West Midlands
2021-07-15 00:00:00,7,0,87.0,West Midlands
2021-07-15 01:00:00,7,1,90.0,West Midlands
2021-07-15 02:00:00,7,2,91.5,West Midlands
2021-07-15 03:00:00,7,3,98.5,West Midlands
2021-07-15 04:00:00,7,4,120.0,West Midlands
2021-07-15 05:00:00,7,5,154.0,West Midlands
2021-07-15 06:00:00,7,6,190.5,West Midlands
2021-07-15 07:00:00,7,7,205.5,West Midlands
2021-07-15 08:00:00,7,8,217.0,West Midlands
2021-07-15 09:00:00,7,9,230.0,West Midlands
2021-07-15 10:00:00,7,10,230.5,West Midlands
2021-07-15 11:00:00,7,11,225.5,West Midlands
2021-07-15 12:00:00,7,12,215.0,West Midlands
2021-07-15 13:00:00,7,13,220.5,West Midlands
2021-07-15 14:00:00,7,14,230.0,West Midlands
2021-07-15 15:00:00,7,15,269.0,West Midlands
2021-07-15 16:00:00,7,16,296.5,West Midlands
2021-07-15 17:00:00,7,17,286.0,West Midlands
2021-07-15 18:00:00,7,18,290.5,West Midlands
2021-07-15 19:00:00,7,19,304.5,West Midlands
2021-07-15 20:00:00,7,20,300.0,West Midlands
2021-07-15 21:00:00,7,21,297.5,West Midlands
2021-07-15 22:00:00,7,22,277.5,West Midlands
2021-07-15 23:00:00,7,23,249.5,West Midlands
2021-07-16 00:00:00,7,0,232.5,West Midlands
2021-07-16 01:00:00,7,1,221.5,West Midlands
2021-07-16 02:00:00,7,2,210.5,West Midlands
2021-07-16 03:00:00,7,3,200.5,West Midlands
2021-07-16 04:00:00,7,4,210.5,West Midlands
2021-07-16 05:00:00,7,5,252.5,West Midlands
2021-07-16 06:00:00,7,6,272.0,West Midlands
2021-07-16 07:00:00,7,7,257.0,West Midlands
2021-07-16 08:00:00,7,8,253.0,West Midlands
2021-07-16 09:00:00,7,9,238.0,West Midlands
2021-07-16 10:00:00,7,10,225.5,West Midlands
2021-07-16 11:00:00,7,11,218.0,West Midlands
2021-07-16 12:00:00,7,12,188.0,West Midlands
2021-07-16 13:00:00,7,13,193.5,West Midlands
2021-07-16 14:00:00,7,14,202.0,West Midlands
2021-07-16 15:00:00,7,15,233.0,West Midlands
2021-07-16 16:00:00,7,16,271.0,West Midlands
2021-07-16 17:00:00,7,17,313.5,West Midlands
2021-07-16 18:00:00,7,18,332.5,West Midlands
2021-07-16 19:00:00,7,19,331.5,West Midlands
2021-07-16 20:00:00,7,20,344.5,West Midlands
2021-07-16 21:00:00,7,21,343.5,West Midlands
2021-07-16 22:00:00,7,22,338.5,West Midlands
2021-07-16 23:00:00,7,23,302.0,West Midlands
2021-07-17 00:00:00,7,0,265.0,West Midlands
2021-07-17 01:00:00,7,1,226.5,West Midlands
2021-07-17 02:00:00,7,2,213.0,West Midlands
2021-07-17 03:00:00,7,3,210.0,West Midlands
2021-07-17 04:00:00,7,4,204.5,West Midlands
2021-07-17 05:00:00,7,5,193.0,West Midlands
2021-07-17 06:00:00,7,6,203.5,West Midlands
2021-07-17 07:00:00,7,7,212.0,West Midlands
2021-07-17 08:00:00,7,8,192.5,West Midlands
2021-07-17 09:00:00,7,9,188.5,West Midlands
2021-07-17 10:00:00,7,10,173.0,West Midlands
2021-07-17 11:00:00,7,11,161.0,West Midlands
2021-07-17 12:00:00,7,12,153.0,West Midlands
2021-07-17 13:00:00,7,13,141.5,West Midlands
2021-07-17 14:00:00,7,14,163.0,West Midlands
2021-07-17 15:00:00,7,15,199.5,West Midlands
2021-07-17 16:00:00,7,16,238.5,West Midlands
2021-07-17 17:00:00,7,17,288.0,West Midlands
2021-07-17 18:00:00,7,18,319.5,West Midlands
2021-07-17 19:00:00,7,19,330.0,West Midlands
2021-07-17 20:00:00,7,20,340.5,West Midlands
2021-07-17 21:00:00,7,21,340.0,West Midlands
2021-07-17 22:00:00,7,22,316.0,West Midlands
2021-07-17 23:00:00,7,23,279.5,West Midlands
2021-07-18 00:00:00,7,0,257.5,West Midlands
2021-07-18 01:00:00,7,1,249.5,West Midlands
2021-07-18 02:00:00,7,2,243.5,West Midlands
2021-07-18 03:00:00,7,3,249.5,West Midlands
2021-07-18 04:00:00,7,4,234.0,West Midlands
2021-07-18 05:00:00,7,5,240.0,West Midlands
2021-07-18 06:00:00,7,6,256.0,West Midlands
2021-07-18 07:00:00,7,7,253.0,West Midlands
2021-07-18 08:00:00,7,8,252.0,West Midlands
2021-07-18 09:00:00,7,9,242.5,West Midlands
2021-07-18 10:00:00,7,10,227.0,West Midlands
2021-07-18 11:00:00,7,11,236.5,West Midlands
2021-07-18 12:00:00,7,12,224.0,West Midlands
2021-07-18 13:00:00,7,13,230.5,West Midlands
2021-07-18 14:00:00,7,14,241.0,West Midlands
2021-07-18 15:00:00,7,15,281.5,West Midlands
2021-07-18 16:00:00,7,16,325.0,West Midlands
2021-07-18 17:00:00,7,17,341.0,West Midlands
2021-07-18 18:00:00,7,18,360.0,West Midlands
2021-07-18 19:00:00,7,19,378.0,West Midlands
2021-07-18 20:00:00,7,20,382.0,West Midlands
2021-07-18 21:00:00,7,21,382.0,West Midlands
2021-07-18 22:00:00,7,22,367.0,West Midlands
2021-07-18 23:00:00,7,23,320.0,West Midlands
2021-07-19 00:00:00,7,0,305.5,West Midlands
2021-07-19 01:00:00,7,1,305.0,West Midlands
2021-07-19 02:00:00,7,2,302.0,West Midlands
2021-07-19 03:00:00,7,3,295.0,West Midlands
2021-07-19 04:00:00,7,4,298.0,West Midlands
2021-07-19 05:00:00,7,5,310.5,West Midlands
2021-07-19 06:00:00,7,6,330.0,West Midlands
2021-07-19 07:00:00,7,7,329.0,West Midlands
2021-07-19 08:00:00,7,8,304.0,West Midlands
2021-07-19 09:00:00,7,9,294.0,West Midlands
2021-07-19 10:00:00,7,10,276.5,West Midlands
2021-07-19 11:00:00,7,11,275.5,West Midlands
2021-07-19 12:00:00,7,12,273.5,West Midlands
2021-07-19 13:00:00,7,13,271.0,West Midlands
2021-07-19 14:00:00,7,14,275.0,West Midlands
2021-07-19 15:00:00,7,15,290.5,West Midlands
2021-07-19 16:00:00,7,16,313.5,West Midlands
2021-07-19 17:00:00,7,17,328.5,West Midlands
2021-07-19 18:00:00,7,18,340.0,West Midlands
2021-07-19 19:00:00,7,19,351.0,West Midlands
2021-07-19 20:00:00,7,20,363.0,West Midlands
2021-07-19 21:00:00,7,21,372.0,West Midlands
2021-07-19 22:00:00,7,22,358.0,West Midlands
2021-07-19 23:00:00,7,23,343.0,West Midlands
2021-07-20 00:00:00,7,0,335.0,West Midlands
2021-07-20 01:00:00,7,1,328.5,West Midlands
2021-07-20 02:00:00,7,2,316.0,West Midlands
2021-07-20 03:00:00,7,3,309.5,West Midlands
2021-07-20 04:00:00,7,4,321.0,West Midlands
2021-07-20 05:00:00,7,5,342.5,West Midlands
2021-07-20 06:00:00,7,6,343.0,West Midlands
2021-07-20 07:00:00,7,7,332.5,West Midlands
2021-07-20 08:00:00,7,8,317.0,West Midlands
2021-07-20 09:00:00,7,9,294.5,West Midlands
2021-07-20 10:00:00,7,10,265.0,West Midlands
2021-07-20 11:00:00,7,11,269.0,West Midlands
2021-07-20 12:00:00,7,12,269.5,West Midlands
2021-07-20 13:00:00,7,13,272.0,West Midlands
2021-07-20 14:00:00,7,14,280.5,West Midlands
2021-07-20 15:00:00,7,15,310.0,West Midlands
2021-07-20 16:00:00,7,16,327.5,West Midlands
2021-07-20 17:00:00,7,17,342.5,West Midlands
2021-07-20 18:00:00,7,18,361.0,West Midlands
2021-07-20 19:00:00,7,19,370.5,West Midlands
2021-07-20 20:00:00,7,20,377.0,West Midlands
2021-07-20 21:00:00,7,21,382.0,West Midlands
2021-07-20 22:00:00,7,22,343.5,West Midlands
2021-07-20 23:00:00,7,23,315.0,West Midlands
2021-07-21 00:00:00,7,0,297.5,West Midlands
2021-07-21 01:00:00,7,1,293.5,West Midlands
2021-07-21 02:00:00,7,2,285.5,West Midlands
2021-07-21 03:00:00,7,3,287.0,West Midlands
2021-07-21 04:00:00,7,4,292.5,West Midlands
2021-07-21 05:00:00,7,5,316.5,West Midlands
2021-07-21 06:00:00,7,6,353.0,West Midlands
2021-07-21 07:00:00,7,7,349.5,West Midlands
2021-07-21 08:00:00,7,8,332.0,West Midlands
2021-07-21 09:00:00,7,9,315.0,West Midlands
2021-07-21 10:00:00,7,10,301.5,West Midlands
2021-07-21 11:00:00,7,11,299.0,West Midlands
2021-07-21 12:00:00,7,12,302.5,West Midlands
2021-07-21 13:00:00,7,13,303.5,West Midlands
2021-07-21 14:00:00,7,14,306.0,West Midlands
2021-07-21 15:00:00,7,15,318.0,West Midlands
2021-07-21 16:00:00,7,16,334.0,West Midlands
2021-07-21 17:00:00,7,17,348.5,West Midlands
2021-07-21 18:00:00,7,18,358.5,West Midlands
2021-07-21 19:00:00,7,19,365.5,West Midlands
2021-07-21 20:00:00,7,20,375.5,West Midlands
2021-07-21 21:00:00,7,21,374.0,West Midlands
2021-07-21 22:00:00,7,22,342.0,West Midlands
2021-07-21 23:00:00,7,23,333.5,West Midlands
2021-07-22 00:00:00,7,0,328.0,West Midlands
2021-07-22 01:00:00,7,1,333.0,West Midlands
2021-07-22 02:00:00,7,2,321.5,West Midlands
2021-07-22 03:00:00,7,3,317.5,West Midlands
2021-07-22 04:00:00,7,4,343.5,West Midlands
2021-07-22 05:00:00,7,5,370.0,West Midlands
2021-07-22 06:00:00,7,6,363.5,West Midlands
2021-07-22 07:00:00,7,7,349.5,West Midlands
2021-07-22 08:00:00,7,8,332.0,West Midlands
2021-07-22 09:00:00,7,9,320.5,West Midlands
2021-07-22 10:00:00,7,10,312.5,West Midlands
2021-07-22 11:00:00,7,11,306.0,West Midlands
2021-07-22 12:00:00,7,12,303.5,West Midlands
2021-07-22 13:00:00,7,13,311.5,West Midlands
2021-07-22 14:00:00,7,14,323.0,West Midlands
2021-07-22 15:00:00,7,15,335.5,West Midlands
2021-07-22 16:00:00,7,16,350.0,West Midlands
2021-07-22 17:00:00,7,17,368.0,West Midlands
2021-07-22 18:00:00,7,18,375.0,West Midlands
2021-07-22 19:00:00,7,19,373.0,West Midlands
2021-07-22 20:00:00,7,20,367.5,West Midlands
2021-07-22 21:00:00,7,21,352.5,West Midlands
2021-07-22 22:00:00,7,22,323.5,West Midlands
2021-07-22 23:00:00,7,23,304.5,West Midlands
2021-07-23 00:00:00,7,0,309.5,West Midlands
2021-07-23 01:00:00,7,1,295.0,West Midlands
2021-07-23 02:00:00,7,2,299.0,West Midlands
2021-07-23 03:00:00,7,3,321.5,West Midlands
2021-07-23 04:00:00,7,4,332.5,West Midlands
2021-07-23 05:00:00,7,5,352.5,West Midlands
2021-07-23 06:00:00,7,6,367.0,West Midlands
2021-07-23 07:00:00,7,7,358.0,West Midlands
2021-07-23 08:00:00,7,8,336.5,West Midlands
2021-07-23 09:00:00,7,9,313.5,West Midlands
2021-07-23 10:00:00,7,10,298.0,West Midlands
2021-07-23 11:00:00,7,11,304.5,West Midlands
2021-07-23 12:00:00,7,12,305.5,West Midlands
2021-07-23 13:00:00,7,13,309.5,West Midlands
2021-07-23 14:00:00,7,14,314.5,West Midlands
2021-07-23 15:00:00,7,15,314.5,West Midlands
2021-07-23 16:00:00,7,16,323.5,West Midlands
2021-07-23 17:00:00,7,17,331.5,West Midlands
2021-07-23 18:00:00,7,18,335.0,West Midlands
2021-07-23 19:00:00,7,19,311.0,West Midlands
2021-07-23 20:00:00,7,20,289.0,West Midlands
2021-07-23 21:00:00,7,21,274.0,West Midlands
2021-07-23 22:00:00,7,22,259.5,West Midlands
2021-07-23 23:00:00,7,23,237.5,West Midlands
2021-07-24 00:00:00,7,0,213.0,West Midlands
2021-07-24 01:00:00,7,1,202.5,West Midlands
2021-07-24 02:00:00,7,2,197.0,West Midlands
2021-07-24 03:00:00,7,3,196.0,West Midlands
2021-07-24 04:00:00,7,4,208.5,West Midlands
2021-07-24 05:00:00,7,5,214.0,West Midlands
2021-07-24 06:00:00,7,6,248.0,West Midlands
2021-07-24 07:00:00,7,7,301.5,West Midlands
2021-07-24 08:00:00,7,8,319.0,West Midlands
2021-07-24 09:00:00,7,9,324.5,West Midlands
2021-07-24 10:00:00,7,10,315.5,West Midlands
2021-07-24 11:00:00,7,11,296.5,West Midlands
2021-07-24 12:00:00,7,12,296.0,West Midlands
2021-07-24 13:00:00,7,13,300.0,West Midlands
2021-07-24 14:00:00,7,14,314.0,West Midlands
2021-07-24 15:00:00,7,15,339.5,West Midlands
2021-07-24 16:00:00,7,16,353.0,West Midlands
2021-07-24 17:00:00,7,17,365.5,West Midlands
2021-07-24 18:00:00,7,18,379.5,West Midlands
2021-07-24 19:00:00,7,19,384.5,West Midlands
2021-07-24 20:00:00,7,20,373.0,West Midlands
2021-07-24 21:00:00,7,21,356.0,West Midlands
2021-07-24 22:00:00,7,22,321.5,West Midlands
2021-07-24 23:00:00,7,23,316.5,West Midlands
2021-07-25 00:00:00,7,0,312.5,West Midlands
2021-07-25 01:00:00,7,1,303.0,West Midlands
2021-07-25 02:00:00,7,2,313.5,West Midlands
2021-07-25 03:00:00,7,3,320.5,West Midlands
2021-07-25 04:00:00,7,4,320.0,West Midlands
2021-07-25 05:00:00,7,5,331.5,West Midlands
2021-07-25 06:00:00,7,6,340.0,West Midlands
2021-07-25 07:00:00,7,7,345.0,West Midlands
2021-07-25 08:00:00,7,8,355.0,West Midlands
2021-07-25 09:00:00,7,9,355.5,West Midlands
2021-07-25 10:00:00,7,10,349.0,West Midlands
2021-07-25 11:00:00,7,11,334.5,West Midlands
2021-07-25 12:00:00,7,12,324.0,West Midlands
2021-07-25 13:00:00,7,13,325.0,West Midlands
2021-07-25 14:00:00,7,14,332.0,West Midlands
2021-07-25 15:00:00,7,15,352.0,West Midlands
2021-07-25 16:00:00,7,16,371.0,West Midlands
2021-07-25 17:00:00,7,17,378.5,West Midlands
2021-07-25 18:00:00,7,18,390.5,West Midlands
2021-07-25 19:00:00,7,19,401.5,West Midlands
2021-07-25 20:00:00,7,20,402.5,West Midlands
2021-07-25 21:00:00,7,21,395.0,West Midlands
2021-07-25 22:00:00,7,22,374.0,West Midlands
2021-07-25 23:00:00,7,23,343.0,West Midlands
2021-07-26 00:00:00,7,0,337.5,West Midlands
2021-07-26 01:00:00,7,1,329.0,West Midlands
2021-07-26 02:00:00,7,2,331.5,West Midlands
2021-07-26 03:00:00,7,3,336.0,West Midlands
2021-07-26 04:00:00,7,4,325.5,West Midlands
2021-07-26 05:00:00,7,5,326.5,West Midlands
2021-07-26 06:00:00,7,6,372.5,West Midlands
2021-07-26 07:00:00,7,7,362.5,West Midlands
2021-07-26 08:00:00,7,8,342.5,West Midlands
2021-07-26 09:00:00,7,9,326.0,West Midlands
2021-07-26 10:00:00,7,10,314.5,West Midlands
2021-07-26 11:00:00,7,11,310.0,West Midlands
2021-07-26 12:00:00,7,12,304.0,West Midlands
2021-07-26 13:00:00,7,13,300.0,West Midlands
2021-07-26 14:00:00,7,14,304.5,West Midlands
2021-07-26 15:00:00,7,15,310.0,West Midlands
2021-07-26 16:00:00,7,16,325.0,West Midlands
2021-07-26 17:00:00,7,17,341.0,West Midlands
2021-07-26 18:00:00,7,18,356.5,West Midlands
2021-07-26 19:00:00,7,19,366.0,West Midlands
2021-07-26 20:00:00,7,20,358.5,West Midlands
2021-07-26 21:00:00,7,21,349.5,West Midlands
2021-07-26 22:00:00,7,22,346.5,West Midlands
2021-07-26 23:00:00,7,23,324.0,West Midlands
2021-07-27 00:00:00,7,0,285.0,West Midlands
2021-07-27 01:00:00,7,1,271.0,West Midlands
2021-07-27 02:00:00,7,2,294.0,West Midlands
2021-07-27 03:00:00,7,3,311.5,West Midlands
2021-07-27 04:00:00,7,4,333.0,West Midlands
2021-07-27 05:00:00,7,5,351.5,West Midlands
2021-07-27 06:00:00,7,6,370.0,West Midlands
2021-07-27 07:00:00,7,7,365.0,West Midlands
2021-07-27 08:00:00,7,8,352.5,West Midlands
2021-07-27 09:00:00,7,9,346.5,West Midlands
2021-07-27 10:00:00,7,10,340.0,West Midlands
2021-07-27 11:00:00,7,11,339.0,West Midlands
2021-07-27 12:00:00,7,12,333.0,West Midlands
2021-07-27 13:00:00,7,13,332.0,West Midlands
2021-07-27 14:00:00,7,14,343.5,West Midlands
2021-07-27 15:00:00,7,15,338.5,West Midlands
2021-07-27 16:00:00,7,16,338.5,West Midlands
2021-07-27 17:00:00,7,17,347.5,West Midlands
2021-07-27 18:00:00,7,18,357.0,West Midlands
2021-07-27 19:00:00,7,19,372.0,West Midlands
2021-07-27 20:00:00,7,20,358.5,West Midlands
2021-07-27 21:00:00,7,21,320.0,West Midlands
2021-07-27 22:00:00,7,22,307.0,West Midlands
2021-07-27 23:00:00,7,23,287.0,West Midlands
2021-07-28 00:00:00,7,0,255.0,West Midlands
2021-07-28 01:00:00,7,1,209.5,West Midlands
2021-07-28 02:00:00,7,2,192.0,West Midlands
2021-07-28 03:00:00,7,3,186.0,West Midlands
2021-07-28 04:00:00,7,4,201.5,West Midlands
2021-07-28 05:00:00,7,5,231.5,West Midlands
2021-07-28 06:00:00,7,6,289.5,West Midlands
2021-07-28 07:00:00,7,7,302.0,West Midlands
2021-07-28 08:00:00,7,8,296.0,West Midlands
2021-07-28 09:00:00,7,9,277.5,West Midlands
2021-07-28 10:00:00,7,10,266.5,West Midlands
2021-07-28 11:00:00,7,11,253.0,West Midlands
2021-07-28 12:00:00,7,12,211.5,West Midlands
2021-07-28 13:00:00,7,13,189.0,West Midlands
2021-07-28 14:00:00,7,14,206.5,West Midlands
2021-07-28 15:00:00,7,15,239.0,West Midlands
2021-07-28 16:00:00,7,16,229.0,West Midlands
2021-07-28 17:00:00,7,17,226.5,West Midlands
2021-07-28 18:00:00,7,18,228.0,West Midlands
2021-07-28 19:00:00,7,19,240.0,West Midlands
2021-07-28 20:00:00,7,20,224.5,West Midlands
2021-07-28 21:00:00,7,21,170.5,West Midlands
2021-07-28 22:00:00,7,22,139.5,West Midlands
2021-07-28 23:00:00,7,23,107.5,West Midlands
2021-07-29 00:00:00,7,0,97.0,West Midlands
2021-07-29 01:00:00,7,1,74.0,West Midlands
2021-07-29 02:00:00,7,2,72.0,West Midlands
2021-07-29 03:00:00,7,3,71.0,West Midlands
2021-07-29 04:00:00,7,4,77.0,West Midlands
2021-07-29 05:00:00,7,5,88.0,West Midlands
2021-07-29 06:00:00,7,6,97.5,West Midlands
2021-07-29 07:00:00,7,7,113.5,West Midlands
2021-07-29 08:00:00,7,8,102.5,West Midlands
2021-07-29 09:00:00,7,9,96.0,West Midlands
2021-07-29 10:00:00,7,10,100.0,West Midlands
2021-07-29 11:00:00,7,11,97.0,West Midlands
2021-07-29 12:00:00,7,12,89.0,West Midlands
2021-07-29 13:00:00,7,13,106.0,West Midlands
2021-07-29 14:00:00,7,14,170.5,West Midlands
2021-07-29 15:00:00,7,15,215.0,West Midlands
2021-07-29 16:00:00,7,16,249.0,West Midlands
2021-07-29 17:00:00,7,17,275.5,West Midlands
2021-07-29 18:00:00,7,18,300.0,West Midlands
2021-07-29 19:00:00,7,19,323.0,West Midlands
2021-07-29 20:00:00,7,20,331.5,West Midlands
2021-07-29 21:00:00,7,21,314.0,West Midlands
2021-07-29 22:00:00,7,22,304.5,West Midlands
2021-07-29 23:00:00,7,23,286.0,West Midlands
2021-07-30 00:00:00,7,0,283.0,West Midlands
2021-07-30 01:00:00,7,1,273.0,West Midlands
2021-07-30 02:00:00,7,2,265.0,West Midlands
2021-07-30 03:00:00,7,3,263.0,West Midlands
2021-07-30 04:00:00,7,4,268.0,West Midlands
2021-07-30 05:00:00,7,5,290.5,West Midlands
2021-07-30 06:00:00,7,6,329.5,West Midlands
2021-07-30 07:00:00,7,7,332.0,West Midlands
2021-07-30 08:00:00,7,8,321.5,West Midlands
2021-07-30 09:00:00,7,9,314.0,West Midlands
2021-07-30 10:00:00,7,10,311.5,West Midlands
2021-07-30 11:00:00,7,11,304.5,West Midlands
2021-07-30 12:00:00,7,12,305.5,West Midlands
2021-07-30 13:00:00,7,13,300.5,West Midlands
2021-07-30 14:00:00,7,14,307.0,West Midlands
2021-07-30 15:00:00,7,15,315.5,West Midlands
2021-07-30 16:00:00,7,16,326.5,West Midlands
2021-07-30 17:00:00,7,17,322.0,West Midlands
2021-07-30 18:00:00,7,18,321.0,West Midlands
2021-07-30 19:00:00,7,19,305.5,West Midlands
2021-07-30 20:00:00,7,20,291.5,West Midlands
2021-07-30 21:00:00,7,21,279.5,West Midlands
2021-07-30 22:00:00,7,22,247.5,West Midlands
2021-07-30 23:00:00,7,23,214.5,West Midlands
2021-07-31 00:00:00,7,0,178.5,West Midlands
2021-07-31 01:00:00,7,1,132.5,West Midlands
2021-07-31 02:00:00,7,2,131.0,West Midlands
2021-07-31 03:00:00,7,3,130.0,West Midlands
2021-07-31 04:00:00,7,4,145.0,West Midlands
2021-07-31 05:00:00,7,5,173.5,West Midlands
2021-07-31 06:00:00,7,6,243.0,West Midlands
2021-07-31 07:00:00,7,7,294.5,West Midlands
2021-07-31 08:00:00,7,8,316.5,West Midlands
2021-07-31 09:00:00,7,9,314.0,West Midlands
2021-07-31 10:00:00,7,10,309.5,West Midlands
2021-07-31 11:00:00,7,11,300.0,West Midlands
2021-07-31 12:00:00,7,12,300.0,West Midlands
2021-07-31 13:00:00,7,13,307.5,West Midlands
2021-07-31 14:00:00,7,14,317.0,West Midlands
2021-07-31 15:00:00,7,15,321.5,West Midlands
2021-07-31 16:00:00,7,16,337.5,West Midlands
2021-07-31 17:00:00,7,17,349.0,West Midlands
2021-07-31 18:00:00,7,18,351.0,West Midlands
2021-07-31 19:00:00,7,19,362.0,West Midlands
2021-07-31 20:00:00,7,20,371.0,West Midlands
2021-07-31 21:00:00,7,21,358.5,West Midlands
2021-07-31 22:00:00,7,22,363.0,West Midlands
2021-07-31 23:00:00,7,23,351.5,West Midlands
2021-08-01 00:00:00,8,0,344.5,West Midlands
2021-08-01 01:00:00,8,1,340.5,West Midlands
2021-08-01 02:00:00,8,2,344.5,West Midlands
2021-08-01 03:00:00,8,3,324.5,West Midlands
2021-08-01 04:00:00,8,4,332.5,West Midlands
2021-08-01 05:00:00,8,5,343.0,West Midlands
2021-08-01 06:00:00,8,6,339.5,West Midlands
2021-08-01 07:00:00,8,7,325.5,West Midlands
2021-08-01 08:00:00,8,8,327.5,West Midlands
2021-08-01 09:00:00,8,9,335.5,West Midlands
2021-08-01 10:00:00,8,10,325.0,West Midlands
2021-08-01 11:00:00,8,11,306.0,West Midlands
2021-08-01 12:00:00,8,12,282.0,West Midlands
2021-08-01 13:00:00,8,13,271.5,West Midlands
2021-08-01 14:00:00,8,14,282.0,West Midlands
2021-08-01 15:00:00,8,15,301.5,West Midlands
2021-08-01 16:00:00,8,16,319.0,West Midlands
2021-08-01 17:00:00,8,17,320.5,West Midlands
2021-08-01 18:00:00,8,18,349.0,West Midlands
2021-08-01 19:00:00,8,19,369.5,West Midlands
2021-08-01 20:00:00,8,20,377.5,West Midlands
2021-08-01 21:00:00,8,21,355.5,West Midlands
2021-08-01 22:00:00,8,22,339.0,West Midlands
2021-08-01 23:00:00,8,23,322.5,West Midlands
2021-08-02 00:00:00,8,0,317.5,West Midlands
2021-08-02 01:00:00,8,1,300.0,West Midlands
2021-08-02 02:00:00,8,2,281.5,West Midlands
2021-08-02 03:00:00,8,3,284.0,West Midlands
2021-08-02 04:00:00,8,4,282.5,West Midlands
2021-08-02 05:00:00,8,5,303.0,West Midlands
2021-08-02 06:00:00,8,6,316.0,West Midlands
2021-08-02 07:00:00,8,7,316.0,West Midlands
2021-08-02 08:00:00,8,8,312.0,West Midlands
2021-08-02 09:00:00,8,9,306.0,West Midlands
2021-08-02 10:00:00,8,10,297.0,West Midlands
2021-08-02 11:00:00,8,11,287.5,West Midlands
2021-08-02 12:00:00,8,12,296.0,West Midlands
2021-08-02 13:00:00,8,13,318.5,West Midlands
2021-08-02 14:00:00,8,14,341.0,West Midlands
2021-08-02 15:00:00,8,15,348.5,West Midlands
2021-08-02 16:00:00,8,16,357.5,West Midlands
2021-08-02 17:00:00,8,17,368.5,West Midlands
2021-08-02 18:00:00,8,18,377.5,West Midlands
2021-08-02 19:00:00,8,19,384.5,West Midlands
2021-08-02 20:00:00,8,20,371.5,West Midlands
2021-08-02 21:00:00,8,21,337.0,West Midlands
2021-08-02 22:00:00,8,22,329.5,West Midlands
2021-08-02 23:00:00,8,23,316.0,West Midlands
2021-08-03 00:00:00,8,0,305.5,West Midlands
2021-08-03 01:00:00,8,1,307.5,West Midlands
2021-08-03 02:00:00,8,2,314.0,West Midlands
2021-08-03 03:00:00,8,3,317.5,West Midlands
2021-08-03 04:00:00,8,4,314.5,West Midlands
2021-08-03 05:00:00,8,5,327.5,West Midlands
2021-08-03 06:00:00,8,6,321.0,West Midlands
2021-08-03 07:00:00,8,7,324.0,West Midlands
2021-08-03 08:00:00,8,8,312.5,West Midlands
2021-08-03 09:00:00,8,9,295.5,West Midlands
2021-08-03 10:00:00,8,10,284.5,West Midlands
2021-08-03 11:00:00,8,11,288.5,West Midlands
2021-08-03 12:00:00,8,12,294.0,West Midlands
2021-08-03 13:00:00,8,13,302.0,West Midlands
2021-08-03 14:00:00,8,14,302.5,West Midlands
2021-08-03 15:00:00,8,15,312.5,West Midlands
2021-08-03 16:00:00,8,16,330.5,West Midlands
2021-08-03 17:00:00,8,17,347.5,West Midlands
2021-08-03 18:00:00,8,18,366.0,West Midlands
2021-08-03 19:00:00,8,19,373.5,West Midlands
2021-08-03 20:00:00,8,20,371.5,West Midlands
2021-08-03 21:00:00,8,21,371.5,West Midlands
2021-08-03 22:00:00,8,22,370.0,West Midlands
2021-08-03 23:00:00,8,23,357.5,West Midlands
2021-08-04 00:00:00,8,0,341.5,West Midlands
2021-08-04 01:00:00,8,1,336.0,West Midlands
2021-08-04 02:00:00,8,2,350.5,West Midlands
2021-08-04 03:00:00,8,3,358.0,West Midlands
2021-08-04 04:00:00,8,4,363.0,West Midlands
2021-08-04 05:00:00,8,5,374.5,West Midlands
2021-08-04 06:00:00,8,6,362.0,West Midlands
2021-08-04 07:00:00,8,7,338.0,West Midlands
2021-08-04 08:00:00,8,8,305.5,West Midlands
2021-08-04 09:00:00,8,9,293.5,West Midlands
2021-08-04 10:00:00,8,10,289.0,West Midlands
2021-08-04 11:00:00,8,11,280.0,West Midlands
2021-08-04 12:00:00,8,12,275.5,West Midlands
2021-08-04 13:00:00,8,13,279.5,West Midlands
2021-08-04 14:00:00,8,14,289.5,West Midlands
2021-08-04 15:00:00,8,15,302.0,West Midlands
2021-08-04 16:00:00,8,16,323.0,West Midlands
2021-08-04 17:00:00,8,17,346.0,West Midlands
2021-08-04 18:00:00,8,18,357.5,West Midlands
2021-08-04 19:00:00,8,19,359.5,West Midlands
2021-08-04 20:00:00,8,20,357.5,West Midlands
2021-08-04 21:00:00,8,21,346.0,West Midlands
2021-08-04 22:00:00,8,22,326.5,West Midlands
2021-08-04 23:00:00,8,23,302.5,West Midlands
2021-08-05 00:00:00,8,0,272.0,West Midlands
2021-08-05 01:00:00,8,1,243.0,West Midlands
2021-08-05 02:00:00,8,2,231.0,West Midlands
2021-08-05 03:00:00,8,3,240.0,West Midlands
2021-08-05 04:00:00,8,4,230.0,West Midlands
2021-08-05 05:00:00,8,5,265.0,West Midlands
2021-08-05 06:00:00,8,6,264.5,West Midlands
2021-08-05 07:00:00,8,7,236.0,West Midlands
2021-08-05 08:00:00,8,8,203.0,West Midlands
2021-08-05 09:00:00,8,9,180.5,West Midlands
2021-08-05 10:00:00,8,10,164.5,West Midlands
2021-08-05 11:00:00,8,11,162.5,West Midlands
2021-08-05 12:00:00,8,12,155.5,West Midlands
2021-08-05 13:00:00,8,13,145.5,West Midlands
2021-08-05 14:00:00,8,14,151.0,West Midlands
2021-08-05 15:00:00,8,15,170.5,West Midlands
2021-08-05 16:00:00,8,16,176.0,West Midlands
2021-08-05 17:00:00,8,17,180.0,West Midlands
2021-08-05 18:00:00,8,18,194.0,West Midlands
2021-08-05 19:00:00,8,19,195.5,West Midlands
2021-08-05 20:00:00,8,20,183.0,West Midlands
2021-08-05 21:00:00,8,21,165.5,West Midlands
2021-08-05 22:00:00,8,22,157.0,West Midlands
2021-08-05 23:00:00,8,23,155.5,West Midlands
2021-08-06 00:00:00,8,0,161.0,West Midlands
2021-08-06 01:00:00,8,1,163.0,West Midlands
2021-08-06 02:00:00,8,2,167.5,West Midlands
2021-08-06 03:00:00,8,3,170.5,West Midlands
2021-08-06 04:00:00,8,4,173.0,West Midlands
2021-08-06 05:00:00,8,5,183.5,West Midlands
2021-08-06 06:00:00,8,6,250.0,West Midlands
2021-08-06 07:00:00,8,7,254.5,West Midlands
2021-08-06 08:00:00,8,8,244.5,West Midlands
2021-08-06 09:00:00,8,9,222.0,West Midlands
2021-08-06 10:00:00,8,10,173.5,West Midlands
2021-08-06 11:00:00,8,11,153.0,West Midlands
2021-08-06 12:00:00,8,12,118.0,West Midlands
2021-08-06 13:00:00,8,13,99.0,West Midlands
2021-08-06 14:00:00,8,14,104.0,West Midlands
2021-08-06 15:00:00,8,15,139.5,West Midlands
2021-08-06 16:00:00,8,16,174.5,West Midlands
2021-08-06 17:00:00,8,17,185.5,West Midlands
2021-08-06 18:00:00,8,18,217.0,West Midlands
2021-08-06 19:00:00,8,19,235.5,West Midlands
2021-08-06 20:00:00,8,20,218.0,West Midlands
2021-08-06 21:00:00,8,21,141.0,West Midlands
2021-08-06 22:00:00,8,22,112.0,West Midlands
2021-08-06 23:00:00,8,23,89.0,West Midlands
2021-08-07 00:00:00,8,0,70.5,West Midlands
2021-08-07 01:00:00,8,1,71.5,West Midlands
2021-08-07 02:00:00,8,2,70.5,West Midlands
2021-08-07 03:00:00,8,3,73.0,West Midlands
2021-08-07 04:00:00,8,4,73.5,West Midlands
2021-08-07 05:00:00,8,5,94.0,West Midlands
2021-08-07 06:00:00,8,6,122.0,West Midlands
2021-08-07 07:00:00,8,7,149.0,West Midlands
2021-08-07 08:00:00,8,8,175.5,West Midlands
2021-08-07 09:00:00,8,9,226.5,West Midlands
2021-08-07 10:00:00,8,10,224.5,West Midlands
2021-08-07 11:00:00,8,11,231.0,West Midlands
2021-08-07 12:00:00,8,12,210.5,West Midlands
2021-08-07 13:00:00,8,13,192.5,West Midlands
2021-08-07 14:00:00,8,14,201.0,West Midlands
2021-08-07 15:00:00,8,15,246.0,West Midlands
2021-08-07 16:00:00,8,16,279.0,West Midlands
2021-08-07 17:00:00,8,17,294.0,West Midlands
2021-08-07 18:00:00,8,18,293.0,West Midlands
2021-08-07 19:00:00,8,19,303.0,West Midlands
2021-08-07 20:00:00,8,20,299.5,West Midlands
2021-08-07 21:00:00,8,21,262.5,West Midlands
2021-08-07 22:00:00,8,22,152.5,West Midlands
2021-08-07 23:00:00,8,23,131.0,West Midlands
2021-08-08 00:00:00,8,0,139.5,West Midlands
2021-08-08 01:00:00,8,1,151.5,West Midlands
2021-08-08 02:00:00,8,2,140.0,West Midlands
2021-08-08 03:00:00,8,3,134.5,West Midlands
2021-08-08 04:00:00,8,4,137.5,West Midlands
2021-08-08 05:00:00,8,5,141.5,West Midlands
2021-08-08 06:00:00,8,6,162.5,West Midlands
2021-08-08 07:00:00,8,7,127.5,West Midlands
2021-08-08 08:00:00,8,8,157.5,West Midlands
2021-08-08 09:00:00,8,9,171.0,West Midlands
2021-08-08 10:00:00,8,10,171.5,West Midlands
2021-08-08 11:00:00,8,11,153.5,West Midlands
2021-08-08 12:00:00,8,12,125.5,West Midlands
2021-08-08 13:00:00,8,13,129.0,West Midlands
2021-08-08 14:00:00,8,14,137.5,West Midlands
2021-08-08 15:00:00,8,15,149.0,West Midlands
2021-08-08 16:00:00,8,16,204.5,West Midlands
2021-08-08 17:00:00,8,17,233.5,West Midlands
2021-08-08 18:00:00,8,18,253.5,West Midlands
2021-08-08 19:00:00,8,19,276.5,West Midlands
2021-08-08 20:00:00,8,20,269.5,West Midlands
2021-08-08 21:00:00,8,21,218.5,West Midlands
2021-08-08 22:00:00,8,22,191.0,West Midlands
2021-08-08 23:00:00,8,23,174.0,West Midlands
2021-08-09 00:00:00,8,0,174.0,West Midlands
2021-08-09 01:00:00,8,1,193.5,West Midlands
2021-08-09 02:00:00,8,2,198.0,West Midlands
2021-08-09 03:00:00,8,3,218.5,West Midlands
2021-08-09 04:00:00,8,4,223.0,West Midlands
2021-08-09 05:00:00,8,5,232.5,West Midlands
2021-08-09 06:00:00,8,6,270.5,West Midlands
2021-08-09 07:00:00,8,7,273.5,West Midlands
2021-08-09 08:00:00,8,8,270.0,West Midlands
2021-08-09 09:00:00,8,9,252.0,West Midlands
2021-08-09 10:00:00,8,10,231.5,West Midlands
2021-08-09 11:00:00,8,11,229.0,West Midlands
2021-08-09 12:00:00,8,12,241.5,West Midlands
2021-08-09 13:00:00,8,13,246.0,West Midlands
2021-08-09 14:00:00,8,14,249.0,West Midlands
2021-08-09 15:00:00,8,15,271.0,West Midlands
2021-08-09 16:00:00,8,16,300.5,West Midlands
2021-08-09 17:00:00,8,17,315.0,West Midlands
2021-08-09 18:00:00,8,18,328.0,West Midlands
2021-08-09 19:00:00,8,19,335.0,West Midlands
2021-08-09 20:00:00,8,20,330.0,West Midlands
2021-08-09 21:00:00,8,21,310.0,West Midlands
2021-08-09 22:00:00,8,22,279.0,West Midlands
2021-08-09 23:00:00,8,23,243.7,West Midlands
2021-08-10 00:00:00,8,0,247.0,West Midlands
2021-08-10 01:00:00,8,1,224.0,West Midlands
2021-08-10 02:00:00,8,2,223.5,West Midlands
2021-08-10 03:00:00,8,3,233.0,West Midlands
2021-08-10 04:00:00,8,4,244.5,West Midlands
2021-08-10 05:00:00,8,5,274.5,West Midlands
2021-08-10 06:00:00,8,6,285.5,West Midlands
2021-08-10 07:00:00,8,7,302.5,West Midlands
2021-08-10 08:00:00,8,8,296.0,West Midlands
2021-08-10 09:00:00,8,9,281.0,West Midlands
2021-08-10 10:00:00,8,10,268.0,West Midlands
2021-08-10 11:00:00,8,11,263.0,West Midlands
2021-08-10 12:00:00,8,12,252.5,West Midlands
2021-08-10 13:00:00,8,13,251.5,West Midlands
2021-08-10 14:00:00,8,14,257.5,West Midlands
2021-08-10 15:00:00,8,15,277.5,West Midlands
2021-08-10 16:00:00,8,16,309.5,West Midlands
2021-08-10 17:00:00,8,17,339.0,West Midlands
2021-08-10 18:00:00,8,18,359.0,West Midlands
2021-08-10 19:00:00,8,19,356.0,West Midlands
2021-08-10 20:00:00,8,20,351.0,West Midlands
2021-08-10 21:00:00,8,21,346.0,West Midlands
2021-08-10 22:00:00,8,22,367.5,West Midlands
2021-08-10 23:00:00,8,23,356.5,West Midlands
2021-08-11 00:00:00,8,0,352.5,West Midlands
2021-08-11 01:00:00,8,1,337.0,West Midlands
2021-08-11 02:00:00,8,2,304.5,West Midlands
2021-08-11 03:00:00,8,3,289.5,West Midlands
2021-08-11 04:00:00,8,4,293.0,West Midlands
2021-08-11 05:00:00,8,5,308.5,West Midlands
2021-08-11 06:00:00,8,6,326.0,West Midlands
2021-08-11 07:00:00,8,7,302.5,West Midlands
2021-08-11 08:00:00,8,8,285.0,West Midlands
2021-08-11 09:00:00,8,9,258.0,West Midlands
2021-08-11 10:00:00,8,10,240.5,West Midlands
2021-08-11 11:00:00,8,11,235.5,West Midlands
2021-08-11 12:00:00,8,12,226.5,West Midlands
2021-08-11 13:00:00,8,13,235.0,West Midlands
2021-08-11 14:00:00,8,14,272.5,West Midlands
2021-08-11 15:00:00,8,15,294.5,West Midlands
2021-08-11 16:00:00,8,16,305.5,West Midlands
2021-08-11 17:00:00,8,17,342.5,West Midlands
2021-08-11 18:00:00,8,18,369.0,West Midlands
2021-08-11 19:00:00,8,19,384.0,West Midlands
2021-08-11 20:00:00,8,20,378.0,West Midlands
2021-08-11 21:00:00,8,21,358.5,West Midlands
2021-08-11 22:00:00,8,22,325.0,West Midlands
2021-08-11 23:00:00,8,23,297.0,West Midlands
2021-08-12 00:00:00,8,0,280.0,West Midlands
2021-08-12 01:00:00,8,1,288.5,West Midlands
2021-08-12 02:00:00,8,2,296.0,West Midlands
2021-08-12 03:00:00,8,3,285.5,West Midlands
2021-08-12 04:00:00,8,4,299.0,West Midlands
2021-08-12 05:00:00,8,5,320.0,West Midlands
2021-08-12 06:00:00,8,6,328.0,West Midlands
2021-08-12 07:00:00,8,7,297.5,West Midlands
2021-08-12 08:00:00,8,8,269.0,West Midlands
2021-08-12 09:00:00,8,9,223.5,West Midlands
2021-08-12 10:00:00,8,10,168.5,West Midlands
2021-08-12 11:00:00,8,11,133.5,West Midlands
2021-08-12 12:00:00,8,12,93.5,West Midlands
2021-08-12 13:00:00,8,13,80.0,West Midlands
2021-08-12 14:00:00,8,14,59.5,West Midlands
2021-08-12 15:00:00,8,15,54.5,West Midlands
2021-08-12 16:00:00,8,16,78.5,West Midlands
2021-08-12 17:00:00,8,17,93.0,West Midlands
2021-08-12 18:00:00,8,18,105.5,West Midlands
2021-08-12 19:00:00,8,19,122.0,West Midlands
2021-08-12 20:00:00,8,20,133.0,West Midlands
2021-08-12 21:00:00,8,21,108.5,West Midlands
2021-08-12 22:00:00,8,22,67.5,West Midlands
2021-08-12 23:00:00,8,23,62.0,West Midlands
2021-08-13 00:00:00,8,0,56.0,West Midlands
2021-08-13 01:00:00,8,1,46.0,West Midlands
2021-08-13 02:00:00,8,2,62.0,West Midlands
2021-08-13 03:00:00,8,3,52.5,West Midlands
2021-08-13 04:00:00,8,4,52.5,West Midlands
2021-08-13 05:00:00,8,5,70.0,West Midlands
2021-08-13 06:00:00,8,6,73.5,West Midlands
2021-08-13 07:00:00,8,7,67.0,West Midlands
2021-08-13 08:00:00,8,8,67.0,West Midlands
2021-08-13 09:00:00,8,9,64.0,West Midlands
2021-08-13 10:00:00,8,10,55.0,West Midlands
2021-08-13 11:00:00,8,11,43.0,West Midlands
2021-08-13 12:00:00,8,12,37.0,West Midlands
2021-08-13 13:00:00,8,13,35.5,West Midlands
2021-08-13 14:00:00,8,14,34.0,West Midlands
2021-08-13 15:00:00,8,15,46.0,West Midlands
2021-08-13 16:00:00,8,16,61.0,West Midlands
2021-08-13 17:00:00,8,17,80.0,West Midlands
2021-08-13 18:00:00,8,18,97.0,West Midlands
2021-08-13 19:00:00,8,19,118.0,West Midlands
2021-08-13 20:00:00,8,20,117.5,West Midlands
2021-08-13 21:00:00,8,21,92.0,West Midlands
2021-08-13 22:00:00,8,22,56.0,West Midlands
2021-08-13 23:00:00,8,23,53.0,West Midlands
2021-08-14 00:00:00,8,0,46.0,West Midlands
2021-08-14 01:00:00,8,1,50.0,West Midlands
2021-08-14 02:00:00,8,2,56.5,West Midlands
2021-08-14 03:00:00,8,3,55.5,West Midlands
2021-08-14 04:00:00,8,4,64.0,West Midlands
2021-08-14 05:00:00,8,5,85.5,West Midlands
2021-08-14 06:00:00,8,6,134.0,West Midlands
2021-08-14 07:00:00,8,7,163.0,West Midlands
2021-08-14 08:00:00,8,8,215.0,West Midlands
2021-08-14 09:00:00,8,9,244.5,West Midlands
2021-08-14 10:00:00,8,10,265.0,West Midlands
2021-08-14 11:00:00,8,11,254.0,West Midlands
2021-08-14 12:00:00,8,12,224.5,West Midlands
2021-08-14 13:00:00,8,13,212.5,West Midlands
2021-08-14 14:00:00,8,14,232.0,West Midlands
2021-08-14 15:00:00,8,15,274.0,West Midlands
2021-08-14 16:00:00,8,16,327.5,West Midlands
2021-08-14 17:00:00,8,17,358.5,West Midlands
2021-08-14 18:00:00,8,18,374.0,West Midlands
2021-08-14 19:00:00,8,19,371.5,West Midlands
2021-08-14 20:00:00,8,20,363.5,West Midlands
2021-08-14 21:00:00,8,21,351.0,West Midlands
2021-08-14 22:00:00,8,22,342.0,West Midlands
2021-08-14 23:00:00,8,23,348.0,West Midlands
2021-08-15 00:00:00,8,0,376.5,West Midlands
2021-08-15 01:00:00,8,1,362.0,West Midlands
2021-08-15 02:00:00,8,2,357.0,West Midlands
2021-08-15 03:00:00,8,3,356.5,West Midlands
2021-08-15 04:00:00,8,4,345.5,West Midlands
2021-08-15 05:00:00,8,5,331.0,West Midlands
2021-08-15 06:00:00,8,6,326.5,West Midlands
2021-08-15 07:00:00,8,7,307.5,West Midlands
2021-08-15 08:00:00,8,8,283.0,West Midlands
2021-08-15 09:00:00,8,9,278.0,West Midlands
2021-08-15 10:00:00,8,10,256.5,West Midlands
2021-08-15 11:00:00,8,11,241.5,West Midlands
2021-08-15 12:00:00,8,12,231.0,West Midlands
2021-08-15 13:00:00,8,13,231.5,West Midlands
2021-08-15 14:00:00,8,14,231.5,West Midlands
2021-08-15 15:00:00,8,15,227.5,West Midlands
2021-08-15 16:00:00,8,16,237.5,West Midlands
2021-08-15 17:00:00,8,17,217.0,West Midlands
2021-08-15 18:00:00,8,18,191.5,West Midlands
2021-08-15 19:00:00,8,19,195.0,West Midlands
2021-08-15 20:00:00,8,20,158.5,West Midlands
2021-08-15 21:00:00,8,21,98.5,West Midlands
2021-08-15 22:00:00,8,22,55.0,West Midlands
2021-08-15 23:00:00,8,23,42.5,West Midlands
2021-08-16 00:00:00,8,0,36.5,West Midlands
2021-08-16 01:00:00,8,1,37.5,West Midlands
2021-08-16 02:00:00,8,2,37.5,West Midlands
2021-08-16 03:00:00,8,3,47.0,West Midlands
2021-08-16 04:00:00,8,4,49.0,West Midlands
2021-08-16 05:00:00,8,5,77.0,West Midlands
2021-08-16 06:00:00,8,6,109.0,West Midlands
2021-08-16 07:00:00,8,7,147.0,West Midlands
2021-08-16 08:00:00,8,8,168.0,West Midlands
2021-08-16 09:00:00,8,9,173.0,West Midlands
2021-08-16 10:00:00,8,10,191.5,West Midlands
2021-08-16 11:00:00,8,11,192.0,West Midlands
2021-08-16 12:00:00,8,12,212.5,West Midlands
2021-08-16 13:00:00,8,13,225.5,West Midlands
2021-08-16 14:00:00,8,14,241.5,West Midlands
2021-08-16 15:00:00,8,15,264.0,West Midlands
2021-08-16 16:00:00,8,16,295.0,West Midlands
2021-08-16 17:00:00,8,17,320.0,West Midlands
2021-08-16 18:00:00,8,18,338.0,West Midlands
2021-08-16 19:00:00,8,19,339.0,West Midlands
2021-08-16 20:00:00,8,20,337.0,West Midlands
2021-08-16 21:00:00,8,21,279.5,West Midlands
2021-08-16 22:00:00,8,22,179.0,West Midlands
2021-08-16 23:00:00,8,23,119.0,West Midlands
2021-08-17 00:00:00,8,0,87.5,West Midlands
2021-08-17 01:00:00,8,1,68.0,West Midlands
2021-08-17 02:00:00,8,2,54.5,West Midlands
2021-08-17 03:00:00,8,3,50.0,West Midlands
2021-08-17 04:00:00,8,4,57.0,West Midlands
2021-08-17 05:00:00,8,5,98.0,West Midlands
2021-08-17 06:00:00,8,6,144.5,West Midlands
2021-08-17 07:00:00,8,7,177.5,West Midlands
2021-08-17 08:00:00,8,8,193.0,West Midlands
2021-08-17 09:00:00,8,9,193.0,West Midlands
2021-08-17 10:00:00,8,10,184.5,West Midlands
2021-08-17 11:00:00,8,11,185.0,West Midlands
2021-08-17 12:00:00,8,12,181.5,West Midlands
2021-08-17 13:00:00,8,13,189.0,West Midlands
2021-08-17 14:00:00,8,14,198.5,West Midlands
2021-08-17 15:00:00,8,15,204.5,West Midlands
2021-08-17 16:00:00,8,16,234.0,West Midlands
2021-08-17 17:00:00,8,17,245.5,West Midlands
2021-08-17 18:00:00,8,18,249.0,West Midlands
2021-08-17 19:00:00,8,19,265.5,West Midlands
2021-08-17 20:00:00,8,20,265.5,West Midlands
2021-08-17 21:00:00,8,21,235.0,West Midlands
2021-08-17 22:00:00,8,22,172.0,West Midlands
2021-08-17 23:00:00,8,23,157.5,West Midlands
2021-08-18 00:00:00,8,0,143.5,West Midlands
2021-08-18 01:00:00,8,1,121.0,West Midlands
2021-08-18 02:00:00,8,2,103.5,West Midlands
2021-08-18 03:00:00,8,3,96.0,West Midlands
2021-08-18 04:00:00,8,4,101.5,West Midlands
2021-08-18 05:00:00,8,5,139.5,West Midlands
2021-08-18 06:00:00,8,6,210.5,West Midlands
2021-08-18 07:00:00,8,7,219.5,West Midlands
2021-08-18 08:00:00,8,8,225.5,West Midlands
2021-08-18 09:00:00,8,9,223.0,West Midlands
2021-08-18 10:00:00,8,10,222.0,West Midlands
2021-08-18 11:00:00,8,11,214.5,West Midlands
2021-08-18 12:00:00,8,12,204.5,West Midlands
2021-08-18 13:00:00,8,13,218.0,West Midlands
2021-08-18 14:00:00,8,14,241.5,West Midlands
2021-08-18 15:00:00,8,15,267.0,West Midlands
2021-08-18 16:00:00,8,16,300.0,West Midlands
2021-08-18 17:00:00,8,17,313.0,West Midlands
2021-08-18 18:00:00,8,18,323.5,West Midlands
2021-08-18 19:00:00,8,19,328.5,West Midlands
2021-08-18 20:00:00,8,20,322.0,West Midlands
2021-08-18 21:00:00,8,21,312.5,West Midlands
2021-08-18 22:00:00,8,22,305.5,West Midlands
2021-08-18 23:00:00,8,23,303.0,West Midlands
2021-08-19 00:00:00,8,0,294.0,West Midlands
2021-08-19 01:00:00,8,1,294.5,West Midlands
2021-08-19 02:00:00,8,2,301.5,West Midlands
2021-08-19 03:00:00,8,3,309.5,West Midlands
2021-08-19 04:00:00,8,4,306.0,West Midlands
2021-08-19 05:00:00,8,5,320.5,West Midlands
2021-08-19 06:00:00,8,6,352.5,West Midlands
2021-08-19 07:00:00,8,7,360.0,West Midlands
2021-08-19 08:00:00,8,8,351.5,West Midlands
2021-08-19 09:00:00,8,9,340.0,West Midlands
2021-08-19 10:00:00,8,10,334.5,West Midlands
2021-08-19 11:00:00,8,11,331.5,West Midlands
2021-08-19 12:00:00,8,12,328.5,West Midlands
2021-08-19 13:00:00,8,13,319.0,West Midlands
2021-08-19 14:00:00,8,14,319.5,West Midlands
2021-08-19 15:00:00,8,15,330.5,West Midlands
2021-08-19 16:00:00,8,16,332.5,West Midlands
2021-08-19 17:00:00,8,17,338.0,West Midlands
2021-08-19 18:00:00,8,18,349.0,West Midlands
2021-08-19 19:00:00,8,19,352.0,West Midlands
2021-08-19 20:00:00,8,20,341.5,West Midlands
2021-08-19 21:00:00,8,21,318.0,West Midlands
2021-08-19 22:00:00,8,22,304.5,West Midlands
2021-08-19 23:00:00,8,23,299.5,West Midlands
2021-08-20 00:00:00,8,0,291.5,West Midlands
2021-08-20 01:00:00,8,1,294.5,West Midlands
2021-08-20 02:00:00,8,2,290.5,West Midlands
2021-08-20 03:00:00,8,3,285.0,West Midlands
2021-08-20 04:00:00,8,4,297.0,West Midlands
2021-08-20 05:00:00,8,5,314.5,West Midlands
2021-08-20 06:00:00,8,6,320.0,West Midlands
2021-08-20 07:00:00,8,7,312.5,West Midlands
2021-08-20 08:00:00,8,8,294.0,West Midlands
2021-08-20 09:00:00,8,9,280.5,West Midlands
2021-08-20 10:00:00,8,10,280.0,West Midlands
2021-08-20 11:00:00,8,11,285.0,West Midlands
2021-08-20 12:00:00,8,12,290.0,West Midlands
2021-08-20 13:00:00,8,13,300.5,West Midlands
2021-08-20 14:00:00,8,14,306.0,West Midlands
2021-08-20 15:00:00,8,15,304.5,West Midlands
2021-08-20 16:00:00,8,16,308.0,West Midlands
2021-08-20 17:00:00,8,17,313.5,West Midlands
2021-08-20 18:00:00,8,18,310.0,West Midlands
2021-08-20 19:00:00,8,19,293.5,West Midlands
2021-08-20 20:00:00,8,20,299.5,West Midlands
2021-08-20 21:00:00,8,21,291.0,West Midlands
2021-08-20 22:00:00,8,22,260.0,West Midlands
2021-08-20 23:00:00,8,23,214.0,West Midlands
2021-08-21 00:00:00,8,0,201.5,West Midlands
2021-08-21 01:00:00,8,1,201.5,West Midlands
2021-08-21 02:00:00,8,2,197.5,West Midlands
2021-08-21 03:00:00,8,3,189.5,West Midlands
2021-08-21 04:00:00,8,4,191.5,West Midlands
2021-08-21 05:00:00,8,5,235.5,West Midlands
2021-08-21 06:00:00,8,6,294.5,West Midlands
2021-08-21 07:00:00,8,7,315.0,West Midlands
2021-08-21 08:00:00,8,8,319.5,West Midlands
2021-08-21 09:00:00,8,9,309.5,West Midlands
2021-08-21 10:00:00,8,10,302.5,West Midlands
2021-08-21 11:00:00,8,11,299.0,West Midlands
2021-08-21 12:00:00,8,12,298.5,West Midlands
2021-08-21 13:00:00,8,13,303.0,West Midlands
2021-08-21 14:00:00,8,14,301.5,West Midlands
2021-08-21 15:00:00,8,15,300.5,West Midlands
2021-08-21 16:00:00,8,16,300.5,West Midlands
2021-08-21 17:00:00,8,17,305.0,West Midlands
2021-08-21 18:00:00,8,18,307.5,West Midlands
2021-08-21 19:00:00,8,19,308.5,West Midlands
2021-08-21 20:00:00,8,20,308.5,West Midlands
2021-08-21 21:00:00,8,21,312.5,West Midlands
2021-08-21 22:00:00,8,22,311.0,West Midlands
2021-08-21 23:00:00,8,23,296.5,West Midlands
2021-08-22 00:00:00,8,0,293.0,West Midlands
2021-08-22 01:00:00,8,1,282.5,West Midlands
2021-08-22 02:00:00,8,2,261.0,West Midlands
2021-08-22 03:00:00,8,3,265.5,West Midlands
2021-08-22 04:00:00,8,4,268.0,West Midlands
2021-08-22 05:00:00,8,5,273.0,West Midlands
2021-08-22 06:00:00,8,6,282.0,West Midlands
2021-08-22 07:00:00,8,7,263.0,West Midlands
2021-08-22 08:00:00,8,8,245.0,West Midlands
2021-08-22 09:00:00,8,9,236.0,West Midlands
2021-08-22 10:00:00,8,10,231.0,West Midlands
2021-08-22 11:00:00,8,11,217.0,West Midlands
2021-08-22 12:00:00,8,12,216.5,West Midlands
2021-08-22 13:00:00,8,13,217.5,West Midlands
2021-08-22 14:00:00,8,14,222.0,West Midlands
2021-08-22 15:00:00,8,15,239.5,West Midlands
2021-08-22 16:00:00,8,16,259.5,West Midlands
2021-08-22 17:00:00,8,17,284.0,West Midlands
2021-08-22 18:00:00,8,18,299.0,West Midlands
2021-08-22 19:00:00,8,19,297.5,West Midlands
2021-08-22 20:00:00,8,20,290.0,West Midlands
2021-08-22 21:00:00,8,21,290.5,West Midlands
2021-08-22 22:00:00,8,22,255.5,West Midlands
2021-08-22 23:00:00,8,23,233.3,West Midlands
2021-08-23 00:00:00,8,0,233.5,West Midlands
2021-08-23 01:00:00,8,1,221.0,West Midlands
2021-08-23 02:00:00,8,2,209.5,West Midlands
2021-08-23 03:00:00,8,3,205.5,West Midlands
2021-08-23 04:00:00,8,4,218.5,West Midlands
2021-08-23 05:00:00,8,5,250.0,West Midlands
2021-08-23 06:00:00,8,6,279.5,West Midlands
2021-08-23 07:00:00,8,7,285.0,West Midlands
2021-08-23 08:00:00,8,8,277.5,West Midlands
2021-08-23 09:00:00,8,9,264.0,West Midlands
2021-08-23 10:00:00,8,10,260.0,West Midlands
2021-08-23 11:00:00,8,11,255.0,West Midlands
2021-08-23 12:00:00,8,12,248.0,West Midlands
2021-08-23 13:00:00,8,13,232.5,West Midlands
2021-08-23 14:00:00,8,14,228.5,West Midlands
2021-08-23 15:00:00,8,15,239.0,West Midlands
2021-08-23 16:00:00,8,16,264.0,West Midlands
2021-08-23 17:00:00,8,17,288.5,West Midlands
2021-08-23 18:00:00,8,18,303.5,West Midlands
2021-08-23 19:00:00,8,19,306.0,West Midlands
2021-08-23 20:00:00,8,20,292.0,West Midlands
2021-08-23 21:00:00,8,21,262.0,West Midlands
2021-08-23 22:00:00,8,22,252.5,West Midlands
2021-08-23 23:00:00,8,23,233.5,West Midlands
2021-08-24 00:00:00,8,0,228.5,West Midlands
2021-08-24 01:00:00,8,1,219.0,West Midlands
2021-08-24 02:00:00,8,2,226.5,West Midlands
2021-08-24 03:00:00,8,3,228.5,West Midlands
2021-08-24 04:00:00,8,4,244.0,West Midlands
2021-08-24 05:00:00,8,5,271.5,West Midlands
2021-08-24 06:00:00,8,6,286.5,West Midlands
2021-08-24 07:00:00,8,7,289.5,West Midlands
2021-08-24 08:00:00,8,8,287.5,West Midlands
2021-08-24 09:00:00,8,9,277.0,West Midlands
2021-08-24 10:00:00,8,10,264.5,West Midlands
2021-08-24 11:00:00,8,11,257.5,West Midlands
2021-08-24 12:00:00,8,12,253.0,West Midlands
2021-08-24 13:00:00,8,13,257.0,West Midlands
2021-08-24 14:00:00,8,14,264.5,West Midlands
2021-08-24 15:00:00,8,15,280.5,West Midlands
2021-08-24 16:00:00,8,16,300.5,West Midlands
2021-08-24 17:00:00,8,17,312.5,West Midlands
2021-08-24 18:00:00,8,18,327.0,West Midlands
2021-08-24 19:00:00,8,19,328.0,West Midlands
2021-08-24 20:00:00,8,20,315.5,West Midlands
2021-08-24 21:00:00,8,21,293.5,West Midlands
2021-08-24 22:00:00,8,22,273.0,West Midlands
2021-08-24 23:00:00,8,23,269.0,West Midlands
2021-08-25 00:00:00,8,0,270.0,West Midlands
2021-08-25 01:00:00,8,1,261.0,West Midlands
2021-08-25 02:00:00,8,2,257.0,West Midlands
2021-08-25 03:00:00,8,3,258.0,West Midlands
2021-08-25 04:00:00,8,4,266.5,West Midlands
2021-08-25 05:00:00,8,5,288.5,West Midlands
2021-08-25 06:00:00,8,6,307.0,West Midlands
2021-08-25 07:00:00,8,7,310.5,West Midlands
2021-08-25 08:00:00,8,8,298.0,West Midlands
2021-08-25 09:00:00,8,9,288.0,West Midlands
2021-08-25 10:00:00,8,10,277.5,West Midlands
2021-08-25 11:00:00,8,11,265.5,West Midlands
2021-08-25 12:00:00,8,12,250.0,West Midlands
2021-08-25 13:00:00,8,13,242.0,West Midlands
2021-08-25 14:00:00,8,14,244.5,West Midlands
2021-08-25 15:00:00,8,15,260.5,West Midlands
2021-08-25 16:00:00,8,16,284.0,West Midlands
2021-08-25 17:00:00,8,17,270.0,West Midlands
2021-08-25 18:00:00,8,18,266.5,West Midlands
2021-08-25 19:00:00,8,19,267.0,West Midlands
2021-08-25 20:00:00,8,20,259.0,West Midlands
2021-08-25 21:00:00,8,21,234.5,West Midlands
2021-08-25 22:00:00,8,22,205.5,West Midlands
2021-08-25 23:00:00,8,23,163.0,West Midlands
2021-08-26 00:00:00,8,0,150.5,West Midlands
2021-08-26 01:00:00,8,1,136.0,West Midlands
2021-08-26 02:00:00,8,2,135.5,West Midlands
2021-08-26 03:00:00,8,3,134.0,West Midlands
2021-08-26 04:00:00,8,4,137.0,West Midlands
2021-08-26 05:00:00,8,5,173.5,West Midlands
2021-08-26 06:00:00,8,6,230.5,West Midlands
2021-08-26 07:00:00,8,7,233.5,West Midlands
2021-08-26 08:00:00,8,8,230.0,West Midlands
2021-08-26 09:00:00,8,9,214.0,West Midlands
2021-08-26 10:00:00,8,10,194.5,West Midlands
2021-08-26 11:00:00,8,11,189.5,West Midlands
2021-08-26 12:00:00,8,12,172.5,West Midlands
2021-08-26 13:00:00,8,13,166.5,West Midlands
2021-08-26 14:00:00,8,14,174.0,West Midlands
2021-08-26 15:00:00,8,15,203.0,West Midlands
2021-08-26 16:00:00,8,16,237.0,West Midlands
2021-08-26 17:00:00,8,17,253.0,West Midlands
2021-08-26 18:00:00,8,18,266.5,West Midlands
2021-08-26 19:00:00,8,19,267.0,West Midlands
2021-08-26 20:00:00,8,20,261.0,West Midlands
2021-08-26 21:00:00,8,21,264.0,West Midlands
2021-08-26 22:00:00,8,22,230.0,West Midlands
2021-08-26 23:00:00,8,23,232.5,West Midlands
2021-08-27 00:00:00,8,0,226.0,West Midlands
2021-08-27 01:00:00,8,1,236.5,West Midlands
2021-08-27 02:00:00,8,2,233.0,West Midlands
2021-08-27 03:00:00,8,3,236.0,West Midlands
2021-08-27 04:00:00,8,4,242.0,West Midlands
2021-08-27 05:00:00,8,5,272.0,West Midlands
2021-08-27 06:00:00,8,6,292.0,West Midlands
2021-08-27 07:00:00,8,7,289.0,West Midlands
2021-08-27 08:00:00,8,8,278.5,West Midlands
2021-08-27 09:00:00,8,9,277.5,West Midlands
2021-08-27 10:00:00,8,10,276.0,West Midlands
2021-08-27 11:00:00,8,11,272.5,West Midlands
2021-08-27 12:00:00,8,12,267.0,West Midlands
2021-08-27 13:00:00,8,13,260.5,West Midlands
2021-08-27 14:00:00,8,14,264.0,West Midlands
2021-08-27 15:00:00,8,15,276.0,West Midlands
2021-08-27 16:00:00,8,16,289.5,West Midlands
2021-08-27 17:00:00,8,17,295.5,West Midlands
2021-08-27 18:00:00,8,18,295.0,West Midlands
2021-08-27 19:00:00,8,19,286.5,West Midlands
2021-08-27 20:00:00,8,20,261.0,West Midlands
2021-08-27 21:00:00,8,21,231.0,West Midlands
2021-08-27 22:00:00,8,22,213.5,West Midlands
2021-08-27 23:00:00,8,23,179.0,West Midlands
2021-08-28 00:00:00,8,0,145.5,West Midlands
2021-08-28 01:00:00,8,1,171.0,West Midlands
2021-08-28 02:00:00,8,2,165.0,West Midlands
2021-08-28 03:00:00,8,3,154.0,West Midlands
2021-08-28 04:00:00,8,4,155.0,West Midlands
2021-08-28 05:00:00,8,5,166.5,West Midlands
2021-08-28 06:00:00,8,6,166.0,West Midlands
2021-08-28 07:00:00,8,7,185.5,West Midlands
2021-08-28 08:00:00,8,8,197.0,West Midlands
2021-08-28 09:00:00,8,9,175.0,West Midlands
2021-08-28 10:00:00,8,10,175.0,West Midlands
2021-08-28 11:00:00,8,11,175.5,West Midlands
2021-08-28 12:00:00,8,12,178.0,West Midlands
2021-08-28 13:00:00,8,13,174.5,West Midlands
2021-08-28 14:00:00,8,14,182.0,West Midlands
2021-08-28 15:00:00,8,15,197.5,West Midlands
2021-08-28 16:00:00,8,16,225.5,West Midlands
2021-08-28 17:00:00,8,17,245.0,West Midlands
2021-08-28 18:00:00,8,18,257.5,West Midlands
2021-08-28 19:00:00,8,19,258.0,West Midlands
2021-08-28 20:00:00,8,20,259.5,West Midlands
2021-08-28 21:00:00,8,21,290.0,West Midlands
2021-08-28 22:00:00,8,22,285.0,West Midlands
2021-08-28 23:00:00,8,23,276.0,West Midlands
2021-08-29 00:00:00,8,0,258.0,West Midlands
2021-08-29 01:00:00,8,1,236.5,West Midlands
2021-08-29 02:00:00,8,2,223.0,West Midlands
2021-08-29 03:00:00,8,3,203.0,West Midlands
2021-08-29 04:00:00,8,4,215.0,West Midlands
2021-08-29 05:00:00,8,5,210.0,West Midlands
2021-08-29 06:00:00,8,6,208.0,West Midlands
2021-08-29 07:00:00,8,7,220.5,West Midlands
2021-08-29 08:00:00,8,8,211.0,West Midlands
2021-08-29 09:00:00,8,9,185.5,West Midlands
2021-08-29 10:00:00,8,10,177.0,West Midlands
2021-08-29 11:00:00,8,11,179.5,West Midlands
2021-08-29 12:00:00,8,12,175.5,West Midlands
2021-08-29 13:00:00,8,13,168.0,West Midlands
2021-08-29 14:00:00,8,14,177.0,West Midlands
2021-08-29 15:00:00,8,15,208.0,West Midlands
2021-08-29 16:00:00,8,16,242.0,West Midlands
2021-08-29 17:00:00,8,17,259.5,West Midlands
2021-08-29 18:00:00,8,18,264.0,West Midlands
2021-08-29 19:00:00,8,19,254.5,West Midlands
2021-08-29 20:00:00,8,20,216.0,West Midlands
2021-08-29 21:00:00,8,21,193.0,West Midlands
2021-08-29 22:00:00,8,22,183.0,West Midlands
2021-08-29 23:00:00,8,23,163.0,West Midlands
2021-08-30 00:00:00,8,0,168.5,West Midlands
2021-08-30 01:00:00,8,1,173.5,West Midlands
2021-08-30 02:00:00,8,2,179.0,West Midlands
2021-08-30 03:00:00,8,3,169.5,West Midlands
2021-08-30 04:00:00,8,4,157.5,West Midlands
2021-08-30 05:00:00,8,5,165.0,West Midlands
2021-08-30 06:00:00,8,6,205.5,West Midlands
2021-08-30 07:00:00,8,7,230.5,West Midlands
2021-08-30 08:00:00,8,8,246.0,West Midlands
2021-08-30 09:00:00,8,9,246.5,West Midlands
2021-08-30 10:00:00,8,10,251.0,West Midlands
2021-08-30 11:00:00,8,11,255.5,West Midlands
2021-08-30 12:00:00,8,12,258.5,West Midlands
2021-08-30 13:00:00,8,13,262.5,West Midlands
2021-08-30 14:00:00,8,14,269.0,West Midlands
2021-08-30 15:00:00,8,15,279.0,West Midlands
2021-08-30 16:00:00,8,16,285.0,West Midlands
2021-08-30 17:00:00,8,17,289.0,West Midlands
2021-08-30 18:00:00,8,18,289.0,West Midlands
2021-08-30 19:00:00,8,19,284.5,West Midlands
2021-08-30 20:00:00,8,20,266.0,West Midlands
2021-08-30 21:00:00,8,21,231.5,West Midlands
2021-08-30 22:00:00,8,22,192.0,West Midlands
2021-08-30 23:00:00,8,23,180.0,West Midlands
2021-08-31 00:00:00,8,0,175.5,West Midlands
2021-08-31 01:00:00,8,1,182.0,West Midlands
2021-08-31 02:00:00,8,2,187.5,West Midlands
2021-08-31 03:00:00,8,3,190.5,West Midlands
2021-08-31 04:00:00,8,4,199.5,West Midlands
2021-08-31 05:00:00,8,5,212.0,West Midlands
2021-08-31 06:00:00,8,6,279.0,West Midlands
2021-08-31 07:00:00,8,7,285.5,West Midlands
2021-08-31 08:00:00,8,8,286.5,West Midlands
2021-08-31 09:00:00,8,9,287.0,West Midlands
2021-08-31 10:00:00,8,10,281.0,West Midlands
2021-08-31 11:00:00,8,11,283.5,West Midlands
2021-08-31 12:00:00,8,12,291.5,West Midlands
2021-08-31 13:00:00,8,13,297.5,West Midlands
2021-08-31 14:00:00,8,14,301.0,West Midlands
2021-08-31 15:00:00,8,15,301.0,West Midlands
2021-08-31 16:00:00,8,16,307.5,West Midlands
2021-08-31 17:00:00,8,17,313.0,West Midlands
2021-08-31 18:00:00,8,18,315.0,West Midlands
2021-08-31 19:00:00,8,19,315.5,West Midlands
2021-08-31 20:00:00,8,20,293.5,West Midlands
2021-08-31 21:00:00,8,21,245.0,West Midlands
2021-08-31 22:00:00,8,22,219.0,West Midlands
2021-08-31 23:00:00,8,23,217.5,West Midlands
2021-09-01 00:00:00,9,0,217.5,West Midlands
2021-09-01 01:00:00,9,1,223.5,West Midlands
2021-09-01 02:00:00,9,2,222.0,West Midlands
2021-09-01 03:00:00,9,3,222.0,West Midlands
2021-09-01 04:00:00,9,4,229.0,West Midlands
2021-09-01 05:00:00,9,5,277.0,West Midlands
2021-09-01 06:00:00,9,6,317.5,West Midlands
2021-09-01 07:00:00,9,7,300.5,West Midlands
2021-09-01 08:00:00,9,8,300.5,West Midlands
2021-09-01 09:00:00,9,9,289.5,West Midlands
2021-09-01 10:00:00,9,10,283.0,West Midlands
2021-09-01 11:00:00,9,11,284.5,West Midlands
2021-09-01 12:00:00,9,12,285.0,West Midlands
2021-09-01 13:00:00,9,13,289.5,West Midlands
2021-09-01 14:00:00,9,14,298.0,West Midlands
2021-09-01 15:00:00,9,15,305.0,West Midlands
2021-09-01 16:00:00,9,16,313.5,West Midlands
2021-09-01 17:00:00,9,17,312.0,West Midlands
2021-09-01 18:00:00,9,18,309.5,West Midlands
2021-09-01 19:00:00,9,19,311.5,West Midlands
2021-09-01 20:00:00,9,20,300.0,West Midlands
2021-09-01 21:00:00,9,21,288.5,West Midlands
2021-09-01 22:00:00,9,22,271.0,West Midlands
2021-09-01 23:00:00,9,23,275.5,West Midlands
2021-09-02 00:00:00,9,0,270.0,West Midlands
2021-09-02 01:00:00,9,1,269.0,West Midlands
2021-09-02 02:00:00,9,2,261.0,West Midlands
2021-09-02 03:00:00,9,3,276.0,West Midlands
2021-09-02 04:00:00,9,4,299.5,West Midlands
2021-09-02 05:00:00,9,5,322.0,West Midlands
2021-09-02 06:00:00,9,6,343.0,West Midlands
2021-09-02 07:00:00,9,7,335.5,West Midlands
2021-09-02 08:00:00,9,8,328.0,West Midlands
2021-09-02 09:00:00,9,9,319.5,West Midlands
2021-09-02 10:00:00,9,10,313.0,West Midlands
2021-09-02 11:00:00,9,11,304.5,West Midlands
2021-09-02 12:00:00,9,12,307.0,West Midlands
2021-09-02 13:00:00,9,13,296.5,West Midlands
2021-09-02 14:00:00,9,14,296.0,West Midlands
2021-09-02 15:00:00,9,15,307.5,West Midlands
2021-09-02 16:00:00,9,16,330.5,West Midlands
2021-09-02 17:00:00,9,17,348.5,West Midlands
2021-09-02 18:00:00,9,18,356.5,West Midlands
2021-09-02 19:00:00,9,19,353.0,West Midlands
2021-09-02 20:00:00,9,20,341.5,West Midlands
2021-09-02 21:00:00,9,21,322.5,West Midlands
2021-09-02 22:00:00,9,22,297.0,West Midlands
2021-09-02 23:00:00,9,23,291.0,West Midlands
2021-09-03 00:00:00,9,0,291.5,West Midlands
2021-09-03 01:00:00,9,1,287.5,West Midlands
2021-09-03 02:00:00,9,2,286.0,West Midlands
2021-09-03 03:00:00,9,3,295.0,West Midlands
2021-09-03 04:00:00,9,4,324.5,West Midlands
2021-09-03 05:00:00,9,5,342.5,West Midlands
2021-09-03 06:00:00,9,6,338.0,West Midlands
2021-09-03 07:00:00,9,7,329.0,West Midlands
2021-09-03 08:00:00,9,8,322.0,West Midlands
2021-09-03 09:00:00,9,9,315.5,West Midlands
2021-09-03 10:00:00,9,10,310.5,West Midlands
2021-09-03 11:00:00,9,11,295.0,West Midlands
2021-09-03 12:00:00,9,12,293.0,West Midlands
2021-09-03 13:00:00,9,13,283.0,West Midlands
2021-09-03 14:00:00,9,14,285.0,West Midlands
2021-09-03 15:00:00,9,15,297.5,West Midlands
2021-09-03 16:00:00,9,16,318.0,West Midlands
2021-09-03 17:00:00,9,17,334.5,West Midlands
2021-09-03 18:00:00,9,18,341.5,West Midlands
2021-09-03 19:00:00,9,19,335.0,West Midlands
2021-09-03 20:00:00,9,20,334.0,West Midlands
2021-09-03 21:00:00,9,21,317.5,West Midlands
2021-09-03 22:00:00,9,22,297.5,West Midlands
2021-09-03 23:00:00,9,23,287.5,West Midlands
2021-09-04 00:00:00,9,0,274.0,West Midlands
2021-09-04 01:00:00,9,1,274.5,West Midlands
2021-09-04 02:00:00,9,2,280.0,West Midlands
2021-09-04 03:00:00,9,3,280.0,West Midlands
2021-09-04 04:00:00,9,4,276.0,West Midlands
2021-09-04 05:00:00,9,5,268.5,West Midlands
2021-09-04 06:00:00,9,6,278.0,West Midlands
2021-09-04 07:00:00,9,7,292.0,West Midlands
2021-09-04 08:00:00,9,8,288.5,West Midlands
2021-09-04 09:00:00,9,9,275.5,West Midlands
2021-09-04 10:00:00,9,10,276.5,West Midlands
2021-09-04 11:00:00,9,11,281.0,West Midlands
2021-09-04 12:00:00,9,12,280.0,West Midlands
2021-09-04 13:00:00,9,13,268.5,West Midlands
2021-09-04 14:00:00,9,14,270.5,West Midlands
2021-09-04 15:00:00,9,15,290.5,West Midlands
2021-09-04 16:00:00,9,16,312.0,West Midlands
2021-09-04 17:00:00,9,17,322.5,West Midlands
2021-09-04 18:00:00,9,18,331.5,West Midlands
2021-09-04 19:00:00,9,19,328.0,West Midlands
2021-09-04 20:00:00,9,20,324.0,West Midlands
2021-09-04 21:00:00,9,21,307.5,West Midlands
2021-09-04 22:00:00,9,22,289.0,West Midlands
2021-09-04 23:00:00,9,23,277.0,West Midlands
2021-09-05 00:00:00,9,0,276.5,West Midlands
2021-09-05 01:00:00,9,1,276.0,West Midlands
2021-09-05 02:00:00,9,2,278.0,West Midlands
2021-09-05 03:00:00,9,3,281.5,West Midlands
2021-09-05 04:00:00,9,4,282.5,West Midlands
2021-09-05 05:00:00,9,5,283.5,West Midlands
2021-09-05 06:00:00,9,6,277.0,West Midlands
2021-09-05 07:00:00,9,7,289.5,West Midlands
2021-09-05 08:00:00,9,8,292.0,West Midlands
2021-09-05 09:00:00,9,9,262.5,West Midlands
2021-09-05 10:00:00,9,10,235.5,West Midlands
2021-09-05 11:00:00,9,11,221.0,West Midlands
2021-09-05 12:00:00,9,12,211.5,West Midlands
2021-09-05 13:00:00,9,13,216.5,West Midlands
2021-09-05 14:00:00,9,14,244.5,West Midlands
2021-09-05 15:00:00,9,15,273.0,West Midlands
2021-09-05 16:00:00,9,16,314.0,West Midlands
2021-09-05 17:00:00,9,17,330.0,West Midlands
2021-09-05 18:00:00,9,18,342.5,West Midlands
2021-09-05 19:00:00,9,19,342.5,West Midlands
2021-09-05 20:00:00,9,20,326.0,West Midlands
2021-09-05 21:00:00,9,21,318.5,West Midlands
2021-09-05 22:00:00,9,22,343.5,West Midlands
2021-09-05 23:00:00,9,23,336.5,West Midlands
2021-09-06 00:00:00,9,0,320.5,West Midlands
2021-09-06 01:00:00,9,1,319.0,West Midlands
2021-09-06 02:00:00,9,2,324.5,West Midlands
2021-09-06 03:00:00,9,3,345.5,West Midlands
2021-09-06 04:00:00,9,4,351.0,West Midlands
2021-09-06 05:00:00,9,5,341.0,West Midlands
2021-09-06 06:00:00,9,6,341.0,West Midlands
2021-09-06 07:00:00,9,7,350.0,West Midlands
2021-09-06 08:00:00,9,8,309.0,West Midlands
2021-09-06 09:00:00,9,9,286.0,West Midlands
2021-09-06 10:00:00,9,10,270.5,West Midlands
2021-09-06 11:00:00,9,11,263.0,West Midlands
2021-09-06 12:00:00,9,12,260.0,West Midlands
2021-09-06 13:00:00,9,13,256.0,West Midlands
2021-09-06 14:00:00,9,14,267.0,West Midlands
2021-09-06 15:00:00,9,15,291.0,West Midlands
2021-09-06 16:00:00,9,16,301.5,West Midlands
2021-09-06 17:00:00,9,17,320.0,West Midlands
2021-09-06 18:00:00,9,18,316.5,West Midlands
2021-09-06 19:00:00,9,19,319.0,West Midlands
2021-09-06 20:00:00,9,20,322.5,West Midlands
2021-09-06 21:00:00,9,21,314.0,West Midlands
2021-09-06 22:00:00,9,22,347.0,West Midlands
2021-09-06 23:00:00,9,23,336.5,West Midlands
2021-09-07 00:00:00,9,0,329.0,West Midlands
2021-09-07 01:00:00,9,1,329.5,West Midlands
2021-09-07 02:00:00,9,2,332.0,West Midlands
2021-09-07 03:00:00,9,3,352.0,West Midlands
2021-09-07 04:00:00,9,4,381.5,West Midlands
2021-09-07 05:00:00,9,5,394.5,West Midlands
2021-09-07 06:00:00,9,6,392.5,West Midlands
2021-09-07 07:00:00,9,7,372.0,West Midlands
2021-09-07 08:00:00,9,8,345.5,West Midlands
2021-09-07 09:00:00,9,9,315.0,West Midlands
2021-09-07 10:00:00,9,10,297.0,West Midlands
2021-09-07 11:00:00,9,11,291.0,West Midlands
2021-09-07 12:00:00,9,12,280.5,West Midlands
2021-09-07 13:00:00,9,13,270.5,West Midlands
2021-09-07 14:00:00,9,14,281.5,West Midlands
2021-09-07 15:00:00,9,15,298.0,West Midlands
2021-09-07 16:00:00,9,16,328.0,West Midlands
2021-09-07 17:00:00,9,17,345.5,West Midlands
2021-09-07 18:00:00,9,18,332.5,West Midlands
2021-09-07 19:00:00,9,19,309.0,West Midlands
2021-09-07 20:00:00,9,20,287.5,West Midlands
2021-09-07 21:00:00,9,21,278.0,West Midlands
2021-09-07 22:00:00,9,22,267.5,West Midlands
2021-09-07 23:00:00,9,23,259.5,West Midlands
2021-09-08 00:00:00,9,0,256.5,West Midlands
2021-09-08 01:00:00,9,1,265.5,West Midlands
2021-09-08 02:00:00,9,2,268.0,West Midlands
2021-09-08 03:00:00,9,3,291.0,West Midlands
2021-09-08 04:00:00,9,4,318.0,West Midlands
2021-09-08 05:00:00,9,5,339.5,West Midlands
2021-09-08 06:00:00,9,6,342.0,West Midlands
2021-09-08 07:00:00,9,7,326.0,West Midlands
2021-09-08 08:00:00,9,8,312.5,West Midlands
2021-09-08 09:00:00,9,9,294.0,West Midlands
2021-09-08 10:00:00,9,10,280.0,West Midlands
2021-09-08 11:00:00,9,11,265.0,West Midlands
2021-09-08 12:00:00,9,12,260.5,West Midlands
2021-09-08 13:00:00,9,13,266.0,West Midlands
2021-09-08 14:00:00,9,14,278.5,West Midlands
2021-09-08 15:00:00,9,15,294.0,West Midlands
2021-09-08 16:00:00,9,16,329.5,West Midlands
2021-09-08 17:00:00,9,17,352.0,West Midlands
2021-09-08 18:00:00,9,18,354.0,West Midlands
2021-09-08 19:00:00,9,19,348.0,West Midlands
2021-09-08 20:00:00,9,20,351.0,West Midlands
2021-09-08 21:00:00,9,21,339.5,West Midlands
2021-09-08 22:00:00,9,22,299.5,West Midlands
2021-09-08 23:00:00,9,23,303.0,West Midlands
2021-09-09 00:00:00,9,0,307.0,West Midlands
2021-09-09 01:00:00,9,1,310.5,West Midlands
2021-09-09 02:00:00,9,2,315.0,West Midlands
2021-09-09 03:00:00,9,3,329.0,West Midlands
2021-09-09 04:00:00,9,4,349.0,West Midlands
2021-09-09 05:00:00,9,5,360.5,West Midlands
2021-09-09 06:00:00,9,6,360.5,West Midlands
2021-09-09 07:00:00,9,7,354.5,West Midlands
2021-09-09 08:00:00,9,8,344.0,West Midlands
2021-09-09 09:00:00,9,9,336.5,West Midlands
2021-09-09 10:00:00,9,10,324.5,West Midlands
2021-09-09 11:00:00,9,11,323.0,West Midlands
2021-09-09 12:00:00,9,12,313.5,West Midlands
2021-09-09 13:00:00,9,13,317.5,West Midlands
2021-09-09 14:00:00,9,14,338.0,West Midlands
2021-09-09 15:00:00,9,15,376.5,West Midlands
2021-09-09 16:00:00,9,16,404.0,West Midlands
2021-09-09 17:00:00,9,17,412.0,West Midlands
2021-09-09 18:00:00,9,18,408.0,West Midlands
2021-09-09 19:00:00,9,19,396.0,West Midlands
2021-09-09 20:00:00,9,20,386.0,West Midlands
2021-09-09 21:00:00,9,21,367.5,West Midlands
2021-09-09 22:00:00,9,22,328.5,West Midlands
2021-09-09 23:00:00,9,23,319.5,West Midlands
2021-09-10 00:00:00,9,0,310.0,West Midlands
2021-09-10 01:00:00,9,1,301.0,West Midlands
2021-09-10 02:00:00,9,2,301.5,West Midlands
2021-09-10 03:00:00,9,3,329.5,West Midlands
2021-09-10 04:00:00,9,4,358.5,West Midlands
2021-09-10 05:00:00,9,5,371.0,West Midlands
2021-09-10 06:00:00,9,6,371.0,West Midlands
2021-09-10 07:00:00,9,7,367.5,West Midlands
2021-09-10 08:00:00,9,8,360.5,West Midlands
2021-09-10 09:00:00,9,9,352.5,West Midlands
2021-09-10 10:00:00,9,10,338.5,West Midlands
2021-09-10 11:00:00,9,11,331.5,West Midlands
2021-09-10 12:00:00,9,12,326.5,West Midlands
2021-09-10 13:00:00,9,13,317.0,West Midlands
2021-09-10 14:00:00,9,14,320.5,West Midlands
2021-09-10 15:00:00,9,15,339.5,West Midlands
2021-09-10 16:00:00,9,16,350.5,West Midlands
2021-09-10 17:00:00,9,17,348.5,West Midlands
2021-09-10 18:00:00,9,18,368.5,West Midlands
2021-09-10 19:00:00,9,19,367.5,West Midlands
2021-09-10 20:00:00,9,20,353.5,West Midlands
2021-09-10 21:00:00,9,21,324.5,West Midlands
2021-09-10 22:00:00,9,22,301.0,West Midlands
2021-09-10 23:00:00,9,23,283.5,West Midlands
2021-09-11 00:00:00,9,0,263.0,West Midlands
2021-09-11 01:00:00,9,1,257.0,West Midlands
2021-09-11 02:00:00,9,2,224.0,West Midlands
2021-09-11 03:00:00,9,3,216.5,West Midlands
2021-09-11 04:00:00,9,4,228.0,West Midlands
2021-09-11 05:00:00,9,5,234.0,West Midlands
2021-09-11 06:00:00,9,6,273.0,West Midlands
2021-09-11 07:00:00,9,7,295.0,West Midlands
2021-09-11 08:00:00,9,8,300.5,West Midlands
2021-09-11 09:00:00,9,9,290.5,West Midlands
2021-09-11 10:00:00,9,10,267.5,West Midlands
2021-09-11 11:00:00,9,11,248.0,West Midlands
2021-09-11 12:00:00,9,12,221.5,West Midlands
2021-09-11 13:00:00,9,13,210.0,West Midlands
2021-09-11 14:00:00,9,14,211.5,West Midlands
2021-09-11 15:00:00,9,15,214.0,West Midlands
2021-09-11 16:00:00,9,16,260.0,West Midlands
2021-09-11 17:00:00,9,17,257.0,West Midlands
2021-09-11 18:00:00,9,18,258.5,West Midlands
2021-09-11 19:00:00,9,19,265.5,West Midlands
2021-09-11 20:00:00,9,20,282.5,West Midlands
2021-09-11 21:00:00,9,21,282.0,West Midlands
2021-09-11 22:00:00,9,22,290.0,West Midlands
2021-09-11 23:00:00,9,23,273.5,West Midlands
2021-09-12 00:00:00,9,0,264.0,West Midlands
2021-09-12 01:00:00,9,1,289.0,West Midlands
2021-09-12 02:00:00,9,2,323.5,West Midlands
2021-09-12 03:00:00,9,3,333.5,West Midlands
2021-09-12 04:00:00,9,4,344.0,West Midlands
2021-09-12 05:00:00,9,5,359.5,West Midlands
2021-09-12 06:00:00,9,6,354.5,West Midlands
2021-09-12 07:00:00,9,7,344.5,West Midlands
2021-09-12 08:00:00,9,8,335.5,West Midlands
2021-09-12 09:00:00,9,9,322.5,West Midlands
2021-09-12 10:00:00,9,10,311.5,West Midlands
2021-09-12 11:00:00,9,11,317.0,West Midlands
2021-09-12 12:00:00,9,12,338.0,West Midlands
2021-09-12 13:00:00,9,13,358.0,West Midlands
2021-09-12 14:00:00,9,14,369.0,West Midlands
2021-09-12 15:00:00,9,15,384.5,West Midlands
2021-09-12 16:00:00,9,16,395.0,West Midlands
2021-09-12 17:00:00,9,17,400.5,West Midlands
2021-09-12 18:00:00,9,18,403.0,West Midlands
2021-09-12 19:00:00,9,19,399.0,West Midlands
2021-09-12 20:00:00,9,20,385.5,West Midlands
2021-09-12 21:00:00,9,21,362.0,West Midlands
2021-09-12 22:00:00,9,22,348.0,West Midlands
2021-09-12 23:00:00,9,23,332.0,West Midlands
2021-09-13 00:00:00,9,0,303.5,West Midlands
2021-09-13 01:00:00,9,1,293.0,West Midlands
2021-09-13 02:00:00,9,2,291.0,West Midlands
2021-09-13 03:00:00,9,3,291.0,West Midlands
2021-09-13 04:00:00,9,4,311.0,West Midlands
2021-09-13 05:00:00,9,5,365.0,West Midlands
2021-09-13 06:00:00,9,6,384.5,West Midlands
2021-09-13 07:00:00,9,7,382.5,West Midlands
2021-09-13 08:00:00,9,8,363.5,West Midlands
2021-09-13 09:00:00,9,9,350.5,West Midlands
2021-09-13 10:00:00,9,10,340.5,West Midlands
2021-09-13 11:00:00,9,11,328.5,West Midlands
2021-09-13 12:00:00,9,12,320.0,West Midlands
2021-09-13 13:00:00,9,13,325.0,West Midlands
2021-09-13 14:00:00,9,14,342.5,West Midlands
2021-09-13 15:00:00,9,15,362.5,West Midlands
2021-09-13 16:00:00,9,16,370.0,West Midlands
2021-09-13 17:00:00,9,17,380.5,West Midlands
2021-09-13 18:00:00,9,18,390.0,West Midlands
2021-09-13 19:00:00,9,19,387.0,West Midlands
2021-09-13 20:00:00,9,20,384.5,West Midlands
2021-09-13 21:00:00,9,21,392.0,West Midlands
2021-09-13 22:00:00,9,22,375.0,West Midlands
2021-09-13 23:00:00,9,23,363.5,West Midlands
2021-09-14 00:00:00,9,0,349.5,West Midlands
2021-09-14 01:00:00,9,1,333.0,West Midlands
2021-09-14 02:00:00,9,2,314.5,West Midlands
2021-09-14 03:00:00,9,3,328.5,West Midlands
2021-09-14 04:00:00,9,4,376.5,West Midlands
2021-09-14 05:00:00,9,5,383.5,West Midlands
2021-09-14 06:00:00,9,6,368.0,West Midlands
2021-09-14 07:00:00,9,7,364.5,West Midlands
2021-09-14 08:00:00,9,8,359.0,West Midlands
2021-09-14 09:00:00,9,9,352.0,West Midlands
2021-09-14 10:00:00,9,10,351.0,West Midlands
2021-09-14 11:00:00,9,11,348.5,West Midlands
2021-09-14 12:00:00,9,12,345.5,West Midlands
2021-09-14 13:00:00,9,13,346.5,West Midlands
2021-09-14 14:00:00,9,14,352.5,West Midlands
2021-09-14 15:00:00,9,15,366.5,West Midlands
2021-09-14 16:00:00,9,16,383.0,West Midlands
2021-09-14 17:00:00,9,17,395.0,West Midlands
2021-09-14 18:00:00,9,18,392.5,West Midlands
2021-09-14 19:00:00,9,19,399.0,West Midlands
2021-09-14 20:00:00,9,20,409.5,West Midlands
2021-09-14 21:00:00,9,21,391.0,West Midlands
2021-09-14 22:00:00,9,22,384.5,West Midlands
2021-09-14 23:00:00,9,23,386.5,West Midlands
2021-09-15 00:00:00,9,0,380.5,West Midlands
2021-09-15 01:00:00,9,1,367.5,West Midlands
2021-09-15 02:00:00,9,2,358.5,West Midlands
2021-09-15 03:00:00,9,3,406.5,West Midlands
2021-09-15 04:00:00,9,4,413.0,West Midlands
2021-09-15 05:00:00,9,5,408.0,West Midlands
2021-09-15 06:00:00,9,6,379.0,West Midlands
2021-09-15 07:00:00,9,7,365.5,West Midlands
2021-09-15 08:00:00,9,8,354.0,West Midlands
2021-09-15 09:00:00,9,9,340.0,West Midlands
2021-09-15 10:00:00,9,10,320.0,West Midlands
2021-09-15 11:00:00,9,11,302.0,West Midlands
2021-09-15 12:00:00,9,12,290.5,West Midlands
2021-09-15 13:00:00,9,13,298.0,West Midlands
2021-09-15 14:00:00,9,14,319.5,West Midlands
2021-09-15 15:00:00,9,15,352.0,West Midlands
2021-09-15 16:00:00,9,16,381.0,West Midlands
2021-09-15 17:00:00,9,17,422.0,West Midlands
2021-09-15 18:00:00,9,18,434.5,West Midlands
2021-09-15 19:00:00,9,19,431.5,West Midlands
2021-09-15 20:00:00,9,20,432.5,West Midlands
2021-09-15 21:00:00,9,21,427.0,West Midlands
2021-09-15 22:00:00,9,22,417.5,West Midlands
2021-09-15 23:00:00,9,23,420.5,West Midlands
2021-09-16 00:00:00,9,0,367.0,West Midlands
2021-09-16 01:00:00,9,1,374.0,West Midlands
2021-09-16 02:00:00,9,2,387.5,West Midlands
2021-09-16 03:00:00,9,3,388.5,West Midlands
2021-09-16 04:00:00,9,4,409.0,West Midlands
2021-09-16 05:00:00,9,5,417.0,West Midlands
2021-09-16 06:00:00,9,6,409.5,West Midlands
2021-09-16 07:00:00,9,7,389.0,West Midlands
2021-09-16 08:00:00,9,8,364.0,West Midlands
2021-09-16 09:00:00,9,9,338.0,West Midlands
2021-09-16 10:00:00,9,10,325.5,West Midlands
2021-09-16 11:00:00,9,11,318.0,West Midlands
2021-09-16 12:00:00,9,12,318.5,West Midlands
2021-09-16 13:00:00,9,13,326.0,West Midlands
2021-09-16 14:00:00,9,14,328.0,West Midlands
2021-09-16 15:00:00,9,15,335.5,West Midlands
2021-09-16 16:00:00,9,16,344.0,West Midlands
2021-09-16 17:00:00,9,17,346.5,West Midlands
2021-09-16 18:00:00,9,18,321.0,West Midlands
2021-09-16 19:00:00,9,19,330.5,West Midlands
2021-09-16 20:00:00,9,20,307.0,West Midlands
2021-09-16 21:00:00,9,21,271.5,West Midlands
2021-09-16 22:00:00,9,22,221.0,West Midlands
2021-09-16 23:00:00,9,23,168.0,West Midlands
2021-09-17 00:00:00,9,0,152.0,West Midlands
2021-09-17 01:00:00,9,1,148.0,West Midlands
2021-09-17 02:00:00,9,2,143.5,West Midlands
2021-09-17 03:00:00,9,3,121.5,West Midlands
2021-09-17 04:00:00,9,4,136.0,West Midlands
2021-09-17 05:00:00,9,5,174.5,West Midlands
2021-09-17 06:00:00,9,6,242.5,West Midlands
2021-09-17 07:00:00,9,7,236.5,West Midlands
2021-09-17 08:00:00,9,8,231.0,West Midlands
2021-09-17 09:00:00,9,9,233.5,West Midlands
2021-09-17 10:00:00,9,10,230.0,West Midlands
2021-09-17 11:00:00,9,11,242.5,West Midlands
2021-09-17 12:00:00,9,12,221.5,West Midlands
2021-09-17 13:00:00,9,13,242.5,West Midlands
2021-09-17 14:00:00,9,14,271.5,West Midlands
2021-09-17 15:00:00,9,15,285.0,West Midlands
2021-09-17 16:00:00,9,16,306.5,West Midlands
2021-09-17 17:00:00,9,17,325.5,West Midlands
2021-09-17 18:00:00,9,18,343.5,West Midlands
2021-09-17 19:00:00,9,19,368.0,West Midlands
2021-09-17 20:00:00,9,20,376.0,West Midlands
2021-09-17 21:00:00,9,21,371.5,West Midlands
2021-09-17 22:00:00,9,22,370.0,West Midlands
2021-09-17 23:00:00,9,23,358.3,West Midlands
2021-09-18 00:00:00,9,0,357.5,West Midlands
2021-09-18 01:00:00,9,1,358.0,West Midlands
2021-09-18 02:00:00,9,2,363.0,West Midlands
2021-09-18 03:00:00,9,3,370.0,West Midlands
2021-09-18 04:00:00,9,4,370.0,West Midlands
2021-09-18 05:00:00,9,5,374.0,West Midlands
2021-09-18 06:00:00,9,6,370.5,West Midlands
2021-09-18 07:00:00,9,7,354.5,West Midlands
2021-09-18 08:00:00,9,8,327.5,West Midlands
2021-09-18 09:00:00,9,9,297.5,West Midlands
2021-09-18 10:00:00,9,10,281.0,West Midlands
2021-09-18 11:00:00,9,11,287.5,West Midlands
2021-09-18 12:00:00,9,12,309.0,West Midlands
2021-09-18 13:00:00,9,13,323.5,West Midlands
2021-09-18 14:00:00,9,14,336.0,West Midlands
2021-09-18 15:00:00,9,15,350.0,West Midlands
2021-09-18 16:00:00,9,16,362.0,West Midlands
2021-09-18 17:00:00,9,17,371.0,West Midlands
2021-09-18 18:00:00,9,18,365.0,West Midlands
2021-09-18 19:00:00,9,19,349.0,West Midlands
2021-09-18 20:00:00,9,20,334.0,West Midlands
2021-09-18 21:00:00,9,21,310.5,West Midlands
2021-09-18 22:00:00,9,22,284.0,West Midlands
2021-09-18 23:00:00,9,23,263.0,West Midlands
2021-09-19 00:00:00,9,0,258.0,West Midlands
2021-09-19 01:00:00,9,1,232.0,West Midlands
2021-09-19 02:00:00,9,2,232.0,West Midlands
2021-09-19 03:00:00,9,3,236.5,West Midlands
2021-09-19 04:00:00,9,4,267.0,West Midlands
2021-09-19 05:00:00,9,5,314.0,West Midlands
2021-09-19 06:00:00,9,6,330.0,West Midlands
2021-09-19 07:00:00,9,7,335.0,West Midlands
2021-09-19 08:00:00,9,8,334.5,West Midlands
2021-09-19 09:00:00,9,9,318.0,West Midlands
2021-09-19 10:00:00,9,10,301.0,West Midlands
2021-09-19 11:00:00,9,11,294.0,West Midlands
2021-09-19 12:00:00,9,12,300.0,West Midlands
2021-09-19 13:00:00,9,13,296.5,West Midlands
2021-09-19 14:00:00,9,14,316.5,West Midlands
2021-09-19 15:00:00,9,15,339.5,West Midlands
2021-09-19 16:00:00,9,16,366.0,West Midlands
2021-09-19 17:00:00,9,17,385.5,West Midlands
2021-09-19 18:00:00,9,18,396.5,West Midlands
2021-09-19 19:00:00,9,19,396.5,West Midlands
2021-09-19 20:00:00,9,20,390.0,West Midlands
2021-09-19 21:00:00,9,21,374.0,West Midlands
2021-09-19 22:00:00,9,22,359.0,West Midlands
2021-09-19 23:00:00,9,23,338.0,West Midlands
2021-09-20 00:00:00,9,0,330.0,West Midlands
2021-09-20 01:00:00,9,1,318.5,West Midlands
2021-09-20 02:00:00,9,2,340.0,West Midlands
2021-09-20 03:00:00,9,3,357.5,West Midlands
2021-09-20 04:00:00,9,4,388.5,West Midlands
2021-09-20 05:00:00,9,5,405.5,West Midlands
2021-09-20 06:00:00,9,6,390.0,West Midlands
2021-09-20 07:00:00,9,7,367.5,West Midlands
2021-09-20 08:00:00,9,8,347.0,West Midlands
2021-09-20 09:00:00,9,9,329.0,West Midlands
2021-09-20 10:00:00,9,10,311.5,West Midlands
2021-09-20 11:00:00,9,11,298.0,West Midlands
2021-09-20 12:00:00,9,12,295.0,West Midlands
2021-09-20 13:00:00,9,13,287.5,West Midlands
2021-09-20 14:00:00,9,14,281.0,West Midlands
2021-09-20 15:00:00,9,15,295.0,West Midlands
2021-09-20 16:00:00,9,16,312.5,West Midlands
2021-09-20 17:00:00,9,17,335.5,West Midlands
2021-09-20 18:00:00,9,18,334.5,West Midlands
2021-09-20 19:00:00,9,19,358.0,West Midlands
2021-09-20 20:00:00,9,20,345.5,West Midlands
2021-09-20 21:00:00,9,21,320.0,West Midlands
2021-09-20 22:00:00,9,22,277.0,West Midlands
2021-09-20 23:00:00,9,23,250.0,West Midlands
2021-09-21 00:00:00,9,0,235.5,West Midlands
2021-09-21 01:00:00,9,1,249.0,West Midlands
2021-09-21 02:00:00,9,2,257.5,West Midlands
2021-09-21 03:00:00,9,3,257.0,West Midlands
2021-09-21 04:00:00,9,4,316.5,West Midlands
2021-09-21 05:00:00,9,5,369.5,West Midlands
2021-09-21 06:00:00,9,6,384.0,West Midlands
2021-09-21 07:00:00,9,7,367.5,West Midlands
2021-09-21 08:00:00,9,8,350.0,West Midlands
2021-09-21 09:00:00,9,9,339.0,West Midlands
2021-09-21 10:00:00,9,10,318.0,West Midlands
2021-09-21 11:00:00,9,11,279.5,West Midlands
2021-09-21 12:00:00,9,12,268.5,West Midlands
2021-09-21 13:00:00,9,13,268.5,West Midlands
2021-09-21 14:00:00,9,14,275.0,West Midlands
2021-09-21 15:00:00,9,15,304.5,West Midlands
2021-09-21 16:00:00,9,16,302.0,West Midlands
2021-09-21 17:00:00,9,17,307.0,West Midlands
2021-09-21 18:00:00,9,18,304.0,West Midlands
2021-09-21 19:00:00,9,19,278.5,West Midlands
2021-09-21 20:00:00,9,20,229.0,West Midlands
2021-09-21 21:00:00,9,21,157.0,West Midlands
2021-09-21 22:00:00,9,22,118.0,West Midlands
2021-09-21 23:00:00,9,23,87.5,West Midlands
2021-09-22 00:00:00,9,0,75.0,West Midlands
2021-09-22 01:00:00,9,1,77.0,West Midlands
2021-09-22 02:00:00,9,2,69.0,West Midlands
2021-09-22 03:00:00,9,3,69.5,West Midlands
2021-09-22 04:00:00,9,4,78.0,West Midlands
2021-09-22 05:00:00,9,5,113.5,West Midlands
2021-09-22 06:00:00,9,6,141.0,West Midlands
2021-09-22 07:00:00,9,7,139.0,West Midlands
2021-09-22 08:00:00,9,8,145.0,West Midlands
2021-09-22 09:00:00,9,9,154.0,West Midlands
2021-09-22 10:00:00,9,10,150.0,West Midlands
2021-09-22 11:00:00,9,11,157.0,West Midlands
2021-09-22 12:00:00,9,12,127.5,West Midlands
2021-09-22 13:00:00,9,13,100.0,West Midlands
2021-09-22 14:00:00,9,14,93.5,West Midlands
2021-09-22 15:00:00,9,15,112.5,West Midlands
2021-09-22 16:00:00,9,16,122.5,West Midlands
2021-09-22 17:00:00,9,17,122.0,West Midlands
2021-09-22 18:00:00,9,18,132.0,West Midlands
2021-09-22 19:00:00,9,19,111.0,West Midlands
2021-09-22 20:00:00,9,20,72.5,West Midlands
2021-09-22 21:00:00,9,21,47.5,West Midlands
2021-09-22 22:00:00,9,22,28.5,West Midlands
2021-09-22 23:00:00,9,23,19.0,West Midlands
2021-09-23 00:00:00,9,0,11.0,West Midlands
2021-09-23 01:00:00,9,1,8.5,West Midlands
2021-09-23 02:00:00,9,2,10.5,West Midlands
2021-09-23 03:00:00,9,3,10.0,West Midlands
2021-09-23 04:00:00,9,4,12.5,West Midlands
2021-09-23 05:00:00,9,5,21.0,West Midlands
2021-09-23 06:00:00,9,6,40.0,West Midlands
2021-09-23 07:00:00,9,7,48.5,West Midlands
2021-09-23 08:00:00,9,8,59.0,West Midlands
2021-09-23 09:00:00,9,9,64.5,West Midlands
2021-09-23 10:00:00,9,10,71.0,West Midlands
2021-09-23 11:00:00,9,11,92.0,West Midlands
2021-09-23 12:00:00,9,12,109.0,West Midlands
2021-09-23 13:00:00,9,13,128.5,West Midlands
2021-09-23 14:00:00,9,14,186.5,West Midlands
2021-09-23 15:00:00,9,15,250.0,West Midlands
2021-09-23 16:00:00,9,16,275.0,West Midlands
2021-09-23 17:00:00,9,17,280.0,West Midlands
2021-09-23 18:00:00,9,18,258.5,West Midlands
2021-09-23 19:00:00,9,19,219.5,West Midlands
2021-09-23 20:00:00,9,20,154.0,West Midlands
2021-09-23 21:00:00,9,21,94.5,West Midlands
2021-09-23 22:00:00,9,22,74.5,West Midlands
2021-09-23 23:00:00,9,23,62.0,West Midlands
2021-09-24 00:00:00,9,0,52.5,West Midlands
2021-09-24 01:00:00,9,1,54.0,West Midlands
2021-09-24 02:00:00,9,2,52.0,West Midlands
2021-09-24 03:00:00,9,3,27.0,West Midlands
2021-09-24 04:00:00,9,4,32.5,West Midlands
2021-09-24 05:00:00,9,5,67.5,West Midlands
2021-09-24 06:00:00,9,6,113.5,West Midlands
2021-09-24 07:00:00,9,7,110.5,West Midlands
2021-09-24 08:00:00,9,8,104.0,West Midlands
2021-09-24 09:00:00,9,9,79.5,West Midlands
2021-09-24 10:00:00,9,10,52.0,West Midlands
2021-09-24 11:00:00,9,11,40.0,West Midlands
2021-09-24 12:00:00,9,12,38.5,West Midlands
2021-09-24 13:00:00,9,13,46.5,West Midlands
2021-09-24 14:00:00,9,14,52.0,West Midlands
2021-09-24 15:00:00,9,15,64.0,West Midlands
2021-09-24 16:00:00,9,16,97.0,West Midlands
2021-09-24 17:00:00,9,17,121.0,West Midlands
2021-09-24 18:00:00,9,18,137.5,West Midlands
2021-09-24 19:00:00,9,19,154.5,West Midlands
2021-09-24 20:00:00,9,20,176.5,West Midlands
2021-09-24 21:00:00,9,21,194.0,West Midlands
2021-09-24 22:00:00,9,22,193.0,West Midlands
2021-09-24 23:00:00,9,23,181.0,West Midlands
2021-09-25 00:00:00,9,0,176.5,West Midlands
2021-09-25 01:00:00,9,1,192.0,West Midlands
2021-09-25 02:00:00,9,2,219.5,West Midlands
2021-09-25 03:00:00,9,3,254.0,West Midlands
2021-09-25 04:00:00,9,4,268.5,West Midlands
2021-09-25 05:00:00,9,5,300.0,West Midlands
2021-09-25 06:00:00,9,6,329.0,West Midlands
2021-09-25 07:00:00,9,7,334.5,West Midlands
2021-09-25 08:00:00,9,8,330.5,West Midlands
2021-09-25 09:00:00,9,9,310.0,West Midlands
2021-09-25 10:00:00,9,10,301.0,West Midlands
2021-09-25 11:00:00,9,11,296.5,West Midlands
2021-09-25 12:00:00,9,12,286.0,West Midlands
2021-09-25 13:00:00,9,13,287.5,West Midlands
2021-09-25 14:00:00,9,14,287.0,West Midlands
2021-09-25 15:00:00,9,15,289.0,West Midlands
2021-09-25 16:00:00,9,16,294.0,West Midlands
2021-09-25 17:00:00,9,17,289.5,West Midlands
2021-09-25 18:00:00,9,18,280.5,West Midlands
2021-09-25 19:00:00,9,19,258.5,West Midlands
2021-09-25 20:00:00,9,20,249.0,West Midlands
2021-09-25 21:00:00,9,21,223.0,West Midlands
2021-09-25 22:00:00,9,22,175.5,West Midlands
2021-09-25 23:00:00,9,23,131.0,West Midlands
2021-09-26 00:00:00,9,0,108.5,West Midlands
2021-09-26 01:00:00,9,1,108.0,West Midlands
2021-09-26 02:00:00,9,2,61.5,West Midlands
2021-09-26 03:00:00,9,3,79.0,West Midlands
2021-09-26 04:00:00,9,4,78.0,West Midlands
2021-09-26 05:00:00,9,5,90.0,West Midlands
2021-09-26 06:00:00,9,6,103.0,West Midlands
2021-09-26 07:00:00,9,7,105.0,West Midlands
2021-09-26 08:00:00,9,8,100.5,West Midlands
2021-09-26 09:00:00,9,9,104.5,West Midlands
2021-09-26 10:00:00,9,10,90.0,West Midlands
2021-09-26 11:00:00,9,11,73.5,West Midlands
2021-09-26 12:00:00,9,12,47.0,West Midlands
2021-09-26 13:00:00,9,13,39.5,West Midlands
2021-09-26 14:00:00,9,14,31.0,West Midlands
2021-09-26 15:00:00,9,15,55.5,West Midlands
2021-09-26 16:00:00,9,16,83.0,West Midlands
2021-09-26 17:00:00,9,17,87.5,West Midlands
2021-09-26 18:00:00,9,18,74.5,West Midlands
2021-09-26 19:00:00,9,19,77.0,West Midlands
2021-09-26 20:00:00,9,20,56.0,West Midlands
2021-09-26 21:00:00,9,21,51.0,West Midlands
2021-09-26 22:00:00,9,22,40.0,West Midlands
2021-09-26 23:00:00,9,23,43.0,West Midlands
2021-09-27 00:00:00,9,0,54.0,West Midlands
2021-09-27 01:00:00,9,1,96.5,West Midlands
2021-09-27 02:00:00,9,2,93.0,West Midlands
2021-09-27 03:00:00,9,3,66.5,West Midlands
2021-09-27 04:00:00,9,4,74.0,West Midlands
2021-09-27 05:00:00,9,5,137.0,West Midlands
2021-09-27 06:00:00,9,6,201.0,West Midlands
2021-09-27 07:00:00,9,7,215.5,West Midlands
2021-09-27 08:00:00,9,8,175.0,West Midlands
2021-09-27 09:00:00,9,9,133.0,West Midlands
2021-09-27 10:00:00,9,10,102.0,West Midlands
2021-09-27 11:00:00,9,11,81.5,West Midlands
2021-09-27 12:00:00,9,12,67.5,West Midlands
2021-09-27 13:00:00,9,13,60.0,West Midlands
2021-09-27 14:00:00,9,14,70.0,West Midlands
2021-09-27 15:00:00,9,15,87.0,West Midlands
2021-09-27 16:00:00,9,16,114.5,West Midlands
2021-09-27 17:00:00,9,17,143.5,West Midlands
2021-09-27 18:00:00,9,18,157.5,West Midlands
2021-09-27 19:00:00,9,19,153.0,West Midlands
2021-09-27 20:00:00,9,20,130.0,West Midlands
2021-09-27 21:00:00,9,21,55.0,West Midlands
2021-09-27 22:00:00,9,22,34.5,West Midlands
2021-09-27 23:00:00,9,23,32.0,West Midlands
2021-09-28 00:00:00,9,0,33.5,West Midlands
2021-09-28 01:00:00,9,1,30.0,West Midlands
2021-09-28 02:00:00,9,2,29.0,West Midlands
2021-09-28 03:00:00,9,3,32.5,West Midlands
2021-09-28 04:00:00,9,4,42.0,West Midlands
2021-09-28 05:00:00,9,5,109.5,West Midlands
2021-09-28 06:00:00,9,6,172.5,West Midlands
2021-09-28 07:00:00,9,7,193.5,West Midlands
2021-09-28 08:00:00,9,8,208.0,West Midlands
2021-09-28 09:00:00,9,9,202.0,West Midlands
2021-09-28 10:00:00,9,10,228.0,West Midlands
2021-09-28 11:00:00,9,11,236.5,West Midlands
2021-09-28 12:00:00,9,12,261.0,West Midlands
2021-09-28 13:00:00,9,13,270.0,West Midlands
2021-09-28 14:00:00,9,14,283.0,West Midlands
2021-09-28 15:00:00,9,15,293.5,West Midlands
2021-09-28 16:00:00,9,16,293.5,West Midlands
2021-09-28 17:00:00,9,17,296.5,West Midlands
2021-09-28 18:00:00,9,18,306.0,West Midlands
2021-09-28 19:00:00,9,19,305.5,West Midlands
2021-09-28 20:00:00,9,20,291.0,West Midlands
2021-09-28 21:00:00,9,21,251.0,West Midlands
2021-09-28 22:00:00,9,22,177.0,West Midlands
2021-09-28 23:00:00,9,23,138.5,West Midlands
2021-09-29 00:00:00,9,0,136.0,West Midlands
2021-09-29 01:00:00,9,1,141.0,West Midlands
2021-09-29 02:00:00,9,2,106.0,West Midlands
2021-09-29 03:00:00,9,3,77.5,West Midlands
2021-09-29 04:00:00,9,4,69.5,West Midlands
2021-09-29 05:00:00,9,5,97.0,West Midlands
2021-09-29 06:00:00,9,6,158.0,West Midlands
2021-09-29 07:00:00,9,7,157.0,West Midlands
2021-09-29 08:00:00,9,8,140.0,West Midlands
2021-09-29 09:00:00,9,9,123.5,West Midlands
2021-09-29 10:00:00,9,10,104.5,West Midlands
2021-09-29 11:00:00,9,11,100.0,West Midlands
2021-09-29 12:00:00,9,12,85.5,West Midlands
2021-09-29 13:00:00,9,13,75.0,West Midlands
2021-09-29 14:00:00,9,14,86.5,West Midlands
2021-09-29 15:00:00,9,15,130.5,West Midlands
2021-09-29 16:00:00,9,16,194.5,West Midlands
2021-09-29 17:00:00,9,17,230.0,West Midlands
2021-09-29 18:00:00,9,18,253.0,West Midlands
2021-09-29 19:00:00,9,19,269.0,West Midlands
2021-09-29 20:00:00,9,20,265.5,West Midlands
2021-09-29 21:00:00,9,21,215.5,West Midlands
2021-09-29 22:00:00,9,22,143.5,West Midlands
2021-09-29 23:00:00,9,23,114.0,West Midlands
2021-09-30 00:00:00,9,0,84.0,West Midlands
2021-09-30 01:00:00,9,1,69.5,West Midlands
2021-09-30 02:00:00,9,2,60.5,West Midlands
2021-09-30 03:00:00,9,3,43.5,West Midlands
2021-09-30 04:00:00,9,4,37.0,West Midlands
2021-09-30 05:00:00,9,5,65.0,West Midlands
2021-09-30 06:00:00,9,6,119.0,West Midlands
2021-09-30 07:00:00,9,7,134.0,West Midlands
2021-09-30 08:00:00,9,8,151.5,West Midlands
2021-09-30 09:00:00,9,9,163.5,West Midlands
2021-09-30 10:00:00,9,10,145.0,West Midlands
2021-09-30 11:00:00,9,11,154.0,West Midlands
2021-09-30 12:00:00,9,12,155.0,West Midlands
2021-09-30 13:00:00,9,13,156.0,West Midlands
2021-09-30 14:00:00,9,14,162.5,West Midlands
2021-09-30 15:00:00,9,15,171.5,West Midlands
2021-09-30 16:00:00,9,16,179.5,West Midlands
2021-09-30 17:00:00,9,17,185.5,West Midlands
2021-09-30 18:00:00,9,18,197.0,West Midlands
2021-09-30 19:00:00,9,19,213.5,West Midlands
2021-09-30 20:00:00,9,20,161.0,West Midlands
2021-09-30 21:00:00,9,21,94.5,West Midlands
2021-09-30 22:00:00,9,22,62.0,West Midlands
2021-09-30 23:00:00,9,23,54.7,West Midlands
2021-10-01 00:00:00,10,0,56.0,West Midlands
2021-10-01 01:00:00,10,1,59.5,West Midlands
2021-10-01 02:00:00,10,2,51.5,West Midlands
2021-10-01 03:00:00,10,3,50.0,West Midlands
2021-10-01 04:00:00,10,4,43.5,West Midlands
2021-10-01 05:00:00,10,5,55.0,West Midlands
2021-10-01 06:00:00,10,6,69.5,West Midlands
2021-10-01 07:00:00,10,7,72.0,West Midlands
2021-10-01 08:00:00,10,8,68.0,West Midlands
2021-10-01 09:00:00,10,9,57.0,West Midlands
2021-10-01 10:00:00,10,10,52.0,West Midlands
2021-10-01 11:00:00,10,11,40.5,West Midlands
2021-10-01 12:00:00,10,12,35.5,West Midlands
2021-10-01 13:00:00,10,13,37.5,West Midlands
2021-10-01 14:00:00,10,14,40.5,West Midlands
2021-10-01 15:00:00,10,15,52.0,West Midlands
2021-10-01 16:00:00,10,16,67.0,West Midlands
2021-10-01 17:00:00,10,17,77.0,West Midlands
2021-10-01 18:00:00,10,18,91.0,West Midlands
2021-10-01 19:00:00,10,19,94.5,West Midlands
2021-10-01 20:00:00,10,20,87.0,West Midlands
2021-10-01 21:00:00,10,21,56.5,West Midlands
2021-10-01 22:00:00,10,22,58.0,West Midlands
2021-10-01 23:00:00,10,23,63.0,West Midlands
2021-10-02 00:00:00,10,0,63.5,West Midlands
2021-10-02 01:00:00,10,1,79.0,West Midlands
2021-10-02 02:00:00,10,2,68.0,West Midlands
2021-10-02 03:00:00,10,3,53.0,West Midlands
2021-10-02 04:00:00,10,4,50.5,West Midlands
2021-10-02 05:00:00,10,5,60.5,West Midlands
2021-10-02 06:00:00,10,6,80.5,West Midlands
2021-10-02 07:00:00,10,7,93.5,West Midlands
2021-10-02 08:00:00,10,8,108.5,West Midlands
2021-10-02 09:00:00,10,9,106.0,West Midlands
2021-10-02 10:00:00,10,10,112.5,West Midlands
2021-10-02 11:00:00,10,11,110.5,West Midlands
2021-10-02 12:00:00,10,12,96.5,West Midlands
2021-10-02 13:00:00,10,13,107.0,West Midlands
2021-10-02 14:00:00,10,14,148.5,West Midlands
2021-10-02 15:00:00,10,15,200.5,West Midlands
2021-10-02 16:00:00,10,16,236.0,West Midlands
2021-10-02 17:00:00,10,17,256.5,West Midlands
2021-10-02 18:00:00,10,18,251.5,West Midlands
2021-10-02 19:00:00,10,19,249.5,West Midlands
2021-10-02 20:00:00,10,20,235.5,West Midlands
2021-10-02 21:00:00,10,21,134.0,West Midlands
2021-10-02 22:00:00,10,22,83.0,West Midlands
2021-10-02 23:00:00,10,23,61.0,West Midlands
2021-10-03 00:00:00,10,0,59.0,West Midlands
2021-10-03 01:00:00,10,1,35.0,West Midlands
2021-10-03 02:00:00,10,2,18.0,West Midlands
2021-10-03 03:00:00,10,3,14.0,West Midlands
2021-10-03 04:00:00,10,4,23.0,West Midlands
2021-10-03 05:00:00,10,5,34.5,West Midlands
2021-10-03 06:00:00,10,6,38.5,West Midlands
2021-10-03 07:00:00,10,7,52.0,West Midlands
2021-10-03 08:00:00,10,8,59.0,West Midlands
2021-10-03 09:00:00,10,9,48.5,West Midlands
2021-10-03 10:00:00,10,10,42.0,West Midlands
2021-10-03 11:00:00,10,11,50.0,West Midlands
2021-10-03 12:00:00,10,12,44.5,West Midlands
2021-10-03 13:00:00,10,13,42.0,West Midlands
2021-10-03 14:00:00,10,14,44.5,West Midlands
2021-10-03 15:00:00,10,15,58.5,West Midlands
2021-10-03 16:00:00,10,16,65.0,West Midlands
2021-10-03 17:00:00,10,17,79.5,West Midlands
2021-10-03 18:00:00,10,18,99.5,West Midlands
2021-10-03 19:00:00,10,19,75.5,West Midlands
2021-10-03 20:00:00,10,20,60.5,West Midlands
2021-10-03 21:00:00,10,21,48.5,West Midlands
2021-10-03 22:00:00,10,22,42.0,West Midlands
2021-10-03 23:00:00,10,23,43.0,West Midlands
2021-10-04 00:00:00,10,0,47.5,West Midlands
2021-10-04 01:00:00,10,1,55.5,West Midlands
2021-10-04 02:00:00,10,2,60.5,West Midlands
2021-10-04 03:00:00,10,3,61.0,West Midlands
2021-10-04 04:00:00,10,4,72.5,West Midlands
2021-10-04 05:00:00,10,5,171.5,West Midlands
2021-10-04 06:00:00,10,6,262.5,West Midlands
2021-10-04 07:00:00,10,7,278.0,West Midlands
2021-10-04 08:00:00,10,8,268.0,West Midlands
2021-10-04 09:00:00,10,9,246.0,West Midlands
2021-10-04 10:00:00,10,10,225.0,West Midlands
2021-10-04 11:00:00,10,11,225.0,West Midlands
2021-10-04 12:00:00,10,12,232.5,West Midlands
2021-10-04 13:00:00,10,13,251.5,West Midlands
2021-10-04 14:00:00,10,14,269.0,West Midlands
2021-10-04 15:00:00,10,15,303.5,West Midlands
2021-10-04 16:00:00,10,16,333.5,West Midlands
2021-10-04 17:00:00,10,17,349.0,West Midlands
2021-10-04 18:00:00,10,18,344.5,West Midlands
2021-10-04 19:00:00,10,19,338.0,West Midlands
2021-10-04 20:00:00,10,20,301.0,West Midlands
2021-10-04 21:00:00,10,21,269.0,West Midlands
2021-10-04 22:00:00,10,22,211.5,West Midlands
2021-10-04 23:00:00,10,23,158.0,West Midlands
2021-10-05 00:00:00,10,0,149.0,West Midlands
2021-10-05 01:00:00,10,1,132.5,West Midlands
2021-10-05 02:00:00,10,2,118.0,West Midlands
2021-10-05 03:00:00,10,3,102.5,West Midlands
2021-10-05 04:00:00,10,4,104.0,West Midlands
2021-10-05 05:00:00,10,5,166.0,West Midlands
2021-10-05 06:00:00,10,6,223.0,West Midlands
2021-10-05 07:00:00,10,7,236.0,West Midlands
2021-10-05 08:00:00,10,8,232.5,West Midlands
2021-10-05 09:00:00,10,9,225.5,West Midlands
2021-10-05 10:00:00,10,10,191.5,West Midlands
2021-10-05 11:00:00,10,11,162.0,West Midlands
2021-10-05 12:00:00,10,12,124.5,West Midlands
2021-10-05 13:00:00,10,13,123.0,West Midlands
2021-10-05 14:00:00,10,14,114.5,West Midlands
2021-10-05 15:00:00,10,15,137.0,West Midlands
2021-10-05 16:00:00,10,16,151.0,West Midlands
2021-10-05 17:00:00,10,17,170.0,West Midlands
2021-10-05 18:00:00,10,18,167.0,West Midlands
2021-10-05 19:00:00,10,19,156.5,West Midlands
2021-10-05 20:00:00,10,20,111.0,West Midlands
2021-10-05 21:00:00,10,21,59.0,West Midlands
2021-10-05 22:00:00,10,22,42.0,West Midlands
2021-10-05 23:00:00,10,23,40.5,West Midlands
2021-10-06 00:00:00,10,0,50.0,West Midlands
2021-10-06 01:00:00,10,1,59.0,West Midlands
2021-10-06 02:00:00,10,2,59.5,West Midlands
2021-10-06 03:00:00,10,3,58.5,West Midlands
2021-10-06 04:00:00,10,4,78.0,West Midlands
2021-10-06 05:00:00,10,5,141.5,West Midlands
2021-10-06 06:00:00,10,6,274.0,West Midlands
2021-10-06 07:00:00,10,7,293.5,West Midlands
2021-10-06 08:00:00,10,8,272.5,West Midlands
2021-10-06 09:00:00,10,9,249.5,West Midlands
2021-10-06 10:00:00,10,10,237.5,West Midlands
2021-10-06 11:00:00,10,11,228.5,West Midlands
2021-10-06 12:00:00,10,12,213.5,West Midlands
2021-10-06 13:00:00,10,13,223.5,West Midlands
2021-10-06 14:00:00,10,14,264.0,West Midlands
2021-10-06 15:00:00,10,15,303.5,West Midlands
2021-10-06 16:00:00,10,16,342.5,West Midlands
2021-10-06 17:00:00,10,17,330.5,West Midlands
2021-10-06 18:00:00,10,18,297.0,West Midlands
2021-10-06 19:00:00,10,19,282.5,West Midlands
2021-10-06 20:00:00,10,20,250.5,West Midlands
2021-10-06 21:00:00,10,21,202.5,West Midlands
2021-10-06 22:00:00,10,22,148.0,West Midlands
2021-10-06 23:00:00,10,23,108.0,West Midlands
2021-10-07 00:00:00,10,0,102.5,West Midlands
2021-10-07 01:00:00,10,1,84.0,West Midlands
2021-10-07 02:00:00,10,2,80.5,West Midlands
2021-10-07 03:00:00,10,3,77.0,West Midlands
2021-10-07 04:00:00,10,4,106.5,West Midlands
2021-10-07 05:00:00,10,5,144.5,West Midlands
2021-10-07 06:00:00,10,6,167.0,West Midlands
2021-10-07 07:00:00,10,7,181.0,West Midlands
2021-10-07 08:00:00,10,8,187.0,West Midlands
2021-10-07 09:00:00,10,9,186.5,West Midlands
2021-10-07 10:00:00,10,10,177.0,West Midlands
2021-10-07 11:00:00,10,11,164.5,West Midlands
2021-10-07 12:00:00,10,12,164.5,West Midlands
2021-10-07 13:00:00,10,13,167.0,West Midlands
2021-10-07 14:00:00,10,14,170.5,West Midlands
2021-10-07 15:00:00,10,15,185.0,West Midlands
2021-10-07 16:00:00,10,16,184.5,West Midlands
2021-10-07 17:00:00,10,17,191.0,West Midlands
2021-10-07 18:00:00,10,18,214.5,West Midlands
2021-10-07 19:00:00,10,19,222.5,West Midlands
2021-10-07 20:00:00,10,20,208.0,West Midlands
2021-10-07 21:00:00,10,21,190.0,West Midlands
2021-10-07 22:00:00,10,22,145.5,West Midlands
2021-10-07 23:00:00,10,23,133.0,West Midlands
2021-10-08 00:00:00,10,0,127.5,West Midlands
2021-10-08 01:00:00,10,1,132.0,West Midlands
2021-10-08 02:00:00,10,2,152.5,West Midlands
2021-10-08 03:00:00,10,3,170.0,West Midlands
2021-10-08 04:00:00,10,4,199.5,West Midlands
2021-10-08 05:00:00,10,5,257.5,West Midlands
2021-10-08 06:00:00,10,6,315.5,West Midlands
2021-10-08 07:00:00,10,7,335.5,West Midlands
2021-10-08 08:00:00,10,8,347.5,West Midlands
2021-10-08 09:00:00,10,9,337.5,West Midlands
2021-10-08 10:00:00,10,10,315.0,West Midlands
2021-10-08 11:00:00,10,11,309.0,West Midlands
2021-10-08 12:00:00,10,12,301.5,West Midlands
2021-10-08 13:00:00,10,13,305.5,West Midlands
2021-10-08 14:00:00,10,14,332.0,West Midlands
2021-10-08 15:00:00,10,15,363.5,West Midlands
2021-10-08 16:00:00,10,16,361.0,West Midlands
2021-10-08 17:00:00,10,17,354.5,West Midlands
2021-10-08 18:00:00,10,18,353.0,West Midlands
2021-10-08 19:00:00,10,19,351.5,West Midlands
2021-10-08 20:00:00,10,20,310.0,West Midlands
2021-10-08 21:00:00,10,21,265.5,West Midlands
2021-10-08 22:00:00,10,22,194.5,West Midlands
2021-10-08 23:00:00,10,23,164.5,West Midlands
2021-10-09 00:00:00,10,0,156.0,West Midlands
2021-10-09 01:00:00,10,1,153.0,West Midlands
2021-10-09 02:00:00,10,2,149.5,West Midlands
2021-10-09 03:00:00,10,3,163.5,West Midlands
2021-10-09 04:00:00,10,4,202.0,West Midlands
2021-10-09 05:00:00,10,5,213.5,West Midlands
2021-10-09 06:00:00,10,6,261.0,West Midlands
2021-10-09 07:00:00,10,7,283.5,West Midlands
2021-10-09 08:00:00,10,8,285.0,West Midlands
2021-10-09 09:00:00,10,9,279.0,West Midlands
2021-10-09 10:00:00,10,10,266.5,West Midlands
2021-10-09 11:00:00,10,11,261.0,West Midlands
2021-10-09 12:00:00,10,12,265.5,West Midlands
2021-10-09 13:00:00,10,13,277.5,West Midlands
2021-10-09 14:00:00,10,14,301.0,West Midlands
2021-10-09 15:00:00,10,15,334.0,West Midlands
2021-10-09 16:00:00,10,16,346.5,West Midlands
2021-10-09 17:00:00,10,17,353.5,West Midlands
2021-10-09 18:00:00,10,18,350.0,West Midlands
2021-10-09 19:00:00,10,19,345.5,West Midlands
2021-10-09 20:00:00,10,20,331.0,West Midlands
2021-10-09 21:00:00,10,21,297.5,West Midlands
2021-10-09 22:00:00,10,22,283.5,West Midlands
2021-10-09 23:00:00,10,23,225.0,West Midlands
2021-10-10 00:00:00,10,0,200.0,West Midlands
2021-10-10 01:00:00,10,1,216.0,West Midlands
2021-10-10 02:00:00,10,2,208.5,West Midlands
2021-10-10 03:00:00,10,3,191.5,West Midlands
2021-10-10 04:00:00,10,4,190.0,West Midlands
2021-10-10 05:00:00,10,5,193.0,West Midlands
2021-10-10 06:00:00,10,6,173.0,West Midlands
2021-10-10 07:00:00,10,7,203.5,West Midlands
2021-10-10 08:00:00,10,8,234.5,West Midlands
2021-10-10 09:00:00,10,9,205.5,West Midlands
2021-10-10 10:00:00,10,10,193.5,West Midlands
2021-10-10 11:00:00,10,11,198.5,West Midlands
2021-10-10 12:00:00,10,12,198.0,West Midlands
2021-10-10 13:00:00,10,13,169.5,West Midlands
2021-10-10 14:00:00,10,14,155.5,West Midlands
2021-10-10 15:00:00,10,15,176.0,West Midlands
2021-10-10 16:00:00,10,16,222.0,West Midlands
2021-10-10 17:00:00,10,17,228.0,West Midlands
2021-10-10 18:00:00,10,18,220.0,West Midlands
2021-10-10 19:00:00,10,19,219.0,West Midlands
2021-10-10 20:00:00,10,20,197.5,West Midlands
2021-10-10 21:00:00,10,21,152.5,West Midlands
2021-10-10 22:00:00,10,22,102.0,West Midlands
2021-10-10 23:00:00,10,23,81.5,West Midlands
2021-10-11 00:00:00,10,0,83.5,West Midlands
2021-10-11 01:00:00,10,1,104.0,West Midlands
2021-10-11 02:00:00,10,2,123.5,West Midlands
2021-10-11 03:00:00,10,3,128.5,West Midlands
2021-10-11 04:00:00,10,4,166.0,West Midlands
2021-10-11 05:00:00,10,5,258.5,West Midlands
2021-10-11 06:00:00,10,6,327.5,West Midlands
2021-10-11 07:00:00,10,7,334.0,West Midlands
2021-10-11 08:00:00,10,8,327.0,West Midlands
2021-10-11 09:00:00,10,9,314.5,West Midlands
2021-10-11 10:00:00,10,10,312.5,West Midlands
2021-10-11 11:00:00,10,11,290.0,West Midlands
2021-10-11 12:00:00,10,12,273.0,West Midlands
2021-10-11 13:00:00,10,13,272.0,West Midlands
2021-10-11 14:00:00,10,14,287.5,West Midlands
2021-10-11 15:00:00,10,15,319.5,West Midlands
2021-10-11 16:00:00,10,16,334.5,West Midlands
2021-10-11 17:00:00,10,17,337.5,West Midlands
2021-10-11 18:00:00,10,18,352.0,West Midlands
2021-10-11 19:00:00,10,19,334.0,West Midlands
2021-10-11 20:00:00,10,20,285.5,West Midlands
2021-10-11 21:00:00,10,21,225.5,West Midlands
2021-10-11 22:00:00,10,22,189.5,West Midlands
2021-10-11 23:00:00,10,23,132.0,West Midlands
2021-10-12 00:00:00,10,0,117.5,West Midlands
2021-10-12 01:00:00,10,1,116.0,West Midlands
2021-10-12 02:00:00,10,2,117.0,West Midlands
2021-10-12 03:00:00,10,3,115.5,West Midlands
2021-10-12 04:00:00,10,4,159.5,West Midlands
2021-10-12 05:00:00,10,5,264.5,West Midlands
2021-10-12 06:00:00,10,6,346.0,West Midlands
2021-10-12 07:00:00,10,7,372.0,West Midlands
2021-10-12 08:00:00,10,8,350.0,West Midlands
2021-10-12 09:00:00,10,9,325.5,West Midlands
2021-10-12 10:00:00,10,10,326.5,West Midlands
2021-10-12 11:00:00,10,11,330.0,West Midlands
2021-10-12 12:00:00,10,12,319.0,West Midlands
2021-10-12 13:00:00,10,13,336.5,West Midlands
2021-10-12 14:00:00,10,14,346.0,West Midlands
2021-10-12 15:00:00,10,15,348.5,West Midlands
2021-10-12 16:00:00,10,16,367.5,West Midlands
2021-10-12 17:00:00,10,17,384.5,West Midlands
2021-10-12 18:00:00,10,18,378.0,West Midlands
2021-10-12 19:00:00,10,19,374.5,West Midlands
2021-10-12 20:00:00,10,20,363.0,West Midlands
2021-10-12 21:00:00,10,21,333.0,West Midlands
2021-10-12 22:00:00,10,22,315.5,West Midlands
2021-10-12 23:00:00,10,23,319.0,West Midlands
2021-10-13 00:00:00,10,0,313.0,West Midlands
2021-10-13 01:00:00,10,1,296.0,West Midlands
2021-10-13 02:00:00,10,2,285.0,West Midlands
2021-10-13 03:00:00,10,3,259.5,West Midlands
2021-10-13 04:00:00,10,4,240.5,West Midlands
2021-10-13 05:00:00,10,5,279.5,West Midlands
2021-10-13 06:00:00,10,6,327.0,West Midlands
2021-10-13 07:00:00,10,7,323.5,West Midlands
2021-10-13 08:00:00,10,8,314.0,West Midlands
2021-10-13 09:00:00,10,9,300.5,West Midlands
2021-10-13 10:00:00,10,10,288.5,West Midlands
2021-10-13 11:00:00,10,11,288.5,West Midlands
2021-10-13 12:00:00,10,12,291.0,West Midlands
2021-10-13 13:00:00,10,13,295.0,West Midlands
2021-10-13 14:00:00,10,14,304.5,West Midlands
2021-10-13 15:00:00,10,15,305.5,West Midlands
2021-10-13 16:00:00,10,16,324.0,West Midlands
2021-10-13 17:00:00,10,17,341.5,West Midlands
2021-10-13 18:00:00,10,18,324.5,West Midlands
2021-10-13 19:00:00,10,19,306.5,West Midlands
2021-10-13 20:00:00,10,20,251.0,West Midlands
2021-10-13 21:00:00,10,21,226.5,West Midlands
2021-10-13 22:00:00,10,22,173.0,West Midlands
2021-10-13 23:00:00,10,23,123.3,West Midlands
2021-10-14 00:00:00,10,0,122.5,West Midlands
2021-10-14 01:00:00,10,1,115.0,West Midlands
2021-10-14 02:00:00,10,2,101.0,West Midlands
2021-10-14 03:00:00,10,3,79.5,West Midlands
2021-10-14 04:00:00,10,4,78.0,West Midlands
2021-10-14 05:00:00,10,5,122.5,West Midlands
2021-10-14 06:00:00,10,6,182.5,West Midlands
2021-10-14 07:00:00,10,7,204.5,West Midlands
2021-10-14 08:00:00,10,8,200.0,West Midlands
2021-10-14 09:00:00,10,9,182.5,West Midlands
2021-10-14 10:00:00,10,10,167.0,West Midlands
2021-10-14 11:00:00,10,11,159.5,West Midlands
2021-10-14 12:00:00,10,12,139.5,West Midlands
2021-10-14 13:00:00,10,13,121.5,West Midlands
2021-10-14 14:00:00,10,14,123.5,West Midlands
2021-10-14 15:00:00,10,15,137.5,West Midlands
2021-10-14 16:00:00,10,16,157.5,West Midlands
2021-10-14 17:00:00,10,17,154.0,West Midlands
2021-10-14 18:00:00,10,18,188.0,West Midlands
2021-10-14 19:00:00,10,19,207.5,West Midlands
2021-10-14 20:00:00,10,20,180.0,West Midlands
2021-10-14 21:00:00,10,21,97.5,West Midlands
2021-10-14 22:00:00,10,22,55.0,West Midlands
2021-10-14 23:00:00,10,23,48.0,West Midlands
2021-10-15 00:00:00,10,0,49.0,West Midlands
2021-10-15 01:00:00,10,1,67.5,West Midlands
2021-10-15 02:00:00,10,2,95.0,West Midlands
2021-10-15 03:00:00,10,3,123.0,West Midlands
2021-10-15 04:00:00,10,4,152.0,West Midlands
2021-10-15 05:00:00,10,5,309.5,West Midlands
2021-10-15 06:00:00,10,6,384.0,West Midlands
2021-10-15 07:00:00,10,7,358.5,West Midlands
2021-10-15 08:00:00,10,8,352.0,West Midlands
2021-10-15 09:00:00,10,9,349.5,West Midlands
2021-10-15 10:00:00,10,10,348.0,West Midlands
2021-10-15 11:00:00,10,11,344.0,West Midlands
2021-10-15 12:00:00,10,12,354.5,West Midlands
2021-10-15 13:00:00,10,13,366.5,West Midlands
2021-10-15 14:00:00,10,14,367.5,West Midlands
2021-10-15 15:00:00,10,15,385.5,West Midlands
2021-10-15 16:00:00,10,16,400.0,West Midlands
2021-10-15 17:00:00,10,17,404.5,West Midlands
2021-10-15 18:00:00,10,18,402.5,West Midlands
2021-10-15 19:00:00,10,19,400.0,West Midlands
2021-10-15 20:00:00,10,20,373.0,West Midlands
2021-10-15 21:00:00,10,21,350.5,West Midlands
2021-10-15 22:00:00,10,22,331.0,West Midlands
2021-10-15 23:00:00,10,23,322.5,West Midlands
2021-10-16 00:00:00,10,0,317.5,West Midlands
2021-10-16 01:00:00,10,1,316.5,West Midlands
2021-10-16 02:00:00,10,2,320.5,West Midlands
2021-10-16 03:00:00,10,3,322.5,West Midlands
2021-10-16 04:00:00,10,4,317.0,West Midlands
2021-10-16 05:00:00,10,5,326.5,West Midlands
2021-10-16 06:00:00,10,6,341.5,West Midlands
2021-10-16 07:00:00,10,7,337.5,West Midlands
2021-10-16 08:00:00,10,8,334.0,West Midlands
2021-10-16 09:00:00,10,9,327.5,West Midlands
2021-10-16 10:00:00,10,10,312.5,West Midlands
2021-10-16 11:00:00,10,11,308.5,West Midlands
2021-10-16 12:00:00,10,12,299.5,West Midlands
2021-10-16 13:00:00,10,13,305.0,West Midlands
2021-10-16 14:00:00,10,14,336.0,West Midlands
2021-10-16 15:00:00,10,15,378.5,West Midlands
2021-10-16 16:00:00,10,16,408.0,West Midlands
2021-10-16 17:00:00,10,17,405.5,West Midlands
2021-10-16 18:00:00,10,18,397.5,West Midlands
2021-10-16 19:00:00,10,19,358.5,West Midlands
2021-10-16 20:00:00,10,20,296.0,West Midlands
2021-10-16 21:00:00,10,21,268.5,West Midlands
2021-10-16 22:00:00,10,22,201.0,West Midlands
2021-10-16 23:00:00,10,23,130.5,West Midlands
2021-10-17 00:00:00,10,0,109.5,West Midlands
2021-10-17 01:00:00,10,1,99.0,West Midlands
2021-10-17 02:00:00,10,2,81.5,West Midlands
2021-10-17 03:00:00,10,3,70.0,West Midlands
2021-10-17 04:00:00,10,4,74.0,West Midlands
2021-10-17 05:00:00,10,5,109.5,West Midlands
2021-10-17 06:00:00,10,6,143.0,West Midlands
2021-10-17 07:00:00,10,7,191.0,West Midlands
2021-10-17 08:00:00,10,8,232.5,West Midlands
2021-10-17 09:00:00,10,9,249.0,West Midlands
2021-10-17 10:00:00,10,10,254.5,West Midlands
2021-10-17 11:00:00,10,11,248.5,West Midlands
2021-10-17 12:00:00,10,12,239.0,West Midlands
2021-10-17 13:00:00,10,13,241.0,West Midlands
2021-10-17 14:00:00,10,14,252.0,West Midlands
2021-10-17 15:00:00,10,15,310.5,West Midlands
2021-10-17 16:00:00,10,16,348.0,West Midlands
2021-10-17 17:00:00,10,17,341.0,West Midlands
2021-10-17 18:00:00,10,18,352.5,West Midlands
2021-10-17 19:00:00,10,19,320.0,West Midlands
2021-10-17 20:00:00,10,20,259.0,West Midlands
2021-10-17 21:00:00,10,21,221.0,West Midlands
2021-10-17 22:00:00,10,22,168.5,West Midlands
2021-10-17 23:00:00,10,23,134.5,West Midlands
2021-10-18 00:00:00,10,0,127.0,West Midlands
2021-10-18 01:00:00,10,1,126.0,West Midlands
2021-10-18 02:00:00,10,2,129.5,West Midlands
2021-10-18 03:00:00,10,3,129.5,West Midlands
2021-10-18 04:00:00,10,4,132.0,West Midlands
2021-10-18 05:00:00,10,5,151.0,West Midlands
2021-10-18 06:00:00,10,6,185.0,West Midlands
2021-10-18 07:00:00,10,7,187.5,West Midlands
2021-10-18 08:00:00,10,8,188.5,West Midlands
2021-10-18 09:00:00,10,9,190.0,West Midlands
2021-10-18 10:00:00,10,10,184.5,West Midlands
2021-10-18 11:00:00,10,11,170.5,West Midlands
2021-10-18 12:00:00,10,12,170.5,West Midlands
2021-10-18 13:00:00,10,13,182.5,West Midlands
2021-10-18 14:00:00,10,14,187.0,West Midlands
2021-10-18 15:00:00,10,15,203.5,West Midlands
2021-10-18 16:00:00,10,16,196.5,West Midlands
2021-10-18 17:00:00,10,17,202.0,West Midlands
2021-10-18 18:00:00,10,18,218.0,West Midlands
2021-10-18 19:00:00,10,19,217.5,West Midlands
2021-10-18 20:00:00,10,20,176.0,West Midlands
2021-10-18 21:00:00,10,21,137.0,West Midlands
2021-10-18 22:00:00,10,22,106.5,West Midlands
2021-10-18 23:00:00,10,23,90.0,West Midlands
2021-10-19 00:00:00,10,0,85.5,West Midlands
2021-10-19 01:00:00,10,1,86.5,West Midlands
2021-10-19 02:00:00,10,2,74.5,West Midlands
2021-10-19 03:00:00,10,3,74.5,West Midlands
2021-10-19 04:00:00,10,4,86.0,West Midlands
2021-10-19 05:00:00,10,5,130.5,West Midlands
2021-10-19 06:00:00,10,6,188.5,West Midlands
2021-10-19 07:00:00,10,7,197.5,West Midlands
2021-10-19 08:00:00,10,8,205.5,West Midlands
2021-10-19 09:00:00,10,9,202.0,West Midlands
2021-10-19 10:00:00,10,10,181.5,West Midlands
2021-10-19 11:00:00,10,11,163.0,West Midlands
2021-10-19 12:00:00,10,12,139.5,West Midlands
2021-10-19 13:00:00,10,13,130.0,West Midlands
2021-10-19 14:00:00,10,14,125.5,West Midlands
2021-10-19 15:00:00,10,15,127.0,West Midlands
2021-10-19 16:00:00,10,16,130.5,West Midlands
2021-10-19 17:00:00,10,17,128.0,West Midlands
2021-10-19 18:00:00,10,18,126.0,West Midlands
2021-10-19 19:00:00,10,19,89.5,West Midlands
2021-10-19 20:00:00,10,20,59.5,West Midlands
2021-10-19 21:00:00,10,21,35.5,West Midlands
2021-10-19 22:00:00,10,22,35.0,West Midlands
2021-10-19 23:00:00,10,23,35.0,West Midlands
2021-10-20 00:00:00,10,0,35.0,West Midlands
2021-10-20 01:00:00,10,1,39.0,West Midlands
2021-10-20 02:00:00,10,2,50.0,West Midlands
2021-10-20 03:00:00,10,3,48.5,West Midlands
2021-10-20 04:00:00,10,4,51.0,West Midlands
2021-10-20 05:00:00,10,5,89.0,West Midlands
2021-10-20 06:00:00,10,6,180.0,West Midlands
2021-10-20 07:00:00,10,7,222.5,West Midlands
2021-10-20 08:00:00,10,8,238.0,West Midlands
2021-10-20 09:00:00,10,9,227.5,West Midlands
2021-10-20 10:00:00,10,10,194.5,West Midlands
2021-10-20 11:00:00,10,11,167.5,West Midlands
2021-10-20 12:00:00,10,12,137.0,West Midlands
2021-10-20 13:00:00,10,13,146.5,West Midlands
2021-10-20 14:00:00,10,14,156.5,West Midlands
2021-10-20 15:00:00,10,15,189.0,West Midlands
2021-10-20 16:00:00,10,16,190.0,West Midlands
2021-10-20 17:00:00,10,17,200.0,West Midlands
2021-10-20 18:00:00,10,18,221.5,West Midlands
2021-10-20 19:00:00,10,19,228.0,West Midlands
2021-10-20 20:00:00,10,20,175.0,West Midlands
2021-10-20 21:00:00,10,21,78.5,West Midlands
2021-10-20 22:00:00,10,22,37.5,West Midlands
2021-10-20 23:00:00,10,23,32.5,West Midlands
2021-10-21 00:00:00,10,0,34.5,West Midlands
2021-10-21 01:00:00,10,1,41.5,West Midlands
2021-10-21 02:00:00,10,2,37.0,West Midlands
2021-10-21 03:00:00,10,3,34.0,West Midlands
2021-10-21 04:00:00,10,4,30.0,West Midlands
2021-10-21 05:00:00,10,5,43.5,West Midlands
2021-10-21 06:00:00,10,6,83.0,West Midlands
2021-10-21 07:00:00,10,7,111.0,West Midlands
2021-10-21 08:00:00,10,8,99.0,West Midlands
2021-10-21 09:00:00,10,9,73.0,West Midlands
2021-10-21 10:00:00,10,10,70.5,West Midlands
2021-10-21 11:00:00,10,11,75.0,West Midlands
2021-10-21 12:00:00,10,12,74.0,West Midlands
2021-10-21 13:00:00,10,13,73.5,West Midlands
2021-10-21 14:00:00,10,14,82.5,West Midlands
2021-10-21 15:00:00,10,15,123.5,West Midlands
2021-10-21 16:00:00,10,16,135.0,West Midlands
2021-10-21 17:00:00,10,17,138.0,West Midlands
2021-10-21 18:00:00,10,18,121.5,West Midlands
2021-10-21 19:00:00,10,19,66.0,West Midlands
2021-10-21 20:00:00,10,20,51.0,West Midlands
2021-10-21 21:00:00,10,21,44.5,West Midlands
2021-10-21 22:00:00,10,22,38.0,West Midlands
2021-10-21 23:00:00,10,23,40.5,West Midlands
2021-10-22 00:00:00,10,0,42.5,West Midlands
2021-10-22 01:00:00,10,1,46.0,West Midlands
2021-10-22 02:00:00,10,2,45.5,West Midlands
2021-10-22 03:00:00,10,3,47.5,West Midlands
2021-10-22 04:00:00,10,4,52.0,West Midlands
2021-10-22 05:00:00,10,5,65.0,West Midlands
2021-10-22 06:00:00,10,6,101.5,West Midlands
2021-10-22 07:00:00,10,7,130.0,West Midlands
2021-10-22 08:00:00,10,8,185.5,West Midlands
2021-10-22 09:00:00,10,9,213.0,West Midlands
2021-10-22 10:00:00,10,10,227.5,West Midlands
2021-10-22 11:00:00,10,11,242.0,West Midlands
2021-10-22 12:00:00,10,12,250.0,West Midlands
2021-10-22 13:00:00,10,13,271.0,West Midlands
2021-10-22 14:00:00,10,14,297.5,West Midlands
2021-10-22 15:00:00,10,15,332.5,West Midlands
2021-10-22 16:00:00,10,16,372.5,West Midlands
2021-10-22 17:00:00,10,17,394.5,West Midlands
2021-10-22 18:00:00,10,18,394.0,West Midlands
2021-10-22 19:00:00,10,19,398.5,West Midlands
2021-10-22 20:00:00,10,20,386.0,West Midlands
2021-10-22 21:00:00,10,21,346.0,West Midlands
2021-10-22 22:00:00,10,22,318.5,West Midlands
2021-10-22 23:00:00,10,23,309.5,West Midlands
2021-10-23 00:00:00,10,0,285.5,West Midlands
2021-10-23 01:00:00,10,1,249.5,West Midlands
2021-10-23 02:00:00,10,2,211.0,West Midlands
2021-10-23 03:00:00,10,3,178.0,West Midlands
2021-10-23 04:00:00,10,4,151.5,West Midlands
2021-10-23 05:00:00,10,5,133.5,West Midlands
2021-10-23 06:00:00,10,6,137.0,West Midlands
2021-10-23 07:00:00,10,7,156.0,West Midlands
2021-10-23 08:00:00,10,8,155.5,West Midlands
2021-10-23 09:00:00,10,9,152.5,West Midlands
2021-10-23 10:00:00,10,10,141.5,West Midlands
2021-10-23 11:00:00,10,11,129.5,West Midlands
2021-10-23 12:00:00,10,12,114.0,West Midlands
2021-10-23 13:00:00,10,13,108.5,West Midlands
2021-10-23 14:00:00,10,14,122.5,West Midlands
2021-10-23 15:00:00,10,15,136.0,West Midlands
2021-10-23 16:00:00,10,16,135.5,West Midlands
2021-10-23 17:00:00,10,17,116.0,West Midlands
2021-10-23 18:00:00,10,18,122.5,West Midlands
2021-10-23 19:00:00,10,19,97.0,West Midlands
2021-10-23 20:00:00,10,20,57.0,West Midlands
2021-10-23 21:00:00,10,21,39.5,West Midlands
2021-10-23 22:00:00,10,22,29.5,West Midlands
2021-10-23 23:00:00,10,23,20.5,West Midlands
2021-10-24 00:00:00,10,0,15.0,West Midlands
2021-10-24 01:00:00,10,1,14.5,West Midlands
2021-10-24 02:00:00,10,2,10.0,West Midlands
2021-10-24 03:00:00,10,3,12.5,West Midlands
2021-10-24 04:00:00,10,4,12.5,West Midlands
2021-10-24 05:00:00,10,5,20.0,West Midlands
2021-10-24 06:00:00,10,6,24.0,West Midlands
2021-10-24 07:00:00,10,7,24.0,West Midlands
2021-10-24 08:00:00,10,8,24.5,West Midlands
2021-10-24 09:00:00,10,9,30.0,West Midlands
2021-10-24 10:00:00,10,10,44.5,West Midlands
2021-10-24 11:00:00,10,11,44.0,West Midlands
2021-10-24 12:00:00,10,12,46.5,West Midlands
2021-10-24 13:00:00,10,13,61.5,West Midlands
2021-10-24 14:00:00,10,14,67.5,West Midlands
2021-10-24 15:00:00,10,15,100.0,West Midlands
2021-10-24 16:00:00,10,16,97.0,West Midlands
2021-10-24 17:00:00,10,17,92.0,West Midlands
2021-10-24 18:00:00,10,18,89.0,West Midlands
2021-10-24 19:00:00,10,19,104.0,West Midlands
2021-10-24 20:00:00,10,20,52.5,West Midlands
2021-10-24 21:00:00,10,21,33.5,West Midlands
2021-10-24 22:00:00,10,22,27.5,West Midlands
2021-10-24 23:00:00,10,23,32.0,West Midlands
2021-10-25 00:00:00,10,0,34.0,West Midlands
2021-10-25 01:00:00,10,1,31.5,West Midlands
2021-10-25 02:00:00,10,2,34.0,West Midlands
2021-10-25 03:00:00,10,3,34.0,West Midlands
2021-10-25 04:00:00,10,4,45.0,West Midlands
2021-10-25 05:00:00,10,5,71.0,West Midlands
2021-10-25 06:00:00,10,6,140.0,West Midlands
2021-10-25 07:00:00,10,7,165.5,West Midlands
2021-10-25 08:00:00,10,8,187.5,West Midlands
2021-10-25 09:00:00,10,9,173.0,West Midlands
2021-10-25 10:00:00,10,10,149.5,West Midlands
2021-10-25 11:00:00,10,11,145.5,West Midlands
2021-10-25 12:00:00,10,12,141.0,West Midlands
2021-10-25 13:00:00,10,13,144.0,West Midlands
2021-10-25 14:00:00,10,14,156.5,West Midlands
2021-10-25 15:00:00,10,15,189.0,West Midlands
2021-10-25 16:00:00,10,16,216.5,West Midlands
2021-10-25 17:00:00,10,17,240.5,West Midlands
2021-10-25 18:00:00,10,18,253.0,West Midlands
2021-10-25 19:00:00,10,19,244.5,West Midlands
2021-10-25 20:00:00,10,20,196.5,West Midlands
2021-10-25 21:00:00,10,21,169.5,West Midlands
2021-10-25 22:00:00,10,22,98.5,West Midlands
2021-10-25 23:00:00,10,23,83.5,West Midlands
2021-10-26 00:00:00,10,0,74.5,West Midlands
2021-10-26 01:00:00,10,1,74.0,West Midlands
2021-10-26 02:00:00,10,2,75.5,West Midlands
2021-10-26 03:00:00,10,3,67.5,West Midlands
2021-10-26 04:00:00,10,4,58.5,West Midlands
2021-10-26 05:00:00,10,5,99.0,West Midlands
2021-10-26 06:00:00,10,6,113.5,West Midlands
2021-10-26 07:00:00,10,7,124.5,West Midlands
2021-10-26 08:00:00,10,8,127.0,West Midlands
2021-10-26 09:00:00,10,9,131.0,West Midlands
2021-10-26 10:00:00,10,10,117.5,West Midlands
2021-10-26 11:00:00,10,11,120.0,West Midlands
2021-10-26 12:00:00,10,12,105.5,West Midlands
2021-10-26 13:00:00,10,13,85.0,West Midlands
2021-10-26 14:00:00,10,14,94.5,West Midlands
2021-10-26 15:00:00,10,15,98.0,West Midlands
2021-10-26 16:00:00,10,16,108.5,West Midlands
2021-10-26 17:00:00,10,17,108.0,West Midlands
2021-10-26 18:00:00,10,18,106.5,West Midlands
2021-10-26 19:00:00,10,19,64.5,West Midlands
2021-10-26 20:00:00,10,20,50.0,West Midlands
2021-10-26 21:00:00,10,21,43.5,West Midlands
2021-10-26 22:00:00,10,22,42.5,West Midlands
2021-10-26 23:00:00,10,23,39.0,West Midlands
2021-10-27 00:00:00,10,0,37.5,West Midlands
2021-10-27 01:00:00,10,1,38.0,West Midlands
2021-10-27 02:00:00,10,2,36.0,West Midlands
2021-10-27 03:00:00,10,3,36.5,West Midlands
2021-10-27 04:00:00,10,4,37.5,West Midlands
2021-10-27 05:00:00,10,5,43.5,West Midlands
2021-10-27 06:00:00,10,6,67.0,West Midlands
2021-10-27 07:00:00,10,7,88.0,West Midlands
2021-10-27 08:00:00,10,8,111.5,West Midlands
2021-10-27 09:00:00,10,9,109.0,West Midlands
2021-10-27 10:00:00,10,10,116.5,West Midlands
2021-10-27 11:00:00,10,11,112.0,West Midlands
2021-10-27 12:00:00,10,12,100.5,West Midlands
2021-10-27 13:00:00,10,13,113.5,West Midlands
2021-10-27 14:00:00,10,14,115.0,West Midlands
2021-10-27 15:00:00,10,15,124.5,West Midlands
2021-10-27 16:00:00,10,16,125.5,West Midlands
2021-10-27 17:00:00,10,17,136.0,West Midlands
2021-10-27 18:00:00,10,18,143.0,West Midlands
2021-10-27 19:00:00,10,19,131.0,West Midlands
2021-10-27 20:00:00,10,20,88.0,West Midlands
2021-10-27 21:00:00,10,21,62.5,West Midlands
2021-10-27 22:00:00,10,22,45.0,West Midlands
2021-10-27 23:00:00,10,23,35.5,West Midlands
2021-10-28 00:00:00,10,0,38.0,West Midlands
2021-10-28 01:00:00,10,1,41.5,West Midlands
2021-10-28 02:00:00,10,2,38.0,West Midlands
2021-10-28 03:00:00,10,3,36.5,West Midlands
2021-10-28 04:00:00,10,4,41.0,West Midlands
2021-10-28 05:00:00,10,5,68.5,West Midlands
2021-10-28 06:00:00,10,6,143.5,West Midlands
2021-10-28 07:00:00,10,7,208.5,West Midlands
2021-10-28 08:00:00,10,8,234.5,West Midlands
2021-10-28 09:00:00,10,9,218.0,West Midlands
2021-10-28 10:00:00,10,10,224.0,West Midlands
2021-10-28 11:00:00,10,11,206.5,West Midlands
2021-10-28 12:00:00,10,12,199.5,West Midlands
2021-10-28 13:00:00,10,13,201.5,West Midlands
2021-10-28 14:00:00,10,14,226.0,West Midlands
2021-10-28 15:00:00,10,15,259.0,West Midlands
2021-10-28 16:00:00,10,16,275.0,West Midlands
2021-10-28 17:00:00,10,17,282.0,West Midlands
2021-10-28 18:00:00,10,18,278.0,West Midlands
2021-10-28 19:00:00,10,19,264.0,West Midlands
2021-10-28 20:00:00,10,20,200.5,West Midlands
2021-10-28 21:00:00,10,21,133.0,West Midlands
2021-10-28 22:00:00,10,22,110.0,West Midlands
2021-10-28 23:00:00,10,23,95.5,West Midlands
2021-10-29 00:00:00,10,0,99.5,West Midlands
2021-10-29 01:00:00,10,1,101.5,West Midlands
2021-10-29 02:00:00,10,2,104.0,West Midlands
2021-10-29 03:00:00,10,3,100.5,West Midlands
2021-10-29 04:00:00,10,4,127.5,West Midlands
2021-10-29 05:00:00,10,5,190.5,West Midlands
2021-10-29 06:00:00,10,6,249.5,West Midlands
2021-10-29 07:00:00,10,7,248.5,West Midlands
2021-10-29 08:00:00,10,8,229.5,West Midlands
2021-10-29 09:00:00,10,9,209.5,West Midlands
2021-10-29 10:00:00,10,10,195.5,West Midlands
2021-10-29 11:00:00,10,11,172.0,West Midlands
2021-10-29 12:00:00,10,12,153.5,West Midlands
2021-10-29 13:00:00,10,13,137.5,West Midlands
2021-10-29 14:00:00,10,14,155.0,West Midlands
2021-10-29 15:00:00,10,15,162.5,West Midlands
2021-10-29 16:00:00,10,16,174.5,West Midlands
2021-10-29 17:00:00,10,17,180.0,West Midlands
2021-10-29 18:00:00,10,18,175.0,West Midlands
2021-10-29 19:00:00,10,19,167.5,West Midlands
2021-10-29 20:00:00,10,20,162.5,West Midlands
2021-10-29 21:00:00,10,21,102.5,West Midlands
2021-10-29 22:00:00,10,22,59.5,West Midlands
2021-10-29 23:00:00,10,23,34.0,West Midlands
2021-10-30 00:00:00,10,0,29.0,West Midlands
2021-10-30 01:00:00,10,1,30.0,West Midlands
2021-10-30 02:00:00,10,2,35.0,West Midlands
2021-10-30 03:00:00,10,3,28.0,West Midlands
2021-10-30 04:00:00,10,4,28.0,West Midlands
2021-10-30 05:00:00,10,5,40.5,West Midlands
2021-10-30 06:00:00,10,6,64.0,West Midlands
2021-10-30 07:00:00,10,7,104.0,West Midlands
2021-10-30 08:00:00,10,8,164.5,West Midlands
2021-10-30 09:00:00,10,9,161.5,West Midlands
2021-10-30 10:00:00,10,10,130.0,West Midlands
2021-10-30 11:00:00,10,11,102.0,West Midlands
2021-10-30 12:00:00,10,12,102.5,West Midlands
2021-10-30 13:00:00,10,13,121.0,West Midlands
2021-10-30 14:00:00,10,14,124.5,West Midlands
2021-10-30 15:00:00,10,15,160.0,West Midlands
2021-10-30 16:00:00,10,16,183.5,West Midlands
2021-10-30 17:00:00,10,17,176.5,West Midlands
2021-10-30 18:00:00,10,18,153.0,West Midlands
2021-10-30 19:00:00,10,19,158.0,West Midlands
2021-10-30 20:00:00,10,20,121.0,West Midlands
2021-10-30 21:00:00,10,21,88.5,West Midlands
2021-10-30 22:00:00,10,22,64.5,West Midlands
2021-10-30 23:00:00,10,23,51.0,West Midlands
2021-10-31 00:00:00,10,0,35.5,West Midlands
2021-10-31 01:00:00,10,1,26.5,West Midlands
2021-10-31 02:00:00,10,2,20.5,West Midlands
2021-10-31 03:00:00,10,3,28.5,West Midlands
2021-10-31 04:00:00,10,4,23.0,West Midlands
2021-10-31 05:00:00,10,5,18.5,West Midlands
2021-10-31 06:00:00,10,6,17.0,West Midlands
2021-10-31 07:00:00,10,7,21.0,West Midlands
2021-10-31 08:00:00,10,8,36.0,West Midlands
2021-10-31 09:00:00,10,9,42.5,West Midlands
2021-10-31 10:00:00,10,10,48.0,West Midlands
2021-10-31 11:00:00,10,11,45.5,West Midlands
2021-10-31 12:00:00,10,12,51.0,West Midlands
2021-10-31 13:00:00,10,13,55.5,West Midlands
2021-10-31 14:00:00,10,14,56.0,West Midlands
2021-10-31 15:00:00,10,15,91.5,West Midlands
2021-10-31 16:00:00,10,16,111.0,West Midlands
2021-10-31 17:00:00,10,17,125.0,West Midlands
2021-10-31 18:00:00,10,18,119.5,West Midlands
2021-10-31 19:00:00,10,19,117.5,West Midlands
2021-10-31 20:00:00,10,20,120.0,West Midlands
2021-10-31 21:00:00,10,21,78.0,West Midlands
2021-10-31 22:00:00,10,22,55.5,West Midlands
2021-10-31 23:00:00,10,23,36.0,West Midlands
2021-11-01 00:00:00,11,0,35.5,West Midlands
2021-11-01 01:00:00,11,1,38.0,West Midlands
2021-11-01 02:00:00,11,2,35.5,West Midlands
2021-11-01 03:00:00,11,3,44.5,West Midlands
2021-11-01 04:00:00,11,4,46.5,West Midlands
2021-11-01 05:00:00,11,5,30.0,West Midlands
2021-11-01 06:00:00,11,6,33.5,West Midlands
2021-11-01 07:00:00,11,7,58.0,West Midlands
2021-11-01 08:00:00,11,8,67.5,West Midlands
2021-11-01 09:00:00,11,9,71.5,West Midlands
2021-11-01 10:00:00,11,10,71.0,West Midlands
2021-11-01 11:00:00,11,11,66.0,West Midlands
2021-11-01 12:00:00,11,12,64.5,West Midlands
2021-11-01 13:00:00,11,13,69.0,West Midlands
2021-11-01 14:00:00,11,14,90.0,West Midlands
2021-11-01 15:00:00,11,15,111.0,West Midlands
2021-11-01 16:00:00,11,16,152.0,West Midlands
2021-11-01 17:00:00,11,17,185.0,West Midlands
2021-11-01 18:00:00,11,18,185.5,West Midlands
2021-11-01 19:00:00,11,19,180.0,West Midlands
2021-11-01 20:00:00,11,20,189.5,West Midlands
2021-11-01 21:00:00,11,21,178.0,West Midlands
2021-11-01 22:00:00,11,22,158.0,West Midlands
2021-11-01 23:00:00,11,23,124.0,West Midlands
2021-11-02 00:00:00,11,0,125.0,West Midlands
2021-11-02 01:00:00,11,1,138.0,West Midlands
2021-11-02 02:00:00,11,2,133.0,West Midlands
2021-11-02 03:00:00,11,3,138.0,West Midlands
2021-11-02 04:00:00,11,4,130.5,West Midlands
2021-11-02 05:00:00,11,5,192.0,West Midlands
2021-11-02 06:00:00,11,6,280.5,West Midlands
2021-11-02 07:00:00,11,7,346.5,West Midlands
2021-11-02 08:00:00,11,8,369.0,West Midlands
2021-11-02 09:00:00,11,9,356.0,West Midlands
2021-11-02 10:00:00,11,10,341.0,West Midlands
2021-11-02 11:00:00,11,11,337.5,West Midlands
2021-11-02 12:00:00,11,12,344.0,West Midlands
2021-11-02 13:00:00,11,13,335.5,West Midlands
2021-11-02 14:00:00,11,14,349.5,West Midlands
2021-11-02 15:00:00,11,15,377.0,West Midlands
2021-11-02 16:00:00,11,16,384.5,West Midlands
2021-11-02 17:00:00,11,17,393.5,West Midlands
2021-11-02 18:00:00,11,18,375.0,West Midlands
2021-11-02 19:00:00,11,19,372.0,West Midlands
2021-11-02 20:00:00,11,20,360.5,West Midlands
2021-11-02 21:00:00,11,21,334.5,West Midlands
2021-11-02 22:00:00,11,22,287.5,West Midlands
2021-11-02 23:00:00,11,23,266.5,West Midlands
2021-11-03 00:00:00,11,0,268.0,West Midlands
2021-11-03 01:00:00,11,1,260.5,West Midlands
2021-11-03 02:00:00,11,2,228.0,West Midlands
2021-11-03 03:00:00,11,3,180.5,West Midlands
2021-11-03 04:00:00,11,4,160.5,West Midlands
2021-11-03 05:00:00,11,5,201.0,West Midlands
2021-11-03 06:00:00,11,6,252.5,West Midlands
2021-11-03 07:00:00,11,7,282.5,West Midlands
2021-11-03 08:00:00,11,8,306.5,West Midlands
2021-11-03 09:00:00,11,9,311.5,West Midlands
2021-11-03 10:00:00,11,10,311.0,West Midlands
2021-11-03 11:00:00,11,11,290.0,West Midlands
2021-11-03 12:00:00,11,12,283.0,West Midlands
2021-11-03 13:00:00,11,13,277.5,West Midlands
2021-11-03 14:00:00,11,14,260.5,West Midlands
2021-11-03 15:00:00,11,15,249.5,West Midlands
2021-11-03 16:00:00,11,16,223.0,West Midlands
2021-11-03 17:00:00,11,17,213.5,West Midlands
2021-11-03 18:00:00,11,18,208.0,West Midlands
2021-11-03 19:00:00,11,19,211.5,West Midlands
2021-11-03 20:00:00,11,20,183.0,West Midlands
2021-11-03 21:00:00,11,21,139.0,West Midlands
2021-11-03 22:00:00,11,22,108.5,West Midlands
2021-11-03 23:00:00,11,23,65.5,West Midlands
2021-11-04 00:00:00,11,0,61.5,West Midlands
2021-11-04 01:00:00,11,1,69.5,West Midlands
2021-11-04 02:00:00,11,2,61.5,West Midlands
2021-11-04 03:00:00,11,3,57.0,West Midlands
2021-11-04 04:00:00,11,4,49.5,West Midlands
2021-11-04 05:00:00,11,5,77.0,West Midlands
2021-11-04 06:00:00,11,6,127.0,West Midlands
2021-11-04 07:00:00,11,7,179.5,West Midlands
2021-11-04 08:00:00,11,8,203.0,West Midlands
2021-11-04 09:00:00,11,9,217.0,West Midlands
2021-11-04 10:00:00,11,10,206.5,West Midlands
2021-11-04 11:00:00,11,11,212.5,West Midlands
2021-11-04 12:00:00,11,12,233.5,West Midlands
2021-11-04 13:00:00,11,13,238.5,West Midlands
2021-11-04 14:00:00,11,14,262.5,West Midlands
2021-11-04 15:00:00,11,15,287.5,West Midlands
2021-11-04 16:00:00,11,16,290.5,West Midlands
2021-11-04 17:00:00,11,17,281.0,West Midlands
2021-11-04 18:00:00,11,18,278.5,West Midlands
2021-11-04 19:00:00,11,19,311.5,West Midlands
2021-11-04 20:00:00,11,20,231.0,West Midlands
2021-11-04 21:00:00,11,21,197.0,West Midlands
2021-11-04 22:00:00,11,22,170.5,West Midlands
2021-11-04 23:00:00,11,23,133.0,West Midlands
2021-11-05 00:00:00,11,0,116.0,West Midlands
2021-11-05 01:00:00,11,1,106.0,West Midlands
2021-11-05 02:00:00,11,2,106.5,West Midlands
2021-11-05 03:00:00,11,3,109.0,West Midlands
2021-11-05 04:00:00,11,4,109.0,West Midlands
2021-11-05 05:00:00,11,5,127.5,West Midlands
2021-11-05 06:00:00,11,6,225.5,West Midlands
2021-11-05 07:00:00,11,7,279.5,West Midlands
2021-11-05 08:00:00,11,8,304.0,West Midlands
2021-11-05 09:00:00,11,9,298.0,West Midlands
2021-11-05 10:00:00,11,10,281.5,West Midlands
2021-11-05 11:00:00,11,11,278.0,West Midlands
2021-11-05 12:00:00,11,12,275.5,West Midlands
2021-11-05 13:00:00,11,13,259.5,West Midlands
2021-11-05 14:00:00,11,14,270.5,West Midlands
2021-11-05 15:00:00,11,15,286.5,West Midlands
2021-11-05 16:00:00,11,16,287.0,West Midlands
2021-11-05 17:00:00,11,17,271.5,West Midlands
2021-11-05 18:00:00,11,18,262.0,West Midlands
2021-11-05 19:00:00,11,19,259.0,West Midlands
2021-11-05 20:00:00,11,20,227.0,West Midlands
2021-11-05 21:00:00,11,21,180.0,West Midlands
2021-11-05 22:00:00,11,22,146.0,West Midlands
2021-11-05 23:00:00,11,23,91.0,West Midlands
2021-11-06 00:00:00,11,0,54.0,West Midlands
2021-11-06 01:00:00,11,1,38.0,West Midlands
2021-11-06 02:00:00,11,2,35.0,West Midlands
2021-11-06 03:00:00,11,3,31.0,West Midlands
2021-11-06 04:00:00,11,4,35.5,West Midlands
2021-11-06 05:00:00,11,5,44.0,West Midlands
2021-11-06 06:00:00,11,6,54.5,West Midlands
2021-11-06 07:00:00,11,7,66.0,West Midlands
2021-11-06 08:00:00,11,8,77.5,West Midlands
2021-11-06 09:00:00,11,9,74.0,West Midlands
2021-11-06 10:00:00,11,10,65.0,West Midlands
2021-11-06 11:00:00,11,11,66.5,West Midlands
2021-11-06 12:00:00,11,12,70.0,West Midlands
2021-11-06 13:00:00,11,13,59.5,West Midlands
2021-11-06 14:00:00,11,14,56.0,West Midlands
2021-11-06 15:00:00,11,15,59.0,West Midlands
2021-11-06 16:00:00,11,16,78.0,West Midlands
2021-11-06 17:00:00,11,17,82.0,West Midlands
2021-11-06 18:00:00,11,18,65.0,West Midlands
2021-11-06 19:00:00,11,19,56.0,West Midlands
2021-11-06 20:00:00,11,20,43.0,West Midlands
2021-11-06 21:00:00,11,21,29.0,West Midlands
2021-11-06 22:00:00,11,22,22.5,West Midlands
2021-11-06 23:00:00,11,23,23.0,West Midlands
2021-11-07 00:00:00,11,0,22.5,West Midlands
2021-11-07 01:00:00,11,1,25.5,West Midlands
2021-11-07 02:00:00,11,2,28.5,West Midlands
2021-11-07 03:00:00,11,3,27.5,West Midlands
2021-11-07 04:00:00,11,4,25.0,West Midlands
2021-11-07 05:00:00,11,5,24.0,West Midlands
2021-11-07 06:00:00,11,6,34.0,West Midlands
2021-11-07 07:00:00,11,7,37.0,West Midlands
2021-11-07 08:00:00,11,8,43.5,West Midlands
2021-11-07 09:00:00,11,9,41.5,West Midlands
2021-11-07 10:00:00,11,10,31.0,West Midlands
2021-11-07 11:00:00,11,11,36.5,West Midlands
2021-11-07 12:00:00,11,12,41.5,West Midlands
2021-11-07 13:00:00,11,13,42.0,West Midlands
2021-11-07 14:00:00,11,14,58.0,West Midlands
2021-11-07 15:00:00,11,15,80.5,West Midlands
2021-11-07 16:00:00,11,16,132.5,West Midlands
2021-11-07 17:00:00,11,17,153.0,West Midlands
2021-11-07 18:00:00,11,18,142.5,West Midlands
2021-11-07 19:00:00,11,19,138.5,West Midlands
2021-11-07 20:00:00,11,20,151.5,West Midlands
2021-11-07 21:00:00,11,21,152.0,West Midlands
2021-11-07 22:00:00,11,22,150.0,West Midlands
2021-11-07 23:00:00,11,23,165.5,West Midlands
2021-11-08 00:00:00,11,0,159.5,West Midlands
2021-11-08 01:00:00,11,1,178.5,West Midlands
2021-11-08 02:00:00,11,2,187.5,West Midlands
2021-11-08 03:00:00,11,3,181.5,West Midlands
2021-11-08 04:00:00,11,4,184.0,West Midlands
2021-11-08 05:00:00,11,5,216.0,West Midlands
2021-11-08 06:00:00,11,6,266.0,West Midlands
2021-11-08 07:00:00,11,7,290.0,West Midlands
2021-11-08 08:00:00,11,8,271.5,West Midlands
2021-11-08 09:00:00,11,9,256.5,West Midlands
2021-11-08 10:00:00,11,10,240.0,West Midlands
2021-11-08 11:00:00,11,11,224.0,West Midlands
2021-11-08 12:00:00,11,12,219.5,West Midlands
2021-11-08 13:00:00,11,13,208.5,West Midlands
2021-11-08 14:00:00,11,14,209.0,West Midlands
2021-11-08 15:00:00,11,15,226.5,West Midlands
2021-11-08 16:00:00,11,16,217.0,West Midlands
2021-11-08 17:00:00,11,17,201.5,West Midlands
2021-11-08 18:00:00,11,18,201.5,West Midlands
2021-11-08 19:00:00,11,19,204.5,West Midlands
2021-11-08 20:00:00,11,20,203.5,West Midlands
2021-11-08 21:00:00,11,21,175.5,West Midlands
2021-11-08 22:00:00,11,22,97.0,West Midlands
2021-11-08 23:00:00,11,23,73.0,West Midlands
2021-11-09 00:00:00,11,0,69.0,West Midlands
2021-11-09 01:00:00,11,1,69.0,West Midlands
2021-11-09 02:00:00,11,2,54.0,West Midlands
2021-11-09 03:00:00,11,3,49.0,West Midlands
2021-11-09 04:00:00,11,4,45.0,West Midlands
2021-11-09 05:00:00,11,5,52.5,West Midlands
2021-11-09 06:00:00,11,6,132.5,West Midlands
2021-11-09 07:00:00,11,7,199.5,West Midlands
2021-11-09 08:00:00,11,8,196.5,West Midlands
2021-11-09 09:00:00,11,9,183.5,West Midlands
2021-11-09 10:00:00,11,10,167.0,West Midlands
2021-11-09 11:00:00,11,11,163.0,West Midlands
2021-11-09 12:00:00,11,12,165.0,West Midlands
2021-11-09 13:00:00,11,13,182.5,West Midlands
2021-11-09 14:00:00,11,14,206.5,West Midlands
2021-11-09 15:00:00,11,15,234.5,West Midlands
2021-11-09 16:00:00,11,16,248.0,West Midlands
2021-11-09 17:00:00,11,17,268.0,West Midlands
2021-11-09 18:00:00,11,18,277.5,West Midlands
2021-11-09 19:00:00,11,19,295.0,West Midlands
2021-11-09 20:00:00,11,20,267.0,West Midlands
2021-11-09 21:00:00,11,21,234.5,West Midlands
2021-11-09 22:00:00,11,22,197.5,West Midlands
2021-11-09 23:00:00,11,23,144.5,West Midlands
2021-11-10 00:00:00,11,0,137.5,West Midlands
2021-11-10 01:00:00,11,1,120.0,West Midlands
2021-11-10 02:00:00,11,2,129.0,West Midlands
2021-11-10 03:00:00,11,3,158.5,West Midlands
2021-11-10 04:00:00,11,4,167.0,West Midlands
2021-11-10 05:00:00,11,5,218.0,West Midlands
2021-11-10 06:00:00,11,6,317.5,West Midlands
2021-11-10 07:00:00,11,7,372.5,West Midlands
2021-11-10 08:00:00,11,8,372.0,West Midlands
2021-11-10 09:00:00,11,9,380.0,West Midlands
2021-11-10 10:00:00,11,10,363.5,West Midlands
2021-11-10 11:00:00,11,11,354.0,West Midlands
2021-11-10 12:00:00,11,12,347.0,West Midlands
2021-11-10 13:00:00,11,13,358.0,West Midlands
2021-11-10 14:00:00,11,14,342.5,West Midlands
2021-11-10 15:00:00,11,15,317.5,West Midlands
2021-11-10 16:00:00,11,16,295.5,West Midlands
2021-11-10 17:00:00,11,17,288.0,West Midlands
2021-11-10 18:00:00,11,18,290.0,West Midlands
2021-11-10 19:00:00,11,19,287.5,West Midlands
2021-11-10 20:00:00,11,20,265.5,West Midlands
2021-11-10 21:00:00,11,21,234.0,West Midlands
2021-11-10 22:00:00,11,22,202.5,West Midlands
2021-11-10 23:00:00,11,23,167.0,West Midlands
2021-11-11 00:00:00,11,0,149.0,West Midlands
2021-11-11 01:00:00,11,1,138.5,West Midlands
2021-11-11 02:00:00,11,2,134.0,West Midlands
2021-11-11 03:00:00,11,3,130.0,West Midlands
2021-11-11 04:00:00,11,4,132.5,West Midlands
2021-11-11 05:00:00,11,5,173.5,West Midlands
2021-11-11 06:00:00,11,6,225.0,West Midlands
2021-11-11 07:00:00,11,7,269.5,West Midlands
2021-11-11 08:00:00,11,8,302.0,West Midlands
2021-11-11 09:00:00,11,9,309.0,West Midlands
2021-11-11 10:00:00,11,10,310.0,West Midlands
2021-11-11 11:00:00,11,11,300.0,West Midlands
2021-11-11 12:00:00,11,12,277.5,West Midlands
2021-11-11 13:00:00,11,13,252.5,West Midlands
2021-11-11 14:00:00,11,14,224.0,West Midlands
2021-11-11 15:00:00,11,15,207.5,West Midlands
2021-11-11 16:00:00,11,16,184.0,West Midlands
2021-11-11 17:00:00,11,17,174.0,West Midlands
2021-11-11 18:00:00,11,18,169.0,West Midlands
2021-11-11 19:00:00,11,19,166.0,West Midlands
2021-11-11 20:00:00,11,20,158.0,West Midlands
2021-11-11 21:00:00,11,21,117.5,West Midlands
2021-11-11 22:00:00,11,22,80.5,West Midlands
2021-11-11 23:00:00,11,23,70.0,West Midlands
2021-11-12 00:00:00,11,0,70.0,West Midlands
2021-11-12 01:00:00,11,1,69.5,West Midlands
2021-11-12 02:00:00,11,2,67.0,West Midlands
2021-11-12 03:00:00,11,3,66.0,West Midlands
2021-11-12 04:00:00,11,4,61.5,West Midlands
2021-11-12 05:00:00,11,5,57.0,West Midlands
2021-11-12 06:00:00,11,6,79.0,West Midlands
2021-11-12 07:00:00,11,7,128.0,West Midlands
2021-11-12 08:00:00,11,8,151.0,West Midlands
2021-11-12 09:00:00,11,9,140.5,West Midlands
2021-11-12 10:00:00,11,10,139.5,West Midlands
2021-11-12 11:00:00,11,11,145.0,West Midlands
2021-11-12 12:00:00,11,12,137.5,West Midlands
2021-11-12 13:00:00,11,13,133.0,West Midlands
2021-11-12 14:00:00,11,14,140.0,West Midlands
2021-11-12 15:00:00,11,15,129.0,West Midlands
2021-11-12 16:00:00,11,16,127.5,West Midlands
2021-11-12 17:00:00,11,17,135.5,West Midlands
2021-11-12 18:00:00,11,18,125.5,West Midlands
2021-11-12 19:00:00,11,19,136.0,West Midlands
2021-11-12 20:00:00,11,20,119.5,West Midlands
2021-11-12 21:00:00,11,21,85.5,West Midlands
2021-11-12 22:00:00,11,22,68.0,West Midlands
2021-11-12 23:00:00,11,23,42.0,West Midlands
2021-11-13 00:00:00,11,0,44.0,West Midlands
2021-11-13 01:00:00,11,1,44.0,West Midlands
2021-11-13 02:00:00,11,2,50.5,West Midlands
2021-11-13 03:00:00,11,3,55.0,West Midlands
2021-11-13 04:00:00,11,4,73.0,West Midlands
2021-11-13 05:00:00,11,5,76.5,West Midlands
2021-11-13 06:00:00,11,6,144.0,West Midlands
2021-11-13 07:00:00,11,7,193.5,West Midlands
2021-11-13 08:00:00,11,8,255.5,West Midlands
2021-11-13 09:00:00,11,9,327.0,West Midlands
2021-11-13 10:00:00,11,10,340.5,West Midlands
2021-11-13 11:00:00,11,11,353.5,West Midlands
2021-11-13 12:00:00,11,12,354.0,West Midlands
2021-11-13 13:00:00,11,13,366.5,West Midlands
2021-11-13 14:00:00,11,14,381.5,West Midlands
2021-11-13 15:00:00,11,15,389.5,West Midlands
2021-11-13 16:00:00,11,16,387.0,West Midlands
2021-11-13 17:00:00,11,17,393.0,West Midlands
2021-11-13 18:00:00,11,18,396.0,West Midlands
2021-11-13 19:00:00,11,19,405.5,West Midlands
2021-11-13 20:00:00,11,20,386.5,West Midlands
2021-11-13 21:00:00,11,21,330.0,West Midlands
2021-11-13 22:00:00,11,22,280.5,West Midlands
2021-11-13 23:00:00,11,23,202.5,West Midlands
2021-11-14 00:00:00,11,0,177.5,West Midlands
2021-11-14 01:00:00,11,1,165.5,West Midlands
2021-11-14 02:00:00,11,2,136.5,West Midlands
2021-11-14 03:00:00,11,3,125.0,West Midlands
2021-11-14 04:00:00,11,4,112.5,West Midlands
2021-11-14 05:00:00,11,5,113.5,West Midlands
2021-11-14 06:00:00,11,6,133.0,West Midlands
2021-11-14 07:00:00,11,7,179.0,West Midlands
2021-11-14 08:00:00,11,8,219.0,West Midlands
2021-11-14 09:00:00,11,9,240.5,West Midlands
2021-11-14 10:00:00,11,10,249.5,West Midlands
2021-11-14 11:00:00,11,11,293.0,West Midlands
2021-11-14 12:00:00,11,12,318.0,West Midlands
2021-11-14 13:00:00,11,13,336.5,West Midlands
2021-11-14 14:00:00,11,14,314.0,West Midlands
2021-11-14 15:00:00,11,15,322.0,West Midlands
2021-11-14 16:00:00,11,16,322.5,West Midlands
2021-11-14 17:00:00,11,17,286.5,West Midlands
2021-11-14 18:00:00,11,18,289.5,West Midlands
2021-11-14 19:00:00,11,19,271.5,West Midlands
2021-11-14 20:00:00,11,20,256.0,West Midlands
2021-11-14 21:00:00,11,21,212.0,West Midlands
2021-11-14 22:00:00,11,22,159.5,West Midlands
2021-11-14 23:00:00,11,23,124.5,West Midlands
2021-11-15 00:00:00,11,0,123.5,West Midlands
2021-11-15 01:00:00,11,1,132.5,West Midlands
2021-11-15 02:00:00,11,2,163.5,West Midlands
2021-11-15 03:00:00,11,3,159.0,West Midlands
2021-11-15 04:00:00,11,4,187.5,West Midlands
2021-11-15 05:00:00,11,5,252.5,West Midlands
2021-11-15 06:00:00,11,6,317.5,West Midlands
2021-11-15 07:00:00,11,7,381.5,West Midlands
2021-11-15 08:00:00,11,8,404.5,West Midlands
2021-11-15 09:00:00,11,9,413.5,West Midlands
2021-11-15 10:00:00,11,10,406.5,West Midlands
2021-11-15 11:00:00,11,11,405.5,West Midlands
2021-11-15 12:00:00,11,12,382.0,West Midlands
2021-11-15 13:00:00,11,13,358.0,West Midlands
2021-11-15 14:00:00,11,14,350.0,West Midlands
2021-11-15 15:00:00,11,15,360.5,West Midlands
2021-11-15 16:00:00,11,16,362.0,West Midlands
2021-11-15 17:00:00,11,17,344.5,West Midlands
2021-11-15 18:00:00,11,18,339.0,West Midlands
2021-11-15 19:00:00,11,19,314.5,West Midlands
2021-11-15 20:00:00,11,20,276.0,West Midlands
2021-11-15 21:00:00,11,21,252.0,West Midlands
2021-11-15 22:00:00,11,22,208.5,West Midlands
2021-11-15 23:00:00,11,23,164.5,West Midlands
2021-11-16 00:00:00,11,0,160.5,West Midlands
2021-11-16 01:00:00,11,1,154.0,West Midlands
2021-11-16 02:00:00,11,2,152.0,West Midlands
2021-11-16 03:00:00,11,3,145.5,West Midlands
2021-11-16 04:00:00,11,4,155.5,West Midlands
2021-11-16 05:00:00,11,5,172.0,West Midlands
2021-11-16 06:00:00,11,6,200.0,West Midlands
2021-11-16 07:00:00,11,7,214.0,West Midlands
2021-11-16 08:00:00,11,8,207.5,West Midlands
2021-11-16 09:00:00,11,9,206.0,West Midlands
2021-11-16 10:00:00,11,10,190.5,West Midlands
2021-11-16 11:00:00,11,11,173.5,West Midlands
2021-11-16 12:00:00,11,12,171.5,West Midlands
2021-11-16 13:00:00,11,13,169.0,West Midlands
2021-11-16 14:00:00,11,14,187.0,West Midlands
2021-11-16 15:00:00,11,15,159.5,West Midlands
2021-11-16 16:00:00,11,16,146.5,West Midlands
2021-11-16 17:00:00,11,17,137.0,West Midlands
2021-11-16 18:00:00,11,18,131.5,West Midlands
2021-11-16 19:00:00,11,19,146.0,West Midlands
2021-11-16 20:00:00,11,20,132.5,West Midlands
2021-11-16 21:00:00,11,21,104.5,West Midlands
2021-11-16 22:00:00,11,22,72.5,West Midlands
2021-11-16 23:00:00,11,23,26.5,West Midlands
2021-11-17 00:00:00,11,0,25.0,West Midlands
2021-11-17 01:00:00,11,1,27.0,West Midlands
2021-11-17 02:00:00,11,2,28.0,West Midlands
2021-11-17 03:00:00,11,3,32.5,West Midlands
2021-11-17 04:00:00,11,4,27.5,West Midlands
2021-11-17 05:00:00,11,5,48.0,West Midlands
2021-11-17 06:00:00,11,6,87.0,West Midlands
2021-11-17 07:00:00,11,7,140.5,West Midlands
2021-11-17 08:00:00,11,8,161.5,West Midlands
2021-11-17 09:00:00,11,9,167.0,West Midlands
2021-11-17 10:00:00,11,10,161.0,West Midlands
2021-11-17 11:00:00,11,11,153.0,West Midlands
2021-11-17 12:00:00,11,12,146.0,West Midlands
2021-11-17 13:00:00,11,13,138.0,West Midlands
2021-11-17 14:00:00,11,14,127.0,West Midlands
2021-11-17 15:00:00,11,15,137.0,West Midlands
2021-11-17 16:00:00,11,16,131.5,West Midlands
2021-11-17 17:00:00,11,17,138.0,West Midlands
2021-11-17 18:00:00,11,18,140.5,West Midlands
2021-11-17 19:00:00,11,19,160.0,West Midlands
2021-11-17 20:00:00,11,20,130.5,West Midlands
2021-11-17 21:00:00,11,21,107.5,West Midlands
2021-11-17 22:00:00,11,22,58.5,West Midlands
2021-11-17 23:00:00,11,23,31.5,West Midlands
2021-11-18 00:00:00,11,0,31.0,West Midlands
2021-11-18 01:00:00,11,1,29.0,West Midlands
2021-11-18 02:00:00,11,2,28.5,West Midlands
2021-11-18 03:00:00,11,3,28.5,West Midlands
2021-11-18 04:00:00,11,4,36.0,West Midlands
2021-11-18 05:00:00,11,5,48.5,West Midlands
2021-11-18 06:00:00,11,6,67.5,West Midlands
2021-11-18 07:00:00,11,7,118.5,West Midlands
2021-11-18 08:00:00,11,8,129.5,West Midlands
2021-11-18 09:00:00,11,9,133.5,West Midlands
2021-11-18 10:00:00,11,10,130.0,West Midlands
2021-11-18 11:00:00,11,11,140.0,West Midlands
2021-11-18 12:00:00,11,12,171.0,West Midlands
2021-11-18 13:00:00,11,13,164.0,West Midlands
2021-11-18 14:00:00,11,14,171.5,West Midlands
2021-11-18 15:00:00,11,15,156.5,West Midlands
2021-11-18 16:00:00,11,16,144.0,West Midlands
2021-11-18 17:00:00,11,17,138.0,West Midlands
2021-11-18 18:00:00,11,18,133.5,West Midlands
2021-11-18 19:00:00,11,19,130.0,West Midlands
2021-11-18 20:00:00,11,20,100.0,West Midlands
2021-11-18 21:00:00,11,21,68.0,West Midlands
2021-11-18 22:00:00,11,22,44.0,West Midlands
2021-11-18 23:00:00,11,23,23.0,West Midlands
2021-11-19 00:00:00,11,0,24.0,West Midlands
2021-11-19 01:00:00,11,1,22.5,West Midlands
2021-11-19 02:00:00,11,2,19.0,West Midlands
2021-11-19 03:00:00,11,3,19.0,West Midlands
2021-11-19 04:00:00,11,4,18.5,West Midlands
2021-11-19 05:00:00,11,5,40.5,West Midlands
2021-11-19 06:00:00,11,6,61.0,West Midlands
2021-11-19 07:00:00,11,7,107.0,West Midlands
2021-11-19 08:00:00,11,8,137.5,West Midlands
2021-11-19 09:00:00,11,9,139.5,West Midlands
2021-11-19 10:00:00,11,10,139.5,West Midlands
2021-11-19 11:00:00,11,11,137.5,West Midlands
2021-11-19 12:00:00,11,12,158.0,West Midlands
2021-11-19 13:00:00,11,13,159.5,West Midlands
2021-11-19 14:00:00,11,14,176.5,West Midlands
2021-11-19 15:00:00,11,15,194.0,West Midlands
2021-11-19 16:00:00,11,16,189.5,West Midlands
2021-11-19 17:00:00,11,17,211.0,West Midlands
2021-11-19 18:00:00,11,18,206.0,West Midlands
2021-11-19 19:00:00,11,19,225.5,West Midlands
2021-11-19 20:00:00,11,20,215.0,West Midlands
2021-11-19 21:00:00,11,21,173.5,West Midlands
2021-11-19 22:00:00,11,22,121.0,West Midlands
2021-11-19 23:00:00,11,23,71.0,West Midlands
2021-11-20 00:00:00,11,0,54.5,West Midlands
2021-11-20 01:00:00,11,1,48.0,West Midlands
2021-11-20 02:00:00,11,2,36.5,West Midlands
2021-11-20 03:00:00,11,3,28.0,West Midlands
2021-11-20 04:00:00,11,4,24.5,West Midlands
2021-11-20 05:00:00,11,5,27.5,West Midlands
2021-11-20 06:00:00,11,6,36.0,West Midlands
2021-11-20 07:00:00,11,7,51.0,West Midlands
2021-11-20 08:00:00,11,8,93.0,West Midlands
2021-11-20 09:00:00,11,9,98.5,West Midlands
2021-11-20 10:00:00,11,10,107.0,West Midlands
2021-11-20 11:00:00,11,11,110.0,West Midlands
2021-11-20 12:00:00,11,12,108.5,West Midlands
2021-11-20 13:00:00,11,13,112.5,West Midlands
2021-11-20 14:00:00,11,14,131.5,West Midlands
2021-11-20 15:00:00,11,15,140.0,West Midlands
2021-11-20 16:00:00,11,16,142.0,West Midlands
2021-11-20 17:00:00,11,17,143.5,West Midlands
2021-11-20 18:00:00,11,18,136.5,West Midlands
2021-11-20 19:00:00,11,19,142.5,West Midlands
2021-11-20 20:00:00,11,20,130.5,West Midlands
2021-11-20 21:00:00,11,21,101.0,West Midlands
2021-11-20 22:00:00,11,22,56.0,West Midlands
2021-11-20 23:00:00,11,23,33.5,West Midlands
2021-11-21 00:00:00,11,0,37.5,West Midlands
2021-11-21 01:00:00,11,1,43.0,West Midlands
2021-11-21 02:00:00,11,2,39.5,West Midlands
2021-11-21 03:00:00,11,3,32.5,West Midlands
2021-11-21 04:00:00,11,4,28.5,West Midlands
2021-11-21 05:00:00,11,5,32.5,West Midlands
2021-11-21 06:00:00,11,6,39.0,West Midlands
2021-11-21 07:00:00,11,7,43.0,West Midlands
2021-11-21 08:00:00,11,8,70.0,West Midlands
2021-11-21 09:00:00,11,9,86.5,West Midlands
2021-11-21 10:00:00,11,10,89.0,West Midlands
2021-11-21 11:00:00,11,11,89.5,West Midlands
2021-11-21 12:00:00,11,12,121.0,West Midlands
2021-11-21 13:00:00,11,13,131.0,West Midlands
2021-11-21 14:00:00,11,14,139.5,West Midlands
2021-11-21 15:00:00,11,15,179.5,West Midlands
2021-11-21 16:00:00,11,16,211.0,West Midlands
2021-11-21 17:00:00,11,17,243.0,West Midlands
2021-11-21 18:00:00,11,18,242.5,West Midlands
2021-11-21 19:00:00,11,19,250.5,West Midlands
2021-11-21 20:00:00,11,20,230.0,West Midlands
2021-11-21 21:00:00,11,21,216.5,West Midlands
2021-11-21 22:00:00,11,22,175.0,West Midlands
2021-11-21 23:00:00,11,23,100.0,West Midlands
2021-11-22 00:00:00,11,0,100.0,West Midlands
2021-11-22 01:00:00,11,1,105.5,West Midlands
2021-11-22 02:00:00,11,2,102.0,West Midlands
2021-11-22 03:00:00,11,3,100.0,West Midlands
2021-11-22 04:00:00,11,4,97.5,West Midlands
2021-11-22 05:00:00,11,5,147.5,West Midlands
2021-11-22 06:00:00,11,6,255.0,West Midlands
2021-11-22 07:00:00,11,7,319.0,West Midlands
2021-11-22 08:00:00,11,8,350.0,West Midlands
2021-11-22 09:00:00,11,9,356.0,West Midlands
2021-11-22 10:00:00,11,10,354.5,West Midlands
2021-11-22 11:00:00,11,11,349.5,West Midlands
2021-11-22 12:00:00,11,12,344.0,West Midlands
2021-11-22 13:00:00,11,13,332.5,West Midlands
2021-11-22 14:00:00,11,14,352.0,West Midlands
2021-11-22 15:00:00,11,15,360.0,West Midlands
2021-11-22 16:00:00,11,16,360.5,West Midlands
2021-11-22 17:00:00,11,17,362.0,West Midlands
2021-11-22 18:00:00,11,18,358.0,West Midlands
2021-11-22 19:00:00,11,19,370.0,West Midlands
2021-11-22 20:00:00,11,20,377.0,West Midlands
2021-11-22 21:00:00,11,21,370.0,West Midlands
2021-11-22 22:00:00,11,22,344.0,West Midlands
2021-11-22 23:00:00,11,23,302.5,West Midlands
2021-11-23 00:00:00,11,0,288.5,West Midlands
2021-11-23 01:00:00,11,1,274.0,West Midlands
2021-11-23 02:00:00,11,2,255.0,West Midlands
2021-11-23 03:00:00,11,3,236.0,West Midlands
2021-11-23 04:00:00,11,4,214.5,West Midlands
2021-11-23 05:00:00,11,5,236.5,West Midlands
2021-11-23 06:00:00,11,6,262.5,West Midlands
2021-11-23 07:00:00,11,7,291.0,West Midlands
2021-11-23 08:00:00,11,8,291.0,West Midlands
2021-11-23 09:00:00,11,9,314.5,West Midlands
2021-11-23 10:00:00,11,10,294.0,West Midlands
2021-11-23 11:00:00,11,11,305.0,West Midlands
2021-11-23 12:00:00,11,12,303.5,West Midlands
2021-11-23 13:00:00,11,13,313.0,West Midlands
2021-11-23 14:00:00,11,14,300.0,West Midlands
2021-11-23 15:00:00,11,15,289.0,West Midlands
2021-11-23 16:00:00,11,16,291.5,West Midlands
2021-11-23 17:00:00,11,17,271.0,West Midlands
2021-11-23 18:00:00,11,18,282.0,West Midlands
2021-11-23 19:00:00,11,19,267.0,West Midlands
2021-11-23 20:00:00,11,20,258.5,West Midlands
2021-11-23 21:00:00,11,21,259.0,West Midlands
2021-11-23 22:00:00,11,22,230.0,West Midlands
2021-11-23 23:00:00,11,23,208.0,West Midlands
2021-11-24 00:00:00,11,0,202.5,West Midlands
2021-11-24 01:00:00,11,1,189.0,West Midlands
2021-11-24 02:00:00,11,2,185.0,West Midlands
2021-11-24 03:00:00,11,3,176.5,West Midlands
2021-11-24 04:00:00,11,4,179.5,West Midlands
2021-11-24 05:00:00,11,5,183.5,West Midlands
2021-11-24 06:00:00,11,6,191.5,West Midlands
2021-11-24 07:00:00,11,7,194.0,West Midlands
2021-11-24 08:00:00,11,8,194.0,West Midlands
2021-11-24 09:00:00,11,9,217.5,West Midlands
2021-11-24 10:00:00,11,10,227.0,West Midlands
2021-11-24 11:00:00,11,11,232.0,West Midlands
2021-11-24 12:00:00,11,12,239.0,West Midlands
2021-11-24 13:00:00,11,13,234.0,West Midlands
2021-11-24 14:00:00,11,14,247.5,West Midlands
2021-11-24 15:00:00,11,15,255.0,West Midlands
2021-11-24 16:00:00,11,16,268.0,West Midlands
2021-11-24 17:00:00,11,17,252.0,West Midlands
2021-11-24 18:00:00,11,18,239.5,West Midlands
2021-11-24 19:00:00,11,19,240.5,West Midlands
2021-11-24 20:00:00,11,20,222.5,West Midlands
2021-11-24 21:00:00,11,21,204.0,West Midlands
2021-11-24 22:00:00,11,22,164.0,West Midlands
2021-11-24 23:00:00,11,23,131.0,West Midlands
2021-11-25 00:00:00,11,0,116.5,West Midlands
2021-11-25 01:00:00,11,1,109.5,West Midlands
2021-11-25 02:00:00,11,2,107.5,West Midlands
2021-11-25 03:00:00,11,3,101.0,West Midlands
2021-11-25 04:00:00,11,4,112.0,West Midlands
2021-11-25 05:00:00,11,5,103.5,West Midlands
2021-11-25 06:00:00,11,6,135.0,West Midlands
2021-11-25 07:00:00,11,7,183.5,West Midlands
2021-11-25 08:00:00,11,8,217.5,West Midlands
2021-11-25 09:00:00,11,9,233.5,West Midlands
2021-11-25 10:00:00,11,10,237.0,West Midlands
2021-11-25 11:00:00,11,11,242.0,West Midlands
2021-11-25 12:00:00,11,12,264.5,West Midlands
2021-11-25 13:00:00,11,13,292.5,West Midlands
2021-11-25 14:00:00,11,14,290.5,West Midlands
2021-11-25 15:00:00,11,15,296.0,West Midlands
2021-11-25 16:00:00,11,16,287.0,West Midlands
2021-11-25 17:00:00,11,17,271.5,West Midlands
2021-11-25 18:00:00,11,18,252.0,West Midlands
2021-11-25 19:00:00,11,19,224.5,West Midlands
2021-11-25 20:00:00,11,20,188.0,West Midlands
2021-11-25 21:00:00,11,21,185.5,West Midlands
2021-11-25 22:00:00,11,22,130.0,West Midlands
2021-11-25 23:00:00,11,23,80.0,West Midlands
2021-11-26 00:00:00,11,0,71.0,West Midlands
2021-11-26 01:00:00,11,1,73.5,West Midlands
2021-11-26 02:00:00,11,2,72.5,West Midlands
2021-11-26 03:00:00,11,3,63.5,West Midlands
2021-11-26 04:00:00,11,4,63.0,West Midlands
2021-11-26 05:00:00,11,5,66.0,West Midlands
2021-11-26 06:00:00,11,6,95.0,West Midlands
2021-11-26 07:00:00,11,7,160.5,West Midlands
2021-11-26 08:00:00,11,8,169.5,West Midlands
2021-11-26 09:00:00,11,9,165.5,West Midlands
2021-11-26 10:00:00,11,10,159.0,West Midlands
2021-11-26 11:00:00,11,11,158.5,West Midlands
2021-11-26 12:00:00,11,12,168.0,West Midlands
2021-11-26 13:00:00,11,13,171.0,West Midlands
2021-11-26 14:00:00,11,14,180.5,West Midlands
2021-11-26 15:00:00,11,15,195.5,West Midlands
2021-11-26 16:00:00,11,16,196.0,West Midlands
2021-11-26 17:00:00,11,17,172.0,West Midlands
2021-11-26 18:00:00,11,18,179.5,West Midlands
2021-11-26 19:00:00,11,19,200.0,West Midlands
2021-11-26 20:00:00,11,20,215.0,West Midlands
2021-11-26 21:00:00,11,21,212.5,West Midlands
2021-11-26 22:00:00,11,22,203.0,West Midlands
2021-11-26 23:00:00,11,23,142.0,West Midlands
2021-11-27 00:00:00,11,0,129.0,West Midlands
2021-11-27 01:00:00,11,1,139.5,West Midlands
2021-11-27 02:00:00,11,2,120.5,West Midlands
2021-11-27 03:00:00,11,3,130.5,West Midlands
2021-11-27 04:00:00,11,4,98.0,West Midlands
2021-11-27 05:00:00,11,5,89.0,West Midlands
2021-11-27 06:00:00,11,6,86.0,West Midlands
2021-11-27 07:00:00,11,7,126.0,West Midlands
2021-11-27 08:00:00,11,8,184.5,West Midlands
2021-11-27 09:00:00,11,9,188.5,West Midlands
2021-11-27 10:00:00,11,10,181.5,West Midlands
2021-11-27 11:00:00,11,11,183.5,West Midlands
2021-11-27 12:00:00,11,12,175.0,West Midlands
2021-11-27 13:00:00,11,13,190.0,West Midlands
2021-11-27 14:00:00,11,14,200.5,West Midlands
2021-11-27 15:00:00,11,15,201.0,West Midlands
2021-11-27 16:00:00,11,16,207.5,West Midlands
2021-11-27 17:00:00,11,17,215.5,West Midlands
2021-11-27 18:00:00,11,18,209.0,West Midlands
2021-11-27 19:00:00,11,19,218.0,West Midlands
2021-11-27 20:00:00,11,20,215.0,West Midlands
2021-11-27 21:00:00,11,21,208.5,West Midlands
2021-11-27 22:00:00,11,22,165.0,West Midlands
2021-11-27 23:00:00,11,23,73.5,West Midlands
2021-11-28 00:00:00,11,0,77.0,West Midlands
2021-11-28 01:00:00,11,1,92.0,West Midlands
2021-11-28 02:00:00,11,2,94.5,West Midlands
2021-11-28 03:00:00,11,3,88.5,West Midlands
2021-11-28 04:00:00,11,4,85.0,West Midlands
2021-11-28 05:00:00,11,5,93.0,West Midlands
2021-11-28 06:00:00,11,6,124.0,West Midlands
2021-11-28 07:00:00,11,7,186.5,West Midlands
2021-11-28 08:00:00,11,8,240.0,West Midlands
2021-11-28 09:00:00,11,9,244.5,West Midlands
2021-11-28 10:00:00,11,10,231.0,West Midlands
2021-11-28 11:00:00,11,11,235.0,West Midlands
2021-11-28 12:00:00,11,12,245.0,West Midlands
2021-11-28 13:00:00,11,13,258.5,West Midlands
2021-11-28 14:00:00,11,14,272.5,West Midlands
2021-11-28 15:00:00,11,15,286.5,West Midlands
2021-11-28 16:00:00,11,16,301.0,West Midlands
2021-11-28 17:00:00,11,17,305.0,West Midlands
2021-11-28 18:00:00,11,18,314.0,West Midlands
2021-11-28 19:00:00,11,19,322.5,West Midlands
2021-11-28 20:00:00,11,20,325.0,West Midlands
2021-11-28 21:00:00,11,21,335.5,West Midlands
2021-11-28 22:00:00,11,22,331.5,West Midlands
2021-11-28 23:00:00,11,23,354.0,West Midlands
2021-11-29 00:00:00,11,0,349.0,West Midlands
2021-11-29 01:00:00,11,1,335.0,West Midlands
2021-11-29 02:00:00,11,2,327.0,West Midlands
2021-11-29 03:00:00,11,3,322.5,West Midlands
2021-11-29 04:00:00,11,4,344.5,West Midlands
2021-11-29 05:00:00,11,5,367.5,West Midlands
2021-11-29 06:00:00,11,6,392.0,West Midlands
2021-11-29 07:00:00,11,7,395.0,West Midlands
2021-11-29 08:00:00,11,8,375.5,West Midlands
2021-11-29 09:00:00,11,9,355.5,West Midlands
2021-11-29 10:00:00,11,10,343.5,West Midlands
2021-11-29 11:00:00,11,11,338.5,West Midlands
2021-11-29 12:00:00,11,12,309.0,West Midlands
2021-11-29 13:00:00,11,13,274.5,West Midlands
2021-11-29 14:00:00,11,14,252.0,West Midlands
2021-11-29 15:00:00,11,15,221.0,West Midlands
2021-11-29 16:00:00,11,16,199.0,West Midlands
2021-11-29 17:00:00,11,17,170.0,West Midlands
2021-11-29 18:00:00,11,18,174.0,West Midlands
2021-11-29 19:00:00,11,19,167.5,West Midlands
2021-11-29 20:00:00,11,20,159.5,West Midlands
2021-11-29 21:00:00,11,21,126.0,West Midlands
2021-11-29 22:00:00,11,22,81.0,West Midlands
2021-11-29 23:00:00,11,23,54.5,West Midlands
2021-11-30 00:00:00,11,0,50.0,West Midlands
2021-11-30 01:00:00,11,1,48.0,West Midlands
2021-11-30 02:00:00,11,2,41.0,West Midlands
2021-11-30 03:00:00,11,3,35.5,West Midlands
2021-11-30 04:00:00,11,4,36.0,West Midlands
2021-11-30 05:00:00,11,5,52.0,West Midlands
2021-11-30 06:00:00,11,6,137.0,West Midlands
2021-11-30 07:00:00,11,7,221.0,West Midlands
2021-11-30 08:00:00,11,8,247.5,West Midlands
2021-11-30 09:00:00,11,9,257.0,West Midlands
2021-11-30 10:00:00,11,10,280.0,West Midlands
2021-11-30 11:00:00,11,11,277.5,West Midlands
2021-11-30 12:00:00,11,12,270.5,West Midlands
2021-11-30 13:00:00,11,13,266.0,West Midlands
2021-11-30 14:00:00,11,14,272.0,West Midlands
2021-11-30 15:00:00,11,15,280.5,West Midlands
2021-11-30 16:00:00,11,16,266.5,West Midlands
2021-11-30 17:00:00,11,17,250.0,West Midlands
2021-11-30 18:00:00,11,18,241.0,West Midlands
2021-11-30 19:00:00,11,19,232.0,West Midlands
2021-11-30 20:00:00,11,20,189.0,West Midlands
2021-11-30 21:00:00,11,21,123.0,West Midlands
2021-11-30 22:00:00,11,22,64.0,West Midlands
2021-11-30 23:00:00,11,23,49.0,West Midlands
2021-12-01 00:00:00,12,0,55.0,West Midlands
2021-12-01 01:00:00,12,1,52.0,West Midlands
2021-12-01 02:00:00,12,2,52.0,West Midlands
2021-12-01 03:00:00,12,3,52.5,West Midlands
2021-12-01 04:00:00,12,4,60.5,West Midlands
2021-12-01 05:00:00,12,5,55.5,West Midlands
2021-12-01 06:00:00,12,6,80.0,West Midlands
2021-12-01 07:00:00,12,7,152.0,West Midlands
2021-12-01 08:00:00,12,8,183.5,West Midlands
2021-12-01 09:00:00,12,9,189.0,West Midlands
2021-12-01 10:00:00,12,10,195.0,West Midlands
2021-12-01 11:00:00,12,11,196.5,West Midlands
2021-12-01 12:00:00,12,12,204.0,West Midlands
2021-12-01 13:00:00,12,13,199.5,West Midlands
2021-12-01 14:00:00,12,14,208.0,West Midlands
2021-12-01 15:00:00,12,15,229.0,West Midlands
2021-12-01 16:00:00,12,16,207.5,West Midlands
2021-12-01 17:00:00,12,17,202.0,West Midlands
2021-12-01 18:00:00,12,18,215.0,West Midlands
2021-12-01 19:00:00,12,19,228.5,West Midlands
2021-12-01 20:00:00,12,20,207.0,West Midlands
2021-12-01 21:00:00,12,21,196.5,West Midlands
2021-12-01 22:00:00,12,22,95.5,West Midlands
2021-12-01 23:00:00,12,23,72.5,West Midlands
2021-12-02 00:00:00,12,0,46.0,West Midlands
2021-12-02 01:00:00,12,1,40.5,West Midlands
2021-12-02 02:00:00,12,2,33.5,West Midlands
2021-12-02 03:00:00,12,3,29.0,West Midlands
2021-12-02 04:00:00,12,4,27.5,West Midlands
2021-12-02 05:00:00,12,5,43.5,West Midlands
2021-12-02 06:00:00,12,6,124.0,West Midlands
2021-12-02 07:00:00,12,7,217.5,West Midlands
2021-12-02 08:00:00,12,8,282.5,West Midlands
2021-12-02 09:00:00,12,9,319.0,West Midlands
2021-12-02 10:00:00,12,10,323.0,West Midlands
2021-12-02 11:00:00,12,11,335.5,West Midlands
2021-12-02 12:00:00,12,12,339.5,West Midlands
2021-12-02 13:00:00,12,13,353.5,West Midlands
2021-12-02 14:00:00,12,14,374.0,West Midlands
2021-12-02 15:00:00,12,15,386.0,West Midlands
2021-12-02 16:00:00,12,16,377.5,West Midlands
2021-12-02 17:00:00,12,17,374.5,West Midlands
2021-12-02 18:00:00,12,18,360.0,West Midlands
2021-12-02 19:00:00,12,19,357.5,West Midlands
2021-12-02 20:00:00,12,20,326.0,West Midlands
2021-12-02 21:00:00,12,21,273.0,West Midlands
2021-12-02 22:00:00,12,22,216.5,West Midlands
2021-12-02 23:00:00,12,23,195.0,West Midlands
2021-12-03 00:00:00,12,0,200.5,West Midlands
2021-12-03 01:00:00,12,1,152.5,West Midlands
2021-12-03 02:00:00,12,2,117.5,West Midlands
2021-12-03 03:00:00,12,3,87.0,West Midlands
2021-12-03 04:00:00,12,4,72.0,West Midlands
2021-12-03 05:00:00,12,5,97.5,West Midlands
2021-12-03 06:00:00,12,6,194.0,West Midlands
2021-12-03 07:00:00,12,7,240.0,West Midlands
2021-12-03 08:00:00,12,8,289.5,West Midlands
2021-12-03 09:00:00,12,9,304.5,West Midlands
2021-12-03 10:00:00,12,10,309.5,West Midlands
2021-12-03 11:00:00,12,11,329.5,West Midlands
2021-12-03 12:00:00,12,12,338.5,West Midlands
2021-12-03 13:00:00,12,13,354.0,West Midlands
2021-12-03 14:00:00,12,14,360.0,West Midlands
2021-12-03 15:00:00,12,15,363.0,West Midlands
2021-12-03 16:00:00,12,16,360.5,West Midlands
2021-12-03 17:00:00,12,17,347.5,West Midlands
2021-12-03 18:00:00,12,18,328.0,West Midlands
2021-12-03 19:00:00,12,19,310.0,West Midlands
2021-12-03 20:00:00,12,20,261.5,West Midlands
2021-12-03 21:00:00,12,21,232.5,West Midlands
2021-12-03 22:00:00,12,22,189.5,West Midlands
2021-12-03 23:00:00,12,23,123.5,West Midlands
2021-12-04 00:00:00,12,0,111.0,West Midlands
2021-12-04 01:00:00,12,1,86.0,West Midlands
2021-12-04 02:00:00,12,2,91.5,West Midlands
2021-12-04 03:00:00,12,3,82.0,West Midlands
2021-12-04 04:00:00,12,4,74.5,West Midlands
2021-12-04 05:00:00,12,5,76.5,West Midlands
2021-12-04 06:00:00,12,6,107.5,West Midlands
2021-12-04 07:00:00,12,7,126.0,West Midlands
2021-12-04 08:00:00,12,8,150.5,West Midlands
2021-12-04 09:00:00,12,9,149.5,West Midlands
2021-12-04 10:00:00,12,10,142.0,West Midlands
2021-12-04 11:00:00,12,11,132.5,West Midlands
2021-12-04 12:00:00,12,12,139.0,West Midlands
2021-12-04 13:00:00,12,13,133.5,West Midlands
2021-12-04 14:00:00,12,14,135.5,West Midlands
2021-12-04 15:00:00,12,15,156.5,West Midlands
2021-12-04 16:00:00,12,16,149.5,West Midlands
2021-12-04 17:00:00,12,17,151.5,West Midlands
2021-12-04 18:00:00,12,18,150.5,West Midlands
2021-12-04 19:00:00,12,19,140.5,West Midlands
2021-12-04 20:00:00,12,20,108.5,West Midlands
2021-12-04 21:00:00,12,21,54.5,West Midlands
2021-12-04 22:00:00,12,22,54.0,West Midlands
2021-12-04 23:00:00,12,23,49.0,West Midlands
2021-12-05 00:00:00,12,0,50.0,West Midlands
2021-12-05 01:00:00,12,1,54.5,West Midlands
2021-12-05 02:00:00,12,2,55.0,West Midlands
2021-12-05 03:00:00,12,3,55.0,West Midlands
2021-12-05 04:00:00,12,4,42.5,West Midlands
2021-12-05 05:00:00,12,5,48.0,West Midlands
2021-12-05 06:00:00,12,6,49.5,West Midlands
2021-12-05 07:00:00,12,7,69.5,West Midlands
2021-12-05 08:00:00,12,8,101.5,West Midlands
2021-12-05 09:00:00,12,9,168.0,West Midlands
2021-12-05 10:00:00,12,10,198.5,West Midlands
2021-12-05 11:00:00,12,11,235.5,West Midlands
2021-12-05 12:00:00,12,12,275.5,West Midlands
2021-12-05 13:00:00,12,13,310.0,West Midlands
2021-12-05 14:00:00,12,14,343.0,West Midlands
2021-12-05 15:00:00,12,15,357.5,West Midlands
2021-12-05 16:00:00,12,16,358.0,West Midlands
2021-12-05 17:00:00,12,17,372.0,West Midlands
2021-12-05 18:00:00,12,18,367.0,West Midlands
2021-12-05 19:00:00,12,19,378.0,West Midlands
2021-12-05 20:00:00,12,20,391.5,West Midlands
2021-12-05 21:00:00,12,21,363.0,West Midlands
2021-12-05 22:00:00,12,22,295.5,West Midlands
2021-12-05 23:00:00,12,23,211.5,West Midlands
2021-12-06 00:00:00,12,0,155.0,West Midlands
2021-12-06 01:00:00,12,1,136.0,West Midlands
2021-12-06 02:00:00,12,2,150.0,West Midlands
2021-12-06 03:00:00,12,3,142.0,West Midlands
2021-12-06 04:00:00,12,4,159.0,West Midlands
2021-12-06 05:00:00,12,5,173.5,West Midlands
2021-12-06 06:00:00,12,6,167.5,West Midlands
2021-12-06 07:00:00,12,7,191.5,West Midlands
2021-12-06 08:00:00,12,8,210.0,West Midlands
2021-12-06 09:00:00,12,9,234.5,West Midlands
2021-12-06 10:00:00,12,10,246.0,West Midlands
2021-12-06 11:00:00,12,11,245.0,West Midlands
2021-12-06 12:00:00,12,12,230.5,West Midlands
2021-12-06 13:00:00,12,13,233.0,West Midlands
2021-12-06 14:00:00,12,14,237.5,West Midlands
2021-12-06 15:00:00,12,15,274.5,West Midlands
2021-12-06 16:00:00,12,16,264.0,West Midlands
2021-12-06 17:00:00,12,17,259.0,West Midlands
2021-12-06 18:00:00,12,18,253.5,West Midlands
2021-12-06 19:00:00,12,19,250.0,West Midlands
2021-12-06 20:00:00,12,20,207.0,West Midlands
2021-12-06 21:00:00,12,21,164.0,West Midlands
2021-12-06 22:00:00,12,22,115.0,West Midlands
2021-12-06 23:00:00,12,23,84.0,West Midlands
2021-12-07 00:00:00,12,0,95.5,West Midlands
2021-12-07 01:00:00,12,1,132.0,West Midlands
2021-12-07 02:00:00,12,2,157.5,West Midlands
2021-12-07 03:00:00,12,3,185.0,West Midlands
2021-12-07 04:00:00,12,4,210.5,West Midlands
2021-12-07 05:00:00,12,5,262.5,West Midlands
2021-12-07 06:00:00,12,6,276.5,West Midlands
2021-12-07 07:00:00,12,7,272.5,West Midlands
2021-12-07 08:00:00,12,8,273.5,West Midlands
2021-12-07 09:00:00,12,9,232.5,West Midlands
2021-12-07 10:00:00,12,10,204.0,West Midlands
2021-12-07 11:00:00,12,11,235.5,West Midlands
2021-12-07 12:00:00,12,12,245.0,West Midlands
2021-12-07 13:00:00,12,13,221.0,West Midlands
2021-12-07 14:00:00,12,14,210.0,West Midlands
2021-12-07 15:00:00,12,15,206.0,West Midlands
2021-12-07 16:00:00,12,16,228.5,West Midlands
2021-12-07 17:00:00,12,17,257.5,West Midlands
2021-12-07 18:00:00,12,18,271.0,West Midlands
2021-12-07 19:00:00,12,19,229.5,West Midlands
2021-12-07 20:00:00,12,20,165.5,West Midlands
2021-12-07 21:00:00,12,21,100.0,West Midlands
2021-12-07 22:00:00,12,22,67.5,West Midlands
2021-12-07 23:00:00,12,23,34.5,West Midlands
2021-12-08 00:00:00,12,0,32.5,West Midlands
2021-12-08 01:00:00,12,1,32.5,West Midlands
2021-12-08 02:00:00,12,2,40.0,West Midlands
2021-12-08 03:00:00,12,3,39.0,West Midlands
2021-12-08 04:00:00,12,4,47.5,West Midlands
2021-12-08 05:00:00,12,5,74.0,West Midlands
2021-12-08 06:00:00,12,6,171.5,West Midlands
2021-12-08 07:00:00,12,7,231.0,West Midlands
2021-12-08 08:00:00,12,8,260.0,West Midlands
2021-12-08 09:00:00,12,9,287.0,West Midlands
2021-12-08 10:00:00,12,10,299.0,West Midlands
2021-12-08 11:00:00,12,11,310.5,West Midlands
2021-12-08 12:00:00,12,12,304.5,West Midlands
2021-12-08 13:00:00,12,13,295.5,West Midlands
2021-12-08 14:00:00,12,14,270.5,West Midlands
2021-12-08 15:00:00,12,15,268.0,West Midlands
2021-12-08 16:00:00,12,16,274.5,West Midlands
2021-12-08 17:00:00,12,17,310.5,West Midlands
2021-12-08 18:00:00,12,18,332.0,West Midlands
2021-12-08 19:00:00,12,19,325.5,West Midlands
2021-12-08 20:00:00,12,20,310.5,West Midlands
2021-12-08 21:00:00,12,21,225.5,West Midlands
2021-12-08 22:00:00,12,22,168.5,West Midlands
2021-12-08 23:00:00,12,23,145.0,West Midlands
2021-12-09 00:00:00,12,0,138.5,West Midlands
2021-12-09 01:00:00,12,1,134.5,West Midlands
2021-12-09 02:00:00,12,2,124.5,West Midlands
2021-12-09 03:00:00,12,3,138.0,West Midlands
2021-12-09 04:00:00,12,4,146.0,West Midlands
2021-12-09 05:00:00,12,5,180.5,West Midlands
2021-12-09 06:00:00,12,6,253.0,West Midlands
2021-12-09 07:00:00,12,7,318.0,West Midlands
2021-12-09 08:00:00,12,8,319.5,West Midlands
2021-12-09 09:00:00,12,9,322.5,West Midlands
2021-12-09 10:00:00,12,10,331.0,West Midlands
2021-12-09 11:00:00,12,11,322.5,West Midlands
2021-12-09 12:00:00,12,12,299.0,West Midlands
2021-12-09 13:00:00,12,13,288.5,West Midlands
2021-12-09 14:00:00,12,14,264.0,West Midlands
2021-12-09 15:00:00,12,15,252.0,West Midlands
2021-12-09 16:00:00,12,16,255.0,West Midlands
2021-12-09 17:00:00,12,17,248.0,West Midlands
2021-12-09 18:00:00,12,18,253.0,West Midlands
2021-12-09 19:00:00,12,19,245.5,West Midlands
2021-12-09 20:00:00,12,20,220.0,West Midlands
2021-12-09 21:00:00,12,21,164.5,West Midlands
2021-12-09 22:00:00,12,22,113.0,West Midlands
2021-12-09 23:00:00,12,23,51.5,West Midlands
2021-12-10 00:00:00,12,0,58.0,West Midlands
2021-12-10 01:00:00,12,1,44.5,West Midlands
2021-12-10 02:00:00,12,2,46.0,West Midlands
2021-12-10 03:00:00,12,3,50.5,West Midlands
2021-12-10 04:00:00,12,4,71.5,West Midlands
2021-12-10 05:00:00,12,5,112.0,West Midlands
2021-12-10 06:00:00,12,6,180.5,West Midlands
2021-12-10 07:00:00,12,7,235.0,West Midlands
2021-12-10 08:00:00,12,8,255.0,West Midlands
2021-12-10 09:00:00,12,9,268.5,West Midlands
2021-12-10 10:00:00,12,10,269.5,West Midlands
2021-12-10 11:00:00,12,11,267.0,West Midlands
2021-12-10 12:00:00,12,12,260.5,West Midlands
2021-12-10 13:00:00,12,13,252.0,West Midlands
2021-12-10 14:00:00,12,14,263.0,West Midlands
2021-12-10 15:00:00,12,15,269.5,West Midlands
2021-12-10 16:00:00,12,16,276.5,West Midlands
2021-12-10 17:00:00,12,17,304.0,West Midlands
2021-12-10 18:00:00,12,18,311.5,West Midlands
2021-12-10 19:00:00,12,19,323.0,West Midlands
2021-12-10 20:00:00,12,20,335.0,West Midlands
2021-12-10 21:00:00,12,21,325.5,West Midlands
2021-12-10 22:00:00,12,22,301.0,West Midlands
2021-12-10 23:00:00,12,23,259.0,West Midlands
2021-12-11 00:00:00,12,0,272.5,West Midlands
2021-12-11 01:00:00,12,1,275.5,West Midlands
2021-12-11 02:00:00,12,2,267.0,West Midlands
2021-12-11 03:00:00,12,3,251.5,West Midlands
2021-12-11 04:00:00,12,4,235.5,West Midlands
2021-12-11 05:00:00,12,5,254.0,West Midlands
2021-12-11 06:00:00,12,6,281.0,West Midlands
2021-12-11 07:00:00,12,7,274.0,West Midlands
2021-12-11 08:00:00,12,8,268.0,West Midlands
2021-12-11 09:00:00,12,9,233.0,West Midlands
2021-12-11 10:00:00,12,10,204.0,West Midlands
2021-12-11 11:00:00,12,11,206.0,West Midlands
2021-12-11 12:00:00,12,12,199.0,West Midlands
2021-12-11 13:00:00,12,13,190.0,West Midlands
2021-12-11 14:00:00,12,14,195.0,West Midlands
2021-12-11 15:00:00,12,15,193.5,West Midlands
2021-12-11 16:00:00,12,16,205.5,West Midlands
2021-12-11 17:00:00,12,17,204.0,West Midlands
2021-12-11 18:00:00,12,18,225.5,West Midlands
2021-12-11 19:00:00,12,19,231.5,West Midlands
2021-12-11 20:00:00,12,20,209.5,West Midlands
2021-12-11 21:00:00,12,21,194.0,West Midlands
2021-12-11 22:00:00,12,22,148.0,West Midlands
2021-12-11 23:00:00,12,23,74.5,West Midlands
2021-12-12 00:00:00,12,0,68.5,West Midlands
2021-12-12 01:00:00,12,1,87.0,West Midlands
2021-12-12 02:00:00,12,2,93.0,West Midlands
2021-12-12 03:00:00,12,3,82.0,West Midlands
2021-12-12 04:00:00,12,4,80.0,West Midlands
2021-12-12 05:00:00,12,5,97.0,West Midlands
2021-12-12 06:00:00,12,6,157.5,West Midlands
2021-12-12 07:00:00,12,7,234.0,West Midlands
2021-12-12 08:00:00,12,8,296.5,West Midlands
2021-12-12 09:00:00,12,9,314.0,West Midlands
2021-12-12 10:00:00,12,10,293.5,West Midlands
2021-12-12 11:00:00,12,11,278.5,West Midlands
2021-12-12 12:00:00,12,12,235.5,West Midlands
2021-12-12 13:00:00,12,13,215.5,West Midlands
2021-12-12 14:00:00,12,14,210.5,West Midlands
2021-12-12 15:00:00,12,15,203.5,West Midlands
2021-12-12 16:00:00,12,16,192.5,West Midlands
2021-12-12 17:00:00,12,17,165.0,West Midlands
2021-12-12 18:00:00,12,18,130.5,West Midlands
2021-12-12 19:00:00,12,19,109.5,West Midlands
2021-12-12 20:00:00,12,20,86.0,West Midlands
2021-12-12 21:00:00,12,21,38.0,West Midlands
2021-12-12 22:00:00,12,22,24.0,West Midlands
2021-12-12 23:00:00,12,23,26.0,West Midlands
2021-12-13 00:00:00,12,0,40.5,West Midlands
2021-12-13 01:00:00,12,1,46.5,West Midlands
2021-12-13 02:00:00,12,2,30.0,West Midlands
2021-12-13 03:00:00,12,3,23.5,West Midlands
2021-12-13 04:00:00,12,4,33.0,West Midlands
2021-12-13 05:00:00,12,5,73.0,West Midlands
2021-12-13 06:00:00,12,6,176.5,West Midlands
2021-12-13 07:00:00,12,7,277.0,West Midlands
2021-12-13 08:00:00,12,8,307.0,West Midlands
2021-12-13 09:00:00,12,9,302.5,West Midlands
2021-12-13 10:00:00,12,10,294.0,West Midlands
2021-12-13 11:00:00,12,11,288.0,West Midlands
2021-12-13 12:00:00,12,12,289.5,West Midlands
2021-12-13 13:00:00,12,13,298.5,West Midlands
2021-12-13 14:00:00,12,14,300.5,West Midlands
2021-12-13 15:00:00,12,15,302.5,West Midlands
2021-12-13 16:00:00,12,16,306.5,West Midlands
2021-12-13 17:00:00,12,17,320.5,West Midlands
2021-12-13 18:00:00,12,18,348.0,West Midlands
2021-12-13 19:00:00,12,19,357.0,West Midlands
2021-12-13 20:00:00,12,20,372.5,West Midlands
2021-12-13 21:00:00,12,21,369.0,West Midlands
2021-12-13 22:00:00,12,22,347.5,West Midlands
2021-12-13 23:00:00,12,23,295.0,West Midlands
2021-12-14 00:00:00,12,0,263.0,West Midlands
2021-12-14 01:00:00,12,1,242.5,West Midlands
2021-12-14 02:00:00,12,2,206.5,West Midlands
2021-12-14 03:00:00,12,3,166.0,West Midlands
2021-12-14 04:00:00,12,4,141.0,West Midlands
2021-12-14 05:00:00,12,5,150.5,West Midlands
2021-12-14 06:00:00,12,6,175.5,West Midlands
2021-12-14 07:00:00,12,7,213.0,West Midlands
2021-12-14 08:00:00,12,8,225.5,West Midlands
2021-12-14 09:00:00,12,9,228.5,West Midlands
2021-12-14 10:00:00,12,10,241.0,West Midlands
2021-12-14 11:00:00,12,11,225.5,West Midlands
2021-12-14 12:00:00,12,12,213.5,West Midlands
2021-12-14 13:00:00,12,13,200.5,West Midlands
2021-12-14 14:00:00,12,14,188.0,West Midlands
2021-12-14 15:00:00,12,15,181.5,West Midlands
2021-12-14 16:00:00,12,16,191.0,West Midlands
2021-12-14 17:00:00,12,17,200.0,West Midlands
2021-12-14 18:00:00,12,18,198.0,West Midlands
2021-12-14 19:00:00,12,19,192.5,West Midlands
2021-12-14 20:00:00,12,20,181.0,West Midlands
2021-12-14 21:00:00,12,21,157.0,West Midlands
2021-12-14 22:00:00,12,22,108.0,West Midlands
2021-12-14 23:00:00,12,23,51.5,West Midlands
2021-12-15 00:00:00,12,0,50.5,West Midlands
2021-12-15 01:00:00,12,1,58.0,West Midlands
2021-12-15 02:00:00,12,2,56.5,West Midlands
2021-12-15 03:00:00,12,3,56.5,West Midlands
2021-12-15 04:00:00,12,4,53.5,West Midlands
2021-12-15 05:00:00,12,5,64.5,West Midlands
2021-12-15 06:00:00,12,6,101.5,West Midlands
2021-12-15 07:00:00,12,7,149.5,West Midlands
2021-12-15 08:00:00,12,8,180.5,West Midlands
2021-12-15 09:00:00,12,9,202.5,West Midlands
2021-12-15 10:00:00,12,10,228.0,West Midlands
2021-12-15 11:00:00,12,11,226.0,West Midlands
2021-12-15 12:00:00,12,12,218.0,West Midlands
2021-12-15 13:00:00,12,13,220.0,West Midlands
2021-12-15 14:00:00,12,14,218.0,West Midlands
2021-12-15 15:00:00,12,15,233.0,West Midlands
2021-12-15 16:00:00,12,16,255.5,West Midlands
2021-12-15 17:00:00,12,17,278.0,West Midlands
2021-12-15 18:00:00,12,18,296.0,West Midlands
2021-12-15 19:00:00,12,19,311.5,West Midlands
2021-12-15 20:00:00,12,20,307.5,West Midlands
2021-12-15 21:00:00,12,21,289.0,West Midlands
2021-12-15 22:00:00,12,22,275.0,West Midlands
2021-12-15 23:00:00,12,23,283.0,West Midlands
2021-12-16 00:00:00,12,0,297.5,West Midlands
2021-12-16 01:00:00,12,1,306.0,West Midlands
2021-12-16 02:00:00,12,2,297.0,West Midlands
2021-12-16 03:00:00,12,3,272.0,West Midlands
2021-12-16 04:00:00,12,4,261.0,West Midlands
2021-12-16 05:00:00,12,5,302.0,West Midlands
2021-12-16 06:00:00,12,6,330.5,West Midlands
2021-12-16 07:00:00,12,7,332.0,West Midlands
2021-12-16 08:00:00,12,8,336.0,West Midlands
2021-12-16 09:00:00,12,9,345.5,West Midlands
2021-12-16 10:00:00,12,10,338.5,West Midlands
2021-12-16 11:00:00,12,11,341.5,West Midlands
2021-12-16 12:00:00,12,12,348.5,West Midlands
2021-12-16 13:00:00,12,13,353.0,West Midlands
2021-12-16 14:00:00,12,14,356.5,West Midlands
2021-12-16 15:00:00,12,15,356.5,West Midlands
2021-12-16 16:00:00,12,16,350.0,West Midlands
2021-12-16 17:00:00,12,17,356.5,West Midlands
2021-12-16 18:00:00,12,18,341.0,West Midlands
2021-12-16 19:00:00,12,19,337.0,West Midlands
2021-12-16 20:00:00,12,20,318.0,West Midlands
2021-12-16 21:00:00,12,21,311.5,West Midlands
2021-12-16 22:00:00,12,22,293.5,West Midlands
2021-12-16 23:00:00,12,23,287.0,West Midlands
2021-12-17 00:00:00,12,0,287.5,West Midlands
2021-12-17 01:00:00,12,1,274.5,West Midlands
2021-12-17 02:00:00,12,2,267.5,West Midlands
2021-12-17 03:00:00,12,3,272.5,West Midlands
2021-12-17 04:00:00,12,4,268.5,West Midlands
2021-12-17 05:00:00,12,5,299.0,West Midlands
2021-12-17 06:00:00,12,6,324.0,West Midlands
2021-12-17 07:00:00,12,7,342.5,West Midlands
2021-12-17 08:00:00,12,8,373.0,West Midlands
2021-12-17 09:00:00,12,9,390.0,West Midlands
2021-12-17 10:00:00,12,10,393.0,West Midlands
2021-12-17 11:00:00,12,11,400.0,West Midlands
2021-12-17 12:00:00,12,12,404.0,West Midlands
2021-12-17 13:00:00,12,13,403.5,West Midlands
2021-12-17 14:00:00,12,14,408.5,West Midlands
2021-12-17 15:00:00,12,15,396.5,West Midlands
2021-12-17 16:00:00,12,16,370.0,West Midlands
2021-12-17 17:00:00,12,17,351.0,West Midlands
2021-12-17 18:00:00,12,18,332.0,West Midlands
2021-12-17 19:00:00,12,19,335.0,West Midlands
2021-12-17 20:00:00,12,20,334.5,West Midlands
2021-12-17 21:00:00,12,21,317.5,West Midlands
2021-12-17 22:00:00,12,22,299.0,West Midlands
2021-12-17 23:00:00,12,23,276.3,West Midlands
2021-12-18 00:00:00,12,0,279.0,West Midlands
2021-12-18 01:00:00,12,1,277.0,West Midlands
2021-12-18 02:00:00,12,2,274.0,West Midlands
2021-12-18 03:00:00,12,3,271.5,West Midlands
2021-12-18 04:00:00,12,4,271.0,West Midlands
2021-12-18 05:00:00,12,5,267.0,West Midlands
2021-12-18 06:00:00,12,6,269.5,West Midlands
2021-12-18 07:00:00,12,7,293.0,West Midlands
2021-12-18 08:00:00,12,8,321.5,West Midlands
2021-12-18 09:00:00,12,9,351.5,West Midlands
2021-12-18 10:00:00,12,10,368.0,West Midlands
2021-12-18 11:00:00,12,11,381.0,West Midlands
2021-12-18 12:00:00,12,12,393.0,West Midlands
2021-12-18 13:00:00,12,13,401.0,West Midlands
2021-12-18 14:00:00,12,14,411.0,West Midlands
2021-12-18 15:00:00,12,15,406.0,West Midlands
2021-12-18 16:00:00,12,16,402.5,West Midlands
2021-12-18 17:00:00,12,17,403.0,West Midlands
2021-12-18 18:00:00,12,18,398.5,West Midlands
2021-12-18 19:00:00,12,19,357.0,West Midlands
2021-12-18 20:00:00,12,20,315.0,West Midlands
2021-12-18 21:00:00,12,21,301.5,West Midlands
2021-12-18 22:00:00,12,22,297.0,West Midlands
2021-12-18 23:00:00,12,23,295.0,West Midlands
2021-12-19 00:00:00,12,0,297.0,West Midlands
2021-12-19 01:00:00,12,1,295.5,West Midlands
2021-12-19 02:00:00,12,2,296.0,West Midlands
2021-12-19 03:00:00,12,3,296.5,West Midlands
2021-12-19 04:00:00,12,4,297.5,West Midlands
2021-12-19 05:00:00,12,5,302.5,West Midlands
2021-12-19 06:00:00,12,6,312.5,West Midlands
2021-12-19 07:00:00,12,7,325.5,West Midlands
2021-12-19 08:00:00,12,8,341.0,West Midlands
2021-12-19 09:00:00,12,9,362.5,West Midlands
2021-12-19 10:00:00,12,10,387.0,West Midlands
2021-12-19 11:00:00,12,11,402.0,West Midlands
2021-12-19 12:00:00,12,12,328.5,West Midlands
2021-12-19 13:00:00,12,13,338.0,West Midlands
2021-12-19 14:00:00,12,14,346.0,West Midlands
2021-12-19 15:00:00,12,15,351.5,West Midlands
2021-12-19 16:00:00,12,16,347.5,West Midlands
2021-12-19 17:00:00,12,17,338.5,West Midlands
2021-12-19 18:00:00,12,18,328.0,West Midlands
2021-12-19 19:00:00,12,19,325.5,West Midlands
2021-12-19 20:00:00,12,20,311.0,West Midlands
2021-12-19 21:00:00,12,21,301.0,West Midlands
2021-12-19 22:00:00,12,22,281.5,West Midlands
2021-12-19 23:00:00,12,23,285.0,West Midlands
2021-12-20 00:00:00,12,0,280.0,West Midlands
2021-12-20 01:00:00,12,1,287.5,West Midlands
2021-12-20 02:00:00,12,2,286.0,West Midlands
2021-12-20 03:00:00,12,3,292.5,West Midlands
2021-12-20 04:00:00,12,4,296.0,West Midlands
2021-12-20 05:00:00,12,5,300.5,West Midlands
2021-12-20 06:00:00,12,6,327.5,West Midlands
2021-12-20 07:00:00,12,7,359.0,West Midlands
2021-12-20 08:00:00,12,8,374.5,West Midlands
2021-12-20 09:00:00,12,9,370.5,West Midlands
2021-12-20 10:00:00,12,10,372.0,West Midlands
2021-12-20 11:00:00,12,11,372.0,West Midlands
2021-12-20 12:00:00,12,12,384.5,West Midlands
2021-12-20 13:00:00,12,13,398.0,West Midlands
2021-12-20 14:00:00,12,14,392.5,West Midlands
2021-12-20 15:00:00,12,15,355.5,West Midlands
2021-12-20 16:00:00,12,16,359.0,West Midlands
2021-12-20 17:00:00,12,17,359.5,West Midlands
2021-12-20 18:00:00,12,18,364.5,West Midlands
2021-12-20 19:00:00,12,19,368.0,West Midlands
2021-12-20 20:00:00,12,20,363.0,West Midlands
2021-12-20 21:00:00,12,21,360.5,West Midlands
2021-12-20 22:00:00,12,22,357.5,West Midlands
2021-12-20 23:00:00,12,23,315.0,West Midlands
2021-12-21 00:00:00,12,0,322.5,West Midlands
2021-12-21 01:00:00,12,1,312.5,West Midlands
2021-12-21 02:00:00,12,2,303.0,West Midlands
2021-12-21 03:00:00,12,3,284.5,West Midlands
2021-12-21 04:00:00,12,4,290.5,West Midlands
2021-12-21 05:00:00,12,5,302.0,West Midlands
2021-12-21 06:00:00,12,6,318.0,West Midlands
2021-12-21 07:00:00,12,7,333.5,West Midlands
2021-12-21 08:00:00,12,8,356.5,West Midlands
2021-12-21 09:00:00,12,9,365.0,West Midlands
2021-12-21 10:00:00,12,10,366.5,West Midlands
2021-12-21 11:00:00,12,11,366.5,West Midlands
2021-12-21 12:00:00,12,12,358.5,West Midlands
2021-12-21 13:00:00,12,13,354.5,West Midlands
2021-12-21 14:00:00,12,14,346.0,West Midlands
2021-12-21 15:00:00,12,15,342.0,West Midlands
2021-12-21 16:00:00,12,16,359.5,West Midlands
2021-12-21 17:00:00,12,17,350.0,West Midlands
2021-12-21 18:00:00,12,18,350.5,West Midlands
2021-12-21 19:00:00,12,19,350.5,West Midlands
2021-12-21 20:00:00,12,20,344.5,West Midlands
2021-12-21 21:00:00,12,21,334.5,West Midlands
2021-12-21 22:00:00,12,22,294.5,West Midlands
2021-12-21 23:00:00,12,23,240.0,West Midlands
2021-12-22 00:00:00,12,0,242.5,West Midlands
2021-12-22 01:00:00,12,1,221.5,West Midlands
2021-12-22 02:00:00,12,2,195.5,West Midlands
2021-12-22 03:00:00,12,3,182.0,West Midlands
2021-12-22 04:00:00,12,4,182.5,West Midlands
2021-12-22 05:00:00,12,5,191.0,West Midlands
2021-12-22 06:00:00,12,6,231.5,West Midlands
2021-12-22 07:00:00,12,7,273.5,West Midlands
2021-12-22 08:00:00,12,8,293.0,West Midlands
2021-12-22 09:00:00,12,9,313.0,West Midlands
2021-12-22 10:00:00,12,10,322.5,West Midlands
2021-12-22 11:00:00,12,11,324.0,West Midlands
2021-12-22 12:00:00,12,12,317.5,West Midlands
2021-12-22 13:00:00,12,13,308.5,West Midlands
2021-12-22 14:00:00,12,14,287.0,West Midlands
2021-12-22 15:00:00,12,15,272.0,West Midlands
2021-12-22 16:00:00,12,16,261.5,West Midlands
2021-12-22 17:00:00,12,17,280.5,West Midlands
2021-12-22 18:00:00,12,18,282.0,West Midlands
2021-12-22 19:00:00,12,19,281.0,West Midlands
2021-12-22 20:00:00,12,20,259.0,West Midlands
2021-12-22 21:00:00,12,21,252.5,West Midlands
2021-12-22 22:00:00,12,22,228.0,West Midlands
2021-12-22 23:00:00,12,23,173.0,West Midlands
2021-12-23 00:00:00,12,0,155.0,West Midlands
2021-12-23 01:00:00,12,1,151.5,West Midlands
2021-12-23 02:00:00,12,2,142.5,West Midlands
2021-12-23 03:00:00,12,3,150.0,West Midlands
2021-12-23 04:00:00,12,4,149.5,West Midlands
2021-12-23 05:00:00,12,5,139.0,West Midlands
2021-12-23 06:00:00,12,6,200.5,West Midlands
2021-12-23 07:00:00,12,7,240.5,West Midlands
2021-12-23 08:00:00,12,8,235.5,West Midlands
2021-12-23 09:00:00,12,9,226.5,West Midlands
2021-12-23 10:00:00,12,10,238.5,West Midlands
2021-12-23 11:00:00,12,11,239.5,West Midlands
2021-12-23 12:00:00,12,12,240.5,West Midlands
2021-12-23 13:00:00,12,13,238.0,West Midlands
2021-12-23 14:00:00,12,14,228.0,West Midlands
2021-12-23 15:00:00,12,15,215.0,West Midlands
2021-12-23 16:00:00,12,16,215.0,West Midlands
2021-12-23 17:00:00,12,17,238.0,West Midlands
2021-12-23 18:00:00,12,18,249.0,West Midlands
2021-12-23 19:00:00,12,19,255.5,West Midlands
2021-12-23 20:00:00,12,20,264.5,West Midlands
2021-12-23 21:00:00,12,21,255.0,West Midlands
2021-12-23 22:00:00,12,22,223.5,West Midlands
2021-12-23 23:00:00,12,23,165.5,West Midlands
2021-12-24 00:00:00,12,0,152.5,West Midlands
2021-12-24 01:00:00,12,1,168.5,West Midlands
2021-12-24 02:00:00,12,2,156.0,West Midlands
2021-12-24 03:00:00,12,3,133.5,West Midlands
2021-12-24 04:00:00,12,4,132.0,West Midlands
2021-12-24 05:00:00,12,5,134.5,West Midlands
2021-12-24 06:00:00,12,6,164.0,West Midlands
2021-12-24 07:00:00,12,7,214.0,West Midlands
2021-12-24 08:00:00,12,8,220.5,West Midlands
2021-12-24 09:00:00,12,9,213.0,West Midlands
2021-12-24 10:00:00,12,10,208.0,West Midlands
2021-12-24 11:00:00,12,11,204.0,West Midlands
2021-12-24 12:00:00,12,12,195.5,West Midlands
2021-12-24 13:00:00,12,13,183.5,West Midlands
2021-12-24 14:00:00,12,14,172.0,West Midlands
2021-12-24 15:00:00,12,15,170.0,West Midlands
2021-12-24 16:00:00,12,16,171.5,West Midlands
2021-12-24 17:00:00,12,17,167.0,West Midlands
2021-12-24 18:00:00,12,18,160.0,West Midlands
2021-12-24 19:00:00,12,19,156.5,West Midlands
2021-12-24 20:00:00,12,20,148.0,West Midlands
2021-12-24 21:00:00,12,21,140.0,West Midlands
2021-12-24 22:00:00,12,22,109.5,West Midlands
2021-12-24 23:00:00,12,23,94.5,West Midlands
2021-12-25 00:00:00,12,0,94.0,West Midlands
2021-12-25 01:00:00,12,1,97.0,West Midlands
2021-12-25 02:00:00,12,2,100.0,West Midlands
2021-12-25 03:00:00,12,3,103.0,West Midlands
2021-12-25 04:00:00,12,4,111.0,West Midlands
2021-12-25 05:00:00,12,5,116.5,West Midlands
2021-12-25 06:00:00,12,6,124.0,West Midlands
2021-12-25 07:00:00,12,7,124.5,West Midlands
2021-12-25 08:00:00,12,8,118.5,West Midlands
2021-12-25 09:00:00,12,9,114.5,West Midlands
2021-12-25 10:00:00,12,10,106.5,West Midlands
2021-12-25 11:00:00,12,11,115.5,West Midlands
2021-12-25 12:00:00,12,12,128.5,West Midlands
2021-12-25 13:00:00,12,13,129.5,West Midlands
2021-12-25 14:00:00,12,14,115.5,West Midlands
2021-12-25 15:00:00,12,15,104.5,West Midlands
2021-12-25 16:00:00,12,16,97.5,West Midlands
2021-12-25 17:00:00,12,17,95.5,West Midlands
2021-12-25 18:00:00,12,18,93.5,West Midlands
2021-12-25 19:00:00,12,19,92.0,West Midlands
2021-12-25 20:00:00,12,20,91.5,West Midlands
2021-12-25 21:00:00,12,21,90.5,West Midlands
2021-12-25 22:00:00,12,22,90.0,West Midlands
2021-12-25 23:00:00,12,23,83.0,West Midlands
2021-12-26 00:00:00,12,0,80.5,West Midlands
2021-12-26 01:00:00,12,1,79.5,West Midlands
2021-12-26 02:00:00,12,2,85.0,West Midlands
2021-12-26 03:00:00,12,3,86.5,West Midlands
2021-12-26 04:00:00,12,4,91.0,West Midlands
2021-12-26 05:00:00,12,5,94.5,West Midlands
2021-12-26 06:00:00,12,6,100.5,West Midlands
2021-12-26 07:00:00,12,7,105.5,West Midlands
2021-12-26 08:00:00,12,8,106.0,West Midlands
2021-12-26 09:00:00,12,9,107.0,West Midlands
2021-12-26 10:00:00,12,10,106.0,West Midlands
2021-12-26 11:00:00,12,11,117.0,West Midlands
2021-12-26 12:00:00,12,12,136.0,West Midlands
2021-12-26 13:00:00,12,13,145.0,West Midlands
2021-12-26 14:00:00,12,14,155.0,West Midlands
2021-12-26 15:00:00,12,15,159.8,West Midlands
2021-12-26 16:00:00,12,16,164.6,West Midlands
2021-12-26 17:00:00,12,17,169.3,West Midlands
2021-12-26 18:00:00,12,18,174.1,West Midlands
2021-12-26 19:00:00,12,19,178.9,West Midlands
2021-12-26 20:00:00,12,20,183.7,West Midlands
2021-12-26 21:00:00,12,21,188.5,West Midlands
2021-12-26 22:00:00,12,22,193.3,West Midlands
2021-12-26 23:00:00,12,23,198.0,West Midlands
2021-12-27 00:00:00,12,0,202.8,West Midlands
2021-12-27 01:00:00,12,1,207.6,West Midlands
2021-12-27 02:00:00,12,2,212.4,West Midlands
2021-12-27 03:00:00,12,3,217.2,West Midlands
2021-12-27 04:00:00,12,4,222.0,West Midlands
2021-12-27 05:00:00,12,5,226.7,West Midlands
2021-12-27 06:00:00,12,6,231.5,West Midlands
2021-12-27 07:00:00,12,7,236.3,West Midlands
2021-12-27 08:00:00,12,8,241.1,West Midlands
2021-12-27 09:00:00,12,9,245.9,West Midlands
2021-12-27 10:00:00,12,10,250.7,West Midlands
2021-12-27 11:00:00,12,11,255.4,West Midlands
2021-12-27 12:00:00,12,12,260.2,West Midlands
2021-12-27 13:00:00,12,13,265.0,West Midlands
2021-12-27 14:00:00,12,14,266.0,West Midlands
2021-12-27 15:00:00,12,15,244.5,West Midlands
2021-12-27 16:00:00,12,16,221.5,West Midlands
2021-12-27 17:00:00,12,17,227.0,West Midlands
2021-12-27 18:00:00,12,18,221.0,West Midlands
2021-12-27 19:00:00,12,19,224.0,West Midlands
2021-12-27 20:00:00,12,20,207.5,West Midlands
2021-12-27 21:00:00,12,21,196.0,West Midlands
2021-12-27 22:00:00,12,22,172.0,West Midlands
2021-12-27 23:00:00,12,23,133.0,West Midlands
2021-12-28 00:00:00,12,0,118.0,West Midlands
2021-12-28 01:00:00,12,1,107.5,West Midlands
2021-12-28 02:00:00,12,2,116.0,West Midlands
2021-12-28 03:00:00,12,3,125.0,West Midlands
2021-12-28 04:00:00,12,4,139.5,West Midlands
2021-12-28 05:00:00,12,5,139.0,West Midlands
2021-12-28 06:00:00,12,6,163.5,West Midlands
2021-12-28 07:00:00,12,7,186.0,West Midlands
2021-12-28 08:00:00,12,8,192.5,West Midlands
2021-12-28 09:00:00,12,9,211.5,West Midlands
2021-12-28 10:00:00,12,10,224.0,West Midlands
2021-12-28 11:00:00,12,11,213.5,West Midlands
2021-12-28 12:00:00,12,12,218.5,West Midlands
2021-12-28 13:00:00,12,13,235.5,West Midlands
2021-12-28 14:00:00,12,14,250.5,West Midlands
2021-12-28 15:00:00,12,15,266.5,West Midlands
2021-12-28 16:00:00,12,16,248.0,West Midlands
2021-12-28 17:00:00,12,17,248.5,West Midlands
2021-12-28 18:00:00,12,18,256.0,West Midlands
2021-12-28 19:00:00,12,19,264.0,West Midlands
2021-12-28 20:00:00,12,20,262.0,West Midlands
2021-12-28 21:00:00,12,21,247.0,West Midlands
2021-12-28 22:00:00,12,22,242.5,West Midlands
2021-12-28 23:00:00,12,23,205.5,West Midlands
2021-12-29 00:00:00,12,0,195.5,West Midlands
2021-12-29 01:00:00,12,1,186.0,West Midlands
2021-12-29 02:00:00,12,2,162.5,West Midlands
2021-12-29 03:00:00,12,3,176.5,West Midlands
2021-12-29 04:00:00,12,4,120.5,West Midlands
2021-12-29 05:00:00,12,5,106.0,West Midlands
2021-12-29 06:00:00,12,6,84.0,West Midlands
2021-12-29 07:00:00,12,7,81.5,West Midlands
2021-12-29 08:00:00,12,8,84.0,West Midlands
2021-12-29 09:00:00,12,9,76.5,West Midlands
2021-12-29 10:00:00,12,10,71.0,West Midlands
2021-12-29 11:00:00,12,11,87.5,West Midlands
2021-12-29 12:00:00,12,12,97.0,West Midlands
2021-12-29 13:00:00,12,13,89.0,West Midlands
2021-12-29 14:00:00,12,14,99.0,West Midlands
2021-12-29 15:00:00,12,15,78.0,West Midlands
2021-12-29 16:00:00,12,16,71.0,West Midlands
2021-12-29 17:00:00,12,17,58.5,West Midlands
2021-12-29 18:00:00,12,18,65.5,West Midlands
2021-12-29 19:00:00,12,19,48.5,West Midlands
2021-12-29 20:00:00,12,20,35.0,West Midlands
2021-12-29 21:00:00,12,21,26.5,West Midlands
2021-12-29 22:00:00,12,22,24.5,West Midlands
2021-12-29 23:00:00,12,23,13.0,West Midlands
2021-12-30 00:00:00,12,0,21.5,West Midlands
2021-12-30 01:00:00,12,1,20.5,West Midlands
2021-12-30 02:00:00,12,2,21.5,West Midlands
2021-12-30 03:00:00,12,3,17.5,West Midlands
2021-12-30 04:00:00,12,4,15.5,West Midlands
2021-12-30 05:00:00,12,5,16.5,West Midlands
2021-12-30 06:00:00,12,6,23.5,West Midlands
2021-12-30 07:00:00,12,7,27.0,West Midlands
2021-12-30 08:00:00,12,8,27.0,West Midlands
2021-12-30 09:00:00,12,9,29.5,West Midlands
2021-12-30 10:00:00,12,10,31.0,West Midlands
2021-12-30 11:00:00,12,11,39.5,West Midlands
2021-12-30 12:00:00,12,12,50.5,West Midlands
2021-12-30 13:00:00,12,13,52.5,West Midlands
2021-12-30 14:00:00,12,14,78.5,West Midlands
2021-12-30 15:00:00,12,15,96.0,West Midlands
2021-12-30 16:00:00,12,16,99.5,West Midlands
2021-12-30 17:00:00,12,17,107.5,West Midlands
2021-12-30 18:00:00,12,18,108.0,West Midlands
2021-12-30 19:00:00,12,19,101.0,West Midlands
2021-12-30 20:00:00,12,20,76.0,West Midlands
2021-12-30 21:00:00,12,21,50.0,West Midlands
2021-12-30 22:00:00,12,22,56.0,West Midlands
2021-12-30 23:00:00,12,23,55.0,West Midlands
2021-12-31 00:00:00,12,0,49.5,West Midlands
2021-12-31 01:00:00,12,1,48.0,West Midlands
2021-12-31 02:00:00,12,2,36.0,West Midlands
2021-12-31 03:00:00,12,3,39.5,West Midlands
2021-12-31 04:00:00,12,4,44.5,West Midlands
2021-12-31 05:00:00,12,5,57.5,West Midlands
2021-12-31 06:00:00,12,6,75.0,West Midlands
2021-12-31 07:00:00,12,7,72.5,West Midlands
2021-12-31 08:00:00,12,8,65.0,West Midlands
2021-12-31 09:00:00,12,9,54.0,West Midlands
2021-12-31 10:00:00,12,10,49.5,West Midlands
2021-12-31 11:00:00,12,11,47.0,West Midlands
2021-12-31 12:00:00,12,12,55.0,West Midlands
2021-12-31 13:00:00,12,13,59.0,West Midlands
2021-12-31 14:00:00,12,14,65.5,West Midlands
2021-12-31 15:00:00,12,15,80.5,West Midlands
2021-12-31 16:00:00,12,16,97.0,West Midlands
2021-12-31 17:00:00,12,17,94.5,West Midlands
2021-12-31 18:00:00,12,18,93.0,West Midlands
2021-12-31 19:00:00,12,19,109.0,West Midlands
2021-12-31 20:00:00,12,20,83.0,West Midlands
2021-12-31 21:00:00,12,21,73.0,West Midlands
2021-12-31 22:00:00,12,22,66.0,West Midlands
2021-12-31 23:00:00,12,23,52.0,West Midlands
