datetime,month,hour,carbon_intensity_gCO2_kWh,region
2021-01-01 00:00:00,1,0,164.5,North East England
2021-01-01 01:00:00,1,1,158.5,North East England
2021-01-01 02:00:00,1,2,146.5,North East England
2021-01-01 03:00:00,1,3,149.5,North East England
2021-01-01 04:00:00,1,4,140.5,North East England
2021-01-01 05:00:00,1,5,139.5,North East England
2021-01-01 06:00:00,1,6,147.0,North East England
2021-01-01 07:00:00,1,7,148.5,North East England
2021-01-01 08:00:00,1,8,161.0,North East England
2021-01-01 09:00:00,1,9,171.5,North East England
2021-01-01 10:00:00,1,10,184.0,North East England
2021-01-01 11:00:00,1,11,199.0,North East England
2021-01-01 12:00:00,1,12,210.5,North East England
2021-01-01 13:00:00,1,13,215.0,North East England
2021-01-01 14:00:00,1,14,227.0,North East England
2021-01-01 15:00:00,1,15,240.5,North East England
2021-01-01 16:00:00,1,16,247.0,North East England
2021-01-01 17:00:00,1,17,254.5,North East England
2021-01-01 18:00:00,1,18,246.0,North East England
2021-01-01 19:00:00,1,19,235.5,North East England
2021-01-01 20:00:00,1,20,220.5,North East England
2021-01-01 21:00:00,1,21,203.5,North East England
2021-01-01 22:00:00,1,22,186.0,North East England
2021-01-01 23:00:00,1,23,171.5,North East England
2021-01-02 00:00:00,1,0,171.5,North East England
2021-01-02 01:00:00,1,1,162.5,North East England
2021-01-02 02:00:00,1,2,152.0,North East England
2021-01-02 03:00:00,1,3,148.5,North East England
2021-01-02 04:00:00,1,4,143.5,North East England
2021-01-02 05:00:00,1,5,138.5,North East England
2021-01-02 06:00:00,1,6,144.0,North East England
2021-01-02 07:00:00,1,7,149.5,North East England
2021-01-02 08:00:00,1,8,158.5,North East England
2021-01-02 09:00:00,1,9,174.0,North East England
2021-01-02 10:00:00,1,10,195.5,North East England
2021-01-02 11:00:00,1,11,210.5,North East England
2021-01-02 12:00:00,1,12,210.0,North East England
2021-01-02 13:00:00,1,13,221.0,North East England
2021-01-02 14:00:00,1,14,235.0,North East England
2021-01-02 15:00:00,1,15,253.0,North East England
2021-01-02 16:00:00,1,16,256.0,North East England
2021-01-02 17:00:00,1,17,262.0,North East England
2021-01-02 18:00:00,1,18,257.0,North East England
2021-01-02 19:00:00,1,19,243.5,North East England
2021-01-02 20:00:00,1,20,232.5,North East England
2021-01-02 21:00:00,1,21,213.0,North East England
2021-01-02 22:00:00,1,22,190.0,North East England
2021-01-02 23:00:00,1,23,172.0,North East England
2021-01-03 00:00:00,1,0,160.5,North East England
2021-01-03 01:00:00,1,1,154.0,North East England
2021-01-03 02:00:00,1,2,146.0,North East England
2021-01-03 03:00:00,1,3,131.0,North East England
2021-01-03 04:00:00,1,4,126.5,North East England
2021-01-03 05:00:00,1,5,134.0,North East England
2021-01-03 06:00:00,1,6,134.0,North East England
2021-01-03 07:00:00,1,7,153.5,North East England
2021-01-03 08:00:00,1,8,147.0,North East England
2021-01-03 09:00:00,1,9,164.5,North East England
2021-01-03 10:00:00,1,10,187.5,North East England
2021-01-03 11:00:00,1,11,214.0,North East England
2021-01-03 12:00:00,1,12,225.5,North East England
2021-01-03 13:00:00,1,13,204.0,North East England
2021-01-03 14:00:00,1,14,207.5,North East England
2021-01-03 15:00:00,1,15,201.5,North East England
2021-01-03 16:00:00,1,16,207.0,North East England
2021-01-03 17:00:00,1,17,199.5,North East England
2021-01-03 18:00:00,1,18,183.5,North East England
2021-01-03 19:00:00,1,19,160.0,North East England
2021-01-03 20:00:00,1,20,131.0,North East England
2021-01-03 21:00:00,1,21,114.0,North East England
2021-01-03 22:00:00,1,22,104.5,North East England
2021-01-03 23:00:00,1,23,84.0,North East England
2021-01-04 00:00:00,1,0,82.0,North East England
2021-01-04 01:00:00,1,1,81.0,North East England
2021-01-04 02:00:00,1,2,83.0,North East England
2021-01-04 03:00:00,1,3,81.5,North East England
2021-01-04 04:00:00,1,4,80.0,North East England
2021-01-04 05:00:00,1,5,90.0,North East England
2021-01-04 06:00:00,1,6,115.5,North East England
2021-01-04 07:00:00,1,7,168.0,North East England
2021-01-04 08:00:00,1,8,198.0,North East England
2021-01-04 09:00:00,1,9,200.0,North East England
2021-01-04 10:00:00,1,10,212.0,North East England
2021-01-04 11:00:00,1,11,210.0,North East England
2021-01-04 12:00:00,1,12,195.0,North East England
2021-01-04 13:00:00,1,13,190.5,North East England
2021-01-04 14:00:00,1,14,203.0,North East England
2021-01-04 15:00:00,1,15,209.0,North East England
2021-01-04 16:00:00,1,16,180.0,North East England
2021-01-04 17:00:00,1,17,184.5,North East England
2021-01-04 18:00:00,1,18,184.5,North East England
2021-01-04 19:00:00,1,19,175.5,North East England
2021-01-04 20:00:00,1,20,155.0,North East England
2021-01-04 21:00:00,1,21,136.5,North East England
2021-01-04 22:00:00,1,22,120.0,North East England
2021-01-04 23:00:00,1,23,110.5,North East England
2021-01-05 00:00:00,1,0,117.5,North East England
2021-01-05 01:00:00,1,1,118.5,North East England
2021-01-05 02:00:00,1,2,117.5,North East England
2021-01-05 03:00:00,1,3,109.0,North East England
2021-01-05 04:00:00,1,4,104.0,North East England
2021-01-05 05:00:00,1,5,112.5,North East England
2021-01-05 06:00:00,1,6,120.0,North East England
2021-01-05 07:00:00,1,7,158.0,North East England
2021-01-05 08:00:00,1,8,206.0,North East England
2021-01-05 09:00:00,1,9,220.0,North East England
2021-01-05 10:00:00,1,10,243.0,North East England
2021-01-05 11:00:00,1,11,246.0,North East England
2021-01-05 12:00:00,1,12,238.0,North East England
2021-01-05 13:00:00,1,13,219.0,North East England
2021-01-05 14:00:00,1,14,215.5,North East England
2021-01-05 15:00:00,1,15,218.0,North East England
2021-01-05 16:00:00,1,16,207.0,North East England
2021-01-05 17:00:00,1,17,218.5,North East England
2021-01-05 18:00:00,1,18,220.5,North East England
2021-01-05 19:00:00,1,19,206.5,North East England
2021-01-05 20:00:00,1,20,200.5,North East England
2021-01-05 21:00:00,1,21,201.0,North East England
2021-01-05 22:00:00,1,22,191.0,North East England
2021-01-05 23:00:00,1,23,174.5,North East England
2021-01-06 00:00:00,1,0,161.5,North East England
2021-01-06 01:00:00,1,1,146.5,North East England
2021-01-06 02:00:00,1,2,136.5,North East England
2021-01-06 03:00:00,1,3,141.0,North East England
2021-01-06 04:00:00,1,4,144.5,North East England
2021-01-06 05:00:00,1,5,180.5,North East England
2021-01-06 06:00:00,1,6,235.0,North East England
2021-01-06 07:00:00,1,7,216.0,North East England
2021-01-06 08:00:00,1,8,227.0,North East England
2021-01-06 09:00:00,1,9,238.0,North East England
2021-01-06 10:00:00,1,10,240.0,North East England
2021-01-06 11:00:00,1,11,246.5,North East England
2021-01-06 12:00:00,1,12,243.5,North East England
2021-01-06 13:00:00,1,13,231.5,North East England
2021-01-06 14:00:00,1,14,228.0,North East England
2021-01-06 15:00:00,1,15,226.0,North East England
2021-01-06 16:00:00,1,16,236.0,North East England
2021-01-06 17:00:00,1,17,244.0,North East England
2021-01-06 18:00:00,1,18,225.5,North East England
2021-01-06 19:00:00,1,19,221.5,North East England
2021-01-06 20:00:00,1,20,217.5,North East England
2021-01-06 21:00:00,1,21,215.5,North East England
2021-01-06 22:00:00,1,22,209.5,North East England
2021-01-06 23:00:00,1,23,195.5,North East England
2021-01-07 00:00:00,1,0,185.5,North East England
2021-01-07 01:00:00,1,1,191.0,North East England
2021-01-07 02:00:00,1,2,183.5,North East England
2021-01-07 03:00:00,1,3,173.5,North East England
2021-01-07 04:00:00,1,4,230.0,North East England
2021-01-07 05:00:00,1,5,260.5,North East England
2021-01-07 06:00:00,1,6,286.0,North East England
2021-01-07 07:00:00,1,7,286.0,North East England
2021-01-07 08:00:00,1,8,253.5,North East England
2021-01-07 09:00:00,1,9,246.0,North East England
2021-01-07 10:00:00,1,10,247.5,North East England
2021-01-07 11:00:00,1,11,245.5,North East England
2021-01-07 12:00:00,1,12,236.5,North East England
2021-01-07 13:00:00,1,13,230.5,North East England
2021-01-07 14:00:00,1,14,235.5,North East England
2021-01-07 15:00:00,1,15,254.5,North East England
2021-01-07 16:00:00,1,16,252.0,North East England
2021-01-07 17:00:00,1,17,259.0,North East England
2021-01-07 18:00:00,1,18,254.5,North East England
2021-01-07 19:00:00,1,19,264.5,North East England
2021-01-07 20:00:00,1,20,309.5,North East England
2021-01-07 21:00:00,1,21,319.5,North East England
2021-01-07 22:00:00,1,22,316.5,North East England
2021-01-07 23:00:00,1,23,309.5,North East England
2021-01-08 00:00:00,1,0,310.0,North East England
2021-01-08 01:00:00,1,1,305.5,North East England
2021-01-08 02:00:00,1,2,299.5,North East England
2021-01-08 03:00:00,1,3,272.0,North East England
2021-01-08 04:00:00,1,4,289.0,North East England
2021-01-08 05:00:00,1,5,332.5,North East England
2021-01-08 06:00:00,1,6,362.0,North East England
2021-01-08 07:00:00,1,7,360.0,North East England
2021-01-08 08:00:00,1,8,369.0,North East England
2021-01-08 09:00:00,1,9,327.5,North East England
2021-01-08 10:00:00,1,10,290.5,North East England
2021-01-08 11:00:00,1,11,282.5,North East England
2021-01-08 12:00:00,1,12,271.0,North East England
2021-01-08 13:00:00,1,13,270.5,North East England
2021-01-08 14:00:00,1,14,271.0,North East England
2021-01-08 15:00:00,1,15,270.5,North East England
2021-01-08 16:00:00,1,16,279.0,North East England
2021-01-08 17:00:00,1,17,276.5,North East England
2021-01-08 18:00:00,1,18,269.0,North East England
2021-01-08 19:00:00,1,19,266.0,North East England
2021-01-08 20:00:00,1,20,269.0,North East England
2021-01-08 21:00:00,1,21,290.5,North East England
2021-01-08 22:00:00,1,22,283.0,North East England
2021-01-08 23:00:00,1,23,212.5,North East England
2021-01-09 00:00:00,1,0,206.5,North East England
2021-01-09 01:00:00,1,1,203.0,North East England
2021-01-09 02:00:00,1,2,206.5,North East England
2021-01-09 03:00:00,1,3,197.5,North East England
2021-01-09 04:00:00,1,4,190.5,North East England
2021-01-09 05:00:00,1,5,192.0,North East England
2021-01-09 06:00:00,1,6,211.5,North East England
2021-01-09 07:00:00,1,7,252.5,North East England
2021-01-09 08:00:00,1,8,243.5,North East England
2021-01-09 09:00:00,1,9,242.5,North East England
2021-01-09 10:00:00,1,10,249.0,North East England
2021-01-09 11:00:00,1,11,253.5,North East England
2021-01-09 12:00:00,1,12,249.5,North East England
2021-01-09 13:00:00,1,13,253.5,North East England
2021-01-09 14:00:00,1,14,261.5,North East England
2021-01-09 15:00:00,1,15,285.5,North East England
2021-01-09 16:00:00,1,16,275.0,North East England
2021-01-09 17:00:00,1,17,279.0,North East England
2021-01-09 18:00:00,1,18,274.0,North East England
2021-01-09 19:00:00,1,19,261.5,North East England
2021-01-09 20:00:00,1,20,245.5,North East England
2021-01-09 21:00:00,1,21,233.5,North East England
2021-01-09 22:00:00,1,22,209.0,North East England
2021-01-09 23:00:00,1,23,180.0,North East England
2021-01-10 00:00:00,1,0,176.5,North East England
2021-01-10 01:00:00,1,1,172.5,North East England
2021-01-10 02:00:00,1,2,176.5,North East England
2021-01-10 03:00:00,1,3,172.5,North East England
2021-01-10 04:00:00,1,4,177.0,North East England
2021-01-10 05:00:00,1,5,172.5,North East England
2021-01-10 06:00:00,1,6,169.0,North East England
2021-01-10 07:00:00,1,7,180.5,North East England
2021-01-10 08:00:00,1,8,201.0,North East England
2021-01-10 09:00:00,1,9,222.0,North East England
2021-01-10 10:00:00,1,10,229.0,North East England
2021-01-10 11:00:00,1,11,231.5,North East England
2021-01-10 12:00:00,1,12,237.5,North East England
2021-01-10 13:00:00,1,13,245.0,North East England
2021-01-10 14:00:00,1,14,249.0,North East England
2021-01-10 15:00:00,1,15,251.0,North East England
2021-01-10 16:00:00,1,16,258.0,North East England
2021-01-10 17:00:00,1,17,262.5,North East England
2021-01-10 18:00:00,1,18,260.5,North East England
2021-01-10 19:00:00,1,19,234.0,North East England
2021-01-10 20:00:00,1,20,212.0,North East England
2021-01-10 21:00:00,1,21,182.5,North East England
2021-01-10 22:00:00,1,22,175.5,North East England
2021-01-10 23:00:00,1,23,118.0,North East England
2021-01-11 00:00:00,1,0,119.5,North East England
2021-01-11 01:00:00,1,1,117.5,North East England
2021-01-11 02:00:00,1,2,134.5,North East England
2021-01-11 03:00:00,1,3,148.5,North East England
2021-01-11 04:00:00,1,4,143.0,North East England
2021-01-11 05:00:00,1,5,136.5,North East England
2021-01-11 06:00:00,1,6,174.5,North East England
2021-01-11 07:00:00,1,7,204.0,North East England
2021-01-11 08:00:00,1,8,225.5,North East England
2021-01-11 09:00:00,1,9,223.5,North East England
2021-01-11 10:00:00,1,10,223.5,North East England
2021-01-11 11:00:00,1,11,222.0,North East England
2021-01-11 12:00:00,1,12,228.5,North East England
2021-01-11 13:00:00,1,13,216.0,North East England
2021-01-11 14:00:00,1,14,213.5,North East England
2021-01-11 15:00:00,1,15,217.0,North East England
2021-01-11 16:00:00,1,16,200.0,North East England
2021-01-11 17:00:00,1,17,184.5,North East England
2021-01-11 18:00:00,1,18,191.0,North East England
2021-01-11 19:00:00,1,19,179.5,North East England
2021-01-11 20:00:00,1,20,181.5,North East England
2021-01-11 21:00:00,1,21,163.0,North East England
2021-01-11 22:00:00,1,22,142.0,North East England
2021-01-11 23:00:00,1,23,123.0,North East England
2021-01-12 00:00:00,1,0,115.5,North East England
2021-01-12 01:00:00,1,1,112.0,North East England
2021-01-12 02:00:00,1,2,108.5,North East England
2021-01-12 03:00:00,1,3,116.0,North East England
2021-01-12 04:00:00,1,4,115.0,North East England
2021-01-12 05:00:00,1,5,128.5,North East England
2021-01-12 06:00:00,1,6,192.5,North East England
2021-01-12 07:00:00,1,7,263.5,North East England
2021-01-12 08:00:00,1,8,285.5,North East England
2021-01-12 09:00:00,1,9,218.0,North East England
2021-01-12 10:00:00,1,10,216.0,North East England
2021-01-12 11:00:00,1,11,214.5,North East England
2021-01-12 12:00:00,1,12,219.0,North East England
2021-01-12 13:00:00,1,13,208.0,North East England
2021-01-12 14:00:00,1,14,216.5,North East England
2021-01-12 15:00:00,1,15,217.0,North East England
2021-01-12 16:00:00,1,16,226.0,North East England
2021-01-12 17:00:00,1,17,230.5,North East England
2021-01-12 18:00:00,1,18,225.5,North East England
2021-01-12 19:00:00,1,19,222.0,North East England
2021-01-12 20:00:00,1,20,225.5,North East England
2021-01-12 21:00:00,1,21,235.0,North East England
2021-01-12 22:00:00,1,22,242.0,North East England
2021-01-12 23:00:00,1,23,211.5,North East England
2021-01-13 00:00:00,1,0,200.0,North East England
2021-01-13 01:00:00,1,1,200.5,North East England
2021-01-13 02:00:00,1,2,196.0,North East England
2021-01-13 03:00:00,1,3,195.0,North East England
2021-01-13 04:00:00,1,4,197.0,North East England
2021-01-13 05:00:00,1,5,248.0,North East England
2021-01-13 06:00:00,1,6,305.5,North East England
2021-01-13 07:00:00,1,7,315.5,North East England
2021-01-13 08:00:00,1,8,256.5,North East England
2021-01-13 09:00:00,1,9,251.5,North East England
2021-01-13 10:00:00,1,10,253.0,North East England
2021-01-13 11:00:00,1,11,258.0,North East England
2021-01-13 12:00:00,1,12,265.5,North East England
2021-01-13 13:00:00,1,13,267.5,North East England
2021-01-13 14:00:00,1,14,272.0,North East England
2021-01-13 15:00:00,1,15,275.0,North East England
2021-01-13 16:00:00,1,16,278.5,North East England
2021-01-13 17:00:00,1,17,284.0,North East England
2021-01-13 18:00:00,1,18,285.0,North East England
2021-01-13 19:00:00,1,19,279.0,North East England
2021-01-13 20:00:00,1,20,278.0,North East England
2021-01-13 21:00:00,1,21,268.0,North East England
2021-01-13 22:00:00,1,22,255.0,North East England
2021-01-13 23:00:00,1,23,233.7,North East England
2021-01-14 00:00:00,1,0,225.0,North East England
2021-01-14 01:00:00,1,1,210.5,North East England
2021-01-14 02:00:00,1,2,204.0,North East England
2021-01-14 03:00:00,1,3,183.5,North East England
2021-01-14 04:00:00,1,4,162.0,North East England
2021-01-14 05:00:00,1,5,185.0,North East England
2021-01-14 06:00:00,1,6,208.0,North East England
2021-01-14 07:00:00,1,7,220.0,North East England
2021-01-14 08:00:00,1,8,223.0,North East England
2021-01-14 09:00:00,1,9,219.5,North East England
2021-01-14 10:00:00,1,10,206.0,North East England
2021-01-14 11:00:00,1,11,193.0,North East England
2021-01-14 12:00:00,1,12,190.0,North East England
2021-01-14 13:00:00,1,13,194.5,North East England
2021-01-14 14:00:00,1,14,190.0,North East England
2021-01-14 15:00:00,1,15,179.5,North East England
2021-01-14 16:00:00,1,16,183.0,North East England
2021-01-14 17:00:00,1,17,193.5,North East England
2021-01-14 18:00:00,1,18,203.5,North East England
2021-01-14 19:00:00,1,19,209.5,North East England
2021-01-14 20:00:00,1,20,210.0,North East England
2021-01-14 21:00:00,1,21,204.5,North East England
2021-01-14 22:00:00,1,22,191.0,North East England
2021-01-14 23:00:00,1,23,176.5,North East England
2021-01-15 00:00:00,1,0,177.5,North East England
2021-01-15 01:00:00,1,1,178.0,North East England
2021-01-15 02:00:00,1,2,178.0,North East England
2021-01-15 03:00:00,1,3,192.5,North East England
2021-01-15 04:00:00,1,4,188.0,North East England
2021-01-15 05:00:00,1,5,259.5,North East England
2021-01-15 06:00:00,1,6,345.0,North East England
2021-01-15 07:00:00,1,7,315.5,North East England
2021-01-15 08:00:00,1,8,268.0,North East England
2021-01-15 09:00:00,1,9,269.5,North East England
2021-01-15 10:00:00,1,10,269.5,North East England
2021-01-15 11:00:00,1,11,264.5,North East England
2021-01-15 12:00:00,1,12,261.5,North East England
2021-01-15 13:00:00,1,13,262.0,North East England
2021-01-15 14:00:00,1,14,265.5,North East England
2021-01-15 15:00:00,1,15,274.0,North East England
2021-01-15 16:00:00,1,16,281.5,North East England
2021-01-15 17:00:00,1,17,289.0,North East England
2021-01-15 18:00:00,1,18,289.5,North East England
2021-01-15 19:00:00,1,19,290.5,North East England
2021-01-15 20:00:00,1,20,277.5,North East England
2021-01-15 21:00:00,1,21,285.5,North East England
2021-01-15 22:00:00,1,22,275.0,North East England
2021-01-15 23:00:00,1,23,196.5,North East England
2021-01-16 00:00:00,1,0,188.5,North East England
2021-01-16 01:00:00,1,1,165.0,North East England
2021-01-16 02:00:00,1,2,154.5,North East England
2021-01-16 03:00:00,1,3,156.0,North East England
2021-01-16 04:00:00,1,4,143.0,North East England
2021-01-16 05:00:00,1,5,118.0,North East England
2021-01-16 06:00:00,1,6,104.0,North East England
2021-01-16 07:00:00,1,7,105.0,North East England
2021-01-16 08:00:00,1,8,107.0,North East England
2021-01-16 09:00:00,1,9,113.0,North East England
2021-01-16 10:00:00,1,10,134.5,North East England
2021-01-16 11:00:00,1,11,143.5,North East England
2021-01-16 12:00:00,1,12,149.5,North East England
2021-01-16 13:00:00,1,13,164.5,North East England
2021-01-16 14:00:00,1,14,195.5,North East England
2021-01-16 15:00:00,1,15,229.0,North East England
2021-01-16 16:00:00,1,16,222.0,North East England
2021-01-16 17:00:00,1,17,228.0,North East England
2021-01-16 18:00:00,1,18,217.5,North East England
2021-01-16 19:00:00,1,19,202.0,North East England
2021-01-16 20:00:00,1,20,165.5,North East England
2021-01-16 21:00:00,1,21,135.5,North East England
2021-01-16 22:00:00,1,22,116.5,North East England
2021-01-16 23:00:00,1,23,97.5,North East England
2021-01-17 00:00:00,1,0,92.0,North East England
2021-01-17 01:00:00,1,1,87.5,North East England
2021-01-17 02:00:00,1,2,88.5,North East England
2021-01-17 03:00:00,1,3,84.5,North East England
2021-01-17 04:00:00,1,4,75.0,North East England
2021-01-17 05:00:00,1,5,74.0,North East England
2021-01-17 06:00:00,1,6,88.5,North East England
2021-01-17 07:00:00,1,7,116.0,North East England
2021-01-17 08:00:00,1,8,107.0,North East England
2021-01-17 09:00:00,1,9,104.5,North East England
2021-01-17 10:00:00,1,10,123.5,North East England
2021-01-17 11:00:00,1,11,147.0,North East England
2021-01-17 12:00:00,1,12,170.5,North East England
2021-01-17 13:00:00,1,13,188.0,North East England
2021-01-17 14:00:00,1,14,199.5,North East England
2021-01-17 15:00:00,1,15,218.5,North East England
2021-01-17 16:00:00,1,16,229.0,North East England
2021-01-17 17:00:00,1,17,231.5,North East England
2021-01-17 18:00:00,1,18,226.5,North East England
2021-01-17 19:00:00,1,19,216.5,North East England
2021-01-17 20:00:00,1,20,191.5,North East England
2021-01-17 21:00:00,1,21,162.0,North East England
2021-01-17 22:00:00,1,22,139.0,North East England
2021-01-17 23:00:00,1,23,129.0,North East England
2021-01-18 00:00:00,1,0,125.0,North East England
2021-01-18 01:00:00,1,1,115.5,North East England
2021-01-18 02:00:00,1,2,121.0,North East England
2021-01-18 03:00:00,1,3,111.5,North East England
2021-01-18 04:00:00,1,4,122.5,North East England
2021-01-18 05:00:00,1,5,123.0,North East England
2021-01-18 06:00:00,1,6,159.0,North East England
2021-01-18 07:00:00,1,7,205.5,North East England
2021-01-18 08:00:00,1,8,232.5,North East England
2021-01-18 09:00:00,1,9,235.5,North East England
2021-01-18 10:00:00,1,10,228.0,North East England
2021-01-18 11:00:00,1,11,211.5,North East England
2021-01-18 12:00:00,1,12,206.0,North East England
2021-01-18 13:00:00,1,13,189.0,North East England
2021-01-18 14:00:00,1,14,200.5,North East England
2021-01-18 15:00:00,1,15,221.0,North East England
2021-01-18 16:00:00,1,16,215.0,North East England
2021-01-18 17:00:00,1,17,219.0,North East England
2021-01-18 18:00:00,1,18,216.5,North East England
2021-01-18 19:00:00,1,19,206.5,North East England
2021-01-18 20:00:00,1,20,187.0,North East England
2021-01-18 21:00:00,1,21,146.5,North East England
2021-01-18 22:00:00,1,22,121.0,North East England
2021-01-18 23:00:00,1,23,75.5,North East England
2021-01-19 00:00:00,1,0,64.5,North East England
2021-01-19 01:00:00,1,1,65.5,North East England
2021-01-19 02:00:00,1,2,70.0,North East England
2021-01-19 03:00:00,1,3,64.0,North East England
2021-01-19 04:00:00,1,4,63.5,North East England
2021-01-19 05:00:00,1,5,74.5,North East England
2021-01-19 06:00:00,1,6,109.5,North East England
2021-01-19 07:00:00,1,7,151.5,North East England
2021-01-19 08:00:00,1,8,175.0,North East England
2021-01-19 09:00:00,1,9,172.5,North East England
2021-01-19 10:00:00,1,10,168.5,North East England
2021-01-19 11:00:00,1,11,159.0,North East England
2021-01-19 12:00:00,1,12,149.5,North East England
2021-01-19 13:00:00,1,13,167.0,North East England
2021-01-19 14:00:00,1,14,184.0,North East England
2021-01-19 15:00:00,1,15,179.5,North East England
2021-01-19 16:00:00,1,16,170.0,North East England
2021-01-19 17:00:00,1,17,174.0,North East England
2021-01-19 18:00:00,1,18,171.5,North East England
2021-01-19 19:00:00,1,19,161.0,North East England
2021-01-19 20:00:00,1,20,135.5,North East England
2021-01-19 21:00:00,1,21,109.0,North East England
2021-01-19 22:00:00,1,22,89.0,North East England
2021-01-19 23:00:00,1,23,67.5,North East England
2021-01-20 00:00:00,1,0,62.5,North East England
2021-01-20 01:00:00,1,1,60.0,North East England
2021-01-20 02:00:00,1,2,57.5,North East England
2021-01-20 03:00:00,1,3,47.0,North East England
2021-01-20 04:00:00,1,4,46.5,North East England
2021-01-20 05:00:00,1,5,57.0,North East England
2021-01-20 06:00:00,1,6,92.0,North East England
2021-01-20 07:00:00,1,7,116.5,North East England
2021-01-20 08:00:00,1,8,137.5,North East England
2021-01-20 09:00:00,1,9,154.0,North East England
2021-01-20 10:00:00,1,10,155.5,North East England
2021-01-20 11:00:00,1,11,154.5,North East England
2021-01-20 12:00:00,1,12,158.5,North East England
2021-01-20 13:00:00,1,13,160.5,North East England
2021-01-20 14:00:00,1,14,163.0,North East England
2021-01-20 15:00:00,1,15,166.0,North East England
2021-01-20 16:00:00,1,16,171.5,North East England
2021-01-20 17:00:00,1,17,171.5,North East England
2021-01-20 18:00:00,1,18,164.5,North East England
2021-01-20 19:00:00,1,19,157.5,North East England
2021-01-20 20:00:00,1,20,141.5,North East England
2021-01-20 21:00:00,1,21,118.0,North East England
2021-01-20 22:00:00,1,22,90.5,North East England
2021-01-20 23:00:00,1,23,80.0,North East England
2021-01-21 00:00:00,1,0,82.0,North East England
2021-01-21 01:00:00,1,1,72.0,North East England
2021-01-21 02:00:00,1,2,72.5,North East England
2021-01-21 03:00:00,1,3,75.0,North East England
2021-01-21 04:00:00,1,4,71.5,North East England
2021-01-21 05:00:00,1,5,77.5,North East England
2021-01-21 06:00:00,1,6,87.5,North East England
2021-01-21 07:00:00,1,7,106.5,North East England
2021-01-21 08:00:00,1,8,118.0,North East England
2021-01-21 09:00:00,1,9,122.0,North East England
2021-01-21 10:00:00,1,10,112.5,North East England
2021-01-21 11:00:00,1,11,113.5,North East England
2021-01-21 12:00:00,1,12,125.5,North East England
2021-01-21 13:00:00,1,13,130.0,North East England
2021-01-21 14:00:00,1,14,139.0,North East England
2021-01-21 15:00:00,1,15,166.5,North East England
2021-01-21 16:00:00,1,16,190.0,North East England
2021-01-21 17:00:00,1,17,219.0,North East England
2021-01-21 18:00:00,1,18,236.5,North East England
2021-01-21 19:00:00,1,19,239.0,North East England
2021-01-21 20:00:00,1,20,222.5,North East England
2021-01-21 21:00:00,1,21,179.0,North East England
2021-01-21 22:00:00,1,22,143.5,North East England
2021-01-21 23:00:00,1,23,103.0,North East England
2021-01-22 00:00:00,1,0,89.5,North East England
2021-01-22 01:00:00,1,1,89.5,North East England
2021-01-22 02:00:00,1,2,86.5,North East England
2021-01-22 03:00:00,1,3,86.5,North East England
2021-01-22 04:00:00,1,4,89.0,North East England
2021-01-22 05:00:00,1,5,111.5,North East England
2021-01-22 06:00:00,1,6,142.0,North East England
2021-01-22 07:00:00,1,7,180.0,North East England
2021-01-22 08:00:00,1,8,204.0,North East England
2021-01-22 09:00:00,1,9,200.5,North East England
2021-01-22 10:00:00,1,10,194.5,North East England
2021-01-22 11:00:00,1,11,182.5,North East England
2021-01-22 12:00:00,1,12,183.0,North East England
2021-01-22 13:00:00,1,13,193.0,North East England
2021-01-22 14:00:00,1,14,209.5,North East England
2021-01-22 15:00:00,1,15,229.5,North East England
2021-01-22 16:00:00,1,16,238.5,North East England
2021-01-22 17:00:00,1,17,250.5,North East England
2021-01-22 18:00:00,1,18,247.5,North East England
2021-01-22 19:00:00,1,19,238.5,North East England
2021-01-22 20:00:00,1,20,232.5,North East England
2021-01-22 21:00:00,1,21,224.5,North East England
2021-01-22 22:00:00,1,22,208.0,North East England
2021-01-22 23:00:00,1,23,178.0,North East England
2021-01-23 00:00:00,1,0,172.5,North East England
2021-01-23 01:00:00,1,1,167.0,North East England
2021-01-23 02:00:00,1,2,164.5,North East England
2021-01-23 03:00:00,1,3,171.0,North East England
2021-01-23 04:00:00,1,4,172.0,North East England
2021-01-23 05:00:00,1,5,184.5,North East England
2021-01-23 06:00:00,1,6,199.5,North East England
2021-01-23 07:00:00,1,7,211.5,North East England
2021-01-23 08:00:00,1,8,225.5,North East England
2021-01-23 09:00:00,1,9,239.0,North East England
2021-01-23 10:00:00,1,10,245.0,North East England
2021-01-23 11:00:00,1,11,244.5,North East England
2021-01-23 12:00:00,1,12,242.5,North East England
2021-01-23 13:00:00,1,13,243.5,North East England
2021-01-23 14:00:00,1,14,248.0,North East England
2021-01-23 15:00:00,1,15,248.5,North East England
2021-01-23 16:00:00,1,16,252.0,North East England
2021-01-23 17:00:00,1,17,252.0,North East England
2021-01-23 18:00:00,1,18,247.0,North East England
2021-01-23 19:00:00,1,19,232.5,North East England
2021-01-23 20:00:00,1,20,214.5,North East England
2021-01-23 21:00:00,1,21,198.0,North East England
2021-01-23 22:00:00,1,22,187.0,North East England
2021-01-23 23:00:00,1,23,181.0,North East England
2021-01-24 00:00:00,1,0,186.5,North East England
2021-01-24 01:00:00,1,1,182.0,North East England
2021-01-24 02:00:00,1,2,182.0,North East England
2021-01-24 03:00:00,1,3,186.0,North East England
2021-01-24 04:00:00,1,4,197.5,North East England
2021-01-24 05:00:00,1,5,210.5,North East England
2021-01-24 06:00:00,1,6,216.0,North East England
2021-01-24 07:00:00,1,7,219.5,North East England
2021-01-24 08:00:00,1,8,238.0,North East England
2021-01-24 09:00:00,1,9,238.5,North East England
2021-01-24 10:00:00,1,10,239.0,North East England
2021-01-24 11:00:00,1,11,230.0,North East England
2021-01-24 12:00:00,1,12,217.0,North East England
2021-01-24 13:00:00,1,13,208.5,North East England
2021-01-24 14:00:00,1,14,211.5,North East England
2021-01-24 15:00:00,1,15,216.5,North East England
2021-01-24 16:00:00,1,16,231.0,North East England
2021-01-24 17:00:00,1,17,249.5,North East England
2021-01-24 18:00:00,1,18,238.5,North East England
2021-01-24 19:00:00,1,19,229.5,North East England
2021-01-24 20:00:00,1,20,223.0,North East England
2021-01-24 21:00:00,1,21,208.0,North East England
2021-01-24 22:00:00,1,22,170.5,North East England
2021-01-24 23:00:00,1,23,139.0,North East England
2021-01-25 00:00:00,1,0,149.0,North East England
2021-01-25 01:00:00,1,1,142.0,North East England
2021-01-25 02:00:00,1,2,130.0,North East England
2021-01-25 03:00:00,1,3,118.5,North East England
2021-01-25 04:00:00,1,4,128.5,North East England
2021-01-25 05:00:00,1,5,193.5,North East England
2021-01-25 06:00:00,1,6,262.5,North East England
2021-01-25 07:00:00,1,7,300.5,North East England
2021-01-25 08:00:00,1,8,297.0,North East England
2021-01-25 09:00:00,1,9,275.0,North East England
2021-01-25 10:00:00,1,10,261.5,North East England
2021-01-25 11:00:00,1,11,237.5,North East England
2021-01-25 12:00:00,1,12,231.0,North East England
2021-01-25 13:00:00,1,13,231.5,North East England
2021-01-25 14:00:00,1,14,225.0,North East England
2021-01-25 15:00:00,1,15,216.0,North East England
2021-01-25 16:00:00,1,16,208.5,North East England
2021-01-25 17:00:00,1,17,212.0,North East England
2021-01-25 18:00:00,1,18,206.5,North East England
2021-01-25 19:00:00,1,19,194.5,North East England
2021-01-25 20:00:00,1,20,180.5,North East England
2021-01-25 21:00:00,1,21,169.0,North East England
2021-01-25 22:00:00,1,22,155.5,North East England
2021-01-25 23:00:00,1,23,126.0,North East England
2021-01-26 00:00:00,1,0,130.0,North East England
2021-01-26 01:00:00,1,1,134.0,North East England
2021-01-26 02:00:00,1,2,128.5,North East England
2021-01-26 03:00:00,1,3,140.0,North East England
2021-01-26 04:00:00,1,4,154.5,North East England
2021-01-26 05:00:00,1,5,172.0,North East England
2021-01-26 06:00:00,1,6,255.0,North East England
2021-01-26 07:00:00,1,7,314.0,North East England
2021-01-26 08:00:00,1,8,281.0,North East England
2021-01-26 09:00:00,1,9,263.0,North East England
2021-01-26 10:00:00,1,10,269.0,North East England
2021-01-26 11:00:00,1,11,263.0,North East England
2021-01-26 12:00:00,1,12,254.0,North East England
2021-01-26 13:00:00,1,13,251.0,North East England
2021-01-26 14:00:00,1,14,248.5,North East England
2021-01-26 15:00:00,1,15,247.0,North East England
2021-01-26 16:00:00,1,16,240.0,North East England
2021-01-26 17:00:00,1,17,244.0,North East England
2021-01-26 18:00:00,1,18,217.5,North East England
2021-01-26 19:00:00,1,19,196.0,North East England
2021-01-26 20:00:00,1,20,185.5,North East England
2021-01-26 21:00:00,1,21,158.5,North East England
2021-01-26 22:00:00,1,22,133.0,North East England
2021-01-26 23:00:00,1,23,131.0,North East England
2021-01-27 00:00:00,1,0,144.5,North East England
2021-01-27 01:00:00,1,1,152.0,North East England
2021-01-27 02:00:00,1,2,158.0,North East England
2021-01-27 03:00:00,1,3,164.0,North East England
2021-01-27 04:00:00,1,4,174.0,North East England
2021-01-27 05:00:00,1,5,172.5,North East England
2021-01-27 06:00:00,1,6,219.5,North East England
2021-01-27 07:00:00,1,7,286.5,North East England
2021-01-27 08:00:00,1,8,271.0,North East England
2021-01-27 09:00:00,1,9,268.5,North East England
2021-01-27 10:00:00,1,10,251.5,North East England
2021-01-27 11:00:00,1,11,251.0,North East England
2021-01-27 12:00:00,1,12,249.5,North East England
2021-01-27 13:00:00,1,13,249.0,North East England
2021-01-27 14:00:00,1,14,254.5,North East England
2021-01-27 15:00:00,1,15,258.0,North East England
2021-01-27 16:00:00,1,16,266.0,North East England
2021-01-27 17:00:00,1,17,280.5,North East England
2021-01-27 18:00:00,1,18,283.5,North East England
2021-01-27 19:00:00,1,19,277.5,North East England
2021-01-27 20:00:00,1,20,264.5,North East England
2021-01-27 21:00:00,1,21,242.0,North East England
2021-01-27 22:00:00,1,22,223.5,North East England
2021-01-27 23:00:00,1,23,204.5,North East England
2021-01-28 00:00:00,1,0,187.5,North East England
2021-01-28 01:00:00,1,1,174.5,North East England
2021-01-28 02:00:00,1,2,163.5,North East England
2021-01-28 03:00:00,1,3,140.5,North East England
2021-01-28 04:00:00,1,4,133.5,North East England
2021-01-28 05:00:00,1,5,133.0,North East England
2021-01-28 06:00:00,1,6,170.5,North East England
2021-01-28 07:00:00,1,7,212.5,North East England
2021-01-28 08:00:00,1,8,187.0,North East England
2021-01-28 09:00:00,1,9,171.5,North East England
2021-01-28 10:00:00,1,10,167.5,North East England
2021-01-28 11:00:00,1,11,167.0,North East England
2021-01-28 12:00:00,1,12,170.0,North East England
2021-01-28 13:00:00,1,13,175.5,North East England
2021-01-28 14:00:00,1,14,183.0,North East England
2021-01-28 15:00:00,1,15,205.0,North East England
2021-01-28 16:00:00,1,16,210.0,North East England
2021-01-28 17:00:00,1,17,235.5,North East England
2021-01-28 18:00:00,1,18,247.0,North East England
2021-01-28 19:00:00,1,19,237.5,North East England
2021-01-28 20:00:00,1,20,191.5,North East England
2021-01-28 21:00:00,1,21,146.0,North East England
2021-01-28 22:00:00,1,22,113.5,North East England
2021-01-28 23:00:00,1,23,95.0,North East England
2021-01-29 00:00:00,1,0,83.0,North East England
2021-01-29 01:00:00,1,1,61.0,North East England
2021-01-29 02:00:00,1,2,57.5,North East England
2021-01-29 03:00:00,1,3,52.5,North East England
2021-01-29 04:00:00,1,4,47.0,North East England
2021-01-29 05:00:00,1,5,55.5,North East England
2021-01-29 06:00:00,1,6,77.5,North East England
2021-01-29 07:00:00,1,7,113.5,North East England
2021-01-29 08:00:00,1,8,129.5,North East England
2021-01-29 09:00:00,1,9,139.0,North East England
2021-01-29 10:00:00,1,10,145.5,North East England
2021-01-29 11:00:00,1,11,149.5,North East England
2021-01-29 12:00:00,1,12,158.5,North East England
2021-01-29 13:00:00,1,13,154.0,North East England
2021-01-29 14:00:00,1,14,157.0,North East England
2021-01-29 15:00:00,1,15,175.0,North East England
2021-01-29 16:00:00,1,16,189.5,North East England
2021-01-29 17:00:00,1,17,209.5,North East England
2021-01-29 18:00:00,1,18,210.0,North East England
2021-01-29 19:00:00,1,19,196.5,North East England
2021-01-29 20:00:00,1,20,171.0,North East England
2021-01-29 21:00:00,1,21,157.5,North East England
2021-01-29 22:00:00,1,22,143.0,North East England
2021-01-29 23:00:00,1,23,135.0,North East England
2021-01-30 00:00:00,1,0,125.5,North East England
2021-01-30 01:00:00,1,1,104.0,North East England
2021-01-30 02:00:00,1,2,77.5,North East England
2021-01-30 03:00:00,1,3,52.5,North East England
2021-01-30 04:00:00,1,4,41.0,North East England
2021-01-30 05:00:00,1,5,49.5,North East England
2021-01-30 06:00:00,1,6,57.5,North East England
2021-01-30 07:00:00,1,7,59.5,North East England
2021-01-30 08:00:00,1,8,74.0,North East England
2021-01-30 09:00:00,1,9,87.0,North East England
2021-01-30 10:00:00,1,10,101.0,North East England
2021-01-30 11:00:00,1,11,112.5,North East England
2021-01-30 12:00:00,1,12,113.0,North East England
2021-01-30 13:00:00,1,13,113.0,North East England
2021-01-30 14:00:00,1,14,113.5,North East England
2021-01-30 15:00:00,1,15,117.5,North East England
2021-01-30 16:00:00,1,16,133.5,North East England
2021-01-30 17:00:00,1,17,155.5,North East England
2021-01-30 18:00:00,1,18,151.5,North East England
2021-01-30 19:00:00,1,19,138.0,North East England
2021-01-30 20:00:00,1,20,120.0,North East England
2021-01-30 21:00:00,1,21,115.5,North East England
2021-01-30 22:00:00,1,22,108.5,North East England
2021-01-30 23:00:00,1,23,102.0,North East England
2021-01-31 00:00:00,1,0,105.5,North East England
2021-01-31 01:00:00,1,1,108.5,North East England
2021-01-31 02:00:00,1,2,109.5,North East England
2021-01-31 03:00:00,1,3,103.5,North East England
2021-01-31 04:00:00,1,4,99.5,North East England
2021-01-31 05:00:00,1,5,96.0,North East England
2021-01-31 06:00:00,1,6,98.5,North East England
2021-01-31 07:00:00,1,7,107.5,North East England
2021-01-31 08:00:00,1,8,107.5,North East England
2021-01-31 09:00:00,1,9,111.5,North East England
2021-01-31 10:00:00,1,10,124.5,North East England
2021-01-31 11:00:00,1,11,149.5,North East England
2021-01-31 12:00:00,1,12,165.5,North East England
2021-01-31 13:00:00,1,13,171.0,North East England
2021-01-31 14:00:00,1,14,172.5,North East England
2021-01-31 15:00:00,1,15,177.0,North East England
2021-01-31 16:00:00,1,16,183.5,North East England
2021-01-31 17:00:00,1,17,185.5,North East England
2021-01-31 18:00:00,1,18,186.5,North East England
2021-01-31 19:00:00,1,19,175.0,North East England
2021-01-31 20:00:00,1,20,164.5,North East England
2021-01-31 21:00:00,1,21,152.5,North East England
2021-01-31 22:00:00,1,22,147.0,North East England
2021-01-31 23:00:00,1,23,148.0,North East England
2021-02-01 00:00:00,2,0,167.0,North East England
2021-02-01 01:00:00,2,1,167.5,North East England
2021-02-01 02:00:00,2,2,169.0,North East England
2021-02-01 03:00:00,2,3,178.0,North East England
2021-02-01 04:00:00,2,4,189.0,North East England
2021-02-01 05:00:00,2,5,191.0,North East England
2021-02-01 06:00:00,2,6,208.5,North East England
2021-02-01 07:00:00,2,7,230.5,North East England
2021-02-01 08:00:00,2,8,233.0,North East England
2021-02-01 09:00:00,2,9,238.0,North East England
2021-02-01 10:00:00,2,10,244.0,North East England
2021-02-01 11:00:00,2,11,247.5,North East England
2021-02-01 12:00:00,2,12,252.0,North East England
2021-02-01 13:00:00,2,13,247.0,North East England
2021-02-01 14:00:00,2,14,249.5,North East England
2021-02-01 15:00:00,2,15,257.5,North East England
2021-02-01 16:00:00,2,16,273.5,North East England
2021-02-01 17:00:00,2,17,286.0,North East England
2021-02-01 18:00:00,2,18,287.0,North East England
2021-02-01 19:00:00,2,19,286.0,North East England
2021-02-01 20:00:00,2,20,277.5,North East England
2021-02-01 21:00:00,2,21,265.0,North East England
2021-02-01 22:00:00,2,22,237.0,North East England
2021-02-01 23:00:00,2,23,213.5,North East England
2021-02-02 00:00:00,2,0,197.5,North East England
2021-02-02 01:00:00,2,1,180.5,North East England
2021-02-02 02:00:00,2,2,152.5,North East England
2021-02-02 03:00:00,2,3,132.0,North East England
2021-02-02 04:00:00,2,4,105.0,North East England
2021-02-02 05:00:00,2,5,99.5,North East England
2021-02-02 06:00:00,2,6,119.0,North East England
2021-02-02 07:00:00,2,7,152.5,North East England
2021-02-02 08:00:00,2,8,170.5,North East England
2021-02-02 09:00:00,2,9,167.5,North East England
2021-02-02 10:00:00,2,10,158.5,North East England
2021-02-02 11:00:00,2,11,162.0,North East England
2021-02-02 12:00:00,2,12,170.0,North East England
2021-02-02 13:00:00,2,13,171.0,North East England
2021-02-02 14:00:00,2,14,173.5,North East England
2021-02-02 15:00:00,2,15,182.0,North East England
2021-02-02 16:00:00,2,16,196.0,North East England
2021-02-02 17:00:00,2,17,201.0,North East England
2021-02-02 18:00:00,2,18,193.0,North East England
2021-02-02 19:00:00,2,19,169.5,North East England
2021-02-02 20:00:00,2,20,140.5,North East England
2021-02-02 21:00:00,2,21,115.5,North East England
2021-02-02 22:00:00,2,22,92.5,North East England
2021-02-02 23:00:00,2,23,73.5,North East England
2021-02-03 00:00:00,2,0,73.0,North East England
2021-02-03 01:00:00,2,1,79.0,North East England
2021-02-03 02:00:00,2,2,83.5,North East England
2021-02-03 03:00:00,2,3,79.0,North East England
2021-02-03 04:00:00,2,4,84.5,North East England
2021-02-03 05:00:00,2,5,97.0,North East England
2021-02-03 06:00:00,2,6,137.0,North East England
2021-02-03 07:00:00,2,7,194.5,North East England
2021-02-03 08:00:00,2,8,229.5,North East England
2021-02-03 09:00:00,2,9,245.5,North East England
2021-02-03 10:00:00,2,10,252.5,North East England
2021-02-03 11:00:00,2,11,256.0,North East England
2021-02-03 12:00:00,2,12,258.0,North East England
2021-02-03 13:00:00,2,13,230.5,North East England
2021-02-03 14:00:00,2,14,220.0,North East England
2021-02-03 15:00:00,2,15,211.5,North East England
2021-02-03 16:00:00,2,16,219.0,North East England
2021-02-03 17:00:00,2,17,236.0,North East England
2021-02-03 18:00:00,2,18,232.5,North East England
2021-02-03 19:00:00,2,19,199.0,North East England
2021-02-03 20:00:00,2,20,170.0,North East England
2021-02-03 21:00:00,2,21,155.0,North East England
2021-02-03 22:00:00,2,22,139.5,North East England
2021-02-03 23:00:00,2,23,130.5,North East England
2021-02-04 00:00:00,2,0,128.0,North East England
2021-02-04 01:00:00,2,1,127.0,North East England
2021-02-04 02:00:00,2,2,134.0,North East England
2021-02-04 03:00:00,2,3,141.5,North East England
2021-02-04 04:00:00,2,4,143.0,North East England
2021-02-04 05:00:00,2,5,158.0,North East England
2021-02-04 06:00:00,2,6,181.5,North East England
2021-02-04 07:00:00,2,7,206.5,North East England
2021-02-04 08:00:00,2,8,225.0,North East England
2021-02-04 09:00:00,2,9,228.0,North East England
2021-02-04 10:00:00,2,10,224.5,North East England
2021-02-04 11:00:00,2,11,227.5,North East England
2021-02-04 12:00:00,2,12,226.0,North East England
2021-02-04 13:00:00,2,13,223.5,North East England
2021-02-04 14:00:00,2,14,222.0,North East England
2021-02-04 15:00:00,2,15,226.5,North East England
2021-02-04 16:00:00,2,16,228.0,North East England
2021-02-04 17:00:00,2,17,224.5,North East England
2021-02-04 18:00:00,2,18,218.5,North East England
2021-02-04 19:00:00,2,19,203.5,North East England
2021-02-04 20:00:00,2,20,182.5,North East England
2021-02-04 21:00:00,2,21,162.5,North East England
2021-02-04 22:00:00,2,22,144.5,North East England
2021-02-04 23:00:00,2,23,142.5,North East England
2021-02-05 00:00:00,2,0,141.5,North East England
2021-02-05 01:00:00,2,1,140.5,North East England
2021-02-05 02:00:00,2,2,145.5,North East England
2021-02-05 03:00:00,2,3,139.0,North East England
2021-02-05 04:00:00,2,4,136.0,North East England
2021-02-05 05:00:00,2,5,146.0,North East England
2021-02-05 06:00:00,2,6,189.5,North East England
2021-02-05 07:00:00,2,7,233.5,North East England
2021-02-05 08:00:00,2,8,230.5,North East England
2021-02-05 09:00:00,2,9,231.5,North East England
2021-02-05 10:00:00,2,10,226.0,North East England
2021-02-05 11:00:00,2,11,213.0,North East England
2021-02-05 12:00:00,2,12,215.0,North East England
2021-02-05 13:00:00,2,13,216.0,North East England
2021-02-05 14:00:00,2,14,220.0,North East England
2021-02-05 15:00:00,2,15,236.0,North East England
2021-02-05 16:00:00,2,16,251.5,North East England
2021-02-05 17:00:00,2,17,260.0,North East England
2021-02-05 18:00:00,2,18,261.5,North East England
2021-02-05 19:00:00,2,19,257.0,North East England
2021-02-05 20:00:00,2,20,244.5,North East England
2021-02-05 21:00:00,2,21,228.0,North East England
2021-02-05 22:00:00,2,22,203.0,North East England
2021-02-05 23:00:00,2,23,194.0,North East England
2021-02-06 00:00:00,2,0,184.5,North East England
2021-02-06 01:00:00,2,1,182.0,North East England
2021-02-06 02:00:00,2,2,169.5,North East England
2021-02-06 03:00:00,2,3,165.0,North East England
2021-02-06 04:00:00,2,4,153.0,North East England
2021-02-06 05:00:00,2,5,148.0,North East England
2021-02-06 06:00:00,2,6,165.5,North East England
2021-02-06 07:00:00,2,7,166.0,North East England
2021-02-06 08:00:00,2,8,179.5,North East England
2021-02-06 09:00:00,2,9,189.0,North East England
2021-02-06 10:00:00,2,10,188.0,North East England
2021-02-06 11:00:00,2,11,181.5,North East England
2021-02-06 12:00:00,2,12,180.5,North East England
2021-02-06 13:00:00,2,13,171.5,North East England
2021-02-06 14:00:00,2,14,159.0,North East England
2021-02-06 15:00:00,2,15,153.5,North East England
2021-02-06 16:00:00,2,16,160.0,North East England
2021-02-06 17:00:00,2,17,162.5,North East England
2021-02-06 18:00:00,2,18,159.0,North East England
2021-02-06 19:00:00,2,19,138.0,North East England
2021-02-06 20:00:00,2,20,113.0,North East England
2021-02-06 21:00:00,2,21,107.5,North East England
2021-02-06 22:00:00,2,22,86.5,North East England
2021-02-06 23:00:00,2,23,86.0,North East England
2021-02-07 00:00:00,2,0,79.0,North East England
2021-02-07 01:00:00,2,1,72.5,North East England
2021-02-07 02:00:00,2,2,68.5,North East England
2021-02-07 03:00:00,2,3,64.5,North East England
2021-02-07 04:00:00,2,4,61.5,North East England
2021-02-07 05:00:00,2,5,62.0,North East England
2021-02-07 06:00:00,2,6,62.0,North East England
2021-02-07 07:00:00,2,7,57.5,North East England
2021-02-07 08:00:00,2,8,61.5,North East England
2021-02-07 09:00:00,2,9,77.0,North East England
2021-02-07 10:00:00,2,10,87.5,North East England
2021-02-07 11:00:00,2,11,99.0,North East England
2021-02-07 12:00:00,2,12,115.5,North East England
2021-02-07 13:00:00,2,13,121.5,North East England
2021-02-07 14:00:00,2,14,121.0,North East England
2021-02-07 15:00:00,2,15,127.0,North East England
2021-02-07 16:00:00,2,16,141.5,North East England
2021-02-07 17:00:00,2,17,156.0,North East England
2021-02-07 18:00:00,2,18,154.5,North East England
2021-02-07 19:00:00,2,19,140.0,North East England
2021-02-07 20:00:00,2,20,121.0,North East England
2021-02-07 21:00:00,2,21,96.5,North East England
2021-02-07 22:00:00,2,22,85.5,North East England
2021-02-07 23:00:00,2,23,70.5,North East England
2021-02-08 00:00:00,2,0,77.0,North East England
2021-02-08 01:00:00,2,1,67.5,North East England
2021-02-08 02:00:00,2,2,78.0,North East England
2021-02-08 03:00:00,2,3,86.0,North East England
2021-02-08 04:00:00,2,4,86.0,North East England
2021-02-08 05:00:00,2,5,88.0,North East England
2021-02-08 06:00:00,2,6,117.5,North East England
2021-02-08 07:00:00,2,7,169.5,North East England
2021-02-08 08:00:00,2,8,173.5,North East England
2021-02-08 09:00:00,2,9,180.0,North East England
2021-02-08 10:00:00,2,10,188.0,North East England
2021-02-08 11:00:00,2,11,186.0,North East England
2021-02-08 12:00:00,2,12,185.5,North East England
2021-02-08 13:00:00,2,13,195.0,North East England
2021-02-08 14:00:00,2,14,194.5,North East England
2021-02-08 15:00:00,2,15,197.5,North East England
2021-02-08 16:00:00,2,16,195.0,North East England
2021-02-08 17:00:00,2,17,191.5,North East England
2021-02-08 18:00:00,2,18,195.5,North East England
2021-02-08 19:00:00,2,19,194.0,North East England
2021-02-08 20:00:00,2,20,179.0,North East England
2021-02-08 21:00:00,2,21,157.0,North East England
2021-02-08 22:00:00,2,22,145.5,North East England
2021-02-08 23:00:00,2,23,119.7,North East England
2021-02-09 00:00:00,2,0,118.0,North East England
2021-02-09 01:00:00,2,1,118.0,North East England
2021-02-09 02:00:00,2,2,123.0,North East England
2021-02-09 03:00:00,2,3,117.5,North East England
2021-02-09 04:00:00,2,4,116.5,North East England
2021-02-09 05:00:00,2,5,124.0,North East England
2021-02-09 06:00:00,2,6,172.0,North East England
2021-02-09 07:00:00,2,7,227.5,North East England
2021-02-09 08:00:00,2,8,215.0,North East England
2021-02-09 09:00:00,2,9,201.0,North East England
2021-02-09 10:00:00,2,10,199.0,North East England
2021-02-09 11:00:00,2,11,210.5,North East England
2021-02-09 12:00:00,2,12,226.0,North East England
2021-02-09 13:00:00,2,13,235.5,North East England
2021-02-09 14:00:00,2,14,227.0,North East England
2021-02-09 15:00:00,2,15,220.5,North East England
2021-02-09 16:00:00,2,16,223.0,North East England
2021-02-09 17:00:00,2,17,204.0,North East England
2021-02-09 18:00:00,2,18,208.0,North East England
2021-02-09 19:00:00,2,19,197.5,North East England
2021-02-09 20:00:00,2,20,185.0,North East England
2021-02-09 21:00:00,2,21,165.0,North East England
2021-02-09 22:00:00,2,22,138.5,North East England
2021-02-09 23:00:00,2,23,115.0,North East England
2021-02-10 00:00:00,2,0,120.5,North East England
2021-02-10 01:00:00,2,1,125.0,North East England
2021-02-10 02:00:00,2,2,118.5,North East England
2021-02-10 03:00:00,2,3,112.0,North East England
2021-02-10 04:00:00,2,4,116.0,North East England
2021-02-10 05:00:00,2,5,148.5,North East England
2021-02-10 06:00:00,2,6,211.5,North East England
2021-02-10 07:00:00,2,7,230.0,North East England
2021-02-10 08:00:00,2,8,238.0,North East England
2021-02-10 09:00:00,2,9,262.0,North East England
2021-02-10 10:00:00,2,10,268.0,North East England
2021-02-10 11:00:00,2,11,260.5,North East England
2021-02-10 12:00:00,2,12,260.0,North East England
2021-02-10 13:00:00,2,13,257.0,North East England
2021-02-10 14:00:00,2,14,245.5,North East England
2021-02-10 15:00:00,2,15,249.5,North East England
2021-02-10 16:00:00,2,16,257.5,North East England
2021-02-10 17:00:00,2,17,271.0,North East England
2021-02-10 18:00:00,2,18,266.0,North East England
2021-02-10 19:00:00,2,19,263.5,North East England
2021-02-10 20:00:00,2,20,257.5,North East England
2021-02-10 21:00:00,2,21,244.5,North East England
2021-02-10 22:00:00,2,22,226.0,North East England
2021-02-10 23:00:00,2,23,225.5,North East England
2021-02-11 00:00:00,2,0,219.0,North East England
2021-02-11 01:00:00,2,1,212.0,North East England
2021-02-11 02:00:00,2,2,214.0,North East England
2021-02-11 03:00:00,2,3,222.0,North East England
2021-02-11 04:00:00,2,4,261.5,North East England
2021-02-11 05:00:00,2,5,296.5,North East England
2021-02-11 06:00:00,2,6,313.5,North East England
2021-02-11 07:00:00,2,7,293.5,North East England
2021-02-11 08:00:00,2,8,270.0,North East England
2021-02-11 09:00:00,2,9,272.5,North East England
2021-02-11 10:00:00,2,10,254.0,North East England
2021-02-11 11:00:00,2,11,254.0,North East England
2021-02-11 12:00:00,2,12,242.0,North East England
2021-02-11 13:00:00,2,13,260.0,North East England
2021-02-11 14:00:00,2,14,274.0,North East England
2021-02-11 15:00:00,2,15,283.5,North East England
2021-02-11 16:00:00,2,16,277.0,North East England
2021-02-11 17:00:00,2,17,261.5,North East England
2021-02-11 18:00:00,2,18,253.5,North East England
2021-02-11 19:00:00,2,19,240.5,North East England
2021-02-11 20:00:00,2,20,202.0,North East England
2021-02-11 21:00:00,2,21,172.0,North East England
2021-02-11 22:00:00,2,22,147.5,North East England
2021-02-11 23:00:00,2,23,120.0,North East England
2021-02-12 00:00:00,2,0,118.0,North East England
2021-02-12 01:00:00,2,1,120.5,North East England
2021-02-12 02:00:00,2,2,117.5,North East England
2021-02-12 03:00:00,2,3,108.5,North East England
2021-02-12 04:00:00,2,4,113.5,North East England
2021-02-12 05:00:00,2,5,141.0,North East England
2021-02-12 06:00:00,2,6,187.5,North East England
2021-02-12 07:00:00,2,7,213.5,North East England
2021-02-12 08:00:00,2,8,214.0,North East England
2021-02-12 09:00:00,2,9,205.5,North East England
2021-02-12 10:00:00,2,10,194.5,North East England
2021-02-12 11:00:00,2,11,190.5,North East England
2021-02-12 12:00:00,2,12,192.0,North East England
2021-02-12 13:00:00,2,13,191.5,North East England
2021-02-12 14:00:00,2,14,192.5,North East England
2021-02-12 15:00:00,2,15,198.0,North East England
2021-02-12 16:00:00,2,16,206.5,North East England
2021-02-12 17:00:00,2,17,198.5,North East England
2021-02-12 18:00:00,2,18,201.5,North East England
2021-02-12 19:00:00,2,19,198.0,North East England
2021-02-12 20:00:00,2,20,158.5,North East England
2021-02-12 21:00:00,2,21,140.5,North East England
2021-02-12 22:00:00,2,22,131.0,North East England
2021-02-12 23:00:00,2,23,119.0,North East England
2021-02-13 00:00:00,2,0,110.5,North East England
2021-02-13 01:00:00,2,1,100.5,North East England
2021-02-13 02:00:00,2,2,105.0,North East England
2021-02-13 03:00:00,2,3,108.5,North East England
2021-02-13 04:00:00,2,4,114.5,North East England
2021-02-13 05:00:00,2,5,108.0,North East England
2021-02-13 06:00:00,2,6,119.5,North East England
2021-02-13 07:00:00,2,7,125.5,North East England
2021-02-13 08:00:00,2,8,116.0,North East England
2021-02-13 09:00:00,2,9,96.5,North East England
2021-02-13 10:00:00,2,10,93.0,North East England
2021-02-13 11:00:00,2,11,90.0,North East England
2021-02-13 12:00:00,2,12,96.0,North East England
2021-02-13 13:00:00,2,13,104.0,North East England
2021-02-13 14:00:00,2,14,118.0,North East England
2021-02-13 15:00:00,2,15,138.0,North East England
2021-02-13 16:00:00,2,16,164.5,North East England
2021-02-13 17:00:00,2,17,187.5,North East England
2021-02-13 18:00:00,2,18,183.5,North East England
2021-02-13 19:00:00,2,19,160.5,North East England
2021-02-13 20:00:00,2,20,140.0,North East England
2021-02-13 21:00:00,2,21,118.5,North East England
2021-02-13 22:00:00,2,22,107.5,North East England
2021-02-13 23:00:00,2,23,108.5,North East England
2021-02-14 00:00:00,2,0,109.0,North East England
2021-02-14 01:00:00,2,1,114.5,North East England
2021-02-14 02:00:00,2,2,119.0,North East England
2021-02-14 03:00:00,2,3,111.5,North East England
2021-02-14 04:00:00,2,4,111.0,North East England
2021-02-14 05:00:00,2,5,112.5,North East England
2021-02-14 06:00:00,2,6,107.0,North East England
2021-02-14 07:00:00,2,7,108.0,North East England
2021-02-14 08:00:00,2,8,107.5,North East England
2021-02-14 09:00:00,2,9,90.5,North East England
2021-02-14 10:00:00,2,10,96.5,North East England
2021-02-14 11:00:00,2,11,105.0,North East England
2021-02-14 12:00:00,2,12,115.5,North East England
2021-02-14 13:00:00,2,13,126.0,North East England
2021-02-14 14:00:00,2,14,127.0,North East England
2021-02-14 15:00:00,2,15,134.0,North East England
2021-02-14 16:00:00,2,16,144.5,North East England
2021-02-14 17:00:00,2,17,156.5,North East England
2021-02-14 18:00:00,2,18,155.5,North East England
2021-02-14 19:00:00,2,19,135.0,North East England
2021-02-14 20:00:00,2,20,117.5,North East England
2021-02-14 21:00:00,2,21,107.5,North East England
2021-02-14 22:00:00,2,22,97.5,North East England
2021-02-14 23:00:00,2,23,80.5,North East England
2021-02-15 00:00:00,2,0,80.5,North East England
2021-02-15 01:00:00,2,1,78.0,North East England
2021-02-15 02:00:00,2,2,83.0,North East England
2021-02-15 03:00:00,2,3,81.5,North East England
2021-02-15 04:00:00,2,4,88.0,North East England
2021-02-15 05:00:00,2,5,93.0,North East England
2021-02-15 06:00:00,2,6,127.5,North East England
2021-02-15 07:00:00,2,7,176.0,North East England
2021-02-15 08:00:00,2,8,169.5,North East England
2021-02-15 09:00:00,2,9,174.0,North East England
2021-02-15 10:00:00,2,10,172.5,North East England
2021-02-15 11:00:00,2,11,179.0,North East England
2021-02-15 12:00:00,2,12,178.0,North East England
2021-02-15 13:00:00,2,13,168.5,North East England
2021-02-15 14:00:00,2,14,179.0,North East England
2021-02-15 15:00:00,2,15,195.0,North East England
2021-02-15 16:00:00,2,16,206.5,North East England
2021-02-15 17:00:00,2,17,210.5,North East England
2021-02-15 18:00:00,2,18,212.0,North East England
2021-02-15 19:00:00,2,19,207.5,North East England
2021-02-15 20:00:00,2,20,197.0,North East England
2021-02-15 21:00:00,2,21,161.0,North East England
2021-02-15 22:00:00,2,22,164.0,North East England
2021-02-15 23:00:00,2,23,151.5,North East England
2021-02-16 00:00:00,2,0,148.5,North East England
2021-02-16 01:00:00,2,1,145.5,North East England
2021-02-16 02:00:00,2,2,161.0,North East England
2021-02-16 03:00:00,2,3,162.5,North East England
2021-02-16 04:00:00,2,4,160.5,North East England
2021-02-16 05:00:00,2,5,166.5,North East England
2021-02-16 06:00:00,2,6,183.0,North East England
2021-02-16 07:00:00,2,7,208.0,North East England
2021-02-16 08:00:00,2,8,201.5,North East England
2021-02-16 09:00:00,2,9,181.0,North East England
2021-02-16 10:00:00,2,10,181.0,North East England
2021-02-16 11:00:00,2,11,170.5,North East England
2021-02-16 12:00:00,2,12,160.0,North East England
2021-02-16 13:00:00,2,13,161.5,North East England
2021-02-16 14:00:00,2,14,177.0,North East England
2021-02-16 15:00:00,2,15,174.5,North East England
2021-02-16 16:00:00,2,16,200.5,North East England
2021-02-16 17:00:00,2,17,179.5,North East England
2021-02-16 18:00:00,2,18,169.0,North East England
2021-02-16 19:00:00,2,19,154.5,North East England
2021-02-16 20:00:00,2,20,136.0,North East England
2021-02-16 21:00:00,2,21,114.0,North East England
2021-02-16 22:00:00,2,22,94.0,North East England
2021-02-16 23:00:00,2,23,81.5,North East England
2021-02-17 00:00:00,2,0,93.5,North East England
2021-02-17 01:00:00,2,1,104.0,North East England
2021-02-17 02:00:00,2,2,130.0,North East England
2021-02-17 03:00:00,2,3,141.0,North East England
2021-02-17 04:00:00,2,4,158.5,North East England
2021-02-17 05:00:00,2,5,144.0,North East England
2021-02-17 06:00:00,2,6,163.0,North East England
2021-02-17 07:00:00,2,7,174.0,North East England
2021-02-17 08:00:00,2,8,159.5,North East England
2021-02-17 09:00:00,2,9,156.0,North East England
2021-02-17 10:00:00,2,10,149.5,North East England
2021-02-17 11:00:00,2,11,160.5,North East England
2021-02-17 12:00:00,2,12,165.0,North East England
2021-02-17 13:00:00,2,13,156.0,North East England
2021-02-17 14:00:00,2,14,150.5,North East England
2021-02-17 15:00:00,2,15,159.0,North East England
2021-02-17 16:00:00,2,16,170.0,North East England
2021-02-17 17:00:00,2,17,182.5,North East England
2021-02-17 18:00:00,2,18,175.0,North East England
2021-02-17 19:00:00,2,19,158.0,North East England
2021-02-17 20:00:00,2,20,134.5,North East England
2021-02-17 21:00:00,2,21,116.5,North East England
2021-02-17 22:00:00,2,22,113.5,North East England
2021-02-17 23:00:00,2,23,97.5,North East England
2021-02-18 00:00:00,2,0,107.0,North East England
2021-02-18 01:00:00,2,1,107.5,North East England
2021-02-18 02:00:00,2,2,114.0,North East England
2021-02-18 03:00:00,2,3,121.5,North East England
2021-02-18 04:00:00,2,4,117.5,North East England
2021-02-18 05:00:00,2,5,129.5,North East England
2021-02-18 06:00:00,2,6,164.0,North East England
2021-02-18 07:00:00,2,7,196.5,North East England
2021-02-18 08:00:00,2,8,180.5,North East England
2021-02-18 09:00:00,2,9,146.0,North East England
2021-02-18 10:00:00,2,10,147.0,North East England
2021-02-18 11:00:00,2,11,149.0,North East England
2021-02-18 12:00:00,2,12,149.5,North East England
2021-02-18 13:00:00,2,13,151.0,North East England
2021-02-18 14:00:00,2,14,151.0,North East England
2021-02-18 15:00:00,2,15,159.0,North East England
2021-02-18 16:00:00,2,16,172.0,North East England
2021-02-18 17:00:00,2,17,179.0,North East England
2021-02-18 18:00:00,2,18,180.0,North East England
2021-02-18 19:00:00,2,19,168.5,North East England
2021-02-18 20:00:00,2,20,161.0,North East England
2021-02-18 21:00:00,2,21,145.5,North East England
2021-02-18 22:00:00,2,22,136.0,North East England
2021-02-18 23:00:00,2,23,99.5,North East England
2021-02-19 00:00:00,2,0,103.5,North East England
2021-02-19 01:00:00,2,1,106.5,North East England
2021-02-19 02:00:00,2,2,125.0,North East England
2021-02-19 03:00:00,2,3,141.0,North East England
2021-02-19 04:00:00,2,4,147.0,North East England
2021-02-19 05:00:00,2,5,147.0,North East England
2021-02-19 06:00:00,2,6,154.5,North East England
2021-02-19 07:00:00,2,7,157.5,North East England
2021-02-19 08:00:00,2,8,145.0,North East England
2021-02-19 09:00:00,2,9,132.0,North East England
2021-02-19 10:00:00,2,10,134.5,North East England
2021-02-19 11:00:00,2,11,130.0,North East England
2021-02-19 12:00:00,2,12,133.0,North East England
2021-02-19 13:00:00,2,13,135.0,North East England
2021-02-19 14:00:00,2,14,135.5,North East England
2021-02-19 15:00:00,2,15,137.0,North East England
2021-02-19 16:00:00,2,16,147.5,North East England
2021-02-19 17:00:00,2,17,158.0,North East England
2021-02-19 18:00:00,2,18,162.5,North East England
2021-02-19 19:00:00,2,19,148.5,North East England
2021-02-19 20:00:00,2,20,126.5,North East England
2021-02-19 21:00:00,2,21,116.0,North East England
2021-02-19 22:00:00,2,22,104.5,North East England
2021-02-19 23:00:00,2,23,88.5,North East England
2021-02-20 00:00:00,2,0,81.5,North East England
2021-02-20 01:00:00,2,1,72.0,North East England
2021-02-20 02:00:00,2,2,81.5,North East England
2021-02-20 03:00:00,2,3,83.5,North East England
2021-02-20 04:00:00,2,4,79.0,North East England
2021-02-20 05:00:00,2,5,61.0,North East England
2021-02-20 06:00:00,2,6,63.5,North East England
2021-02-20 07:00:00,2,7,62.5,North East England
2021-02-20 08:00:00,2,8,66.5,North East England
2021-02-20 09:00:00,2,9,75.0,North East England
2021-02-20 10:00:00,2,10,74.0,North East England
2021-02-20 11:00:00,2,11,65.5,North East England
2021-02-20 12:00:00,2,12,75.5,North East England
2021-02-20 13:00:00,2,13,95.0,North East England
2021-02-20 14:00:00,2,14,95.5,North East England
2021-02-20 15:00:00,2,15,102.0,North East England
2021-02-20 16:00:00,2,16,118.0,North East England
2021-02-20 17:00:00,2,17,135.0,North East England
2021-02-20 18:00:00,2,18,148.0,North East England
2021-02-20 19:00:00,2,19,143.0,North East England
2021-02-20 20:00:00,2,20,126.0,North East England
2021-02-20 21:00:00,2,21,125.0,North East England
2021-02-20 22:00:00,2,22,108.0,North East England
2021-02-20 23:00:00,2,23,84.5,North East England
2021-02-21 00:00:00,2,0,91.0,North East England
2021-02-21 01:00:00,2,1,95.0,North East England
2021-02-21 02:00:00,2,2,115.0,North East England
2021-02-21 03:00:00,2,3,117.0,North East England
2021-02-21 04:00:00,2,4,132.5,North East England
2021-02-21 05:00:00,2,5,145.0,North East England
2021-02-21 06:00:00,2,6,148.5,North East England
2021-02-21 07:00:00,2,7,125.5,North East England
2021-02-21 08:00:00,2,8,139.0,North East England
2021-02-21 09:00:00,2,9,145.0,North East England
2021-02-21 10:00:00,2,10,151.0,North East England
2021-02-21 11:00:00,2,11,160.0,North East England
2021-02-21 12:00:00,2,12,161.0,North East England
2021-02-21 13:00:00,2,13,167.5,North East England
2021-02-21 14:00:00,2,14,174.5,North East England
2021-02-21 15:00:00,2,15,192.0,North East England
2021-02-21 16:00:00,2,16,212.0,North East England
2021-02-21 17:00:00,2,17,217.0,North East England
2021-02-21 18:00:00,2,18,212.5,North East England
2021-02-21 19:00:00,2,19,206.0,North East England
2021-02-21 20:00:00,2,20,193.0,North East England
2021-02-21 21:00:00,2,21,180.0,North East England
2021-02-21 22:00:00,2,22,175.5,North East England
2021-02-21 23:00:00,2,23,169.7,North East England
2021-02-22 00:00:00,2,0,179.0,North East England
2021-02-22 01:00:00,2,1,176.5,North East England
2021-02-22 02:00:00,2,2,170.0,North East England
2021-02-22 03:00:00,2,3,157.5,North East England
2021-02-22 04:00:00,2,4,163.0,North East England
2021-02-22 05:00:00,2,5,151.0,North East England
2021-02-22 06:00:00,2,6,156.5,North East England
2021-02-22 07:00:00,2,7,177.0,North East England
2021-02-22 08:00:00,2,8,192.0,North East England
2021-02-22 09:00:00,2,9,184.0,North East England
2021-02-22 10:00:00,2,10,178.5,North East England
2021-02-22 11:00:00,2,11,184.5,North East England
2021-02-22 12:00:00,2,12,181.5,North East England
2021-02-22 13:00:00,2,13,191.0,North East England
2021-02-22 14:00:00,2,14,218.0,North East England
2021-02-22 15:00:00,2,15,239.0,North East England
2021-02-22 16:00:00,2,16,229.5,North East England
2021-02-22 17:00:00,2,17,235.5,North East England
2021-02-22 18:00:00,2,18,235.5,North East England
2021-02-22 19:00:00,2,19,230.0,North East England
2021-02-22 20:00:00,2,20,222.0,North East England
2021-02-22 21:00:00,2,21,208.5,North East England
2021-02-22 22:00:00,2,22,194.5,North East England
2021-02-22 23:00:00,2,23,171.0,North East England
2021-02-23 00:00:00,2,0,163.0,North East England
2021-02-23 01:00:00,2,1,151.0,North East England
2021-02-23 02:00:00,2,2,179.5,North East England
2021-02-23 03:00:00,2,3,189.0,North East England
2021-02-23 04:00:00,2,4,202.5,North East England
2021-02-23 05:00:00,2,5,214.0,North East England
2021-02-23 06:00:00,2,6,194.5,North East England
2021-02-23 07:00:00,2,7,154.5,North East England
2021-02-23 08:00:00,2,8,132.5,North East England
2021-02-23 09:00:00,2,9,119.5,North East England
2021-02-23 10:00:00,2,10,102.0,North East England
2021-02-23 11:00:00,2,11,94.0,North East England
2021-02-23 12:00:00,2,12,107.0,North East England
2021-02-23 13:00:00,2,13,105.5,North East England
2021-02-23 14:00:00,2,14,112.5,North East England
2021-02-23 15:00:00,2,15,122.5,North East England
2021-02-23 16:00:00,2,16,142.5,North East England
2021-02-23 17:00:00,2,17,159.5,North East England
2021-02-23 18:00:00,2,18,162.5,North East England
2021-02-23 19:00:00,2,19,148.5,North East England
2021-02-23 20:00:00,2,20,128.0,North East England
2021-02-23 21:00:00,2,21,105.0,North East England
2021-02-23 22:00:00,2,22,104.0,North East England
2021-02-23 23:00:00,2,23,85.0,North East England
2021-02-24 00:00:00,2,0,91.0,North East England
2021-02-24 01:00:00,2,1,92.0,North East England
2021-02-24 02:00:00,2,2,97.0,North East England
2021-02-24 03:00:00,2,3,92.5,North East England
2021-02-24 04:00:00,2,4,98.0,North East England
2021-02-24 05:00:00,2,5,97.5,North East England
2021-02-24 06:00:00,2,6,88.5,North East England
2021-02-24 07:00:00,2,7,100.0,North East England
2021-02-24 08:00:00,2,8,102.0,North East England
2021-02-24 09:00:00,2,9,91.5,North East England
2021-02-24 10:00:00,2,10,93.5,North East England
2021-02-24 11:00:00,2,11,90.5,North East England
2021-02-24 12:00:00,2,12,105.5,North East England
2021-02-24 13:00:00,2,13,112.0,North East England
2021-02-24 14:00:00,2,14,111.5,North East England
2021-02-24 15:00:00,2,15,123.5,North East England
2021-02-24 16:00:00,2,16,133.0,North East England
2021-02-24 17:00:00,2,17,144.5,North East England
2021-02-24 18:00:00,2,18,144.0,North East England
2021-02-24 19:00:00,2,19,139.0,North East England
2021-02-24 20:00:00,2,20,114.5,North East England
2021-02-24 21:00:00,2,21,90.5,North East England
2021-02-24 22:00:00,2,22,75.5,North East England
2021-02-24 23:00:00,2,23,57.5,North East England
2021-02-25 00:00:00,2,0,57.5,North East England
2021-02-25 01:00:00,2,1,54.0,North East England
2021-02-25 02:00:00,2,2,59.5,North East England
2021-02-25 03:00:00,2,3,64.0,North East England
2021-02-25 04:00:00,2,4,82.5,North East England
2021-02-25 05:00:00,2,5,107.0,North East England
2021-02-25 06:00:00,2,6,136.0,North East England
2021-02-25 07:00:00,2,7,189.5,North East England
2021-02-25 08:00:00,2,8,195.0,North East England
2021-02-25 09:00:00,2,9,203.0,North East England
2021-02-25 10:00:00,2,10,208.5,North East England
2021-02-25 11:00:00,2,11,211.5,North East England
2021-02-25 12:00:00,2,12,204.5,North East England
2021-02-25 13:00:00,2,13,201.5,North East England
2021-02-25 14:00:00,2,14,217.5,North East England
2021-02-25 15:00:00,2,15,225.0,North East England
2021-02-25 16:00:00,2,16,247.5,North East England
2021-02-25 17:00:00,2,17,251.0,North East England
2021-02-25 18:00:00,2,18,257.5,North East England
2021-02-25 19:00:00,2,19,250.5,North East England
2021-02-25 20:00:00,2,20,233.0,North East England
2021-02-25 21:00:00,2,21,213.0,North East England
2021-02-25 22:00:00,2,22,194.5,North East England
2021-02-25 23:00:00,2,23,169.0,North East England
2021-02-26 00:00:00,2,0,171.0,North East England
2021-02-26 01:00:00,2,1,174.0,North East England
2021-02-26 02:00:00,2,2,177.0,North East England
2021-02-26 03:00:00,2,3,179.5,North East England
2021-02-26 04:00:00,2,4,184.0,North East England
2021-02-26 05:00:00,2,5,180.0,North East England
2021-02-26 06:00:00,2,6,204.5,North East England
2021-02-26 07:00:00,2,7,214.5,North East England
2021-02-26 08:00:00,2,8,213.5,North East England
2021-02-26 09:00:00,2,9,206.0,North East England
2021-02-26 10:00:00,2,10,194.0,North East England
2021-02-26 11:00:00,2,11,181.5,North East England
2021-02-26 12:00:00,2,12,186.0,North East England
2021-02-26 13:00:00,2,13,186.5,North East England
2021-02-26 14:00:00,2,14,196.0,North East England
2021-02-26 15:00:00,2,15,202.0,North East England
2021-02-26 16:00:00,2,16,234.5,North East England
2021-02-26 17:00:00,2,17,250.0,North East England
2021-02-26 18:00:00,2,18,251.5,North East England
2021-02-26 19:00:00,2,19,246.0,North East England
2021-02-26 20:00:00,2,20,236.5,North East England
2021-02-26 21:00:00,2,21,223.0,North East England
2021-02-26 22:00:00,2,22,211.0,North East England
2021-02-26 23:00:00,2,23,198.5,North East England
2021-02-27 00:00:00,2,0,195.0,North East England
2021-02-27 01:00:00,2,1,186.0,North East England
2021-02-27 02:00:00,2,2,178.5,North East England
2021-02-27 03:00:00,2,3,180.0,North East England
2021-02-27 04:00:00,2,4,177.0,North East England
2021-02-27 05:00:00,2,5,172.0,North East England
2021-02-27 06:00:00,2,6,187.0,North East England
2021-02-27 07:00:00,2,7,192.5,North East England
2021-02-27 08:00:00,2,8,188.0,North East England
2021-02-27 09:00:00,2,9,181.0,North East England
2021-02-27 10:00:00,2,10,178.0,North East England
2021-02-27 11:00:00,2,11,162.5,North East England
2021-02-27 12:00:00,2,12,166.0,North East England
2021-02-27 13:00:00,2,13,177.0,North East England
2021-02-27 14:00:00,2,14,184.0,North East England
2021-02-27 15:00:00,2,15,191.0,North East England
2021-02-27 16:00:00,2,16,222.5,North East England
2021-02-27 17:00:00,2,17,243.0,North East England
2021-02-27 18:00:00,2,18,251.5,North East England
2021-02-27 19:00:00,2,19,243.0,North East England
2021-02-27 20:00:00,2,20,231.0,North East England
2021-02-27 21:00:00,2,21,218.5,North East England
2021-02-27 22:00:00,2,22,207.0,North East England
2021-02-27 23:00:00,2,23,198.5,North East England
2021-02-28 00:00:00,2,0,198.0,North East England
2021-02-28 01:00:00,2,1,190.5,North East England
2021-02-28 02:00:00,2,2,190.0,North East England
2021-02-28 03:00:00,2,3,191.5,North East England
2021-02-28 04:00:00,2,4,186.5,North East England
2021-02-28 05:00:00,2,5,182.5,North East England
2021-02-28 06:00:00,2,6,183.5,North East England
2021-02-28 07:00:00,2,7,185.0,North East England
2021-02-28 08:00:00,2,8,185.0,North East England
2021-02-28 09:00:00,2,9,185.0,North East England
2021-02-28 10:00:00,2,10,176.0,North East England
2021-02-28 11:00:00,2,11,163.5,North East England
2021-02-28 12:00:00,2,12,163.0,North East England
2021-02-28 13:00:00,2,13,165.5,North East England
2021-02-28 14:00:00,2,14,172.0,North East England
2021-02-28 15:00:00,2,15,193.5,North East England
2021-02-28 16:00:00,2,16,215.0,North East England
2021-02-28 17:00:00,2,17,231.5,North East England
2021-02-28 18:00:00,2,18,228.5,North East England
2021-02-28 19:00:00,2,19,221.5,North East England
2021-02-28 20:00:00,2,20,211.0,North East England
2021-02-28 21:00:00,2,21,201.0,North East England
2021-02-28 22:00:00,2,22,191.0,North East England
2021-02-28 23:00:00,2,23,190.0,North East England
2021-03-01 00:00:00,3,0,199.0,North East England
2021-03-01 01:00:00,3,1,193.5,North East England
2021-03-01 02:00:00,3,2,194.0,North East England
2021-03-01 03:00:00,3,3,193.0,North East England
2021-03-01 04:00:00,3,4,206.0,North East England
2021-03-01 05:00:00,3,5,259.5,North East England
2021-03-01 06:00:00,3,6,269.5,North East England
2021-03-01 07:00:00,3,7,272.5,North East England
2021-03-01 08:00:00,3,8,242.5,North East England
2021-03-01 09:00:00,3,9,246.0,North East England
2021-03-01 10:00:00,3,10,238.0,North East England
2021-03-01 11:00:00,3,11,237.5,North East England
2021-03-01 12:00:00,3,12,233.0,North East England
2021-03-01 13:00:00,3,13,227.5,North East England
2021-03-01 14:00:00,3,14,229.0,North East England
2021-03-01 15:00:00,3,15,238.5,North East England
2021-03-01 16:00:00,3,16,247.5,North East England
2021-03-01 17:00:00,3,17,262.0,North East England
2021-03-01 18:00:00,3,18,263.0,North East England
2021-03-01 19:00:00,3,19,251.0,North East England
2021-03-01 20:00:00,3,20,246.0,North East England
2021-03-01 21:00:00,3,21,235.0,North East England
2021-03-01 22:00:00,3,22,215.5,North East England
2021-03-01 23:00:00,3,23,206.5,North East England
2021-03-02 00:00:00,3,0,204.5,North East England
2021-03-02 01:00:00,3,1,200.5,North East England
2021-03-02 02:00:00,3,2,197.0,North East England
2021-03-02 03:00:00,3,3,198.5,North East England
2021-03-02 04:00:00,3,4,201.0,North East England
2021-03-02 05:00:00,3,5,239.0,North East England
2021-03-02 06:00:00,3,6,258.5,North East England
2021-03-02 07:00:00,3,7,254.0,North East England
2021-03-02 08:00:00,3,8,256.5,North East England
2021-03-02 09:00:00,3,9,261.0,North East England
2021-03-02 10:00:00,3,10,258.5,North East England
2021-03-02 11:00:00,3,11,249.5,North East England
2021-03-02 12:00:00,3,12,239.5,North East England
2021-03-02 13:00:00,3,13,242.0,North East England
2021-03-02 14:00:00,3,14,239.5,North East England
2021-03-02 15:00:00,3,15,250.0,North East England
2021-03-02 16:00:00,3,16,263.0,North East England
2021-03-02 17:00:00,3,17,274.0,North East England
2021-03-02 18:00:00,3,18,278.0,North East England
2021-03-02 19:00:00,3,19,281.0,North East England
2021-03-02 20:00:00,3,20,272.5,North East England
2021-03-02 21:00:00,3,21,258.5,North East England
2021-03-02 22:00:00,3,22,242.5,North East England
2021-03-02 23:00:00,3,23,232.5,North East England
2021-03-03 00:00:00,3,0,233.0,North East England
2021-03-03 01:00:00,3,1,230.5,North East England
2021-03-03 02:00:00,3,2,224.5,North East England
2021-03-03 03:00:00,3,3,225.5,North East England
2021-03-03 04:00:00,3,4,225.5,North East England
2021-03-03 05:00:00,3,5,261.5,North East England
2021-03-03 06:00:00,3,6,329.0,North East England
2021-03-03 07:00:00,3,7,264.0,North East England
2021-03-03 08:00:00,3,8,265.0,North East England
2021-03-03 09:00:00,3,9,284.5,North East England
2021-03-03 10:00:00,3,10,265.5,North East England
2021-03-03 11:00:00,3,11,265.0,North East England
2021-03-03 12:00:00,3,12,262.5,North East England
2021-03-03 13:00:00,3,13,263.0,North East England
2021-03-03 14:00:00,3,14,266.0,North East England
2021-03-03 15:00:00,3,15,276.0,North East England
2021-03-03 16:00:00,3,16,282.0,North East England
2021-03-03 17:00:00,3,17,291.5,North East England
2021-03-03 18:00:00,3,18,298.5,North East England
2021-03-03 19:00:00,3,19,298.5,North East England
2021-03-03 20:00:00,3,20,304.5,North East England
2021-03-03 21:00:00,3,21,294.0,North East England
2021-03-03 22:00:00,3,22,271.0,North East England
2021-03-03 23:00:00,3,23,245.5,North East England
2021-03-04 00:00:00,3,0,232.5,North East England
2021-03-04 01:00:00,3,1,238.0,North East England
2021-03-04 02:00:00,3,2,230.5,North East England
2021-03-04 03:00:00,3,3,222.0,North East England
2021-03-04 04:00:00,3,4,214.0,North East England
2021-03-04 05:00:00,3,5,220.0,North East England
2021-03-04 06:00:00,3,6,233.0,North East England
2021-03-04 07:00:00,3,7,242.0,North East England
2021-03-04 08:00:00,3,8,260.5,North East England
2021-03-04 09:00:00,3,9,262.0,North East England
2021-03-04 10:00:00,3,10,257.5,North East England
2021-03-04 11:00:00,3,11,254.5,North East England
2021-03-04 12:00:00,3,12,246.5,North East England
2021-03-04 13:00:00,3,13,239.5,North East England
2021-03-04 14:00:00,3,14,234.0,North East England
2021-03-04 15:00:00,3,15,227.5,North East England
2021-03-04 16:00:00,3,16,220.5,North East England
2021-03-04 17:00:00,3,17,217.5,North East England
2021-03-04 18:00:00,3,18,214.5,North East England
2021-03-04 19:00:00,3,19,213.0,North East England
2021-03-04 20:00:00,3,20,199.5,North East England
2021-03-04 21:00:00,3,21,182.5,North East England
2021-03-04 22:00:00,3,22,155.0,North East England
2021-03-04 23:00:00,3,23,144.5,North East England
2021-03-05 00:00:00,3,0,158.5,North East England
2021-03-05 01:00:00,3,1,159.0,North East England
2021-03-05 02:00:00,3,2,137.5,North East England
2021-03-05 03:00:00,3,3,122.0,North East England
2021-03-05 04:00:00,3,4,117.0,North East England
2021-03-05 05:00:00,3,5,149.5,North East England
2021-03-05 06:00:00,3,6,199.5,North East England
2021-03-05 07:00:00,3,7,205.0,North East England
2021-03-05 08:00:00,3,8,204.5,North East England
2021-03-05 09:00:00,3,9,208.5,North East England
2021-03-05 10:00:00,3,10,213.0,North East England
2021-03-05 11:00:00,3,11,215.0,North East England
2021-03-05 12:00:00,3,12,218.0,North East England
2021-03-05 13:00:00,3,13,225.5,North East England
2021-03-05 14:00:00,3,14,230.0,North East England
2021-03-05 15:00:00,3,15,238.0,North East England
2021-03-05 16:00:00,3,16,251.5,North East England
2021-03-05 17:00:00,3,17,259.5,North East England
2021-03-05 18:00:00,3,18,275.5,North East England
2021-03-05 19:00:00,3,19,269.0,North East England
2021-03-05 20:00:00,3,20,267.0,North East England
2021-03-05 21:00:00,3,21,255.0,North East England
2021-03-05 22:00:00,3,22,234.5,North East England
2021-03-05 23:00:00,3,23,221.0,North East England
2021-03-06 00:00:00,3,0,224.0,North East England
2021-03-06 01:00:00,3,1,226.5,North East England
2021-03-06 02:00:00,3,2,226.5,North East England
2021-03-06 03:00:00,3,3,228.0,North East England
2021-03-06 04:00:00,3,4,225.5,North East England
2021-03-06 05:00:00,3,5,223.0,North East England
2021-03-06 06:00:00,3,6,221.0,North East England
2021-03-06 07:00:00,3,7,218.5,North East England
2021-03-06 08:00:00,3,8,227.5,North East England
2021-03-06 09:00:00,3,9,231.0,North East England
2021-03-06 10:00:00,3,10,234.0,North East England
2021-03-06 11:00:00,3,11,234.0,North East England
2021-03-06 12:00:00,3,12,236.0,North East England
2021-03-06 13:00:00,3,13,232.0,North East England
2021-03-06 14:00:00,3,14,231.5,North East England
2021-03-06 15:00:00,3,15,238.5,North East England
2021-03-06 16:00:00,3,16,251.0,North East England
2021-03-06 17:00:00,3,17,274.5,North East England
2021-03-06 18:00:00,3,18,287.0,North East England
2021-03-06 19:00:00,3,19,282.0,North East England
2021-03-06 20:00:00,3,20,274.0,North East England
2021-03-06 21:00:00,3,21,270.5,North East England
2021-03-06 22:00:00,3,22,251.0,North East England
2021-03-06 23:00:00,3,23,233.3,North East England
2021-03-07 00:00:00,3,0,230.5,North East England
2021-03-07 01:00:00,3,1,229.0,North East England
2021-03-07 02:00:00,3,2,220.5,North East England
2021-03-07 03:00:00,3,3,211.0,North East England
2021-03-07 04:00:00,3,4,210.0,North East England
2021-03-07 05:00:00,3,5,211.5,North East England
2021-03-07 06:00:00,3,6,213.5,North East England
2021-03-07 07:00:00,3,7,214.0,North East England
2021-03-07 08:00:00,3,8,213.5,North East England
2021-03-07 09:00:00,3,9,215.5,North East England
2021-03-07 10:00:00,3,10,212.0,North East England
2021-03-07 11:00:00,3,11,215.5,North East England
2021-03-07 12:00:00,3,12,213.0,North East England
2021-03-07 13:00:00,3,13,208.5,North East England
2021-03-07 14:00:00,3,14,210.5,North East England
2021-03-07 15:00:00,3,15,226.5,North East England
2021-03-07 16:00:00,3,16,252.5,North East England
2021-03-07 17:00:00,3,17,273.5,North East England
2021-03-07 18:00:00,3,18,288.0,North East England
2021-03-07 19:00:00,3,19,284.0,North East England
2021-03-07 20:00:00,3,20,274.5,North East England
2021-03-07 21:00:00,3,21,266.0,North East England
2021-03-07 22:00:00,3,22,248.0,North East England
2021-03-07 23:00:00,3,23,225.0,North East England
2021-03-08 00:00:00,3,0,222.0,North East England
2021-03-08 01:00:00,3,1,217.0,North East England
2021-03-08 02:00:00,3,2,205.0,North East England
2021-03-08 03:00:00,3,3,202.0,North East England
2021-03-08 04:00:00,3,4,208.0,North East England
2021-03-08 05:00:00,3,5,219.5,North East England
2021-03-08 06:00:00,3,6,248.0,North East England
2021-03-08 07:00:00,3,7,263.0,North East England
2021-03-08 08:00:00,3,8,256.0,North East England
2021-03-08 09:00:00,3,9,250.5,North East England
2021-03-08 10:00:00,3,10,236.0,North East England
2021-03-08 11:00:00,3,11,227.5,North East England
2021-03-08 12:00:00,3,12,233.0,North East England
2021-03-08 13:00:00,3,13,228.0,North East England
2021-03-08 14:00:00,3,14,232.5,North East England
2021-03-08 15:00:00,3,15,238.0,North East England
2021-03-08 16:00:00,3,16,247.5,North East England
2021-03-08 17:00:00,3,17,252.0,North East England
2021-03-08 18:00:00,3,18,255.5,North East England
2021-03-08 19:00:00,3,19,245.0,North East England
2021-03-08 20:00:00,3,20,234.0,North East England
2021-03-08 21:00:00,3,21,209.0,North East England
2021-03-08 22:00:00,3,22,178.0,North East England
2021-03-08 23:00:00,3,23,160.5,North East England
2021-03-09 00:00:00,3,0,162.5,North East England
2021-03-09 01:00:00,3,1,165.5,North East England
2021-03-09 02:00:00,3,2,158.0,North East England
2021-03-09 03:00:00,3,3,164.5,North East England
2021-03-09 04:00:00,3,4,199.5,North East England
2021-03-09 05:00:00,3,5,245.5,North East England
2021-03-09 06:00:00,3,6,268.0,North East England
2021-03-09 07:00:00,3,7,251.5,North East England
2021-03-09 08:00:00,3,8,230.5,North East England
2021-03-09 09:00:00,3,9,224.5,North East England
2021-03-09 10:00:00,3,10,205.5,North East England
2021-03-09 11:00:00,3,11,189.0,North East England
2021-03-09 12:00:00,3,12,196.5,North East England
2021-03-09 13:00:00,3,13,205.0,North East England
2021-03-09 14:00:00,3,14,233.0,North East England
2021-03-09 15:00:00,3,15,260.0,North East England
2021-03-09 16:00:00,3,16,281.5,North East England
2021-03-09 17:00:00,3,17,302.5,North East England
2021-03-09 18:00:00,3,18,296.0,North East England
2021-03-09 19:00:00,3,19,263.0,North East England
2021-03-09 20:00:00,3,20,221.0,North East England
2021-03-09 21:00:00,3,21,195.5,North East England
2021-03-09 22:00:00,3,22,175.5,North East England
2021-03-09 23:00:00,3,23,127.0,North East England
2021-03-10 00:00:00,3,0,120.5,North East England
2021-03-10 01:00:00,3,1,114.5,North East England
2021-03-10 02:00:00,3,2,112.5,North East England
2021-03-10 03:00:00,3,3,90.5,North East England
2021-03-10 04:00:00,3,4,83.0,North East England
2021-03-10 05:00:00,3,5,81.5,North East England
2021-03-10 06:00:00,3,6,100.0,North East England
2021-03-10 07:00:00,3,7,139.5,North East England
2021-03-10 08:00:00,3,8,139.5,North East England
2021-03-10 09:00:00,3,9,145.5,North East England
2021-03-10 10:00:00,3,10,142.5,North East England
2021-03-10 11:00:00,3,11,141.5,North East England
2021-03-10 12:00:00,3,12,133.5,North East England
2021-03-10 13:00:00,3,13,129.5,North East England
2021-03-10 14:00:00,3,14,128.5,North East England
2021-03-10 15:00:00,3,15,135.0,North East England
2021-03-10 16:00:00,3,16,144.5,North East England
2021-03-10 17:00:00,3,17,151.5,North East England
2021-03-10 18:00:00,3,18,152.0,North East England
2021-03-10 19:00:00,3,19,143.5,North East England
2021-03-10 20:00:00,3,20,113.5,North East England
2021-03-10 21:00:00,3,21,90.5,North East England
2021-03-10 22:00:00,3,22,90.0,North East England
2021-03-10 23:00:00,3,23,65.0,North East England
2021-03-11 00:00:00,3,0,76.5,North East England
2021-03-11 01:00:00,3,1,72.0,North East England
2021-03-11 02:00:00,3,2,73.0,North East England
2021-03-11 03:00:00,3,3,78.0,North East England
2021-03-11 04:00:00,3,4,82.0,North East England
2021-03-11 05:00:00,3,5,85.0,North East England
2021-03-11 06:00:00,3,6,94.5,North East England
2021-03-11 07:00:00,3,7,122.5,North East England
2021-03-11 08:00:00,3,8,124.5,North East England
2021-03-11 09:00:00,3,9,108.0,North East England
2021-03-11 10:00:00,3,10,94.5,North East England
2021-03-11 11:00:00,3,11,97.0,North East England
2021-03-11 12:00:00,3,12,99.5,North East England
2021-03-11 13:00:00,3,13,93.0,North East England
2021-03-11 14:00:00,3,14,89.5,North East England
2021-03-11 15:00:00,3,15,102.0,North East England
2021-03-11 16:00:00,3,16,119.5,North East England
2021-03-11 17:00:00,3,17,132.0,North East England
2021-03-11 18:00:00,3,18,139.0,North East England
2021-03-11 19:00:00,3,19,132.0,North East England
2021-03-11 20:00:00,3,20,120.5,North East England
2021-03-11 21:00:00,3,21,97.5,North East England
2021-03-11 22:00:00,3,22,74.0,North East England
2021-03-11 23:00:00,3,23,63.5,North East England
2021-03-12 00:00:00,3,0,74.5,North East England
2021-03-12 01:00:00,3,1,73.0,North East England
2021-03-12 02:00:00,3,2,83.0,North East England
2021-03-12 03:00:00,3,3,73.5,North East England
2021-03-12 04:00:00,3,4,66.0,North East England
2021-03-12 05:00:00,3,5,65.0,North East England
2021-03-12 06:00:00,3,6,67.0,North East England
2021-03-12 07:00:00,3,7,82.0,North East England
2021-03-12 08:00:00,3,8,83.0,North East England
2021-03-12 09:00:00,3,9,89.0,North East England
2021-03-12 10:00:00,3,10,90.0,North East England
2021-03-12 11:00:00,3,11,80.0,North East England
2021-03-12 12:00:00,3,12,76.5,North East England
2021-03-12 13:00:00,3,13,75.0,North East England
2021-03-12 14:00:00,3,14,73.5,North East England
2021-03-12 15:00:00,3,15,76.5,North East England
2021-03-12 16:00:00,3,16,92.5,North East England
2021-03-12 17:00:00,3,17,113.0,North East England
2021-03-12 18:00:00,3,18,129.5,North East England
2021-03-12 19:00:00,3,19,124.0,North East England
2021-03-12 20:00:00,3,20,104.0,North East England
2021-03-12 21:00:00,3,21,79.0,North East England
2021-03-12 22:00:00,3,22,59.0,North East England
2021-03-12 23:00:00,3,23,42.5,North East England
2021-03-13 00:00:00,3,0,37.0,North East England
2021-03-13 01:00:00,3,1,40.5,North East England
2021-03-13 02:00:00,3,2,40.5,North East England
2021-03-13 03:00:00,3,3,55.0,North East England
2021-03-13 04:00:00,3,4,42.5,North East England
2021-03-13 05:00:00,3,5,51.0,North East England
2021-03-13 06:00:00,3,6,50.5,North East England
2021-03-13 07:00:00,3,7,53.0,North East England
2021-03-13 08:00:00,3,8,61.0,North East England
2021-03-13 09:00:00,3,9,67.5,North East England
2021-03-13 10:00:00,3,10,65.0,North East England
2021-03-13 11:00:00,3,11,60.0,North East England
2021-03-13 12:00:00,3,12,50.5,North East England
2021-03-13 13:00:00,3,13,50.0,North East England
2021-03-13 14:00:00,3,14,53.0,North East England
2021-03-13 15:00:00,3,15,61.0,North East England
2021-03-13 16:00:00,3,16,75.5,North East England
2021-03-13 17:00:00,3,17,110.5,North East England
2021-03-13 18:00:00,3,18,130.5,North East England
2021-03-13 19:00:00,3,19,130.5,North East England
2021-03-13 20:00:00,3,20,110.0,North East England
2021-03-13 21:00:00,3,21,89.0,North East England
2021-03-13 22:00:00,3,22,62.5,North East England
2021-03-13 23:00:00,3,23,38.0,North East England
2021-03-14 00:00:00,3,0,39.5,North East England
2021-03-14 01:00:00,3,1,42.0,North East England
2021-03-14 02:00:00,3,2,49.5,North East England
2021-03-14 03:00:00,3,3,50.0,North East England
2021-03-14 04:00:00,3,4,52.0,North East England
2021-03-14 05:00:00,3,5,63.0,North East England
2021-03-14 06:00:00,3,6,57.0,North East England
2021-03-14 07:00:00,3,7,47.5,North East England
2021-03-14 08:00:00,3,8,49.0,North East England
2021-03-14 09:00:00,3,9,56.0,North East England
2021-03-14 10:00:00,3,10,63.5,North East England
2021-03-14 11:00:00,3,11,67.0,North East England
2021-03-14 12:00:00,3,12,81.0,North East England
2021-03-14 13:00:00,3,13,97.0,North East England
2021-03-14 14:00:00,3,14,98.0,North East England
2021-03-14 15:00:00,3,15,109.0,North East England
2021-03-14 16:00:00,3,16,124.0,North East England
2021-03-14 17:00:00,3,17,141.0,North East England
2021-03-14 18:00:00,3,18,142.5,North East England
2021-03-14 19:00:00,3,19,145.5,North East England
2021-03-14 20:00:00,3,20,122.0,North East England
2021-03-14 21:00:00,3,21,92.0,North East England
2021-03-14 22:00:00,3,22,64.0,North East England
2021-03-14 23:00:00,3,23,43.5,North East England
2021-03-15 00:00:00,3,0,48.0,North East England
2021-03-15 01:00:00,3,1,55.5,North East England
2021-03-15 02:00:00,3,2,76.5,North East England
2021-03-15 03:00:00,3,3,80.0,North East England
2021-03-15 04:00:00,3,4,86.0,North East England
2021-03-15 05:00:00,3,5,103.0,North East England
2021-03-15 06:00:00,3,6,120.0,North East England
2021-03-15 07:00:00,3,7,160.5,North East England
2021-03-15 08:00:00,3,8,174.5,North East England
2021-03-15 09:00:00,3,9,173.0,North East England
2021-03-15 10:00:00,3,10,173.0,North East England
2021-03-15 11:00:00,3,11,167.5,North East England
2021-03-15 12:00:00,3,12,166.5,North East England
2021-03-15 13:00:00,3,13,165.0,North East England
2021-03-15 14:00:00,3,14,170.0,North East England
2021-03-15 15:00:00,3,15,177.5,North East England
2021-03-15 16:00:00,3,16,200.5,North East England
2021-03-15 17:00:00,3,17,224.0,North East England
2021-03-15 18:00:00,3,18,232.5,North East England
2021-03-15 19:00:00,3,19,233.5,North East England
2021-03-15 20:00:00,3,20,220.0,North East England
2021-03-15 21:00:00,3,21,209.5,North East England
2021-03-15 22:00:00,3,22,187.5,North East England
2021-03-15 23:00:00,3,23,173.0,North East England
2021-03-16 00:00:00,3,0,176.5,North East England
2021-03-16 01:00:00,3,1,175.0,North East England
2021-03-16 02:00:00,3,2,175.5,North East England
2021-03-16 03:00:00,3,3,170.5,North East England
2021-03-16 04:00:00,3,4,167.0,North East England
2021-03-16 05:00:00,3,5,201.5,North East England
2021-03-16 06:00:00,3,6,227.5,North East England
2021-03-16 07:00:00,3,7,245.0,North East England
2021-03-16 08:00:00,3,8,242.0,North East England
2021-03-16 09:00:00,3,9,221.5,North East England
2021-03-16 10:00:00,3,10,211.5,North East England
2021-03-16 11:00:00,3,11,204.0,North East England
2021-03-16 12:00:00,3,12,200.0,North East England
2021-03-16 13:00:00,3,13,179.0,North East England
2021-03-16 14:00:00,3,14,163.0,North East England
2021-03-16 15:00:00,3,15,172.5,North East England
2021-03-16 16:00:00,3,16,165.0,North East England
2021-03-16 17:00:00,3,17,148.5,North East England
2021-03-16 18:00:00,3,18,163.0,North East England
2021-03-16 19:00:00,3,19,157.0,North East England
2021-03-16 20:00:00,3,20,137.0,North East England
2021-03-16 21:00:00,3,21,100.5,North East England
2021-03-16 22:00:00,3,22,79.0,North East England
2021-03-16 23:00:00,3,23,49.0,North East England
2021-03-17 00:00:00,3,0,49.5,North East England
2021-03-17 01:00:00,3,1,48.0,North East England
2021-03-17 02:00:00,3,2,54.5,North East England
2021-03-17 03:00:00,3,3,60.0,North East England
2021-03-17 04:00:00,3,4,65.0,North East England
2021-03-17 05:00:00,3,5,76.5,North East England
2021-03-17 06:00:00,3,6,132.0,North East England
2021-03-17 07:00:00,3,7,175.0,North East England
2021-03-17 08:00:00,3,8,174.5,North East England
2021-03-17 09:00:00,3,9,181.0,North East England
2021-03-17 10:00:00,3,10,182.5,North East England
2021-03-17 11:00:00,3,11,177.5,North East England
2021-03-17 12:00:00,3,12,178.0,North East England
2021-03-17 13:00:00,3,13,168.0,North East England
2021-03-17 14:00:00,3,14,162.0,North East England
2021-03-17 15:00:00,3,15,161.0,North East England
2021-03-17 16:00:00,3,16,183.5,North East England
2021-03-17 17:00:00,3,17,215.5,North East England
2021-03-17 18:00:00,3,18,237.0,North East England
2021-03-17 19:00:00,3,19,232.0,North East England
2021-03-17 20:00:00,3,20,219.0,North East England
2021-03-17 21:00:00,3,21,214.0,North East England
2021-03-17 22:00:00,3,22,208.0,North East England
2021-03-17 23:00:00,3,23,170.5,North East England
2021-03-18 00:00:00,3,0,175.0,North East England
2021-03-18 01:00:00,3,1,165.0,North East England
2021-03-18 02:00:00,3,2,146.0,North East England
2021-03-18 03:00:00,3,3,120.0,North East England
2021-03-18 04:00:00,3,4,138.0,North East England
2021-03-18 05:00:00,3,5,176.0,North East England
2021-03-18 06:00:00,3,6,212.0,North East England
2021-03-18 07:00:00,3,7,234.5,North East England
2021-03-18 08:00:00,3,8,225.0,North East England
2021-03-18 09:00:00,3,9,202.0,North East England
2021-03-18 10:00:00,3,10,203.5,North East England
2021-03-18 11:00:00,3,11,205.5,North East England
2021-03-18 12:00:00,3,12,199.5,North East England
2021-03-18 13:00:00,3,13,235.0,North East England
2021-03-18 14:00:00,3,14,255.5,North East England
2021-03-18 15:00:00,3,15,263.0,North East England
2021-03-18 16:00:00,3,16,263.5,North East England
2021-03-18 17:00:00,3,17,254.5,North East England
2021-03-18 18:00:00,3,18,271.5,North East England
2021-03-18 19:00:00,3,19,237.5,North East England
2021-03-18 20:00:00,3,20,236.0,North East England
2021-03-18 21:00:00,3,21,200.5,North East England
2021-03-18 22:00:00,3,22,202.5,North East England
2021-03-18 23:00:00,3,23,140.0,North East England
2021-03-19 00:00:00,3,0,135.0,North East England
2021-03-19 01:00:00,3,1,123.5,North East England
2021-03-19 02:00:00,3,2,107.5,North East England
2021-03-19 03:00:00,3,3,110.0,North East England
2021-03-19 04:00:00,3,4,120.5,North East England
2021-03-19 05:00:00,3,5,152.5,North East England
2021-03-19 06:00:00,3,6,208.5,North East England
2021-03-19 07:00:00,3,7,235.5,North East England
2021-03-19 08:00:00,3,8,222.0,North East England
2021-03-19 09:00:00,3,9,213.0,North East England
2021-03-19 10:00:00,3,10,209.5,North East England
2021-03-19 11:00:00,3,11,203.5,North East England
2021-03-19 12:00:00,3,12,205.0,North East England
2021-03-19 13:00:00,3,13,208.0,North East England
2021-03-19 14:00:00,3,14,214.0,North East England
2021-03-19 15:00:00,3,15,200.0,North East England
2021-03-19 16:00:00,3,16,208.0,North East England
2021-03-19 17:00:00,3,17,214.0,North East England
2021-03-19 18:00:00,3,18,220.5,North East England
2021-03-19 19:00:00,3,19,218.0,North East England
2021-03-19 20:00:00,3,20,213.5,North East England
2021-03-19 21:00:00,3,21,201.5,North East England
2021-03-19 22:00:00,3,22,195.0,North East England
2021-03-19 23:00:00,3,23,171.7,North East England
2021-03-20 00:00:00,3,0,175.0,North East England
2021-03-20 01:00:00,3,1,173.5,North East England
2021-03-20 02:00:00,3,2,170.5,North East England
2021-03-20 03:00:00,3,3,176.0,North East England
2021-03-20 04:00:00,3,4,192.5,North East England
2021-03-20 05:00:00,3,5,208.0,North East England
2021-03-20 06:00:00,3,6,199.5,North East England
2021-03-20 07:00:00,3,7,203.5,North East England
2021-03-20 08:00:00,3,8,191.5,North East England
2021-03-20 09:00:00,3,9,195.0,North East England
2021-03-20 10:00:00,3,10,194.5,North East England
2021-03-20 11:00:00,3,11,191.5,North East England
2021-03-20 12:00:00,3,12,194.5,North East England
2021-03-20 13:00:00,3,13,198.0,North East England
2021-03-20 14:00:00,3,14,194.5,North East England
2021-03-20 15:00:00,3,15,193.0,North East England
2021-03-20 16:00:00,3,16,205.5,North East England
2021-03-20 17:00:00,3,17,216.0,North East England
2021-03-20 18:00:00,3,18,218.5,North East England
2021-03-20 19:00:00,3,19,213.0,North East England
2021-03-20 20:00:00,3,20,193.5,North East England
2021-03-20 21:00:00,3,21,171.0,North East England
2021-03-20 22:00:00,3,22,152.5,North East England
2021-03-20 23:00:00,3,23,126.0,North East England
2021-03-21 00:00:00,3,0,118.0,North East England
2021-03-21 01:00:00,3,1,110.5,North East England
2021-03-21 02:00:00,3,2,104.0,North East England
2021-03-21 03:00:00,3,3,101.5,North East England
2021-03-21 04:00:00,3,4,96.0,North East England
2021-03-21 05:00:00,3,5,95.0,North East England
2021-03-21 06:00:00,3,6,99.5,North East England
2021-03-21 07:00:00,3,7,99.0,North East England
2021-03-21 08:00:00,3,8,111.0,North East England
2021-03-21 09:00:00,3,9,118.0,North East England
2021-03-21 10:00:00,3,10,120.0,North East England
2021-03-21 11:00:00,3,11,129.0,North East England
2021-03-21 12:00:00,3,12,150.0,North East England
2021-03-21 13:00:00,3,13,155.0,North East England
2021-03-21 14:00:00,3,14,161.5,North East England
2021-03-21 15:00:00,3,15,180.0,North East England
2021-03-21 16:00:00,3,16,193.0,North East England
2021-03-21 17:00:00,3,17,208.5,North East England
2021-03-21 18:00:00,3,18,221.0,North East England
2021-03-21 19:00:00,3,19,223.5,North East England
2021-03-21 20:00:00,3,20,219.5,North East England
2021-03-21 21:00:00,3,21,208.5,North East England
2021-03-21 22:00:00,3,22,191.5,North East England
2021-03-21 23:00:00,3,23,173.0,North East England
2021-03-22 00:00:00,3,0,167.0,North East England
2021-03-22 01:00:00,3,1,165.0,North East England
2021-03-22 02:00:00,3,2,151.0,North East England
2021-03-22 03:00:00,3,3,150.0,North East England
2021-03-22 04:00:00,3,4,159.5,North East England
2021-03-22 05:00:00,3,5,194.0,North East England
2021-03-22 06:00:00,3,6,210.0,North East England
2021-03-22 07:00:00,3,7,240.0,North East England
2021-03-22 08:00:00,3,8,221.5,North East England
2021-03-22 09:00:00,3,9,228.5,North East England
2021-03-22 10:00:00,3,10,227.5,North East England
2021-03-22 11:00:00,3,11,215.0,North East England
2021-03-22 12:00:00,3,12,208.0,North East England
2021-03-22 13:00:00,3,13,211.5,North East England
2021-03-22 14:00:00,3,14,227.5,North East England
2021-03-22 15:00:00,3,15,225.5,North East England
2021-03-22 16:00:00,3,16,244.0,North East England
2021-03-22 17:00:00,3,17,244.0,North East England
2021-03-22 18:00:00,3,18,252.5,North East England
2021-03-22 19:00:00,3,19,250.0,North East England
2021-03-22 20:00:00,3,20,238.5,North East England
2021-03-22 21:00:00,3,21,221.0,North East England
2021-03-22 22:00:00,3,22,207.5,North East England
2021-03-22 23:00:00,3,23,190.0,North East England
2021-03-23 00:00:00,3,0,180.5,North East England
2021-03-23 01:00:00,3,1,179.5,North East England
2021-03-23 02:00:00,3,2,179.0,North East England
2021-03-23 03:00:00,3,3,182.5,North East England
2021-03-23 04:00:00,3,4,239.0,North East England
2021-03-23 05:00:00,3,5,266.5,North East England
2021-03-23 06:00:00,3,6,273.0,North East England
2021-03-23 07:00:00,3,7,227.0,North East England
2021-03-23 08:00:00,3,8,206.0,North East England
2021-03-23 09:00:00,3,9,195.5,North East England
2021-03-23 10:00:00,3,10,212.5,North East England
2021-03-23 11:00:00,3,11,149.0,North East England
2021-03-23 12:00:00,3,12,142.5,North East England
2021-03-23 13:00:00,3,13,139.5,North East England
2021-03-23 14:00:00,3,14,156.0,North East England
2021-03-23 15:00:00,3,15,164.0,North East England
2021-03-23 16:00:00,3,16,182.5,North East England
2021-03-23 17:00:00,3,17,200.0,North East England
2021-03-23 18:00:00,3,18,182.5,North East England
2021-03-23 19:00:00,3,19,171.5,North East England
2021-03-23 20:00:00,3,20,160.0,North East England
2021-03-23 21:00:00,3,21,152.0,North East England
2021-03-23 22:00:00,3,22,145.5,North East England
2021-03-23 23:00:00,3,23,133.0,North East England
2021-03-24 00:00:00,3,0,121.0,North East England
2021-03-24 01:00:00,3,1,131.0,North East England
2021-03-24 02:00:00,3,2,129.0,North East England
2021-03-24 03:00:00,3,3,148.5,North East England
2021-03-24 04:00:00,3,4,153.0,North East England
2021-03-24 05:00:00,3,5,182.0,North East England
2021-03-24 06:00:00,3,6,205.0,North East England
2021-03-24 07:00:00,3,7,185.5,North East England
2021-03-24 08:00:00,3,8,166.5,North East England
2021-03-24 09:00:00,3,9,158.0,North East England
2021-03-24 10:00:00,3,10,153.5,North East England
2021-03-24 11:00:00,3,11,145.5,North East England
2021-03-24 12:00:00,3,12,149.0,North East England
2021-03-24 13:00:00,3,13,143.5,North East England
2021-03-24 14:00:00,3,14,166.5,North East England
2021-03-24 15:00:00,3,15,185.0,North East England
2021-03-24 16:00:00,3,16,199.0,North East England
2021-03-24 17:00:00,3,17,205.0,North East England
2021-03-24 18:00:00,3,18,211.5,North East England
2021-03-24 19:00:00,3,19,209.0,North East England
2021-03-24 20:00:00,3,20,213.5,North East England
2021-03-24 21:00:00,3,21,213.0,North East England
2021-03-24 22:00:00,3,22,175.0,North East England
2021-03-24 23:00:00,3,23,137.5,North East England
2021-03-25 00:00:00,3,0,128.5,North East England
2021-03-25 01:00:00,3,1,125.0,North East England
2021-03-25 02:00:00,3,2,128.5,North East England
2021-03-25 03:00:00,3,3,134.5,North East England
2021-03-25 04:00:00,3,4,142.5,North East England
2021-03-25 05:00:00,3,5,151.0,North East England
2021-03-25 06:00:00,3,6,158.0,North East England
2021-03-25 07:00:00,3,7,172.0,North East England
2021-03-25 08:00:00,3,8,156.0,North East England
2021-03-25 09:00:00,3,9,144.5,North East England
2021-03-25 10:00:00,3,10,135.5,North East England
2021-03-25 11:00:00,3,11,120.5,North East England
2021-03-25 12:00:00,3,12,114.5,North East England
2021-03-25 13:00:00,3,13,106.5,North East England
2021-03-25 14:00:00,3,14,103.0,North East England
2021-03-25 15:00:00,3,15,113.0,North East England
2021-03-25 16:00:00,3,16,137.5,North East England
2021-03-25 17:00:00,3,17,130.5,North East England
2021-03-25 18:00:00,3,18,130.5,North East England
2021-03-25 19:00:00,3,19,126.5,North East England
2021-03-25 20:00:00,3,20,118.5,North East England
2021-03-25 21:00:00,3,21,105.0,North East England
2021-03-25 22:00:00,3,22,86.5,North East England
2021-03-25 23:00:00,3,23,76.5,North East England
2021-03-26 00:00:00,3,0,74.5,North East England
2021-03-26 01:00:00,3,1,75.0,North East England
2021-03-26 02:00:00,3,2,71.5,North East England
2021-03-26 03:00:00,3,3,68.5,North East England
2021-03-26 04:00:00,3,4,60.5,North East England
2021-03-26 05:00:00,3,5,69.0,North East England
2021-03-26 06:00:00,3,6,87.5,North East England
2021-03-26 07:00:00,3,7,88.5,North East England
2021-03-26 08:00:00,3,8,84.0,North East England
2021-03-26 09:00:00,3,9,82.5,North East England
2021-03-26 10:00:00,3,10,83.5,North East England
2021-03-26 11:00:00,3,11,79.0,North East England
2021-03-26 12:00:00,3,12,74.5,North East England
2021-03-26 13:00:00,3,13,78.0,North East England
2021-03-26 14:00:00,3,14,89.0,North East England
2021-03-26 15:00:00,3,15,101.0,North East England
2021-03-26 16:00:00,3,16,125.0,North East England
2021-03-26 17:00:00,3,17,132.5,North East England
2021-03-26 18:00:00,3,18,135.0,North East England
2021-03-26 19:00:00,3,19,133.0,North East England
2021-03-26 20:00:00,3,20,111.5,North East England
2021-03-26 21:00:00,3,21,97.0,North East England
2021-03-26 22:00:00,3,22,68.0,North East England
2021-03-26 23:00:00,3,23,48.0,North East England
2021-03-27 00:00:00,3,0,54.0,North East England
2021-03-27 01:00:00,3,1,58.0,North East England
2021-03-27 02:00:00,3,2,67.5,North East England
2021-03-27 03:00:00,3,3,80.0,North East England
2021-03-27 04:00:00,3,4,89.0,North East England
2021-03-27 05:00:00,3,5,87.5,North East England
2021-03-27 06:00:00,3,6,77.5,North East England
2021-03-27 07:00:00,3,7,58.5,North East England
2021-03-27 08:00:00,3,8,54.0,North East England
2021-03-27 09:00:00,3,9,48.0,North East England
2021-03-27 10:00:00,3,10,47.5,North East England
2021-03-27 11:00:00,3,11,62.5,North East England
2021-03-27 12:00:00,3,12,66.0,North East England
2021-03-27 13:00:00,3,13,81.5,North East England
2021-03-27 14:00:00,3,14,85.0,North East England
2021-03-27 15:00:00,3,15,96.0,North East England
2021-03-27 16:00:00,3,16,112.0,North East England
2021-03-27 17:00:00,3,17,130.0,North East England
2021-03-27 18:00:00,3,18,128.0,North East England
2021-03-27 19:00:00,3,19,126.0,North East England
2021-03-27 20:00:00,3,20,129.0,North East England
2021-03-27 21:00:00,3,21,105.0,North East England
2021-03-27 22:00:00,3,22,99.0,North East England
2021-03-27 23:00:00,3,23,91.5,North East England
2021-03-28 00:00:00,3,0,94.5,North East England
2021-03-28 01:00:00,3,1,101.5,North East England
2021-03-28 02:00:00,3,2,85.5,North East England
2021-03-28 03:00:00,3,3,86.0,North East England
2021-03-28 04:00:00,3,4,73.5,North East England
2021-03-28 05:00:00,3,5,68.0,North East England
2021-03-28 06:00:00,3,6,59.0,North East England
2021-03-28 07:00:00,3,7,61.0,North East England
2021-03-28 08:00:00,3,8,61.0,North East England
2021-03-28 09:00:00,3,9,62.0,North East England
2021-03-28 10:00:00,3,10,56.5,North East England
2021-03-28 11:00:00,3,11,60.5,North East England
2021-03-28 12:00:00,3,12,56.0,North East England
2021-03-28 13:00:00,3,13,58.5,North East England
2021-03-28 14:00:00,3,14,74.5,North East England
2021-03-28 15:00:00,3,15,88.0,North East England
2021-03-28 16:00:00,3,16,88.0,North East England
2021-03-28 17:00:00,3,17,85.0,North East England
2021-03-28 18:00:00,3,18,90.5,North East England
2021-03-28 19:00:00,3,19,91.5,North East England
2021-03-28 20:00:00,3,20,88.5,North East England
2021-03-28 21:00:00,3,21,89.5,North East England
2021-03-28 22:00:00,3,22,81.5,North East England
2021-03-28 23:00:00,3,23,81.5,North East England
2021-03-29 00:00:00,3,0,84.0,North East England
2021-03-29 01:00:00,3,1,89.5,North East England
2021-03-29 02:00:00,3,2,84.0,North East England
2021-03-29 03:00:00,3,3,85.0,North East England
2021-03-29 04:00:00,3,4,96.5,North East England
2021-03-29 05:00:00,3,5,127.5,North East England
2021-03-29 06:00:00,3,6,118.5,North East England
2021-03-29 07:00:00,3,7,104.5,North East England
2021-03-29 08:00:00,3,8,99.5,North East England
2021-03-29 09:00:00,3,9,82.5,North East England
2021-03-29 10:00:00,3,10,65.0,North East England
2021-03-29 11:00:00,3,11,58.5,North East England
2021-03-29 12:00:00,3,12,60.0,North East England
2021-03-29 13:00:00,3,13,60.0,North East England
2021-03-29 14:00:00,3,14,64.5,North East England
2021-03-29 15:00:00,3,15,72.0,North East England
2021-03-29 16:00:00,3,16,93.5,North East England
2021-03-29 17:00:00,3,17,116.0,North East England
2021-03-29 18:00:00,3,18,119.0,North East England
2021-03-29 19:00:00,3,19,120.5,North East England
2021-03-29 20:00:00,3,20,109.5,North East England
2021-03-29 21:00:00,3,21,120.5,North East England
2021-03-29 22:00:00,3,22,139.5,North East England
2021-03-29 23:00:00,3,23,150.0,North East England
2021-03-30 00:00:00,3,0,154.5,North East England
2021-03-30 01:00:00,3,1,147.5,North East England
2021-03-30 02:00:00,3,2,134.5,North East England
2021-03-30 03:00:00,3,3,160.0,North East England
2021-03-30 04:00:00,3,4,144.0,North East England
2021-03-30 05:00:00,3,5,168.5,North East England
2021-03-30 06:00:00,3,6,180.5,North East England
2021-03-30 07:00:00,3,7,173.5,North East England
2021-03-30 08:00:00,3,8,161.0,North East England
2021-03-30 09:00:00,3,9,141.0,North East England
2021-03-30 10:00:00,3,10,123.0,North East England
2021-03-30 11:00:00,3,11,107.0,North East England
2021-03-30 12:00:00,3,12,109.0,North East England
2021-03-30 13:00:00,3,13,106.0,North East England
2021-03-30 14:00:00,3,14,122.5,North East England
2021-03-30 15:00:00,3,15,157.5,North East England
2021-03-30 16:00:00,3,16,189.5,North East England
2021-03-30 17:00:00,3,17,206.0,North East England
2021-03-30 18:00:00,3,18,219.0,North East England
2021-03-30 19:00:00,3,19,223.5,North East England
2021-03-30 20:00:00,3,20,208.5,North East England
2021-03-30 21:00:00,3,21,190.0,North East England
2021-03-30 22:00:00,3,22,162.0,North East England
2021-03-30 23:00:00,3,23,153.0,North East England
2021-03-31 00:00:00,3,0,157.0,North East England
2021-03-31 01:00:00,3,1,154.0,North East England
2021-03-31 02:00:00,3,2,156.5,North East England
2021-03-31 03:00:00,3,3,164.0,North East England
2021-03-31 04:00:00,3,4,182.0,North East England
2021-03-31 05:00:00,3,5,227.5,North East England
2021-03-31 06:00:00,3,6,204.5,North East England
2021-03-31 07:00:00,3,7,198.5,North East England
2021-03-31 08:00:00,3,8,191.0,North East England
2021-03-31 09:00:00,3,9,179.0,North East England
2021-03-31 10:00:00,3,10,167.0,North East England
2021-03-31 11:00:00,3,11,169.5,North East England
2021-03-31 12:00:00,3,12,177.5,North East England
2021-03-31 13:00:00,3,13,184.0,North East England
2021-03-31 14:00:00,3,14,185.5,North East England
2021-03-31 15:00:00,3,15,196.0,North East England
2021-03-31 16:00:00,3,16,211.0,North East England
2021-03-31 17:00:00,3,17,215.5,North East England
2021-03-31 18:00:00,3,18,229.0,North East England
2021-03-31 19:00:00,3,19,223.0,North East England
2021-03-31 20:00:00,3,20,215.0,North East England
2021-03-31 21:00:00,3,21,172.0,North East England
2021-03-31 22:00:00,3,22,141.0,North East England
2021-03-31 23:00:00,3,23,135.0,North East England
2021-04-01 00:00:00,4,0,134.0,North East England
2021-04-01 01:00:00,4,1,136.5,North East England
2021-04-01 02:00:00,4,2,127.5,North East England
2021-04-01 03:00:00,4,3,100.5,North East England
2021-04-01 04:00:00,4,4,104.5,North East England
2021-04-01 05:00:00,4,5,120.5,North East England
2021-04-01 06:00:00,4,6,132.0,North East England
2021-04-01 07:00:00,4,7,136.5,North East England
2021-04-01 08:00:00,4,8,122.5,North East England
2021-04-01 09:00:00,4,9,122.5,North East England
2021-04-01 10:00:00,4,10,118.5,North East England
2021-04-01 11:00:00,4,11,117.0,North East England
2021-04-01 12:00:00,4,12,115.5,North East England
2021-04-01 13:00:00,4,13,120.5,North East England
2021-04-01 14:00:00,4,14,126.0,North East England
2021-04-01 15:00:00,4,15,145.5,North East England
2021-04-01 16:00:00,4,16,160.5,North East England
2021-04-01 17:00:00,4,17,158.0,North East England
2021-04-01 18:00:00,4,18,150.5,North East England
2021-04-01 19:00:00,4,19,146.5,North East England
2021-04-01 20:00:00,4,20,126.5,North East England
2021-04-01 21:00:00,4,21,104.5,North East England
2021-04-01 22:00:00,4,22,95.0,North East England
2021-04-01 23:00:00,4,23,89.7,North East England
2021-04-02 00:00:00,4,0,86.5,North East England
2021-04-02 01:00:00,4,1,87.5,North East England
2021-04-02 02:00:00,4,2,82.5,North East England
2021-04-02 03:00:00,4,3,84.0,North East England
2021-04-02 04:00:00,4,4,93.0,North East England
2021-04-02 05:00:00,4,5,103.5,North East England
2021-04-02 06:00:00,4,6,124.5,North East England
2021-04-02 07:00:00,4,7,130.5,North East England
2021-04-02 08:00:00,4,8,133.0,North East England
2021-04-02 09:00:00,4,9,125.5,North East England
2021-04-02 10:00:00,4,10,110.5,North East England
2021-04-02 11:00:00,4,11,99.5,North East England
2021-04-02 12:00:00,4,12,87.0,North East England
2021-04-02 13:00:00,4,13,79.0,North East England
2021-04-02 14:00:00,4,14,74.5,North East England
2021-04-02 15:00:00,4,15,89.5,North East England
2021-04-02 16:00:00,4,16,115.5,North East England
2021-04-02 17:00:00,4,17,132.5,North East England
2021-04-02 18:00:00,4,18,140.0,North East England
2021-04-02 19:00:00,4,19,135.5,North East England
2021-04-02 20:00:00,4,20,118.0,North East England
2021-04-02 21:00:00,4,21,93.0,North East England
2021-04-02 22:00:00,4,22,67.0,North East England
2021-04-02 23:00:00,4,23,58.0,North East England
2021-04-03 00:00:00,4,0,59.0,North East England
2021-04-03 01:00:00,4,1,58.5,North East England
2021-04-03 02:00:00,4,2,58.0,North East England
2021-04-03 03:00:00,4,3,59.5,North East England
2021-04-03 04:00:00,4,4,57.0,North East England
2021-04-03 05:00:00,4,5,69.0,North East England
2021-04-03 06:00:00,4,6,79.5,North East England
2021-04-03 07:00:00,4,7,90.5,North East England
2021-04-03 08:00:00,4,8,92.5,North East England
2021-04-03 09:00:00,4,9,93.5,North East England
2021-04-03 10:00:00,4,10,99.0,North East England
2021-04-03 11:00:00,4,11,111.0,North East England
2021-04-03 12:00:00,4,12,115.5,North East England
2021-04-03 13:00:00,4,13,112.5,North East England
2021-04-03 14:00:00,4,14,110.0,North East England
2021-04-03 15:00:00,4,15,124.0,North East England
2021-04-03 16:00:00,4,16,139.5,North East England
2021-04-03 17:00:00,4,17,151.0,North East England
2021-04-03 18:00:00,4,18,153.5,North East England
2021-04-03 19:00:00,4,19,150.0,North East England
2021-04-03 20:00:00,4,20,150.0,North East England
2021-04-03 21:00:00,4,21,145.5,North East England
2021-04-03 22:00:00,4,22,135.0,North East England
2021-04-03 23:00:00,4,23,137.0,North East England
2021-04-04 00:00:00,4,0,138.5,North East England
2021-04-04 01:00:00,4,1,139.0,North East England
2021-04-04 02:00:00,4,2,139.0,North East England
2021-04-04 03:00:00,4,3,137.5,North East England
2021-04-04 04:00:00,4,4,140.0,North East England
2021-04-04 05:00:00,4,5,143.0,North East England
2021-04-04 06:00:00,4,6,144.5,North East England
2021-04-04 07:00:00,4,7,138.5,North East England
2021-04-04 08:00:00,4,8,131.5,North East England
2021-04-04 09:00:00,4,9,126.5,North East England
2021-04-04 10:00:00,4,10,103.0,North East England
2021-04-04 11:00:00,4,11,88.5,North East England
2021-04-04 12:00:00,4,12,73.5,North East England
2021-04-04 13:00:00,4,13,59.5,North East England
2021-04-04 14:00:00,4,14,59.0,North East England
2021-04-04 15:00:00,4,15,79.5,North East England
2021-04-04 16:00:00,4,16,90.0,North East England
2021-04-04 17:00:00,4,17,95.0,North East England
2021-04-04 18:00:00,4,18,102.0,North East England
2021-04-04 19:00:00,4,19,100.0,North East England
2021-04-04 20:00:00,4,20,91.5,North East England
2021-04-04 21:00:00,4,21,94.0,North East England
2021-04-04 22:00:00,4,22,69.5,North East England
2021-04-04 23:00:00,4,23,62.5,North East England
2021-04-05 00:00:00,4,0,74.0,North East England
2021-04-05 01:00:00,4,1,73.5,North East England
2021-04-05 02:00:00,4,2,58.5,North East England
2021-04-05 03:00:00,4,3,58.5,North East England
2021-04-05 04:00:00,4,4,58.0,North East England
2021-04-05 05:00:00,4,5,61.5,North East England
2021-04-05 06:00:00,4,6,76.5,North East England
2021-04-05 07:00:00,4,7,68.5,North East England
2021-04-05 08:00:00,4,8,51.5,North East England
2021-04-05 09:00:00,4,9,49.0,North East England
2021-04-05 10:00:00,4,10,41.0,North East England
2021-04-05 11:00:00,4,11,38.0,North East England
2021-04-05 12:00:00,4,12,34.5,North East England
2021-04-05 13:00:00,4,13,34.5,North East England
2021-04-05 14:00:00,4,14,34.5,North East England
2021-04-05 15:00:00,4,15,50.5,North East England
2021-04-05 16:00:00,4,16,69.5,North East England
2021-04-05 17:00:00,4,17,82.5,North East England
2021-04-05 18:00:00,4,18,96.0,North East England
2021-04-05 19:00:00,4,19,97.5,North East England
2021-04-05 20:00:00,4,20,100.0,North East England
2021-04-05 21:00:00,4,21,86.0,North East England
2021-04-05 22:00:00,4,22,76.0,North East England
2021-04-05 23:00:00,4,23,59.5,North East England
2021-04-06 00:00:00,4,0,59.5,North East England
2021-04-06 01:00:00,4,1,57.5,North East England
2021-04-06 02:00:00,4,2,58.5,North East England
2021-04-06 03:00:00,4,3,69.0,North East England
2021-04-06 04:00:00,4,4,73.5,North East England
2021-04-06 05:00:00,4,5,84.0,North East England
2021-04-06 06:00:00,4,6,104.5,North East England
2021-04-06 07:00:00,4,7,102.5,North East England
2021-04-06 08:00:00,4,8,97.5,North East England
2021-04-06 09:00:00,4,9,97.0,North East England
2021-04-06 10:00:00,4,10,85.5,North East England
2021-04-06 11:00:00,4,11,81.5,North East England
2021-04-06 12:00:00,4,12,90.5,North East England
2021-04-06 13:00:00,4,13,105.0,North East England
2021-04-06 14:00:00,4,14,86.5,North East England
2021-04-06 15:00:00,4,15,101.0,North East England
2021-04-06 16:00:00,4,16,126.5,North East England
2021-04-06 17:00:00,4,17,148.5,North East England
2021-04-06 18:00:00,4,18,159.5,North East England
2021-04-06 19:00:00,4,19,135.0,North East England
2021-04-06 20:00:00,4,20,130.0,North East England
2021-04-06 21:00:00,4,21,124.0,North East England
2021-04-06 22:00:00,4,22,106.0,North East England
2021-04-06 23:00:00,4,23,91.5,North East England
2021-04-07 00:00:00,4,0,84.5,North East England
2021-04-07 01:00:00,4,1,85.0,North East England
2021-04-07 02:00:00,4,2,82.0,North East England
2021-04-07 03:00:00,4,3,97.5,North East England
2021-04-07 04:00:00,4,4,119.0,North East England
2021-04-07 05:00:00,4,5,159.5,North East England
2021-04-07 06:00:00,4,6,173.5,North East England
2021-04-07 07:00:00,4,7,163.0,North East England
2021-04-07 08:00:00,4,8,142.5,North East England
2021-04-07 09:00:00,4,9,142.5,North East England
2021-04-07 10:00:00,4,10,148.0,North East England
2021-04-07 11:00:00,4,11,160.5,North East England
2021-04-07 12:00:00,4,12,160.0,North East England
2021-04-07 13:00:00,4,13,166.0,North East England
2021-04-07 14:00:00,4,14,183.0,North East England
2021-04-07 15:00:00,4,15,206.0,North East England
2021-04-07 16:00:00,4,16,214.5,North East England
2021-04-07 17:00:00,4,17,223.0,North East England
2021-04-07 18:00:00,4,18,232.0,North East England
2021-04-07 19:00:00,4,19,251.5,North East England
2021-04-07 20:00:00,4,20,257.5,North East England
2021-04-07 21:00:00,4,21,279.0,North East England
2021-04-07 22:00:00,4,22,278.0,North East England
2021-04-07 23:00:00,4,23,274.5,North East England
2021-04-08 00:00:00,4,0,268.0,North East England
2021-04-08 01:00:00,4,1,271.5,North East England
2021-04-08 02:00:00,4,2,270.0,North East England
2021-04-08 03:00:00,4,3,261.5,North East England
2021-04-08 04:00:00,4,4,253.5,North East England
2021-04-08 05:00:00,4,5,257.5,North East England
2021-04-08 06:00:00,4,6,261.5,North East England
2021-04-08 07:00:00,4,7,242.5,North East England
2021-04-08 08:00:00,4,8,219.0,North East England
2021-04-08 09:00:00,4,9,188.5,North East England
2021-04-08 10:00:00,4,10,157.0,North East England
2021-04-08 11:00:00,4,11,152.0,North East England
2021-04-08 12:00:00,4,12,153.5,North East England
2021-04-08 13:00:00,4,13,167.0,North East England
2021-04-08 14:00:00,4,14,175.5,North East England
2021-04-08 15:00:00,4,15,164.5,North East England
2021-04-08 16:00:00,4,16,173.5,North East England
2021-04-08 17:00:00,4,17,182.0,North East England
2021-04-08 18:00:00,4,18,183.0,North East England
2021-04-08 19:00:00,4,19,188.0,North East England
2021-04-08 20:00:00,4,20,171.0,North East England
2021-04-08 21:00:00,4,21,158.5,North East England
2021-04-08 22:00:00,4,22,119.5,North East England
2021-04-08 23:00:00,4,23,122.5,North East England
2021-04-09 00:00:00,4,0,131.5,North East England
2021-04-09 01:00:00,4,1,143.0,North East England
2021-04-09 02:00:00,4,2,134.0,North East England
2021-04-09 03:00:00,4,3,137.5,North East England
2021-04-09 04:00:00,4,4,128.5,North East England
2021-04-09 05:00:00,4,5,171.5,North East England
2021-04-09 06:00:00,4,6,204.0,North East England
2021-04-09 07:00:00,4,7,186.5,North East England
2021-04-09 08:00:00,4,8,175.5,North East England
2021-04-09 09:00:00,4,9,176.5,North East England
2021-04-09 10:00:00,4,10,182.0,North East England
2021-04-09 11:00:00,4,11,184.0,North East England
2021-04-09 12:00:00,4,12,189.5,North East England
2021-04-09 13:00:00,4,13,195.0,North East England
2021-04-09 14:00:00,4,14,206.0,North East England
2021-04-09 15:00:00,4,15,211.0,North East England
2021-04-09 16:00:00,4,16,216.5,North East England
2021-04-09 17:00:00,4,17,227.0,North East England
2021-04-09 18:00:00,4,18,241.5,North East England
2021-04-09 19:00:00,4,19,226.5,North East England
2021-04-09 20:00:00,4,20,219.0,North East England
2021-04-09 21:00:00,4,21,216.5,North East England
2021-04-09 22:00:00,4,22,190.5,North East England
2021-04-09 23:00:00,4,23,203.0,North East England
2021-04-10 00:00:00,4,0,190.5,North East England
2021-04-10 01:00:00,4,1,190.5,North East England
2021-04-10 02:00:00,4,2,190.5,North East England
2021-04-10 03:00:00,4,3,190.0,North East England
2021-04-10 04:00:00,4,4,181.5,North East England
2021-04-10 05:00:00,4,5,181.0,North East England
2021-04-10 06:00:00,4,6,186.0,North East England
2021-04-10 07:00:00,4,7,186.5,North East England
2021-04-10 08:00:00,4,8,187.0,North East England
2021-04-10 09:00:00,4,9,177.5,North East England
2021-04-10 10:00:00,4,10,180.5,North East England
2021-04-10 11:00:00,4,11,183.0,North East England
2021-04-10 12:00:00,4,12,176.0,North East England
2021-04-10 13:00:00,4,13,164.5,North East England
2021-04-10 14:00:00,4,14,161.0,North East England
2021-04-10 15:00:00,4,15,166.5,North East England
2021-04-10 16:00:00,4,16,167.5,North East England
2021-04-10 17:00:00,4,17,164.5,North East England
2021-04-10 18:00:00,4,18,169.0,North East England
2021-04-10 19:00:00,4,19,162.0,North East England
2021-04-10 20:00:00,4,20,165.5,North East England
2021-04-10 21:00:00,4,21,151.0,North East England
2021-04-10 22:00:00,4,22,127.0,North East England
2021-04-10 23:00:00,4,23,113.0,North East England
2021-04-11 00:00:00,4,0,118.0,North East England
2021-04-11 01:00:00,4,1,118.5,North East England
2021-04-11 02:00:00,4,2,115.5,North East England
2021-04-11 03:00:00,4,3,107.0,North East England
2021-04-11 04:00:00,4,4,91.5,North East England
2021-04-11 05:00:00,4,5,93.0,North East England
2021-04-11 06:00:00,4,6,103.0,North East England
2021-04-11 07:00:00,4,7,116.0,North East England
2021-04-11 08:00:00,4,8,134.0,North East England
2021-04-11 09:00:00,4,9,141.0,North East England
2021-04-11 10:00:00,4,10,150.0,North East England
2021-04-11 11:00:00,4,11,163.0,North East England
2021-04-11 12:00:00,4,12,167.0,North East England
2021-04-11 13:00:00,4,13,167.5,North East England
2021-04-11 14:00:00,4,14,168.5,North East England
2021-04-11 15:00:00,4,15,185.5,North East England
2021-04-11 16:00:00,4,16,200.5,North East England
2021-04-11 17:00:00,4,17,208.5,North East England
2021-04-11 18:00:00,4,18,213.0,North East England
2021-04-11 19:00:00,4,19,209.0,North East England
2021-04-11 20:00:00,4,20,202.0,North East England
2021-04-11 21:00:00,4,21,182.5,North East England
2021-04-11 22:00:00,4,22,162.5,North East England
2021-04-11 23:00:00,4,23,152.0,North East England
2021-04-12 00:00:00,4,0,158.5,North East England
2021-04-12 01:00:00,4,1,157.5,North East England
2021-04-12 02:00:00,4,2,164.5,North East England
2021-04-12 03:00:00,4,3,212.0,North East England
2021-04-12 04:00:00,4,4,262.0,North East England
2021-04-12 05:00:00,4,5,296.0,North East England
2021-04-12 06:00:00,4,6,288.0,North East England
2021-04-12 07:00:00,4,7,255.0,North East England
2021-04-12 08:00:00,4,8,224.5,North East England
2021-04-12 09:00:00,4,9,216.0,North East England
2021-04-12 10:00:00,4,10,213.0,North East England
2021-04-12 11:00:00,4,11,211.5,North East England
2021-04-12 12:00:00,4,12,207.0,North East England
2021-04-12 13:00:00,4,13,221.5,North East England
2021-04-12 14:00:00,4,14,218.0,North East England
2021-04-12 15:00:00,4,15,220.5,North East England
2021-04-12 16:00:00,4,16,222.5,North East England
2021-04-12 17:00:00,4,17,235.5,North East England
2021-04-12 18:00:00,4,18,248.0,North East England
2021-04-12 19:00:00,4,19,254.5,North East England
2021-04-12 20:00:00,4,20,248.5,North East England
2021-04-12 21:00:00,4,21,242.5,North East England
2021-04-12 22:00:00,4,22,255.5,North East England
2021-04-12 23:00:00,4,23,262.0,North East England
2021-04-13 00:00:00,4,0,256.0,North East England
2021-04-13 01:00:00,4,1,235.5,North East England
2021-04-13 02:00:00,4,2,246.5,North East England
2021-04-13 03:00:00,4,3,292.0,North East England
2021-04-13 04:00:00,4,4,326.5,North East England
2021-04-13 05:00:00,4,5,310.0,North East England
2021-04-13 06:00:00,4,6,283.5,North East England
2021-04-13 07:00:00,4,7,252.0,North East England
2021-04-13 08:00:00,4,8,228.5,North East England
2021-04-13 09:00:00,4,9,215.5,North East England
2021-04-13 10:00:00,4,10,217.0,North East England
2021-04-13 11:00:00,4,11,217.0,North East England
2021-04-13 12:00:00,4,12,219.5,North East England
2021-04-13 13:00:00,4,13,221.5,North East England
2021-04-13 14:00:00,4,14,224.5,North East England
2021-04-13 15:00:00,4,15,224.5,North East England
2021-04-13 16:00:00,4,16,228.0,North East England
2021-04-13 17:00:00,4,17,241.5,North East England
2021-04-13 18:00:00,4,18,251.5,North East England
2021-04-13 19:00:00,4,19,254.0,North East England
2021-04-13 20:00:00,4,20,256.5,North East England
2021-04-13 21:00:00,4,21,300.0,North East England
2021-04-13 22:00:00,4,22,322.0,North East England
2021-04-13 23:00:00,4,23,310.5,North East England
2021-04-14 00:00:00,4,0,302.5,North East England
2021-04-14 01:00:00,4,1,307.5,North East England
2021-04-14 02:00:00,4,2,302.5,North East England
2021-04-14 03:00:00,4,3,309.0,North East England
2021-04-14 04:00:00,4,4,334.0,North East England
2021-04-14 05:00:00,4,5,328.0,North East England
2021-04-14 06:00:00,4,6,297.0,North East England
2021-04-14 07:00:00,4,7,238.5,North East England
2021-04-14 08:00:00,4,8,227.5,North East England
2021-04-14 09:00:00,4,9,215.0,North East England
2021-04-14 10:00:00,4,10,212.0,North East England
2021-04-14 11:00:00,4,11,217.5,North East England
2021-04-14 12:00:00,4,12,218.5,North East England
2021-04-14 13:00:00,4,13,220.0,North East England
2021-04-14 14:00:00,4,14,222.5,North East England
2021-04-14 15:00:00,4,15,224.0,North East England
2021-04-14 16:00:00,4,16,227.5,North East England
2021-04-14 17:00:00,4,17,235.0,North East England
2021-04-14 18:00:00,4,18,239.5,North East England
2021-04-14 19:00:00,4,19,240.0,North East England
2021-04-14 20:00:00,4,20,240.5,North East England
2021-04-14 21:00:00,4,21,232.0,North East England
2021-04-14 22:00:00,4,22,251.5,North East England
2021-04-14 23:00:00,4,23,249.0,North East England
2021-04-15 00:00:00,4,0,259.0,North East England
2021-04-15 01:00:00,4,1,245.0,North East England
2021-04-15 02:00:00,4,2,245.0,North East England
2021-04-15 03:00:00,4,3,277.5,North East England
2021-04-15 04:00:00,4,4,292.0,North East England
2021-04-15 05:00:00,4,5,298.5,North East England
2021-04-15 06:00:00,4,6,288.0,North East England
2021-04-15 07:00:00,4,7,237.5,North East England
2021-04-15 08:00:00,4,8,214.5,North East England
2021-04-15 09:00:00,4,9,208.0,North East England
2021-04-15 10:00:00,4,10,207.0,North East England
2021-04-15 11:00:00,4,11,203.5,North East England
2021-04-15 12:00:00,4,12,205.0,North East England
2021-04-15 13:00:00,4,13,210.5,North East England
2021-04-15 14:00:00,4,14,216.0,North East England
2021-04-15 15:00:00,4,15,227.0,North East England
2021-04-15 16:00:00,4,16,236.5,North East England
2021-04-15 17:00:00,4,17,241.0,North East England
2021-04-15 18:00:00,4,18,241.5,North East England
2021-04-15 19:00:00,4,19,242.0,North East England
2021-04-15 20:00:00,4,20,235.5,North East England
2021-04-15 21:00:00,4,21,229.5,North East England
2021-04-15 22:00:00,4,22,218.5,North East England
2021-04-15 23:00:00,4,23,253.0,North East England
2021-04-16 00:00:00,4,0,280.5,North East England
2021-04-16 01:00:00,4,1,284.5,North East England
2021-04-16 02:00:00,4,2,199.5,North East England
2021-04-16 03:00:00,4,3,252.5,North East England
2021-04-16 04:00:00,4,4,300.0,North East England
2021-04-16 05:00:00,4,5,309.5,North East England
2021-04-16 06:00:00,4,6,251.5,North East England
2021-04-16 07:00:00,4,7,216.5,North East England
2021-04-16 08:00:00,4,8,211.5,North East England
2021-04-16 09:00:00,4,9,211.0,North East England
2021-04-16 10:00:00,4,10,214.5,North East England
2021-04-16 11:00:00,4,11,209.0,North East England
2021-04-16 12:00:00,4,12,198.5,North East England
2021-04-16 13:00:00,4,13,188.5,North East England
2021-04-16 14:00:00,4,14,189.5,North East England
2021-04-16 15:00:00,4,15,202.5,North East England
2021-04-16 16:00:00,4,16,234.5,North East England
2021-04-16 17:00:00,4,17,247.0,North East England
2021-04-16 18:00:00,4,18,243.0,North East England
2021-04-16 19:00:00,4,19,236.5,North East England
2021-04-16 20:00:00,4,20,235.5,North East England
2021-04-16 21:00:00,4,21,224.5,North East England
2021-04-16 22:00:00,4,22,209.5,North East England
2021-04-16 23:00:00,4,23,220.5,North East England
2021-04-17 00:00:00,4,0,222.5,North East England
2021-04-17 01:00:00,4,1,231.5,North East England
2021-04-17 02:00:00,4,2,218.0,North East England
2021-04-17 03:00:00,4,3,216.5,North East England
2021-04-17 04:00:00,4,4,227.0,North East England
2021-04-17 05:00:00,4,5,213.0,North East England
2021-04-17 06:00:00,4,6,212.0,North East England
2021-04-17 07:00:00,4,7,206.0,North East England
2021-04-17 08:00:00,4,8,196.5,North East England
2021-04-17 09:00:00,4,9,180.0,North East England
2021-04-17 10:00:00,4,10,165.0,North East England
2021-04-17 11:00:00,4,11,157.0,North East England
2021-04-17 12:00:00,4,12,148.5,North East England
2021-04-17 13:00:00,4,13,137.0,North East England
2021-04-17 14:00:00,4,14,143.0,North East England
2021-04-17 15:00:00,4,15,172.5,North East England
2021-04-17 16:00:00,4,16,205.0,North East England
2021-04-17 17:00:00,4,17,217.0,North East England
2021-04-17 18:00:00,4,18,224.0,North East England
2021-04-17 19:00:00,4,19,218.5,North East England
2021-04-17 20:00:00,4,20,219.0,North East England
2021-04-17 21:00:00,4,21,217.5,North East England
2021-04-17 22:00:00,4,22,209.0,North East England
2021-04-17 23:00:00,4,23,207.0,North East England
2021-04-18 00:00:00,4,0,208.0,North East England
2021-04-18 01:00:00,4,1,204.0,North East England
2021-04-18 02:00:00,4,2,200.5,North East England
2021-04-18 03:00:00,4,3,200.5,North East England
2021-04-18 04:00:00,4,4,201.5,North East England
2021-04-18 05:00:00,4,5,198.5,North East England
2021-04-18 06:00:00,4,6,192.0,North East England
2021-04-18 07:00:00,4,7,192.5,North East England
2021-04-18 08:00:00,4,8,186.0,North East England
2021-04-18 09:00:00,4,9,179.5,North East England
2021-04-18 10:00:00,4,10,171.5,North East England
2021-04-18 11:00:00,4,11,171.0,North East England
2021-04-18 12:00:00,4,12,174.0,North East England
2021-04-18 13:00:00,4,13,182.0,North East England
2021-04-18 14:00:00,4,14,191.0,North East England
2021-04-18 15:00:00,4,15,214.5,North East England
2021-04-18 16:00:00,4,16,244.5,North East England
2021-04-18 17:00:00,4,17,242.0,North East England
2021-04-18 18:00:00,4,18,223.0,North East England
2021-04-18 19:00:00,4,19,265.0,North East England
2021-04-18 20:00:00,4,20,275.5,North East England
2021-04-18 21:00:00,4,21,267.5,North East England
2021-04-18 22:00:00,4,22,290.0,North East England
2021-04-18 23:00:00,4,23,295.0,North East England
2021-04-19 00:00:00,4,0,276.5,North East England
2021-04-19 01:00:00,4,1,312.0,North East England
2021-04-19 02:00:00,4,2,326.5,North East England
2021-04-19 03:00:00,4,3,335.5,North East England
2021-04-19 04:00:00,4,4,355.5,North East England
2021-04-19 05:00:00,4,5,368.0,North East England
2021-04-19 06:00:00,4,6,333.5,North East England
2021-04-19 07:00:00,4,7,298.0,North East England
2021-04-19 08:00:00,4,8,276.5,North East England
2021-04-19 09:00:00,4,9,273.5,North East England
2021-04-19 10:00:00,4,10,246.5,North East England
2021-04-19 11:00:00,4,11,234.0,North East England
2021-04-19 12:00:00,4,12,242.0,North East England
2021-04-19 13:00:00,4,13,240.5,North East England
2021-04-19 14:00:00,4,14,254.5,North East England
2021-04-19 15:00:00,4,15,278.5,North East England
2021-04-19 16:00:00,4,16,285.5,North East England
2021-04-19 17:00:00,4,17,314.5,North East England
2021-04-19 18:00:00,4,18,293.0,North East England
2021-04-19 19:00:00,4,19,291.0,North East England
2021-04-19 20:00:00,4,20,322.0,North East England
2021-04-19 21:00:00,4,21,342.0,North East England
2021-04-19 22:00:00,4,22,330.0,North East England
2021-04-19 23:00:00,4,23,325.5,North East England
2021-04-20 00:00:00,4,0,324.5,North East England
2021-04-20 01:00:00,4,1,321.5,North East England
2021-04-20 02:00:00,4,2,317.5,North East England
2021-04-20 03:00:00,4,3,334.0,North East England
2021-04-20 04:00:00,4,4,353.0,North East England
2021-04-20 05:00:00,4,5,365.5,North East England
2021-04-20 06:00:00,4,6,334.5,North East England
2021-04-20 07:00:00,4,7,238.5,North East England
2021-04-20 08:00:00,4,8,230.5,North East England
2021-04-20 09:00:00,4,9,253.0,North East England
2021-04-20 10:00:00,4,10,247.0,North East England
2021-04-20 11:00:00,4,11,252.5,North East England
2021-04-20 12:00:00,4,12,246.5,North East England
2021-04-20 13:00:00,4,13,200.5,North East England
2021-04-20 14:00:00,4,14,224.0,North East England
2021-04-20 15:00:00,4,15,274.5,North East England
2021-04-20 16:00:00,4,16,251.5,North East England
2021-04-20 17:00:00,4,17,256.0,North East England
2021-04-20 18:00:00,4,18,260.5,North East England
2021-04-20 19:00:00,4,19,245.5,North East England
2021-04-20 20:00:00,4,20,304.0,North East England
2021-04-20 21:00:00,4,21,315.0,North East England
2021-04-20 22:00:00,4,22,291.5,North East England
2021-04-20 23:00:00,4,23,299.0,North East England
2021-04-21 00:00:00,4,0,290.0,North East England
2021-04-21 01:00:00,4,1,284.5,North East England
2021-04-21 02:00:00,4,2,274.5,North East England
2021-04-21 03:00:00,4,3,270.0,North East England
2021-04-21 04:00:00,4,4,277.0,North East England
2021-04-21 05:00:00,4,5,267.5,North East England
2021-04-21 06:00:00,4,6,252.5,North East England
2021-04-21 07:00:00,4,7,207.0,North East England
2021-04-21 08:00:00,4,8,191.5,North East England
2021-04-21 09:00:00,4,9,187.0,North East England
2021-04-21 10:00:00,4,10,183.0,North East England
2021-04-21 11:00:00,4,11,165.0,North East England
2021-04-21 12:00:00,4,12,155.5,North East England
2021-04-21 13:00:00,4,13,148.5,North East England
2021-04-21 14:00:00,4,14,145.5,North East England
2021-04-21 15:00:00,4,15,153.0,North East England
2021-04-21 16:00:00,4,16,161.5,North East England
2021-04-21 17:00:00,4,17,171.0,North East England
2021-04-21 18:00:00,4,18,170.5,North East England
2021-04-21 19:00:00,4,19,175.0,North East England
2021-04-21 20:00:00,4,20,206.0,North East England
2021-04-21 21:00:00,4,21,212.5,North East England
2021-04-21 22:00:00,4,22,187.5,North East England
2021-04-21 23:00:00,4,23,186.0,North East England
2021-04-22 00:00:00,4,0,195.5,North East England
2021-04-22 01:00:00,4,1,176.5,North East England
2021-04-22 02:00:00,4,2,195.0,North East England
2021-04-22 03:00:00,4,3,224.5,North East England
2021-04-22 04:00:00,4,4,242.0,North East England
2021-04-22 05:00:00,4,5,268.5,North East England
2021-04-22 06:00:00,4,6,215.5,North East England
2021-04-22 07:00:00,4,7,199.0,North East England
2021-04-22 08:00:00,4,8,212.5,North East England
2021-04-22 09:00:00,4,9,224.0,North East England
2021-04-22 10:00:00,4,10,192.5,North East England
2021-04-22 11:00:00,4,11,180.0,North East England
2021-04-22 12:00:00,4,12,182.0,North East England
2021-04-22 13:00:00,4,13,200.0,North East England
2021-04-22 14:00:00,4,14,185.0,North East England
2021-04-22 15:00:00,4,15,184.0,North East England
2021-04-22 16:00:00,4,16,201.5,North East England
2021-04-22 17:00:00,4,17,215.0,North East England
2021-04-22 18:00:00,4,18,217.0,North East England
2021-04-22 19:00:00,4,19,218.0,North East England
2021-04-22 20:00:00,4,20,239.5,North East England
2021-04-22 21:00:00,4,21,254.0,North East England
2021-04-22 22:00:00,4,22,195.5,North East England
2021-04-22 23:00:00,4,23,196.5,North East England
2021-04-23 00:00:00,4,0,190.0,North East England
2021-04-23 01:00:00,4,1,182.0,North East England
2021-04-23 02:00:00,4,2,188.5,North East England
2021-04-23 03:00:00,4,3,233.5,North East England
2021-04-23 04:00:00,4,4,284.0,North East England
2021-04-23 05:00:00,4,5,233.0,North East England
2021-04-23 06:00:00,4,6,208.5,North East England
2021-04-23 07:00:00,4,7,206.5,North East England
2021-04-23 08:00:00,4,8,202.0,North East England
2021-04-23 09:00:00,4,9,190.0,North East England
2021-04-23 10:00:00,4,10,178.5,North East England
2021-04-23 11:00:00,4,11,170.5,North East England
2021-04-23 12:00:00,4,12,161.0,North East England
2021-04-23 13:00:00,4,13,156.0,North East England
2021-04-23 14:00:00,4,14,159.0,North East England
2021-04-23 15:00:00,4,15,172.0,North East England
2021-04-23 16:00:00,4,16,193.0,North East England
2021-04-23 17:00:00,4,17,207.5,North East England
2021-04-23 18:00:00,4,18,212.0,North East England
2021-04-23 19:00:00,4,19,212.0,North East England
2021-04-23 20:00:00,4,20,205.5,North East England
2021-04-23 21:00:00,4,21,175.5,North East England
2021-04-23 22:00:00,4,22,166.0,North East England
2021-04-23 23:00:00,4,23,166.0,North East England
2021-04-24 00:00:00,4,0,152.0,North East England
2021-04-24 01:00:00,4,1,147.5,North East England
2021-04-24 02:00:00,4,2,145.0,North East England
2021-04-24 03:00:00,4,3,149.5,North East England
2021-04-24 04:00:00,4,4,164.5,North East England
2021-04-24 05:00:00,4,5,151.5,North East England
2021-04-24 06:00:00,4,6,145.5,North East England
2021-04-24 07:00:00,4,7,148.0,North East England
2021-04-24 08:00:00,4,8,137.0,North East England
2021-04-24 09:00:00,4,9,128.5,North East England
2021-04-24 10:00:00,4,10,133.5,North East England
2021-04-24 11:00:00,4,11,128.0,North East England
2021-04-24 12:00:00,4,12,112.5,North East England
2021-04-24 13:00:00,4,13,99.0,North East England
2021-04-24 14:00:00,4,14,103.0,North East England
2021-04-24 15:00:00,4,15,99.5,North East England
2021-04-24 16:00:00,4,16,101.5,North East England
2021-04-24 17:00:00,4,17,114.0,North East England
2021-04-24 18:00:00,4,18,123.0,North East England
2021-04-24 19:00:00,4,19,130.0,North East England
2021-04-24 20:00:00,4,20,114.5,North East England
2021-04-24 21:00:00,4,21,104.5,North East England
2021-04-24 22:00:00,4,22,93.5,North East England
2021-04-24 23:00:00,4,23,100.0,North East England
2021-04-25 00:00:00,4,0,99.5,North East England
2021-04-25 01:00:00,4,1,100.0,North East England
2021-04-25 02:00:00,4,2,98.0,North East England
2021-04-25 03:00:00,4,3,86.5,North East England
2021-04-25 04:00:00,4,4,80.5,North East England
2021-04-25 05:00:00,4,5,95.0,North East England
2021-04-25 06:00:00,4,6,96.5,North East England
2021-04-25 07:00:00,4,7,89.5,North East England
2021-04-25 08:00:00,4,8,87.0,North East England
2021-04-25 09:00:00,4,9,86.5,North East England
2021-04-25 10:00:00,4,10,87.0,North East England
2021-04-25 11:00:00,4,11,91.5,North East England
2021-04-25 12:00:00,4,12,92.0,North East England
2021-04-25 13:00:00,4,13,94.5,North East England
2021-04-25 14:00:00,4,14,90.0,North East England
2021-04-25 15:00:00,4,15,85.5,North East England
2021-04-25 16:00:00,4,16,113.5,North East England
2021-04-25 17:00:00,4,17,127.5,North East England
2021-04-25 18:00:00,4,18,134.0,North East England
2021-04-25 19:00:00,4,19,136.0,North East England
2021-04-25 20:00:00,4,20,119.0,North East England
2021-04-25 21:00:00,4,21,103.0,North East England
2021-04-25 22:00:00,4,22,75.0,North East England
2021-04-25 23:00:00,4,23,83.5,North East England
2021-04-26 00:00:00,4,0,95.0,North East England
2021-04-26 01:00:00,4,1,99.0,North East England
2021-04-26 02:00:00,4,2,101.5,North East England
2021-04-26 03:00:00,4,3,112.5,North East England
2021-04-26 04:00:00,4,4,164.5,North East England
2021-04-26 05:00:00,4,5,202.5,North East England
2021-04-26 06:00:00,4,6,182.5,North East England
2021-04-26 07:00:00,4,7,184.5,North East England
2021-04-26 08:00:00,4,8,174.5,North East England
2021-04-26 09:00:00,4,9,171.0,North East England
2021-04-26 10:00:00,4,10,163.0,North East England
2021-04-26 11:00:00,4,11,158.5,North East England
2021-04-26 12:00:00,4,12,133.5,North East England
2021-04-26 13:00:00,4,13,125.5,North East England
2021-04-26 14:00:00,4,14,136.5,North East England
2021-04-26 15:00:00,4,15,159.0,North East England
2021-04-26 16:00:00,4,16,172.0,North East England
2021-04-26 17:00:00,4,17,184.0,North East England
2021-04-26 18:00:00,4,18,192.5,North East England
2021-04-26 19:00:00,4,19,198.0,North East England
2021-04-26 20:00:00,4,20,209.0,North East England
2021-04-26 21:00:00,4,21,198.5,North East England
2021-04-26 22:00:00,4,22,160.0,North East England
2021-04-26 23:00:00,4,23,174.0,North East England
2021-04-27 00:00:00,4,0,169.5,North East England
2021-04-27 01:00:00,4,1,165.5,North East England
2021-04-27 02:00:00,4,2,161.5,North East England
2021-04-27 03:00:00,4,3,238.5,North East England
2021-04-27 04:00:00,4,4,299.0,North East England
2021-04-27 05:00:00,4,5,287.0,North East England
2021-04-27 06:00:00,4,6,221.0,North East England
2021-04-27 07:00:00,4,7,206.0,North East England
2021-04-27 08:00:00,4,8,205.5,North East England
2021-04-27 09:00:00,4,9,214.0,North East England
2021-04-27 10:00:00,4,10,199.5,North East England
2021-04-27 11:00:00,4,11,203.5,North East England
2021-04-27 12:00:00,4,12,197.0,North East England
2021-04-27 13:00:00,4,13,219.5,North East England
2021-04-27 14:00:00,4,14,242.0,North East England
2021-04-27 15:00:00,4,15,215.0,North East England
2021-04-27 16:00:00,4,16,192.5,North East England
2021-04-27 17:00:00,4,17,200.0,North East England
2021-04-27 18:00:00,4,18,214.0,North East England
2021-04-27 19:00:00,4,19,255.0,North East England
2021-04-27 20:00:00,4,20,284.0,North East England
2021-04-27 21:00:00,4,21,274.5,North East England
2021-04-27 22:00:00,4,22,172.0,North East England
2021-04-27 23:00:00,4,23,159.3,North East England
2021-04-28 00:00:00,4,0,158.0,North East England
2021-04-28 01:00:00,4,1,157.0,North East England
2021-04-28 02:00:00,4,2,158.5,North East England
2021-04-28 03:00:00,4,3,184.0,North East England
2021-04-28 04:00:00,4,4,207.5,North East England
2021-04-28 05:00:00,4,5,230.5,North East England
2021-04-28 06:00:00,4,6,187.0,North East England
2021-04-28 07:00:00,4,7,166.0,North East England
2021-04-28 08:00:00,4,8,148.0,North East England
2021-04-28 09:00:00,4,9,155.0,North East England
2021-04-28 10:00:00,4,10,155.0,North East England
2021-04-28 11:00:00,4,11,152.0,North East England
2021-04-28 12:00:00,4,12,133.5,North East England
2021-04-28 13:00:00,4,13,128.5,North East England
2021-04-28 14:00:00,4,14,132.0,North East England
2021-04-28 15:00:00,4,15,145.0,North East England
2021-04-28 16:00:00,4,16,154.5,North East England
2021-04-28 17:00:00,4,17,152.5,North East England
2021-04-28 18:00:00,4,18,159.5,North East England
2021-04-28 19:00:00,4,19,158.5,North East England
2021-04-28 20:00:00,4,20,145.0,North East England
2021-04-28 21:00:00,4,21,112.5,North East England
2021-04-28 22:00:00,4,22,88.5,North East England
2021-04-28 23:00:00,4,23,82.5,North East England
2021-04-29 00:00:00,4,0,88.5,North East England
2021-04-29 01:00:00,4,1,93.0,North East England
2021-04-29 02:00:00,4,2,94.5,North East England
2021-04-29 03:00:00,4,3,95.5,North East England
2021-04-29 04:00:00,4,4,103.0,North East England
2021-04-29 05:00:00,4,5,137.0,North East England
2021-04-29 06:00:00,4,6,146.0,North East England
2021-04-29 07:00:00,4,7,145.0,North East England
2021-04-29 08:00:00,4,8,147.0,North East England
2021-04-29 09:00:00,4,9,164.0,North East England
2021-04-29 10:00:00,4,10,179.0,North East England
2021-04-29 11:00:00,4,11,178.0,North East England
2021-04-29 12:00:00,4,12,183.0,North East England
2021-04-29 13:00:00,4,13,188.5,North East England
2021-04-29 14:00:00,4,14,189.5,North East England
2021-04-29 15:00:00,4,15,203.5,North East England
2021-04-29 16:00:00,4,16,219.5,North East England
2021-04-29 17:00:00,4,17,227.5,North East England
2021-04-29 18:00:00,4,18,227.5,North East England
2021-04-29 19:00:00,4,19,234.0,North East England
2021-04-29 20:00:00,4,20,236.0,North East England
2021-04-29 21:00:00,4,21,232.0,North East England
2021-04-29 22:00:00,4,22,207.5,North East England
2021-04-29 23:00:00,4,23,194.0,North East England
2021-04-30 00:00:00,4,0,188.0,North East England
2021-04-30 01:00:00,4,1,176.5,North East England
2021-04-30 02:00:00,4,2,194.5,North East England
2021-04-30 03:00:00,4,3,246.0,North East England
2021-04-30 04:00:00,4,4,283.0,North East England
2021-04-30 05:00:00,4,5,287.5,North East England
2021-04-30 06:00:00,4,6,222.0,North East England
2021-04-30 07:00:00,4,7,217.0,North East England
2021-04-30 08:00:00,4,8,213.5,North East England
2021-04-30 09:00:00,4,9,210.0,North East England
2021-04-30 10:00:00,4,10,210.0,North East England
2021-04-30 11:00:00,4,11,210.0,North East England
2021-04-30 12:00:00,4,12,214.5,North East England
2021-04-30 13:00:00,4,13,215.5,North East England
2021-04-30 14:00:00,4,14,213.0,North East England
2021-04-30 15:00:00,4,15,211.5,North East England
2021-04-30 16:00:00,4,16,213.5,North East England
2021-04-30 17:00:00,4,17,218.0,North East England
2021-04-30 18:00:00,4,18,222.0,North East England
2021-04-30 19:00:00,4,19,224.5,North East England
2021-04-30 20:00:00,4,20,221.0,North East England
2021-04-30 21:00:00,4,21,217.5,North East England
2021-04-30 22:00:00,4,22,196.0,North East England
2021-04-30 23:00:00,4,23,189.5,North East England
2021-05-01 00:00:00,5,0,194.5,North East England
2021-05-01 01:00:00,5,1,182.5,North East England
2021-05-01 02:00:00,5,2,175.0,North East England
2021-05-01 03:00:00,5,3,154.5,North East England
2021-05-01 04:00:00,5,4,160.5,North East England
2021-05-01 05:00:00,5,5,180.0,North East England
2021-05-01 06:00:00,5,6,187.0,North East England
2021-05-01 07:00:00,5,7,180.0,North East England
2021-05-01 08:00:00,5,8,176.0,North East England
2021-05-01 09:00:00,5,9,173.0,North East England
2021-05-01 10:00:00,5,10,171.5,North East England
2021-05-01 11:00:00,5,11,168.0,North East England
2021-05-01 12:00:00,5,12,164.0,North East England
2021-05-01 13:00:00,5,13,159.5,North East England
2021-05-01 14:00:00,5,14,159.5,North East England
2021-05-01 15:00:00,5,15,177.0,North East England
2021-05-01 16:00:00,5,16,185.5,North East England
2021-05-01 17:00:00,5,17,191.0,North East England
2021-05-01 18:00:00,5,18,195.0,North East England
2021-05-01 19:00:00,5,19,199.5,North East England
2021-05-01 20:00:00,5,20,200.5,North East England
2021-05-01 21:00:00,5,21,193.0,North East England
2021-05-01 22:00:00,5,22,165.5,North East England
2021-05-01 23:00:00,5,23,168.0,North East England
2021-05-02 00:00:00,5,0,161.0,North East England
2021-05-02 01:00:00,5,1,140.0,North East England
2021-05-02 02:00:00,5,2,119.5,North East England
2021-05-02 03:00:00,5,3,121.5,North East England
2021-05-02 04:00:00,5,4,137.0,North East England
2021-05-02 05:00:00,5,5,150.5,North East England
2021-05-02 06:00:00,5,6,159.5,North East England
2021-05-02 07:00:00,5,7,155.0,North East England
2021-05-02 08:00:00,5,8,143.5,North East England
2021-05-02 09:00:00,5,9,146.0,North East England
2021-05-02 10:00:00,5,10,156.0,North East England
2021-05-02 11:00:00,5,11,153.0,North East England
2021-05-02 12:00:00,5,12,145.5,North East England
2021-05-02 13:00:00,5,13,144.5,North East England
2021-05-02 14:00:00,5,14,153.0,North East England
2021-05-02 15:00:00,5,15,158.0,North East England
2021-05-02 16:00:00,5,16,169.5,North East England
2021-05-02 17:00:00,5,17,169.5,North East England
2021-05-02 18:00:00,5,18,164.0,North East England
2021-05-02 19:00:00,5,19,167.0,North East England
2021-05-02 20:00:00,5,20,162.5,North East England
2021-05-02 21:00:00,5,21,150.5,North East England
2021-05-02 22:00:00,5,22,133.0,North East England
2021-05-02 23:00:00,5,23,122.0,North East England
2021-05-03 00:00:00,5,0,107.0,North East England
2021-05-03 01:00:00,5,1,104.5,North East England
2021-05-03 02:00:00,5,2,105.0,North East England
2021-05-03 03:00:00,5,3,141.0,North East England
2021-05-03 04:00:00,5,4,192.0,North East England
2021-05-03 05:00:00,5,5,168.5,North East England
2021-05-03 06:00:00,5,6,139.0,North East England
2021-05-03 07:00:00,5,7,136.5,North East England
2021-05-03 08:00:00,5,8,137.0,North East England
2021-05-03 09:00:00,5,9,136.5,North East England
2021-05-03 10:00:00,5,10,71.5,North East England
2021-05-03 11:00:00,5,11,73.5,North East England
2021-05-03 12:00:00,5,12,62.5,North East England
2021-05-03 13:00:00,5,13,58.0,North East England
2021-05-03 14:00:00,5,14,65.5,North East England
2021-05-03 15:00:00,5,15,67.0,North East England
2021-05-03 16:00:00,5,16,67.5,North East England
2021-05-03 17:00:00,5,17,66.0,North East England
2021-05-03 18:00:00,5,18,64.0,North East England
2021-05-03 19:00:00,5,19,62.5,North East England
2021-05-03 20:00:00,5,20,58.0,North East England
2021-05-03 21:00:00,5,21,63.5,North East England
2021-05-03 22:00:00,5,22,79.5,North East England
2021-05-03 23:00:00,5,23,60.0,North East England
2021-05-04 00:00:00,5,0,67.0,North East England
2021-05-04 01:00:00,5,1,47.0,North East England
2021-05-04 02:00:00,5,2,51.5,North East England
2021-05-04 03:00:00,5,3,53.5,North East England
2021-05-04 04:00:00,5,4,56.5,North East England
2021-05-04 05:00:00,5,5,66.5,North East England
2021-05-04 06:00:00,5,6,63.5,North East England
2021-05-04 07:00:00,5,7,68.0,North East England
2021-05-04 08:00:00,5,8,71.0,North East England
2021-05-04 09:00:00,5,9,71.0,North East England
2021-05-04 10:00:00,5,10,69.5,North East England
2021-05-04 11:00:00,5,11,69.5,North East England
2021-05-04 12:00:00,5,12,65.5,North East England
2021-05-04 13:00:00,5,13,60.5,North East England
2021-05-04 14:00:00,5,14,62.5,North East England
2021-05-04 15:00:00,5,15,68.0,North East England
2021-05-04 16:00:00,5,16,81.5,North East England
2021-05-04 17:00:00,5,17,91.5,North East England
2021-05-04 18:00:00,5,18,91.5,North East England
2021-05-04 19:00:00,5,19,96.0,North East England
2021-05-04 20:00:00,5,20,92.5,North East England
2021-05-04 21:00:00,5,21,94.5,North East England
2021-05-04 22:00:00,5,22,71.0,North East England
2021-05-04 23:00:00,5,23,54.0,North East England
2021-05-05 00:00:00,5,0,56.0,North East England
2021-05-05 01:00:00,5,1,55.0,North East England
2021-05-05 02:00:00,5,2,51.5,North East England
2021-05-05 03:00:00,5,3,50.5,North East England
2021-05-05 04:00:00,5,4,56.0,North East England
2021-05-05 05:00:00,5,5,99.5,North East England
2021-05-05 06:00:00,5,6,124.5,North East England
2021-05-05 07:00:00,5,7,117.5,North East England
2021-05-05 08:00:00,5,8,122.5,North East England
2021-05-05 09:00:00,5,9,129.5,North East England
2021-05-05 10:00:00,5,10,121.5,North East England
2021-05-05 11:00:00,5,11,128.5,North East England
2021-05-05 12:00:00,5,12,141.5,North East England
2021-05-05 13:00:00,5,13,153.5,North East England
2021-05-05 14:00:00,5,14,163.5,North East England
2021-05-05 15:00:00,5,15,178.0,North East England
2021-05-05 16:00:00,5,16,189.0,North East England
2021-05-05 17:00:00,5,17,195.5,North East England
2021-05-05 18:00:00,5,18,198.0,North East England
2021-05-05 19:00:00,5,19,198.0,North East England
2021-05-05 20:00:00,5,20,196.0,North East England
2021-05-05 21:00:00,5,21,181.0,North East England
2021-05-05 22:00:00,5,22,159.0,North East England
2021-05-05 23:00:00,5,23,152.0,North East England
2021-05-06 00:00:00,5,0,151.0,North East England
2021-05-06 01:00:00,5,1,159.5,North East England
2021-05-06 02:00:00,5,2,155.5,North East England
2021-05-06 03:00:00,5,3,175.5,North East England
2021-05-06 04:00:00,5,4,221.0,North East England
2021-05-06 05:00:00,5,5,240.5,North East England
2021-05-06 06:00:00,5,6,210.0,North East England
2021-05-06 07:00:00,5,7,201.5,North East England
2021-05-06 08:00:00,5,8,200.0,North East England
2021-05-06 09:00:00,5,9,202.5,North East England
2021-05-06 10:00:00,5,10,206.5,North East England
2021-05-06 11:00:00,5,11,191.5,North East England
2021-05-06 12:00:00,5,12,176.5,North East England
2021-05-06 13:00:00,5,13,210.0,North East England
2021-05-06 14:00:00,5,14,223.5,North East England
2021-05-06 15:00:00,5,15,234.0,North East England
2021-05-06 16:00:00,5,16,230.0,North East England
2021-05-06 17:00:00,5,17,234.5,North East England
2021-05-06 18:00:00,5,18,217.0,North East England
2021-05-06 19:00:00,5,19,219.0,North East England
2021-05-06 20:00:00,5,20,227.5,North East England
2021-05-06 21:00:00,5,21,223.5,North East England
2021-05-06 22:00:00,5,22,154.5,North East England
2021-05-06 23:00:00,5,23,139.0,North East England
2021-05-07 00:00:00,5,0,134.5,North East England
2021-05-07 01:00:00,5,1,124.5,North East England
2021-05-07 02:00:00,5,2,128.0,North East England
2021-05-07 03:00:00,5,3,131.5,North East England
2021-05-07 04:00:00,5,4,145.0,North East England
2021-05-07 05:00:00,5,5,179.0,North East England
2021-05-07 06:00:00,5,6,193.0,North East England
2021-05-07 07:00:00,5,7,195.0,North East England
2021-05-07 08:00:00,5,8,191.5,North East England
2021-05-07 09:00:00,5,9,178.5,North East England
2021-05-07 10:00:00,5,10,151.0,North East England
2021-05-07 11:00:00,5,11,150.5,North East England
2021-05-07 12:00:00,5,12,141.5,North East England
2021-05-07 13:00:00,5,13,136.5,North East England
2021-05-07 14:00:00,5,14,133.5,North East England
2021-05-07 15:00:00,5,15,144.5,North East England
2021-05-07 16:00:00,5,16,161.0,North East England
2021-05-07 17:00:00,5,17,167.5,North East England
2021-05-07 18:00:00,5,18,183.5,North East England
2021-05-07 19:00:00,5,19,178.0,North East England
2021-05-07 20:00:00,5,20,182.0,North East England
2021-05-07 21:00:00,5,21,166.5,North East England
2021-05-07 22:00:00,5,22,113.0,North East England
2021-05-07 23:00:00,5,23,90.5,North East England
2021-05-08 00:00:00,5,0,88.0,North East England
2021-05-08 01:00:00,5,1,83.0,North East England
2021-05-08 02:00:00,5,2,84.5,North East England
2021-05-08 03:00:00,5,3,85.0,North East England
2021-05-08 04:00:00,5,4,79.0,North East England
2021-05-08 05:00:00,5,5,81.5,North East England
2021-05-08 06:00:00,5,6,63.0,North East England
2021-05-08 07:00:00,5,7,53.0,North East England
2021-05-08 08:00:00,5,8,55.0,North East England
2021-05-08 09:00:00,5,9,60.0,North East England
2021-05-08 10:00:00,5,10,63.5,North East England
2021-05-08 11:00:00,5,11,64.0,North East England
2021-05-08 12:00:00,5,12,63.5,North East England
2021-05-08 13:00:00,5,13,62.0,North East England
2021-05-08 14:00:00,5,14,58.0,North East England
2021-05-08 15:00:00,5,15,62.0,North East England
2021-05-08 16:00:00,5,16,61.0,North East England
2021-05-08 17:00:00,5,17,61.0,North East England
2021-05-08 18:00:00,5,18,63.0,North East England
2021-05-08 19:00:00,5,19,60.0,North East England
2021-05-08 20:00:00,5,20,64.0,North East England
2021-05-08 21:00:00,5,21,68.5,North East England
2021-05-08 22:00:00,5,22,52.5,North East England
2021-05-08 23:00:00,5,23,53.5,North East England
2021-05-09 00:00:00,5,0,57.0,North East England
2021-05-09 01:00:00,5,1,58.5,North East England
2021-05-09 02:00:00,5,2,63.0,North East England
2021-05-09 03:00:00,5,3,83.5,North East England
2021-05-09 04:00:00,5,4,82.0,North East England
2021-05-09 05:00:00,5,5,53.0,North East England
2021-05-09 06:00:00,5,6,47.5,North East England
2021-05-09 07:00:00,5,7,57.0,North East England
2021-05-09 08:00:00,5,8,60.0,North East England
2021-05-09 09:00:00,5,9,54.5,North East England
2021-05-09 10:00:00,5,10,51.0,North East England
2021-05-09 11:00:00,5,11,55.5,North East England
2021-05-09 12:00:00,5,12,53.0,North East England
2021-05-09 13:00:00,5,13,53.5,North East England
2021-05-09 14:00:00,5,14,57.5,North East England
2021-05-09 15:00:00,5,15,75.5,North East England
2021-05-09 16:00:00,5,16,89.0,North East England
2021-05-09 17:00:00,5,17,102.5,North East England
2021-05-09 18:00:00,5,18,115.5,North East England
2021-05-09 19:00:00,5,19,100.5,North East England
2021-05-09 20:00:00,5,20,95.0,North East England
2021-05-09 21:00:00,5,21,94.0,North East England
2021-05-09 22:00:00,5,22,85.0,North East England
2021-05-09 23:00:00,5,23,71.5,North East England
2021-05-10 00:00:00,5,0,76.0,North East England
2021-05-10 01:00:00,5,1,79.0,North East England
2021-05-10 02:00:00,5,2,102.5,North East England
2021-05-10 03:00:00,5,3,124.5,North East England
2021-05-10 04:00:00,5,4,101.5,North East England
2021-05-10 05:00:00,5,5,78.0,North East England
2021-05-10 06:00:00,5,6,86.5,North East England
2021-05-10 07:00:00,5,7,81.0,North East England
2021-05-10 08:00:00,5,8,80.0,North East England
2021-05-10 09:00:00,5,9,90.0,North East England
2021-05-10 10:00:00,5,10,93.0,North East England
2021-05-10 11:00:00,5,11,102.0,North East England
2021-05-10 12:00:00,5,12,100.5,North East England
2021-05-10 13:00:00,5,13,90.5,North East England
2021-05-10 14:00:00,5,14,85.0,North East England
2021-05-10 15:00:00,5,15,85.5,North East England
2021-05-10 16:00:00,5,16,117.0,North East England
2021-05-10 17:00:00,5,17,109.0,North East England
2021-05-10 18:00:00,5,18,120.0,North East England
2021-05-10 19:00:00,5,19,122.5,North East England
2021-05-10 20:00:00,5,20,111.5,North East England
2021-05-10 21:00:00,5,21,98.5,North East England
2021-05-10 22:00:00,5,22,107.5,North East England
2021-05-10 23:00:00,5,23,108.0,North East England
2021-05-11 00:00:00,5,0,100.5,North East England
2021-05-11 01:00:00,5,1,111.0,North East England
2021-05-11 02:00:00,5,2,111.0,North East England
2021-05-11 03:00:00,5,3,100.0,North East England
2021-05-11 04:00:00,5,4,115.0,North East England
2021-05-11 05:00:00,5,5,171.0,North East England
2021-05-11 06:00:00,5,6,169.5,North East England
2021-05-11 07:00:00,5,7,142.0,North East England
2021-05-11 08:00:00,5,8,144.0,North East England
2021-05-11 09:00:00,5,9,152.0,North East England
2021-05-11 10:00:00,5,10,135.0,North East England
2021-05-11 11:00:00,5,11,122.0,North East England
2021-05-11 12:00:00,5,12,110.5,North East England
2021-05-11 13:00:00,5,13,110.0,North East England
2021-05-11 14:00:00,5,14,113.5,North East England
2021-05-11 15:00:00,5,15,127.0,North East England
2021-05-11 16:00:00,5,16,139.0,North East England
2021-05-11 17:00:00,5,17,147.5,North East England
2021-05-11 18:00:00,5,18,150.0,North East England
2021-05-11 19:00:00,5,19,147.0,North East England
2021-05-11 20:00:00,5,20,132.0,North East England
2021-05-11 21:00:00,5,21,116.0,North East England
2021-05-11 22:00:00,5,22,125.5,North East England
2021-05-11 23:00:00,5,23,120.0,North East England
2021-05-12 00:00:00,5,0,119.5,North East England
2021-05-12 01:00:00,5,1,121.0,North East England
2021-05-12 02:00:00,5,2,116.0,North East England
2021-05-12 03:00:00,5,3,116.0,North East England
2021-05-12 04:00:00,5,4,137.5,North East England
2021-05-12 05:00:00,5,5,141.5,North East England
2021-05-12 06:00:00,5,6,147.0,North East England
2021-05-12 07:00:00,5,7,147.5,North East England
2021-05-12 08:00:00,5,8,147.5,North East England
2021-05-12 09:00:00,5,9,150.0,North East England
2021-05-12 10:00:00,5,10,148.5,North East England
2021-05-12 11:00:00,5,11,152.0,North East England
2021-05-12 12:00:00,5,12,147.5,North East England
2021-05-12 13:00:00,5,13,140.0,North East England
2021-05-12 14:00:00,5,14,145.0,North East England
2021-05-12 15:00:00,5,15,156.5,North East England
2021-05-12 16:00:00,5,16,160.0,North East England
2021-05-12 17:00:00,5,17,161.5,North East England
2021-05-12 18:00:00,5,18,161.5,North East England
2021-05-12 19:00:00,5,19,161.5,North East England
2021-05-12 20:00:00,5,20,154.0,North East England
2021-05-12 21:00:00,5,21,128.5,North East England
2021-05-12 22:00:00,5,22,108.5,North East England
2021-05-12 23:00:00,5,23,98.5,North East England
2021-05-13 00:00:00,5,0,99.5,North East England
2021-05-13 01:00:00,5,1,98.0,North East England
2021-05-13 02:00:00,5,2,87.5,North East England
2021-05-13 03:00:00,5,3,84.5,North East England
2021-05-13 04:00:00,5,4,101.0,North East England
2021-05-13 05:00:00,5,5,124.5,North East England
2021-05-13 06:00:00,5,6,142.5,North East England
2021-05-13 07:00:00,5,7,147.0,North East England
2021-05-13 08:00:00,5,8,150.5,North East England
2021-05-13 09:00:00,5,9,149.0,North East England
2021-05-13 10:00:00,5,10,146.0,North East England
2021-05-13 11:00:00,5,11,146.0,North East England
2021-05-13 12:00:00,5,12,144.5,North East England
2021-05-13 13:00:00,5,13,143.5,North East England
2021-05-13 14:00:00,5,14,140.5,North East England
2021-05-13 15:00:00,5,15,140.0,North East England
2021-05-13 16:00:00,5,16,140.0,North East England
2021-05-13 17:00:00,5,17,141.5,North East England
2021-05-13 18:00:00,5,18,143.5,North East England
2021-05-13 19:00:00,5,19,144.0,North East England
2021-05-13 20:00:00,5,20,140.5,North East England
2021-05-13 21:00:00,5,21,124.5,North East England
2021-05-13 22:00:00,5,22,104.5,North East England
2021-05-13 23:00:00,5,23,97.0,North East England
2021-05-14 00:00:00,5,0,96.0,North East England
2021-05-14 01:00:00,5,1,94.5,North East England
2021-05-14 02:00:00,5,2,86.0,North East England
2021-05-14 03:00:00,5,3,79.0,North East England
2021-05-14 04:00:00,5,4,88.5,North East England
2021-05-14 05:00:00,5,5,112.0,North East England
2021-05-14 06:00:00,5,6,141.5,North East England
2021-05-14 07:00:00,5,7,148.0,North East England
2021-05-14 08:00:00,5,8,147.5,North East England
2021-05-14 09:00:00,5,9,150.0,North East England
2021-05-14 10:00:00,5,10,150.0,North East England
2021-05-14 11:00:00,5,11,150.0,North East England
2021-05-14 12:00:00,5,12,153.0,North East England
2021-05-14 13:00:00,5,13,154.5,North East England
2021-05-14 14:00:00,5,14,154.5,North East England
2021-05-14 15:00:00,5,15,151.5,North East England
2021-05-14 16:00:00,5,16,150.0,North East England
2021-05-14 17:00:00,5,17,151.0,North East England
2021-05-14 18:00:00,5,18,151.5,North East England
2021-05-14 19:00:00,5,19,154.0,North East England
2021-05-14 20:00:00,5,20,152.0,North East England
2021-05-14 21:00:00,5,21,132.5,North East England
2021-05-14 22:00:00,5,22,122.5,North East England
2021-05-14 23:00:00,5,23,114.5,North East England
2021-05-15 00:00:00,5,0,110.0,North East England
2021-05-15 01:00:00,5,1,112.0,North East England
2021-05-15 02:00:00,5,2,113.0,North East England
2021-05-15 03:00:00,5,3,110.5,North East England
2021-05-15 04:00:00,5,4,109.5,North East England
2021-05-15 05:00:00,5,5,108.5,North East England
2021-05-15 06:00:00,5,6,112.5,North East England
2021-05-15 07:00:00,5,7,116.5,North East England
2021-05-15 08:00:00,5,8,118.0,North East England
2021-05-15 09:00:00,5,9,119.0,North East England
2021-05-15 10:00:00,5,10,119.5,North East England
2021-05-15 11:00:00,5,11,125.0,North East England
2021-05-15 12:00:00,5,12,121.0,North East England
2021-05-15 13:00:00,5,13,124.0,North East England
2021-05-15 14:00:00,5,14,123.5,North East England
2021-05-15 15:00:00,5,15,137.5,North East England
2021-05-15 16:00:00,5,16,151.0,North East England
2021-05-15 17:00:00,5,17,152.0,North East England
2021-05-15 18:00:00,5,18,148.5,North East England
2021-05-15 19:00:00,5,19,146.0,North East England
2021-05-15 20:00:00,5,20,144.0,North East England
2021-05-15 21:00:00,5,21,125.0,North East England
2021-05-15 22:00:00,5,22,118.5,North East England
2021-05-15 23:00:00,5,23,115.5,North East England
2021-05-16 00:00:00,5,0,112.5,North East England
2021-05-16 01:00:00,5,1,111.5,North East England
2021-05-16 02:00:00,5,2,107.5,North East England
2021-05-16 03:00:00,5,3,105.5,North East England
2021-05-16 04:00:00,5,4,91.5,North East England
2021-05-16 05:00:00,5,5,95.5,North East England
2021-05-16 06:00:00,5,6,102.5,North East England
2021-05-16 07:00:00,5,7,105.0,North East England
2021-05-16 08:00:00,5,8,122.5,North East England
2021-05-16 09:00:00,5,9,122.5,North East England
2021-05-16 10:00:00,5,10,128.0,North East England
2021-05-16 11:00:00,5,11,129.5,North East England
2021-05-16 12:00:00,5,12,131.5,North East England
2021-05-16 13:00:00,5,13,129.5,North East England
2021-05-16 14:00:00,5,14,123.0,North East England
2021-05-16 15:00:00,5,15,127.5,North East England
2021-05-16 16:00:00,5,16,133.0,North East England
2021-05-16 17:00:00,5,17,136.0,North East England
2021-05-16 18:00:00,5,18,134.0,North East England
2021-05-16 19:00:00,5,19,132.5,North East England
2021-05-16 20:00:00,5,20,133.5,North East England
2021-05-16 21:00:00,5,21,118.0,North East England
2021-05-16 22:00:00,5,22,102.5,North East England
2021-05-16 23:00:00,5,23,99.0,North East England
2021-05-17 00:00:00,5,0,103.0,North East England
2021-05-17 01:00:00,5,1,99.0,North East England
2021-05-17 02:00:00,5,2,96.5,North East England
2021-05-17 03:00:00,5,3,96.0,North East England
2021-05-17 04:00:00,5,4,104.5,North East England
2021-05-17 05:00:00,5,5,140.5,North East England
2021-05-17 06:00:00,5,6,144.5,North East England
2021-05-17 07:00:00,5,7,152.5,North East England
2021-05-17 08:00:00,5,8,158.0,North East England
2021-05-17 09:00:00,5,9,155.5,North East England
2021-05-17 10:00:00,5,10,158.5,North East England
2021-05-17 11:00:00,5,11,158.0,North East England
2021-05-17 12:00:00,5,12,157.0,North East England
2021-05-17 13:00:00,5,13,154.0,North East England
2021-05-17 14:00:00,5,14,159.0,North East England
2021-05-17 15:00:00,5,15,174.0,North East England
2021-05-17 16:00:00,5,16,178.5,North East England
2021-05-17 17:00:00,5,17,182.0,North East England
2021-05-17 18:00:00,5,18,184.5,North East England
2021-05-17 19:00:00,5,19,182.5,North East England
2021-05-17 20:00:00,5,20,178.0,North East England
2021-05-17 21:00:00,5,21,153.5,North East England
2021-05-17 22:00:00,5,22,150.5,North East England
2021-05-17 23:00:00,5,23,139.0,North East England
2021-05-18 00:00:00,5,0,136.0,North East England
2021-05-18 01:00:00,5,1,127.5,North East England
2021-05-18 02:00:00,5,2,124.5,North East England
2021-05-18 03:00:00,5,3,126.0,North East England
2021-05-18 04:00:00,5,4,136.0,North East England
2021-05-18 05:00:00,5,5,155.5,North East England
2021-05-18 06:00:00,5,6,160.5,North East England
2021-05-18 07:00:00,5,7,163.5,North East England
2021-05-18 08:00:00,5,8,160.5,North East England
2021-05-18 09:00:00,5,9,160.0,North East England
2021-05-18 10:00:00,5,10,164.5,North East England
2021-05-18 11:00:00,5,11,165.5,North East England
2021-05-18 12:00:00,5,12,160.0,North East England
2021-05-18 13:00:00,5,13,161.0,North East England
2021-05-18 14:00:00,5,14,169.5,North East England
2021-05-18 15:00:00,5,15,179.0,North East England
2021-05-18 16:00:00,5,16,180.0,North East England
2021-05-18 17:00:00,5,17,184.5,North East England
2021-05-18 18:00:00,5,18,192.5,North East England
2021-05-18 19:00:00,5,19,202.0,North East England
2021-05-18 20:00:00,5,20,185.0,North East England
2021-05-18 21:00:00,5,21,160.0,North East England
2021-05-18 22:00:00,5,22,135.5,North East England
2021-05-18 23:00:00,5,23,134.5,North East England
2021-05-19 00:00:00,5,0,141.0,North East England
2021-05-19 01:00:00,5,1,142.0,North East England
2021-05-19 02:00:00,5,2,140.0,North East England
2021-05-19 03:00:00,5,3,145.0,North East England
2021-05-19 04:00:00,5,4,167.0,North East England
2021-05-19 05:00:00,5,5,164.0,North East England
2021-05-19 06:00:00,5,6,186.0,North East England
2021-05-19 07:00:00,5,7,193.0,North East England
2021-05-19 08:00:00,5,8,200.0,North East England
2021-05-19 09:00:00,5,9,199.5,North East England
2021-05-19 10:00:00,5,10,179.0,North East England
2021-05-19 11:00:00,5,11,170.0,North East England
2021-05-19 12:00:00,5,12,164.0,North East England
2021-05-19 13:00:00,5,13,158.5,North East England
2021-05-19 14:00:00,5,14,158.5,North East England
2021-05-19 15:00:00,5,15,176.5,North East England
2021-05-19 16:00:00,5,16,183.0,North East England
2021-05-19 17:00:00,5,17,192.0,North East England
2021-05-19 18:00:00,5,18,191.0,North East England
2021-05-19 19:00:00,5,19,196.5,North East England
2021-05-19 20:00:00,5,20,198.0,North East England
2021-05-19 21:00:00,5,21,180.0,North East England
2021-05-19 22:00:00,5,22,144.0,North East England
2021-05-19 23:00:00,5,23,134.5,North East England
2021-05-20 00:00:00,5,0,132.0,North East England
2021-05-20 01:00:00,5,1,131.5,North East England
2021-05-20 02:00:00,5,2,168.5,North East England
2021-05-20 03:00:00,5,3,239.5,North East England
2021-05-20 04:00:00,5,4,282.0,North East England
2021-05-20 05:00:00,5,5,215.0,North East England
2021-05-20 06:00:00,5,6,166.0,North East England
2021-05-20 07:00:00,5,7,177.5,North East England
2021-05-20 08:00:00,5,8,158.0,North East England
2021-05-20 09:00:00,5,9,136.0,North East England
2021-05-20 10:00:00,5,10,114.0,North East England
2021-05-20 11:00:00,5,11,104.5,North East England
2021-05-20 12:00:00,5,12,85.0,North East England
2021-05-20 13:00:00,5,13,75.0,North East England
2021-05-20 14:00:00,5,14,74.0,North East England
2021-05-20 15:00:00,5,15,87.0,North East England
2021-05-20 16:00:00,5,16,91.5,North East England
2021-05-20 17:00:00,5,17,88.5,North East England
2021-05-20 18:00:00,5,18,84.5,North East England
2021-05-20 19:00:00,5,19,67.5,North East England
2021-05-20 20:00:00,5,20,57.0,North East England
2021-05-20 21:00:00,5,21,54.0,North East England
2021-05-20 22:00:00,5,22,61.0,North East England
2021-05-20 23:00:00,5,23,66.0,North East England
2021-05-21 00:00:00,5,0,66.0,North East England
2021-05-21 01:00:00,5,1,65.0,North East England
2021-05-21 02:00:00,5,2,56.5,North East England
2021-05-21 03:00:00,5,3,61.0,North East England
2021-05-21 04:00:00,5,4,71.0,North East England
2021-05-21 05:00:00,5,5,94.0,North East England
2021-05-21 06:00:00,5,6,66.0,North East England
2021-05-21 07:00:00,5,7,69.5,North East England
2021-05-21 08:00:00,5,8,65.5,North East England
2021-05-21 09:00:00,5,9,82.0,North East England
2021-05-21 10:00:00,5,10,79.5,North East England
2021-05-21 11:00:00,5,11,75.5,North East England
2021-05-21 12:00:00,5,12,74.0,North East England
2021-05-21 13:00:00,5,13,62.0,North East England
2021-05-21 14:00:00,5,14,68.5,North East England
2021-05-21 15:00:00,5,15,73.5,North East England
2021-05-21 16:00:00,5,16,88.0,North East England
2021-05-21 17:00:00,5,17,92.5,North East England
2021-05-21 18:00:00,5,18,90.0,North East England
2021-05-21 19:00:00,5,19,79.0,North East England
2021-05-21 20:00:00,5,20,62.5,North East England
2021-05-21 21:00:00,5,21,56.5,North East England
2021-05-21 22:00:00,5,22,39.0,North East England
2021-05-21 23:00:00,5,23,41.0,North East England
2021-05-22 00:00:00,5,0,41.5,North East England
2021-05-22 01:00:00,5,1,47.5,North East England
2021-05-22 02:00:00,5,2,51.0,North East England
2021-05-22 03:00:00,5,3,54.0,North East England
2021-05-22 04:00:00,5,4,64.0,North East England
2021-05-22 05:00:00,5,5,80.0,North East England
2021-05-22 06:00:00,5,6,80.5,North East England
2021-05-22 07:00:00,5,7,106.5,North East England
2021-05-22 08:00:00,5,8,107.0,North East England
2021-05-22 09:00:00,5,9,120.0,North East England
2021-05-22 10:00:00,5,10,129.5,North East England
2021-05-22 11:00:00,5,11,139.5,North East England
2021-05-22 12:00:00,5,12,136.0,North East England
2021-05-22 13:00:00,5,13,124.5,North East England
2021-05-22 14:00:00,5,14,120.5,North East England
2021-05-22 15:00:00,5,15,119.0,North East England
2021-05-22 16:00:00,5,16,133.5,North East England
2021-05-22 17:00:00,5,17,142.5,North East England
2021-05-22 18:00:00,5,18,144.0,North East England
2021-05-22 19:00:00,5,19,144.0,North East England
2021-05-22 20:00:00,5,20,139.5,North East England
2021-05-22 21:00:00,5,21,125.5,North East England
2021-05-22 22:00:00,5,22,115.0,North East England
2021-05-22 23:00:00,5,23,102.5,North East England
2021-05-23 00:00:00,5,0,100.5,North East England
2021-05-23 01:00:00,5,1,79.5,North East England
2021-05-23 02:00:00,5,2,77.5,North East England
2021-05-23 03:00:00,5,3,79.0,North East England
2021-05-23 04:00:00,5,4,75.5,North East England
2021-05-23 05:00:00,5,5,70.5,North East England
2021-05-23 06:00:00,5,6,66.0,North East England
2021-05-23 07:00:00,5,7,69.5,North East England
2021-05-23 08:00:00,5,8,70.5,North East England
2021-05-23 09:00:00,5,9,59.0,North East England
2021-05-23 10:00:00,5,10,56.5,North East England
2021-05-23 11:00:00,5,11,51.0,North East England
2021-05-23 12:00:00,5,12,45.0,North East England
2021-05-23 13:00:00,5,13,40.5,North East England
2021-05-23 14:00:00,5,14,42.0,North East England
2021-05-23 15:00:00,5,15,50.5,North East England
2021-05-23 16:00:00,5,16,59.5,North East England
2021-05-23 17:00:00,5,17,71.0,North East England
2021-05-23 18:00:00,5,18,72.0,North East England
2021-05-23 19:00:00,5,19,68.5,North East England
2021-05-23 20:00:00,5,20,63.5,North East England
2021-05-23 21:00:00,5,21,56.0,North East England
2021-05-23 22:00:00,5,22,64.5,North East England
2021-05-23 23:00:00,5,23,53.0,North East England
2021-05-24 00:00:00,5,0,54.0,North East England
2021-05-24 01:00:00,5,1,62.5,North East England
2021-05-24 02:00:00,5,2,63.5,North East England
2021-05-24 03:00:00,5,3,66.0,North East England
2021-05-24 04:00:00,5,4,78.5,North East England
2021-05-24 05:00:00,5,5,100.0,North East England
2021-05-24 06:00:00,5,6,108.5,North East England
2021-05-24 07:00:00,5,7,114.0,North East England
2021-05-24 08:00:00,5,8,112.0,North East England
2021-05-24 09:00:00,5,9,103.0,North East England
2021-05-24 10:00:00,5,10,99.0,North East England
2021-05-24 11:00:00,5,11,96.0,North East England
2021-05-24 12:00:00,5,12,92.0,North East England
2021-05-24 13:00:00,5,13,83.5,North East England
2021-05-24 14:00:00,5,14,90.0,North East England
2021-05-24 15:00:00,5,15,101.0,North East England
2021-05-24 16:00:00,5,16,109.5,North East England
2021-05-24 17:00:00,5,17,120.0,North East England
2021-05-24 18:00:00,5,18,134.0,North East England
2021-05-24 19:00:00,5,19,137.5,North East England
2021-05-24 20:00:00,5,20,119.5,North East England
2021-05-24 21:00:00,5,21,101.5,North East England
2021-05-24 22:00:00,5,22,112.5,North East England
2021-05-24 23:00:00,5,23,107.5,North East England
2021-05-25 00:00:00,5,0,93.5,North East England
2021-05-25 01:00:00,5,1,70.0,North East England
2021-05-25 02:00:00,5,2,60.0,North East England
2021-05-25 03:00:00,5,3,64.0,North East England
2021-05-25 04:00:00,5,4,72.0,North East England
2021-05-25 05:00:00,5,5,86.0,North East England
2021-05-25 06:00:00,5,6,105.0,North East England
2021-05-25 07:00:00,5,7,104.0,North East England
2021-05-25 08:00:00,5,8,108.0,North East England
2021-05-25 09:00:00,5,9,111.0,North East England
2021-05-25 10:00:00,5,10,115.0,North East England
2021-05-25 11:00:00,5,11,117.5,North East England
2021-05-25 12:00:00,5,12,114.5,North East England
2021-05-25 13:00:00,5,13,118.0,North East England
2021-05-25 14:00:00,5,14,136.5,North East England
2021-05-25 15:00:00,5,15,141.0,North East England
2021-05-25 16:00:00,5,16,149.5,North East England
2021-05-25 17:00:00,5,17,147.5,North East England
2021-05-25 18:00:00,5,18,145.5,North East England
2021-05-25 19:00:00,5,19,144.0,North East England
2021-05-25 20:00:00,5,20,143.0,North East England
2021-05-25 21:00:00,5,21,122.5,North East England
2021-05-25 22:00:00,5,22,118.5,North East England
2021-05-25 23:00:00,5,23,115.5,North East England
2021-05-26 00:00:00,5,0,122.0,North East England
2021-05-26 01:00:00,5,1,120.0,North East England
2021-05-26 02:00:00,5,2,110.0,North East England
2021-05-26 03:00:00,5,3,106.5,North East England
2021-05-26 04:00:00,5,4,114.0,North East England
2021-05-26 05:00:00,5,5,125.5,North East England
2021-05-26 06:00:00,5,6,131.5,North East England
2021-05-26 07:00:00,5,7,128.5,North East England
2021-05-26 08:00:00,5,8,124.0,North East England
2021-05-26 09:00:00,5,9,128.0,North East England
2021-05-26 10:00:00,5,10,128.0,North East England
2021-05-26 11:00:00,5,11,124.5,North East England
2021-05-26 12:00:00,5,12,124.0,North East England
2021-05-26 13:00:00,5,13,121.0,North East England
2021-05-26 14:00:00,5,14,121.5,North East England
2021-05-26 15:00:00,5,15,140.0,North East England
2021-05-26 16:00:00,5,16,144.5,North East England
2021-05-26 17:00:00,5,17,147.5,North East England
2021-05-26 18:00:00,5,18,154.0,North East England
2021-05-26 19:00:00,5,19,155.5,North East England
2021-05-26 20:00:00,5,20,158.5,North East England
2021-05-26 21:00:00,5,21,140.5,North East England
2021-05-26 22:00:00,5,22,133.5,North East England
2021-05-26 23:00:00,5,23,117.5,North East England
2021-05-27 00:00:00,5,0,115.0,North East England
2021-05-27 01:00:00,5,1,114.0,North East England
2021-05-27 02:00:00,5,2,118.5,North East England
2021-05-27 03:00:00,5,3,123.0,North East England
2021-05-27 04:00:00,5,4,128.5,North East England
2021-05-27 05:00:00,5,5,122.0,North East England
2021-05-27 06:00:00,5,6,144.0,North East England
2021-05-27 07:00:00,5,7,153.0,North East England
2021-05-27 08:00:00,5,8,150.0,North East England
2021-05-27 09:00:00,5,9,149.0,North East England
2021-05-27 10:00:00,5,10,137.5,North East England
2021-05-27 11:00:00,5,11,136.5,North East England
2021-05-27 12:00:00,5,12,132.0,North East England
2021-05-27 13:00:00,5,13,125.5,North East England
2021-05-27 14:00:00,5,14,133.5,North East England
2021-05-27 15:00:00,5,15,157.0,North East England
2021-05-27 16:00:00,5,16,160.5,North East England
2021-05-27 17:00:00,5,17,162.5,North East England
2021-05-27 18:00:00,5,18,162.0,North East England
2021-05-27 19:00:00,5,19,164.5,North East England
2021-05-27 20:00:00,5,20,165.5,North East England
2021-05-27 21:00:00,5,21,146.0,North East England
2021-05-27 22:00:00,5,22,136.5,North East England
2021-05-27 23:00:00,5,23,127.5,North East England
2021-05-28 00:00:00,5,0,121.5,North East England
2021-05-28 01:00:00,5,1,128.0,North East England
2021-05-28 02:00:00,5,2,143.5,North East England
2021-05-28 03:00:00,5,3,144.5,North East England
2021-05-28 04:00:00,5,4,149.0,North East England
2021-05-28 05:00:00,5,5,155.0,North East England
2021-05-28 06:00:00,5,6,174.0,North East England
2021-05-28 07:00:00,5,7,174.5,North East England
2021-05-28 08:00:00,5,8,166.5,North East England
2021-05-28 09:00:00,5,9,160.5,North East England
2021-05-28 10:00:00,5,10,154.0,North East England
2021-05-28 11:00:00,5,11,154.5,North East England
2021-05-28 12:00:00,5,12,134.0,North East England
2021-05-28 13:00:00,5,13,137.0,North East England
2021-05-28 14:00:00,5,14,139.5,North East England
2021-05-28 15:00:00,5,15,145.0,North East England
2021-05-28 16:00:00,5,16,149.5,North East England
2021-05-28 17:00:00,5,17,152.0,North East England
2021-05-28 18:00:00,5,18,152.5,North East England
2021-05-28 19:00:00,5,19,155.5,North East England
2021-05-28 20:00:00,5,20,150.5,North East England
2021-05-28 21:00:00,5,21,133.0,North East England
2021-05-28 22:00:00,5,22,142.5,North East England
2021-05-28 23:00:00,5,23,135.0,North East England
2021-05-29 00:00:00,5,0,137.0,North East England
2021-05-29 01:00:00,5,1,126.0,North East England
2021-05-29 02:00:00,5,2,118.5,North East England
2021-05-29 03:00:00,5,3,115.0,North East England
2021-05-29 04:00:00,5,4,114.0,North East England
2021-05-29 05:00:00,5,5,115.0,North East England
2021-05-29 06:00:00,5,6,117.0,North East England
2021-05-29 07:00:00,5,7,112.5,North East England
2021-05-29 08:00:00,5,8,114.0,North East England
2021-05-29 09:00:00,5,9,113.5,North East England
2021-05-29 10:00:00,5,10,111.5,North East England
2021-05-29 11:00:00,5,11,104.5,North East England
2021-05-29 12:00:00,5,12,121.5,North East England
2021-05-29 13:00:00,5,13,113.0,North East England
2021-05-29 14:00:00,5,14,115.5,North East England
2021-05-29 15:00:00,5,15,125.0,North East England
2021-05-29 16:00:00,5,16,127.5,North East England
2021-05-29 17:00:00,5,17,109.0,North East England
2021-05-29 18:00:00,5,18,136.5,North East England
2021-05-29 19:00:00,5,19,143.0,North East England
2021-05-29 20:00:00,5,20,139.0,North East England
2021-05-29 21:00:00,5,21,138.5,North East England
2021-05-29 22:00:00,5,22,97.5,North East England
2021-05-29 23:00:00,5,23,103.5,North East England
2021-05-30 00:00:00,5,0,94.0,North East England
2021-05-30 01:00:00,5,1,102.5,North East England
2021-05-30 02:00:00,5,2,107.5,North East England
2021-05-30 03:00:00,5,3,104.5,North East England
2021-05-30 04:00:00,5,4,108.0,North East England
2021-05-30 05:00:00,5,5,104.5,North East England
2021-05-30 06:00:00,5,6,98.0,North East England
2021-05-30 07:00:00,5,7,100.0,North East England
2021-05-30 08:00:00,5,8,95.0,North East England
2021-05-30 09:00:00,5,9,95.5,North East England
2021-05-30 10:00:00,5,10,85.0,North East England
2021-05-30 11:00:00,5,11,82.0,North East England
2021-05-30 12:00:00,5,12,75.0,North East England
2021-05-30 13:00:00,5,13,66.5,North East England
2021-05-30 14:00:00,5,14,67.5,North East England
2021-05-30 15:00:00,5,15,71.0,North East England
2021-05-30 16:00:00,5,16,76.5,North East England
2021-05-30 17:00:00,5,17,85.5,North East England
2021-05-30 18:00:00,5,18,83.5,North East England
2021-05-30 19:00:00,5,19,86.0,North East England
2021-05-30 20:00:00,5,20,93.0,North East England
2021-05-30 21:00:00,5,21,90.5,North East England
2021-05-30 22:00:00,5,22,97.5,North East England
2021-05-30 23:00:00,5,23,94.0,North East England
2021-05-31 00:00:00,5,0,89.0,North East England
2021-05-31 01:00:00,5,1,85.5,North East England
2021-05-31 02:00:00,5,2,85.5,North East England
2021-05-31 03:00:00,5,3,93.0,North East England
2021-05-31 04:00:00,5,4,102.5,North East England
2021-05-31 05:00:00,5,5,108.0,North East England
2021-05-31 06:00:00,5,6,98.0,North East England
2021-05-31 07:00:00,5,7,97.5,North East England
2021-05-31 08:00:00,5,8,107.0,North East England
2021-05-31 09:00:00,5,9,100.5,North East England
2021-05-31 10:00:00,5,10,93.5,North East England
2021-05-31 11:00:00,5,11,96.5,North East England
2021-05-31 12:00:00,5,12,103.5,North East England
2021-05-31 13:00:00,5,13,106.0,North East England
2021-05-31 14:00:00,5,14,106.5,North East England
2021-05-31 15:00:00,5,15,118.0,North East England
2021-05-31 16:00:00,5,16,110.0,North East England
2021-05-31 17:00:00,5,17,101.0,North East England
2021-05-31 18:00:00,5,18,103.0,North East England
2021-05-31 19:00:00,5,19,99.0,North East England
2021-05-31 20:00:00,5,20,96.0,North East England
2021-05-31 21:00:00,5,21,95.0,North East England
2021-05-31 22:00:00,5,22,86.5,North East England
2021-05-31 23:00:00,5,23,92.0,North East England
2021-06-01 00:00:00,6,0,104.0,North East England
2021-06-01 01:00:00,6,1,87.0,North East England
2021-06-01 02:00:00,6,2,111.5,North East England
2021-06-01 03:00:00,6,3,121.0,North East England
2021-06-01 04:00:00,6,4,118.0,North East England
2021-06-01 05:00:00,6,5,149.0,North East England
2021-06-01 06:00:00,6,6,149.0,North East England
2021-06-01 07:00:00,6,7,143.5,North East England
2021-06-01 08:00:00,6,8,136.5,North East England
2021-06-01 09:00:00,6,9,129.0,North East England
2021-06-01 10:00:00,6,10,121.5,North East England
2021-06-01 11:00:00,6,11,118.0,North East England
2021-06-01 12:00:00,6,12,114.0,North East England
2021-06-01 13:00:00,6,13,108.5,North East England
2021-06-01 14:00:00,6,14,106.5,North East England
2021-06-01 15:00:00,6,15,105.5,North East England
2021-06-01 16:00:00,6,16,96.0,North East England
2021-06-01 17:00:00,6,17,93.5,North East England
2021-06-01 18:00:00,6,18,94.0,North East England
2021-06-01 19:00:00,6,19,86.0,North East England
2021-06-01 20:00:00,6,20,81.0,North East England
2021-06-01 21:00:00,6,21,75.0,North East England
2021-06-01 22:00:00,6,22,80.0,North East England
2021-06-01 23:00:00,6,23,126.0,North East England
2021-06-02 00:00:00,6,0,141.5,North East England
2021-06-02 01:00:00,6,1,148.5,North East England
2021-06-02 02:00:00,6,2,152.5,North East England
2021-06-02 03:00:00,6,3,160.5,North East England
2021-06-02 04:00:00,6,4,160.0,North East England
2021-06-02 05:00:00,6,5,85.5,North East England
2021-06-02 06:00:00,6,6,86.0,North East England
2021-06-02 07:00:00,6,7,79.5,North East England
2021-06-02 08:00:00,6,8,85.5,North East England
2021-06-02 09:00:00,6,9,83.5,North East England
2021-06-02 10:00:00,6,10,85.5,North East England
2021-06-02 11:00:00,6,11,83.0,North East England
2021-06-02 12:00:00,6,12,81.5,North East England
2021-06-02 13:00:00,6,13,81.5,North East England
2021-06-02 14:00:00,6,14,82.5,North East England
2021-06-02 15:00:00,6,15,100.5,North East England
2021-06-02 16:00:00,6,16,115.0,North East England
2021-06-02 17:00:00,6,17,132.0,North East England
2021-06-02 18:00:00,6,18,140.5,North East England
2021-06-02 19:00:00,6,19,142.0,North East England
2021-06-02 20:00:00,6,20,149.5,North East England
2021-06-02 21:00:00,6,21,161.0,North East England
2021-06-02 22:00:00,6,22,124.0,North East England
2021-06-02 23:00:00,6,23,91.5,North East England
2021-06-03 00:00:00,6,0,79.0,North East England
2021-06-03 01:00:00,6,1,68.5,North East England
2021-06-03 02:00:00,6,2,65.5,North East England
2021-06-03 03:00:00,6,3,109.5,North East England
2021-06-03 04:00:00,6,4,152.5,North East England
2021-06-03 05:00:00,6,5,161.0,North East England
2021-06-03 06:00:00,6,6,130.5,North East England
2021-06-03 07:00:00,6,7,116.5,North East England
2021-06-03 08:00:00,6,8,110.5,North East England
2021-06-03 09:00:00,6,9,99.5,North East England
2021-06-03 10:00:00,6,10,98.0,North East England
2021-06-03 11:00:00,6,11,99.5,North East England
2021-06-03 12:00:00,6,12,102.0,North East England
2021-06-03 13:00:00,6,13,115.0,North East England
2021-06-03 14:00:00,6,14,101.0,North East England
2021-06-03 15:00:00,6,15,105.5,North East England
2021-06-03 16:00:00,6,16,117.0,North East England
2021-06-03 17:00:00,6,17,114.5,North East England
2021-06-03 18:00:00,6,18,115.5,North East England
2021-06-03 19:00:00,6,19,116.5,North East England
2021-06-03 20:00:00,6,20,125.5,North East England
2021-06-03 21:00:00,6,21,140.5,North East England
2021-06-03 22:00:00,6,22,109.5,North East England
2021-06-03 23:00:00,6,23,100.0,North East England
2021-06-04 00:00:00,6,0,87.5,North East England
2021-06-04 01:00:00,6,1,87.5,North East England
2021-06-04 02:00:00,6,2,83.5,North East England
2021-06-04 03:00:00,6,3,98.0,North East England
2021-06-04 04:00:00,6,4,129.5,North East England
2021-06-04 05:00:00,6,5,139.0,North East England
2021-06-04 06:00:00,6,6,115.0,North East England
2021-06-04 07:00:00,6,7,119.0,North East England
2021-06-04 08:00:00,6,8,123.5,North East England
2021-06-04 09:00:00,6,9,127.5,North East England
2021-06-04 10:00:00,6,10,130.0,North East England
2021-06-04 11:00:00,6,11,130.0,North East England
2021-06-04 12:00:00,6,12,129.5,North East England
2021-06-04 13:00:00,6,13,127.0,North East England
2021-06-04 14:00:00,6,14,123.0,North East England
2021-06-04 15:00:00,6,15,124.5,North East England
2021-06-04 16:00:00,6,16,124.5,North East England
2021-06-04 17:00:00,6,17,129.0,North East England
2021-06-04 18:00:00,6,18,131.5,North East England
2021-06-04 19:00:00,6,19,126.5,North East England
2021-06-04 20:00:00,6,20,123.0,North East England
2021-06-04 21:00:00,6,21,121.0,North East England
2021-06-04 22:00:00,6,22,103.5,North East England
2021-06-04 23:00:00,6,23,101.0,North East England
2021-06-05 00:00:00,6,0,98.0,North East England
2021-06-05 01:00:00,6,1,94.5,North East England
2021-06-05 02:00:00,6,2,88.0,North East England
2021-06-05 03:00:00,6,3,85.0,North East England
2021-06-05 04:00:00,6,4,88.5,North East England
2021-06-05 05:00:00,6,5,92.0,North East England
2021-06-05 06:00:00,6,6,92.0,North East England
2021-06-05 07:00:00,6,7,109.0,North East England
2021-06-05 08:00:00,6,8,111.0,North East England
2021-06-05 09:00:00,6,9,104.0,North East England
2021-06-05 10:00:00,6,10,107.5,North East England
2021-06-05 11:00:00,6,11,104.5,North East England
2021-06-05 12:00:00,6,12,100.5,North East England
2021-06-05 13:00:00,6,13,101.0,North East England
2021-06-05 14:00:00,6,14,110.0,North East England
2021-06-05 15:00:00,6,15,114.5,North East England
2021-06-05 16:00:00,6,16,114.0,North East England
2021-06-05 17:00:00,6,17,110.0,North East England
2021-06-05 18:00:00,6,18,104.0,North East England
2021-06-05 19:00:00,6,19,92.0,North East England
2021-06-05 20:00:00,6,20,94.0,North East England
2021-06-05 21:00:00,6,21,91.0,North East England
2021-06-05 22:00:00,6,22,81.0,North East England
2021-06-05 23:00:00,6,23,66.7,North East England
2021-06-06 00:00:00,6,0,69.0,North East England
2021-06-06 01:00:00,6,1,71.0,North East England
2021-06-06 02:00:00,6,2,61.5,North East England
2021-06-06 03:00:00,6,3,61.5,North East England
2021-06-06 04:00:00,6,4,58.5,North East England
2021-06-06 05:00:00,6,5,59.5,North East England
2021-06-06 06:00:00,6,6,65.0,North East England
2021-06-06 07:00:00,6,7,69.0,North East England
2021-06-06 08:00:00,6,8,75.5,North East England
2021-06-06 09:00:00,6,9,83.0,North East England
2021-06-06 10:00:00,6,10,87.0,North East England
2021-06-06 11:00:00,6,11,86.5,North East England
2021-06-06 12:00:00,6,12,82.5,North East England
2021-06-06 13:00:00,6,13,86.0,North East England
2021-06-06 14:00:00,6,14,74.5,North East England
2021-06-06 15:00:00,6,15,82.5,North East England
2021-06-06 16:00:00,6,16,90.5,North East England
2021-06-06 17:00:00,6,17,99.0,North East England
2021-06-06 18:00:00,6,18,97.5,North East England
2021-06-06 19:00:00,6,19,95.0,North East England
2021-06-06 20:00:00,6,20,88.0,North East England
2021-06-06 21:00:00,6,21,87.0,North East England
2021-06-06 22:00:00,6,22,85.5,North East England
2021-06-06 23:00:00,6,23,87.5,North East England
2021-06-07 00:00:00,6,0,70.0,North East England
2021-06-07 01:00:00,6,1,70.0,North East England
2021-06-07 02:00:00,6,2,78.5,North East England
2021-06-07 03:00:00,6,3,99.5,North East England
2021-06-07 04:00:00,6,4,154.0,North East England
2021-06-07 05:00:00,6,5,148.0,North East England
2021-06-07 06:00:00,6,6,127.5,North East England
2021-06-07 07:00:00,6,7,121.0,North East England
2021-06-07 08:00:00,6,8,122.0,North East England
2021-06-07 09:00:00,6,9,114.0,North East England
2021-06-07 10:00:00,6,10,109.0,North East England
2021-06-07 11:00:00,6,11,107.5,North East England
2021-06-07 12:00:00,6,12,119.0,North East England
2021-06-07 13:00:00,6,13,125.5,North East England
2021-06-07 14:00:00,6,14,115.0,North East England
2021-06-07 15:00:00,6,15,124.5,North East England
2021-06-07 16:00:00,6,16,127.0,North East England
2021-06-07 17:00:00,6,17,127.5,North East England
2021-06-07 18:00:00,6,18,142.5,North East England
2021-06-07 19:00:00,6,19,161.5,North East England
2021-06-07 20:00:00,6,20,166.5,North East England
2021-06-07 21:00:00,6,21,157.0,North East England
2021-06-07 22:00:00,6,22,96.0,North East England
2021-06-07 23:00:00,6,23,94.5,North East England
2021-06-08 00:00:00,6,0,105.5,North East England
2021-06-08 01:00:00,6,1,106.5,North East England
2021-06-08 02:00:00,6,2,109.5,North East England
2021-06-08 03:00:00,6,3,103.5,North East England
2021-06-08 04:00:00,6,4,121.5,North East England
2021-06-08 05:00:00,6,5,135.0,North East England
2021-06-08 06:00:00,6,6,124.0,North East England
2021-06-08 07:00:00,6,7,110.5,North East England
2021-06-08 08:00:00,6,8,102.0,North East England
2021-06-08 09:00:00,6,9,103.5,North East England
2021-06-08 10:00:00,6,10,99.5,North East England
2021-06-08 11:00:00,6,11,100.0,North East England
2021-06-08 12:00:00,6,12,93.5,North East England
2021-06-08 13:00:00,6,13,97.5,North East England
2021-06-08 14:00:00,6,14,99.5,North East England
2021-06-08 15:00:00,6,15,105.5,North East England
2021-06-08 16:00:00,6,16,116.5,North East England
2021-06-08 17:00:00,6,17,118.5,North East England
2021-06-08 18:00:00,6,18,120.5,North East England
2021-06-08 19:00:00,6,19,117.0,North East England
2021-06-08 20:00:00,6,20,132.0,North East England
2021-06-08 21:00:00,6,21,143.0,North East England
2021-06-08 22:00:00,6,22,115.0,North East England
2021-06-08 23:00:00,6,23,103.0,North East England
2021-06-09 00:00:00,6,0,102.0,North East England
2021-06-09 01:00:00,6,1,103.5,North East England
2021-06-09 02:00:00,6,2,91.0,North East England
2021-06-09 03:00:00,6,3,102.5,North East England
2021-06-09 04:00:00,6,4,134.0,North East England
2021-06-09 05:00:00,6,5,149.5,North East England
2021-06-09 06:00:00,6,6,125.5,North East England
2021-06-09 07:00:00,6,7,121.0,North East England
2021-06-09 08:00:00,6,8,119.5,North East England
2021-06-09 09:00:00,6,9,118.0,North East England
2021-06-09 10:00:00,6,10,94.5,North East England
2021-06-09 11:00:00,6,11,90.0,North East England
2021-06-09 12:00:00,6,12,87.0,North East England
2021-06-09 13:00:00,6,13,88.5,North East England
2021-06-09 14:00:00,6,14,102.5,North East England
2021-06-09 15:00:00,6,15,111.0,North East England
2021-06-09 16:00:00,6,16,108.5,North East England
2021-06-09 17:00:00,6,17,111.5,North East England
2021-06-09 18:00:00,6,18,116.0,North East England
2021-06-09 19:00:00,6,19,115.0,North East England
2021-06-09 20:00:00,6,20,124.5,North East England
2021-06-09 21:00:00,6,21,125.5,North East England
2021-06-09 22:00:00,6,22,104.5,North East England
2021-06-09 23:00:00,6,23,97.5,North East England
2021-06-10 00:00:00,6,0,82.5,North East England
2021-06-10 01:00:00,6,1,89.5,North East England
2021-06-10 02:00:00,6,2,85.0,North East England
2021-06-10 03:00:00,6,3,103.5,North East England
2021-06-10 04:00:00,6,4,127.5,North East England
2021-06-10 05:00:00,6,5,124.0,North East England
2021-06-10 06:00:00,6,6,128.5,North East England
2021-06-10 07:00:00,6,7,130.0,North East England
2021-06-10 08:00:00,6,8,133.0,North East England
2021-06-10 09:00:00,6,9,133.0,North East England
2021-06-10 10:00:00,6,10,122.5,North East England
2021-06-10 11:00:00,6,11,104.0,North East England
2021-06-10 12:00:00,6,12,112.0,North East England
2021-06-10 13:00:00,6,13,114.5,North East England
2021-06-10 14:00:00,6,14,112.5,North East England
2021-06-10 15:00:00,6,15,106.0,North East England
2021-06-10 16:00:00,6,16,100.0,North East England
2021-06-10 17:00:00,6,17,115.5,North East England
2021-06-10 18:00:00,6,18,121.0,North East England
2021-06-10 19:00:00,6,19,162.5,North East England
2021-06-10 20:00:00,6,20,201.0,North East England
2021-06-10 21:00:00,6,21,193.0,North East England
2021-06-10 22:00:00,6,22,71.5,North East England
2021-06-10 23:00:00,6,23,82.5,North East England
2021-06-11 00:00:00,6,0,110.0,North East England
2021-06-11 01:00:00,6,1,122.5,North East England
2021-06-11 02:00:00,6,2,123.0,North East England
2021-06-11 03:00:00,6,3,114.5,North East England
2021-06-11 04:00:00,6,4,114.5,North East England
2021-06-11 05:00:00,6,5,110.5,North East England
2021-06-11 06:00:00,6,6,95.0,North East England
2021-06-11 07:00:00,6,7,80.0,North East England
2021-06-11 08:00:00,6,8,78.0,North East England
2021-06-11 09:00:00,6,9,76.0,North East England
2021-06-11 10:00:00,6,10,74.0,North East England
2021-06-11 11:00:00,6,11,71.5,North East England
2021-06-11 12:00:00,6,12,65.5,North East England
2021-06-11 13:00:00,6,13,71.0,North East England
2021-06-11 14:00:00,6,14,78.0,North East England
2021-06-11 15:00:00,6,15,78.5,North East England
2021-06-11 16:00:00,6,16,97.0,North East England
2021-06-11 17:00:00,6,17,93.0,North East England
2021-06-11 18:00:00,6,18,93.5,North East England
2021-06-11 19:00:00,6,19,97.5,North East England
2021-06-11 20:00:00,6,20,96.5,North East England
2021-06-11 21:00:00,6,21,100.5,North East England
2021-06-11 22:00:00,6,22,99.0,North East England
2021-06-11 23:00:00,6,23,76.5,North East England
2021-06-12 00:00:00,6,0,72.0,North East England
2021-06-12 01:00:00,6,1,69.5,North East England
2021-06-12 02:00:00,6,2,75.0,North East England
2021-06-12 03:00:00,6,3,71.5,North East England
2021-06-12 04:00:00,6,4,67.0,North East England
2021-06-12 05:00:00,6,5,73.0,North East England
2021-06-12 06:00:00,6,6,81.0,North East England
2021-06-12 07:00:00,6,7,87.0,North East England
2021-06-12 08:00:00,6,8,89.5,North East England
2021-06-12 09:00:00,6,9,87.5,North East England
2021-06-12 10:00:00,6,10,77.0,North East England
2021-06-12 11:00:00,6,11,69.5,North East England
2021-06-12 12:00:00,6,12,65.5,North East England
2021-06-12 13:00:00,6,13,62.0,North East England
2021-06-12 14:00:00,6,14,57.5,North East England
2021-06-12 15:00:00,6,15,60.5,North East England
2021-06-12 16:00:00,6,16,77.0,North East England
2021-06-12 17:00:00,6,17,88.0,North East England
2021-06-12 18:00:00,6,18,92.0,North East England
2021-06-12 19:00:00,6,19,90.5,North East England
2021-06-12 20:00:00,6,20,89.0,North East England
2021-06-12 21:00:00,6,21,105.5,North East England
2021-06-12 22:00:00,6,22,89.0,North East England
2021-06-12 23:00:00,6,23,83.0,North East England
2021-06-13 00:00:00,6,0,85.0,North East England
2021-06-13 01:00:00,6,1,81.0,North East England
2021-06-13 02:00:00,6,2,78.0,North East England
2021-06-13 03:00:00,6,3,77.0,North East England
2021-06-13 04:00:00,6,4,82.0,North East England
2021-06-13 05:00:00,6,5,71.0,North East England
2021-06-13 06:00:00,6,6,72.0,North East England
2021-06-13 07:00:00,6,7,88.0,North East England
2021-06-13 08:00:00,6,8,88.0,North East England
2021-06-13 09:00:00,6,9,63.0,North East England
2021-06-13 10:00:00,6,10,60.0,North East England
2021-06-13 11:00:00,6,11,52.5,North East England
2021-06-13 12:00:00,6,12,43.0,North East England
2021-06-13 13:00:00,6,13,46.0,North East England
2021-06-13 14:00:00,6,14,53.5,North East England
2021-06-13 15:00:00,6,15,57.5,North East England
2021-06-13 16:00:00,6,16,65.5,North East England
2021-06-13 17:00:00,6,17,68.0,North East England
2021-06-13 18:00:00,6,18,68.5,North East England
2021-06-13 19:00:00,6,19,78.5,North East England
2021-06-13 20:00:00,6,20,81.0,North East England
2021-06-13 21:00:00,6,21,90.5,North East England
2021-06-13 22:00:00,6,22,97.0,North East England
2021-06-13 23:00:00,6,23,71.5,North East England
2021-06-14 00:00:00,6,0,59.5,North East England
2021-06-14 01:00:00,6,1,55.0,North East England
2021-06-14 02:00:00,6,2,82.0,North East England
2021-06-14 03:00:00,6,3,107.5,North East England
2021-06-14 04:00:00,6,4,143.5,North East England
2021-06-14 05:00:00,6,5,101.0,North East England
2021-06-14 06:00:00,6,6,79.0,North East England
2021-06-14 07:00:00,6,7,75.5,North East England
2021-06-14 08:00:00,6,8,77.5,North East England
2021-06-14 09:00:00,6,9,77.0,North East England
2021-06-14 10:00:00,6,10,73.5,North East England
2021-06-14 11:00:00,6,11,71.5,North East England
2021-06-14 12:00:00,6,12,71.5,North East England
2021-06-14 13:00:00,6,13,72.0,North East England
2021-06-14 14:00:00,6,14,81.5,North East England
2021-06-14 15:00:00,6,15,101.5,North East England
2021-06-14 16:00:00,6,16,121.0,North East England
2021-06-14 17:00:00,6,17,117.0,North East England
2021-06-14 18:00:00,6,18,113.5,North East England
2021-06-14 19:00:00,6,19,115.0,North East England
2021-06-14 20:00:00,6,20,114.5,North East England
2021-06-14 21:00:00,6,21,127.0,North East England
2021-06-14 22:00:00,6,22,112.5,North East England
2021-06-14 23:00:00,6,23,114.5,North East England
2021-06-15 00:00:00,6,0,104.0,North East England
2021-06-15 01:00:00,6,1,105.0,North East England
2021-06-15 02:00:00,6,2,104.0,North East England
2021-06-15 03:00:00,6,3,101.5,North East England
2021-06-15 04:00:00,6,4,107.0,North East England
2021-06-15 05:00:00,6,5,126.5,North East England
2021-06-15 06:00:00,6,6,144.5,North East England
2021-06-15 07:00:00,6,7,130.0,North East England
2021-06-15 08:00:00,6,8,122.0,North East England
2021-06-15 09:00:00,6,9,113.0,North East England
2021-06-15 10:00:00,6,10,112.5,North East England
2021-06-15 11:00:00,6,11,122.5,North East England
2021-06-15 12:00:00,6,12,142.5,North East England
2021-06-15 13:00:00,6,13,165.0,North East England
2021-06-15 14:00:00,6,14,167.0,North East England
2021-06-15 15:00:00,6,15,154.5,North East England
2021-06-15 16:00:00,6,16,157.0,North East England
2021-06-15 17:00:00,6,17,148.0,North East England
2021-06-15 18:00:00,6,18,156.0,North East England
2021-06-15 19:00:00,6,19,185.5,North East England
2021-06-15 20:00:00,6,20,194.0,North East England
2021-06-15 21:00:00,6,21,169.0,North East England
2021-06-15 22:00:00,6,22,116.0,North East England
2021-06-15 23:00:00,6,23,116.5,North East England
2021-06-16 00:00:00,6,0,114.0,North East England
2021-06-16 01:00:00,6,1,107.5,North East England
2021-06-16 02:00:00,6,2,102.0,North East England
2021-06-16 03:00:00,6,3,92.5,North East England
2021-06-16 04:00:00,6,4,108.5,North East England
2021-06-16 05:00:00,6,5,153.5,North East England
2021-06-16 06:00:00,6,6,142.5,North East England
2021-06-16 07:00:00,6,7,124.5,North East England
2021-06-16 08:00:00,6,8,114.0,North East England
2021-06-16 09:00:00,6,9,109.0,North East England
2021-06-16 10:00:00,6,10,97.5,North East England
2021-06-16 11:00:00,6,11,98.5,North East England
2021-06-16 12:00:00,6,12,108.5,North East England
2021-06-16 13:00:00,6,13,128.0,North East England
2021-06-16 14:00:00,6,14,133.5,North East England
2021-06-16 15:00:00,6,15,115.0,North East England
2021-06-16 16:00:00,6,16,114.0,North East England
2021-06-16 17:00:00,6,17,123.5,North East England
2021-06-16 18:00:00,6,18,125.5,North East England
2021-06-16 19:00:00,6,19,117.0,North East England
2021-06-16 20:00:00,6,20,118.5,North East England
2021-06-16 21:00:00,6,21,128.0,North East England
2021-06-16 22:00:00,6,22,108.5,North East England
2021-06-16 23:00:00,6,23,106.0,North East England
2021-06-17 00:00:00,6,0,106.5,North East England
2021-06-17 01:00:00,6,1,101.0,North East England
2021-06-17 02:00:00,6,2,98.0,North East England
2021-06-17 03:00:00,6,3,91.5,North East England
2021-06-17 04:00:00,6,4,94.0,North East England
2021-06-17 05:00:00,6,5,119.0,North East England
2021-06-17 06:00:00,6,6,120.0,North East England
2021-06-17 07:00:00,6,7,125.5,North East England
2021-06-17 08:00:00,6,8,126.5,North East England
2021-06-17 09:00:00,6,9,127.0,North East England
2021-06-17 10:00:00,6,10,131.5,North East England
2021-06-17 11:00:00,6,11,135.0,North East England
2021-06-17 12:00:00,6,12,149.0,North East England
2021-06-17 13:00:00,6,13,158.5,North East England
2021-06-17 14:00:00,6,14,138.5,North East England
2021-06-17 15:00:00,6,15,134.0,North East England
2021-06-17 16:00:00,6,16,136.5,North East England
2021-06-17 17:00:00,6,17,141.0,North East England
2021-06-17 18:00:00,6,18,146.5,North East England
2021-06-17 19:00:00,6,19,164.5,North East England
2021-06-17 20:00:00,6,20,196.0,North East England
2021-06-17 21:00:00,6,21,172.5,North East England
2021-06-17 22:00:00,6,22,104.5,North East England
2021-06-17 23:00:00,6,23,105.5,North East England
2021-06-18 00:00:00,6,0,99.0,North East England
2021-06-18 01:00:00,6,1,88.0,North East England
2021-06-18 02:00:00,6,2,95.0,North East England
2021-06-18 03:00:00,6,3,105.5,North East England
2021-06-18 04:00:00,6,4,149.0,North East England
2021-06-18 05:00:00,6,5,179.0,North East England
2021-06-18 06:00:00,6,6,99.5,North East England
2021-06-18 07:00:00,6,7,97.5,North East England
2021-06-18 08:00:00,6,8,98.0,North East England
2021-06-18 09:00:00,6,9,101.0,North East England
2021-06-18 10:00:00,6,10,114.5,North East England
2021-06-18 11:00:00,6,11,128.0,North East England
2021-06-18 12:00:00,6,12,133.0,North East England
2021-06-18 13:00:00,6,13,132.0,North East England
2021-06-18 14:00:00,6,14,136.5,North East England
2021-06-18 15:00:00,6,15,122.5,North East England
2021-06-18 16:00:00,6,16,127.5,North East England
2021-06-18 17:00:00,6,17,132.0,North East England
2021-06-18 18:00:00,6,18,129.0,North East England
2021-06-18 19:00:00,6,19,112.5,North East England
2021-06-18 20:00:00,6,20,102.0,North East England
2021-06-18 21:00:00,6,21,104.0,North East England
2021-06-18 22:00:00,6,22,96.0,North East England
2021-06-18 23:00:00,6,23,74.3,North East England
2021-06-19 00:00:00,6,0,66.5,North East England
2021-06-19 01:00:00,6,1,61.5,North East England
2021-06-19 02:00:00,6,2,59.0,North East England
2021-06-19 03:00:00,6,3,67.5,North East England
2021-06-19 04:00:00,6,4,79.0,North East England
2021-06-19 05:00:00,6,5,93.5,North East England
2021-06-19 06:00:00,6,6,98.0,North East England
2021-06-19 07:00:00,6,7,97.0,North East England
2021-06-19 08:00:00,6,8,104.5,North East England
2021-06-19 09:00:00,6,9,104.5,North East England
2021-06-19 10:00:00,6,10,108.5,North East England
2021-06-19 11:00:00,6,11,117.5,North East England
2021-06-19 12:00:00,6,12,117.5,North East England
2021-06-19 13:00:00,6,13,112.0,North East England
2021-06-19 14:00:00,6,14,102.0,North East England
2021-06-19 15:00:00,6,15,101.0,North East England
2021-06-19 16:00:00,6,16,109.5,North East England
2021-06-19 17:00:00,6,17,113.5,North East England
2021-06-19 18:00:00,6,18,115.0,North East England
2021-06-19 19:00:00,6,19,100.5,North East England
2021-06-19 20:00:00,6,20,95.5,North East England
2021-06-19 21:00:00,6,21,97.0,North East England
2021-06-19 22:00:00,6,22,83.0,North East England
2021-06-19 23:00:00,6,23,68.0,North East England
2021-06-20 00:00:00,6,0,73.0,North East England
2021-06-20 01:00:00,6,1,76.5,North East England
2021-06-20 02:00:00,6,2,92.0,North East England
2021-06-20 03:00:00,6,3,88.0,North East England
2021-06-20 04:00:00,6,4,89.5,North East England
2021-06-20 05:00:00,6,5,93.5,North East England
2021-06-20 06:00:00,6,6,96.5,North East England
2021-06-20 07:00:00,6,7,96.0,North East England
2021-06-20 08:00:00,6,8,88.0,North East England
2021-06-20 09:00:00,6,9,84.5,North East England
2021-06-20 10:00:00,6,10,87.5,North East England
2021-06-20 11:00:00,6,11,81.5,North East England
2021-06-20 12:00:00,6,12,77.5,North East England
2021-06-20 13:00:00,6,13,73.5,North East England
2021-06-20 14:00:00,6,14,67.5,North East England
2021-06-20 15:00:00,6,15,65.0,North East England
2021-06-20 16:00:00,6,16,64.0,North East England
2021-06-20 17:00:00,6,17,60.0,North East England
2021-06-20 18:00:00,6,18,54.0,North East England
2021-06-20 19:00:00,6,19,53.0,North East England
2021-06-20 20:00:00,6,20,54.0,North East England
2021-06-20 21:00:00,6,21,45.0,North East England
2021-06-20 22:00:00,6,22,39.5,North East England
2021-06-20 23:00:00,6,23,39.5,North East England
2021-06-21 00:00:00,6,0,39.0,North East England
2021-06-21 01:00:00,6,1,46.0,North East England
2021-06-21 02:00:00,6,2,42.5,North East England
2021-06-21 03:00:00,6,3,39.0,North East England
2021-06-21 04:00:00,6,4,44.5,North East England
2021-06-21 05:00:00,6,5,72.5,North East England
2021-06-21 06:00:00,6,6,79.0,North East England
2021-06-21 07:00:00,6,7,94.5,North East England
2021-06-21 08:00:00,6,8,95.0,North East England
2021-06-21 09:00:00,6,9,96.5,North East England
2021-06-21 10:00:00,6,10,96.0,North East England
2021-06-21 11:00:00,6,11,94.5,North East England
2021-06-21 12:00:00,6,12,95.0,North East England
2021-06-21 13:00:00,6,13,87.0,North East England
2021-06-21 14:00:00,6,14,68.0,North East England
2021-06-21 15:00:00,6,15,67.5,North East England
2021-06-21 16:00:00,6,16,68.0,North East England
2021-06-21 17:00:00,6,17,80.0,North East England
2021-06-21 18:00:00,6,18,67.5,North East England
2021-06-21 19:00:00,6,19,64.0,North East England
2021-06-21 20:00:00,6,20,65.5,North East England
2021-06-21 21:00:00,6,21,64.0,North East England
2021-06-21 22:00:00,6,22,63.0,North East England
2021-06-21 23:00:00,6,23,65.0,North East England
2021-06-22 00:00:00,6,0,70.0,North East England
2021-06-22 01:00:00,6,1,60.0,North East England
2021-06-22 02:00:00,6,2,52.5,North East England
2021-06-22 03:00:00,6,3,49.0,North East England
2021-06-22 04:00:00,6,4,48.5,North East England
2021-06-22 05:00:00,6,5,58.5,North East England
2021-06-22 06:00:00,6,6,71.5,North East England
2021-06-22 07:00:00,6,7,83.0,North East England
2021-06-22 08:00:00,6,8,90.0,North East England
2021-06-22 09:00:00,6,9,85.5,North East England
2021-06-22 10:00:00,6,10,77.0,North East England
2021-06-22 11:00:00,6,11,77.0,North East England
2021-06-22 12:00:00,6,12,68.5,North East England
2021-06-22 13:00:00,6,13,54.5,North East England
2021-06-22 14:00:00,6,14,55.0,North East England
2021-06-22 15:00:00,6,15,57.5,North East England
2021-06-22 16:00:00,6,16,59.5,North East England
2021-06-22 17:00:00,6,17,63.0,North East England
2021-06-22 18:00:00,6,18,60.5,North East England
2021-06-22 19:00:00,6,19,60.0,North East England
2021-06-22 20:00:00,6,20,60.0,North East England
2021-06-22 21:00:00,6,21,66.5,North East England
2021-06-22 22:00:00,6,22,67.0,North East England
2021-06-22 23:00:00,6,23,59.5,North East England
2021-06-23 00:00:00,6,0,60.0,North East England
2021-06-23 01:00:00,6,1,61.0,North East England
2021-06-23 02:00:00,6,2,63.0,North East England
2021-06-23 03:00:00,6,3,65.5,North East England
2021-06-23 04:00:00,6,4,64.5,North East England
2021-06-23 05:00:00,6,5,68.5,North East England
2021-06-23 06:00:00,6,6,71.0,North East England
2021-06-23 07:00:00,6,7,85.0,North East England
2021-06-23 08:00:00,6,8,99.0,North East England
2021-06-23 09:00:00,6,9,106.5,North East England
2021-06-23 10:00:00,6,10,97.0,North East England
2021-06-23 11:00:00,6,11,114.0,North East England
2021-06-23 12:00:00,6,12,117.0,North East England
2021-06-23 13:00:00,6,13,118.0,North East England
2021-06-23 14:00:00,6,14,103.0,North East England
2021-06-23 15:00:00,6,15,98.0,North East England
2021-06-23 16:00:00,6,16,103.5,North East England
2021-06-23 17:00:00,6,17,100.0,North East England
2021-06-23 18:00:00,6,18,96.0,North East England
2021-06-23 19:00:00,6,19,87.0,North East England
2021-06-23 20:00:00,6,20,84.5,North East England
2021-06-23 21:00:00,6,21,86.0,North East England
2021-06-23 22:00:00,6,22,86.0,North East England
2021-06-23 23:00:00,6,23,87.5,North East England
2021-06-24 00:00:00,6,0,85.0,North East England
2021-06-24 01:00:00,6,1,86.0,North East England
2021-06-24 02:00:00,6,2,94.5,North East England
2021-06-24 03:00:00,6,3,91.5,North East England
2021-06-24 04:00:00,6,4,94.0,North East England
2021-06-24 05:00:00,6,5,104.0,North East England
2021-06-24 06:00:00,6,6,95.0,North East England
2021-06-24 07:00:00,6,7,90.5,North East England
2021-06-24 08:00:00,6,8,90.0,North East England
2021-06-24 09:00:00,6,9,87.5,North East England
2021-06-24 10:00:00,6,10,87.5,North East England
2021-06-24 11:00:00,6,11,93.5,North East England
2021-06-24 12:00:00,6,12,98.5,North East England
2021-06-24 13:00:00,6,13,101.0,North East England
2021-06-24 14:00:00,6,14,100.0,North East England
2021-06-24 15:00:00,6,15,98.5,North East England
2021-06-24 16:00:00,6,16,102.0,North East England
2021-06-24 17:00:00,6,17,99.0,North East England
2021-06-24 18:00:00,6,18,109.5,North East England
2021-06-24 19:00:00,6,19,139.5,North East England
2021-06-24 20:00:00,6,20,161.0,North East England
2021-06-24 21:00:00,6,21,133.0,North East England
2021-06-24 22:00:00,6,22,103.5,North East England
2021-06-24 23:00:00,6,23,90.0,North East England
2021-06-25 00:00:00,6,0,80.5,North East England
2021-06-25 01:00:00,6,1,73.5,North East England
2021-06-25 02:00:00,6,2,67.5,North East England
2021-06-25 03:00:00,6,3,75.0,North East England
2021-06-25 04:00:00,6,4,85.0,North East England
2021-06-25 05:00:00,6,5,89.5,North East England
2021-06-25 06:00:00,6,6,76.0,North East England
2021-06-25 07:00:00,6,7,79.0,North East England
2021-06-25 08:00:00,6,8,75.5,North East England
2021-06-25 09:00:00,6,9,76.0,North East England
2021-06-25 10:00:00,6,10,99.0,North East England
2021-06-25 11:00:00,6,11,101.5,North East England
2021-06-25 12:00:00,6,12,98.0,North East England
2021-06-25 13:00:00,6,13,70.0,North East England
2021-06-25 14:00:00,6,14,65.0,North East England
2021-06-25 15:00:00,6,15,59.5,North East England
2021-06-25 16:00:00,6,16,63.5,North East England
2021-06-25 17:00:00,6,17,72.0,North East England
2021-06-25 18:00:00,6,18,69.0,North East England
2021-06-25 19:00:00,6,19,76.0,North East England
2021-06-25 20:00:00,6,20,82.0,North East England
2021-06-25 21:00:00,6,21,81.0,North East England
2021-06-25 22:00:00,6,22,76.0,North East England
2021-06-25 23:00:00,6,23,81.0,North East England
2021-06-26 00:00:00,6,0,76.5,North East England
2021-06-26 01:00:00,6,1,85.5,North East England
2021-06-26 02:00:00,6,2,82.5,North East England
2021-06-26 03:00:00,6,3,82.5,North East England
2021-06-26 04:00:00,6,4,81.0,North East England
2021-06-26 05:00:00,6,5,74.5,North East England
2021-06-26 06:00:00,6,6,70.5,North East England
2021-06-26 07:00:00,6,7,64.5,North East England
2021-06-26 08:00:00,6,8,60.5,North East England
2021-06-26 09:00:00,6,9,60.5,North East England
2021-06-26 10:00:00,6,10,57.0,North East England
2021-06-26 11:00:00,6,11,57.0,North East England
2021-06-26 12:00:00,6,12,54.5,North East England
2021-06-26 13:00:00,6,13,55.0,North East England
2021-06-26 14:00:00,6,14,60.0,North East England
2021-06-26 15:00:00,6,15,66.0,North East England
2021-06-26 16:00:00,6,16,61.0,North East England
2021-06-26 17:00:00,6,17,60.5,North East England
2021-06-26 18:00:00,6,18,62.0,North East England
2021-06-26 19:00:00,6,19,62.5,North East England
2021-06-26 20:00:00,6,20,63.0,North East England
2021-06-26 21:00:00,6,21,67.0,North East England
2021-06-26 22:00:00,6,22,64.5,North East England
2021-06-26 23:00:00,6,23,60.5,North East England
2021-06-27 00:00:00,6,0,58.0,North East England
2021-06-27 01:00:00,6,1,54.0,North East England
2021-06-27 02:00:00,6,2,50.0,North East England
2021-06-27 03:00:00,6,3,53.0,North East England
2021-06-27 04:00:00,6,4,54.5,North East England
2021-06-27 05:00:00,6,5,63.5,North East England
2021-06-27 06:00:00,6,6,66.0,North East England
2021-06-27 07:00:00,6,7,66.5,North East England
2021-06-27 08:00:00,6,8,63.5,North East England
2021-06-27 09:00:00,6,9,62.0,North East England
2021-06-27 10:00:00,6,10,62.5,North East England
2021-06-27 11:00:00,6,11,61.0,North East England
2021-06-27 12:00:00,6,12,55.5,North East England
2021-06-27 13:00:00,6,13,56.5,North East England
2021-06-27 14:00:00,6,14,63.5,North East England
2021-06-27 15:00:00,6,15,67.5,North East England
2021-06-27 16:00:00,6,16,68.0,North East England
2021-06-27 17:00:00,6,17,66.5,North East England
2021-06-27 18:00:00,6,18,65.5,North East England
2021-06-27 19:00:00,6,19,68.5,North East England
2021-06-27 20:00:00,6,20,70.0,North East England
2021-06-27 21:00:00,6,21,67.0,North East England
2021-06-27 22:00:00,6,22,75.0,North East England
2021-06-27 23:00:00,6,23,70.5,North East England
2021-06-28 00:00:00,6,0,60.5,North East England
2021-06-28 01:00:00,6,1,57.5,North East England
2021-06-28 02:00:00,6,2,56.5,North East England
2021-06-28 03:00:00,6,3,59.5,North East England
2021-06-28 04:00:00,6,4,60.0,North East England
2021-06-28 05:00:00,6,5,70.5,North East England
2021-06-28 06:00:00,6,6,87.5,North East England
2021-06-28 07:00:00,6,7,84.5,North East England
2021-06-28 08:00:00,6,8,93.5,North East England
2021-06-28 09:00:00,6,9,95.0,North East England
2021-06-28 10:00:00,6,10,99.5,North East England
2021-06-28 11:00:00,6,11,101.5,North East England
2021-06-28 12:00:00,6,12,96.0,North East England
2021-06-28 13:00:00,6,13,83.0,North East England
2021-06-28 14:00:00,6,14,79.5,North East England
2021-06-28 15:00:00,6,15,86.5,North East England
2021-06-28 16:00:00,6,16,92.5,North East England
2021-06-28 17:00:00,6,17,100.0,North East England
2021-06-28 18:00:00,6,18,97.0,North East England
2021-06-28 19:00:00,6,19,97.0,North East England
2021-06-28 20:00:00,6,20,93.0,North East England
2021-06-28 21:00:00,6,21,82.0,North East England
2021-06-28 22:00:00,6,22,74.5,North East England
2021-06-28 23:00:00,6,23,69.5,North East England
2021-06-29 00:00:00,6,0,69.5,North East England
2021-06-29 01:00:00,6,1,71.5,North East England
2021-06-29 02:00:00,6,2,73.0,North East England
2021-06-29 03:00:00,6,3,68.0,North East England
2021-06-29 04:00:00,6,4,72.0,North East England
2021-06-29 05:00:00,6,5,92.0,North East England
2021-06-29 06:00:00,6,6,92.5,North East England
2021-06-29 07:00:00,6,7,86.0,North East England
2021-06-29 08:00:00,6,8,88.0,North East England
2021-06-29 09:00:00,6,9,87.0,North East England
2021-06-29 10:00:00,6,10,90.5,North East England
2021-06-29 11:00:00,6,11,92.5,North East England
2021-06-29 12:00:00,6,12,94.0,North East England
2021-06-29 13:00:00,6,13,95.5,North East England
2021-06-29 14:00:00,6,14,91.0,North East England
2021-06-29 15:00:00,6,15,91.0,North East England
2021-06-29 16:00:00,6,16,92.5,North East England
2021-06-29 17:00:00,6,17,93.0,North East England
2021-06-29 18:00:00,6,18,102.5,North East England
2021-06-29 19:00:00,6,19,102.5,North East England
2021-06-29 20:00:00,6,20,91.5,North East England
2021-06-29 21:00:00,6,21,87.5,North East England
2021-06-29 22:00:00,6,22,85.0,North East England
2021-06-29 23:00:00,6,23,81.0,North East England
2021-06-30 00:00:00,6,0,78.0,North East England
2021-06-30 01:00:00,6,1,77.0,North East England
2021-06-30 02:00:00,6,2,80.5,North East England
2021-06-30 03:00:00,6,3,85.0,North East England
2021-06-30 04:00:00,6,4,82.5,North East England
2021-06-30 05:00:00,6,5,85.0,North East England
2021-06-30 06:00:00,6,6,88.5,North East England
2021-06-30 07:00:00,6,7,90.0,North East England
2021-06-30 08:00:00,6,8,87.0,North East England
2021-06-30 09:00:00,6,9,85.5,North East England
2021-06-30 10:00:00,6,10,83.0,North East England
2021-06-30 11:00:00,6,11,85.0,North East England
2021-06-30 12:00:00,6,12,87.5,North East England
2021-06-30 13:00:00,6,13,86.5,North East England
2021-06-30 14:00:00,6,14,83.0,North East England
2021-06-30 15:00:00,6,15,80.0,North East England
2021-06-30 16:00:00,6,16,88.0,North East England
2021-06-30 17:00:00,6,17,89.5,North East England
2021-06-30 18:00:00,6,18,96.0,North East England
2021-06-30 19:00:00,6,19,97.0,North East England
2021-06-30 20:00:00,6,20,88.5,North East England
2021-06-30 21:00:00,6,21,93.5,North East England
2021-06-30 22:00:00,6,22,85.5,North East England
2021-06-30 23:00:00,6,23,78.0,North East England
2021-07-01 00:00:00,7,0,74.0,North East England
2021-07-01 01:00:00,7,1,77.5,North East England
2021-07-01 02:00:00,7,2,79.5,North East England
2021-07-01 03:00:00,7,3,78.0,North East England
2021-07-01 04:00:00,7,4,73.5,North East England
2021-07-01 05:00:00,7,5,77.5,North East England
2021-07-01 06:00:00,7,6,86.5,North East England
2021-07-01 07:00:00,7,7,93.5,North East England
2021-07-01 08:00:00,7,8,94.5,North East England
2021-07-01 09:00:00,7,9,88.0,North East England
2021-07-01 10:00:00,7,10,83.0,North East England
2021-07-01 11:00:00,7,11,78.5,North East England
2021-07-01 12:00:00,7,12,77.0,North East England
2021-07-01 13:00:00,7,13,80.5,North East England
2021-07-01 14:00:00,7,14,80.5,North East England
2021-07-01 15:00:00,7,15,79.5,North East England
2021-07-01 16:00:00,7,16,79.5,North East England
2021-07-01 17:00:00,7,17,78.0,North East England
2021-07-01 18:00:00,7,18,92.5,North East England
2021-07-01 19:00:00,7,19,94.0,North East England
2021-07-01 20:00:00,7,20,85.0,North East England
2021-07-01 21:00:00,7,21,79.5,North East England
2021-07-01 22:00:00,7,22,91.5,North East England
2021-07-01 23:00:00,7,23,85.7,North East England
2021-07-02 00:00:00,7,0,81.0,North East England
2021-07-02 01:00:00,7,1,82.0,North East England
2021-07-02 02:00:00,7,2,78.5,North East England
2021-07-02 03:00:00,7,3,76.5,North East England
2021-07-02 04:00:00,7,4,75.5,North East England
2021-07-02 05:00:00,7,5,78.5,North East England
2021-07-02 06:00:00,7,6,81.5,North East England
2021-07-02 07:00:00,7,7,82.0,North East England
2021-07-02 08:00:00,7,8,79.5,North East England
2021-07-02 09:00:00,7,9,74.0,North East England
2021-07-02 10:00:00,7,10,74.0,North East England
2021-07-02 11:00:00,7,11,69.0,North East England
2021-07-02 12:00:00,7,12,67.0,North East England
2021-07-02 13:00:00,7,13,60.5,North East England
2021-07-02 14:00:00,7,14,59.5,North East England
2021-07-02 15:00:00,7,15,65.0,North East England
2021-07-02 16:00:00,7,16,70.5,North East England
2021-07-02 17:00:00,7,17,68.5,North East England
2021-07-02 18:00:00,7,18,77.0,North East England
2021-07-02 19:00:00,7,19,79.5,North East England
2021-07-02 20:00:00,7,20,79.0,North East England
2021-07-02 21:00:00,7,21,78.0,North East England
2021-07-02 22:00:00,7,22,69.0,North East England
2021-07-02 23:00:00,7,23,74.5,North East England
2021-07-03 00:00:00,7,0,79.5,North East England
2021-07-03 01:00:00,7,1,75.0,North East England
2021-07-03 02:00:00,7,2,74.0,North East England
2021-07-03 03:00:00,7,3,78.5,North East England
2021-07-03 04:00:00,7,4,86.5,North East England
2021-07-03 05:00:00,7,5,88.5,North East England
2021-07-03 06:00:00,7,6,81.5,North East England
2021-07-03 07:00:00,7,7,75.0,North East England
2021-07-03 08:00:00,7,8,69.0,North East England
2021-07-03 09:00:00,7,9,70.5,North East England
2021-07-03 10:00:00,7,10,65.0,North East England
2021-07-03 11:00:00,7,11,60.5,North East England
2021-07-03 12:00:00,7,12,61.0,North East England
2021-07-03 13:00:00,7,13,61.0,North East England
2021-07-03 14:00:00,7,14,59.0,North East England
2021-07-03 15:00:00,7,15,60.5,North East England
2021-07-03 16:00:00,7,16,59.5,North East England
2021-07-03 17:00:00,7,17,58.0,North East England
2021-07-03 18:00:00,7,18,65.0,North East England
2021-07-03 19:00:00,7,19,68.0,North East England
2021-07-03 20:00:00,7,20,64.5,North East England
2021-07-03 21:00:00,7,21,70.5,North East England
2021-07-03 22:00:00,7,22,77.0,North East England
2021-07-03 23:00:00,7,23,78.0,North East England
2021-07-04 00:00:00,7,0,83.0,North East England
2021-07-04 01:00:00,7,1,82.5,North East England
2021-07-04 02:00:00,7,2,81.0,North East England
2021-07-04 03:00:00,7,3,82.5,North East England
2021-07-04 04:00:00,7,4,83.0,North East England
2021-07-04 05:00:00,7,5,78.0,North East England
2021-07-04 06:00:00,7,6,80.5,North East England
2021-07-04 07:00:00,7,7,71.0,North East England
2021-07-04 08:00:00,7,8,66.5,North East England
2021-07-04 09:00:00,7,9,62.5,North East England
2021-07-04 10:00:00,7,10,58.0,North East England
2021-07-04 11:00:00,7,11,52.5,North East England
2021-07-04 12:00:00,7,12,51.0,North East England
2021-07-04 13:00:00,7,13,48.0,North East England
2021-07-04 14:00:00,7,14,52.5,North East England
2021-07-04 15:00:00,7,15,52.5,North East England
2021-07-04 16:00:00,7,16,50.0,North East England
2021-07-04 17:00:00,7,17,49.5,North East England
2021-07-04 18:00:00,7,18,48.5,North East England
2021-07-04 19:00:00,7,19,50.0,North East England
2021-07-04 20:00:00,7,20,52.5,North East England
2021-07-04 21:00:00,7,21,53.5,North East England
2021-07-04 22:00:00,7,22,62.5,North East England
2021-07-04 23:00:00,7,23,57.5,North East England
2021-07-05 00:00:00,7,0,54.5,North East England
2021-07-05 01:00:00,7,1,56.5,North East England
2021-07-05 02:00:00,7,2,59.5,North East England
2021-07-05 03:00:00,7,3,61.5,North East England
2021-07-05 04:00:00,7,4,60.5,North East England
2021-07-05 05:00:00,7,5,68.5,North East England
2021-07-05 06:00:00,7,6,91.5,North East England
2021-07-05 07:00:00,7,7,87.0,North East England
2021-07-05 08:00:00,7,8,84.0,North East England
2021-07-05 09:00:00,7,9,80.5,North East England
2021-07-05 10:00:00,7,10,82.5,North East England
2021-07-05 11:00:00,7,11,86.5,North East England
2021-07-05 12:00:00,7,12,81.5,North East England
2021-07-05 13:00:00,7,13,86.5,North East England
2021-07-05 14:00:00,7,14,90.0,North East England
2021-07-05 15:00:00,7,15,94.0,North East England
2021-07-05 16:00:00,7,16,99.0,North East England
2021-07-05 17:00:00,7,17,107.5,North East England
2021-07-05 18:00:00,7,18,106.5,North East England
2021-07-05 19:00:00,7,19,106.5,North East England
2021-07-05 20:00:00,7,20,103.0,North East England
2021-07-05 21:00:00,7,21,80.5,North East England
2021-07-05 22:00:00,7,22,80.0,North East England
2021-07-05 23:00:00,7,23,75.0,North East England
2021-07-06 00:00:00,7,0,74.0,North East England
2021-07-06 01:00:00,7,1,67.5,North East England
2021-07-06 02:00:00,7,2,67.0,North East England
2021-07-06 03:00:00,7,3,64.5,North East England
2021-07-06 04:00:00,7,4,53.5,North East England
2021-07-06 05:00:00,7,5,57.5,North East England
2021-07-06 06:00:00,7,6,57.5,North East England
2021-07-06 07:00:00,7,7,62.5,North East England
2021-07-06 08:00:00,7,8,67.5,North East England
2021-07-06 09:00:00,7,9,67.0,North East England
2021-07-06 10:00:00,7,10,68.5,North East England
2021-07-06 11:00:00,7,11,73.0,North East England
2021-07-06 12:00:00,7,12,72.5,North East England
2021-07-06 13:00:00,7,13,67.5,North East England
2021-07-06 14:00:00,7,14,68.0,North East England
2021-07-06 15:00:00,7,15,72.0,North East England
2021-07-06 16:00:00,7,16,73.0,North East England
2021-07-06 17:00:00,7,17,73.0,North East England
2021-07-06 18:00:00,7,18,74.0,North East England
2021-07-06 19:00:00,7,19,78.0,North East England
2021-07-06 20:00:00,7,20,80.0,North East England
2021-07-06 21:00:00,7,21,73.0,North East England
2021-07-06 22:00:00,7,22,68.5,North East England
2021-07-06 23:00:00,7,23,52.5,North East England
2021-07-07 00:00:00,7,0,53.5,North East England
2021-07-07 01:00:00,7,1,54.5,North East England
2021-07-07 02:00:00,7,2,58.5,North East England
2021-07-07 03:00:00,7,3,57.5,North East England
2021-07-07 04:00:00,7,4,64.0,North East England
2021-07-07 05:00:00,7,5,85.0,North East England
2021-07-07 06:00:00,7,6,99.5,North East England
2021-07-07 07:00:00,7,7,98.0,North East England
2021-07-07 08:00:00,7,8,101.5,North East England
2021-07-07 09:00:00,7,9,101.5,North East England
2021-07-07 10:00:00,7,10,108.5,North East England
2021-07-07 11:00:00,7,11,107.5,North East England
2021-07-07 12:00:00,7,12,103.5,North East England
2021-07-07 13:00:00,7,13,104.5,North East England
2021-07-07 14:00:00,7,14,98.0,North East England
2021-07-07 15:00:00,7,15,101.0,North East England
2021-07-07 16:00:00,7,16,107.0,North East England
2021-07-07 17:00:00,7,17,114.5,North East England
2021-07-07 18:00:00,7,18,110.0,North East England
2021-07-07 19:00:00,7,19,103.0,North East England
2021-07-07 20:00:00,7,20,104.5,North East England
2021-07-07 21:00:00,7,21,99.0,North East England
2021-07-07 22:00:00,7,22,95.5,North East England
2021-07-07 23:00:00,7,23,100.5,North East England
2021-07-08 00:00:00,7,0,91.5,North East England
2021-07-08 01:00:00,7,1,81.0,North East England
2021-07-08 02:00:00,7,2,83.0,North East England
2021-07-08 03:00:00,7,3,85.5,North East England
2021-07-08 04:00:00,7,4,96.5,North East England
2021-07-08 05:00:00,7,5,113.0,North East England
2021-07-08 06:00:00,7,6,112.0,North East England
2021-07-08 07:00:00,7,7,103.0,North East England
2021-07-08 08:00:00,7,8,101.5,North East England
2021-07-08 09:00:00,7,9,98.5,North East England
2021-07-08 10:00:00,7,10,94.5,North East England
2021-07-08 11:00:00,7,11,88.5,North East England
2021-07-08 12:00:00,7,12,84.5,North East England
2021-07-08 13:00:00,7,13,86.5,North East England
2021-07-08 14:00:00,7,14,95.5,North East England
2021-07-08 15:00:00,7,15,100.0,North East England
2021-07-08 16:00:00,7,16,108.0,North East England
2021-07-08 17:00:00,7,17,113.0,North East England
2021-07-08 18:00:00,7,18,114.0,North East England
2021-07-08 19:00:00,7,19,114.5,North East England
2021-07-08 20:00:00,7,20,112.5,North East England
2021-07-08 21:00:00,7,21,94.5,North East England
2021-07-08 22:00:00,7,22,73.5,North East England
2021-07-08 23:00:00,7,23,76.0,North East England
2021-07-09 00:00:00,7,0,78.0,North East England
2021-07-09 01:00:00,7,1,78.5,North East England
2021-07-09 02:00:00,7,2,76.0,North East England
2021-07-09 03:00:00,7,3,83.0,North East England
2021-07-09 04:00:00,7,4,86.5,North East England
2021-07-09 05:00:00,7,5,110.5,North East England
2021-07-09 06:00:00,7,6,124.0,North East England
2021-07-09 07:00:00,7,7,114.0,North East England
2021-07-09 08:00:00,7,8,107.5,North East England
2021-07-09 09:00:00,7,9,107.5,North East England
2021-07-09 10:00:00,7,10,114.0,North East England
2021-07-09 11:00:00,7,11,117.5,North East England
2021-07-09 12:00:00,7,12,125.5,North East England
2021-07-09 13:00:00,7,13,126.5,North East England
2021-07-09 14:00:00,7,14,124.0,North East England
2021-07-09 15:00:00,7,15,121.5,North East England
2021-07-09 16:00:00,7,16,124.5,North East England
2021-07-09 17:00:00,7,17,124.5,North East England
2021-07-09 18:00:00,7,18,127.5,North East England
2021-07-09 19:00:00,7,19,124.5,North East England
2021-07-09 20:00:00,7,20,117.5,North East England
2021-07-09 21:00:00,7,21,104.0,North East England
2021-07-09 22:00:00,7,22,110.5,North East England
2021-07-09 23:00:00,7,23,114.0,North East England
2021-07-10 00:00:00,7,0,106.5,North East England
2021-07-10 01:00:00,7,1,105.0,North East England
2021-07-10 02:00:00,7,2,96.0,North East England
2021-07-10 03:00:00,7,3,88.0,North East England
2021-07-10 04:00:00,7,4,87.5,North East England
2021-07-10 05:00:00,7,5,95.0,North East England
2021-07-10 06:00:00,7,6,110.5,North East England
2021-07-10 07:00:00,7,7,117.5,North East England
2021-07-10 08:00:00,7,8,113.5,North East England
2021-07-10 09:00:00,7,9,116.5,North East England
2021-07-10 10:00:00,7,10,115.5,North East England
2021-07-10 11:00:00,7,11,113.0,North East England
2021-07-10 12:00:00,7,12,108.5,North East England
2021-07-10 13:00:00,7,13,111.0,North East England
2021-07-10 14:00:00,7,14,114.5,North East England
2021-07-10 15:00:00,7,15,108.5,North East England
2021-07-10 16:00:00,7,16,107.0,North East England
2021-07-10 17:00:00,7,17,110.5,North East England
2021-07-10 18:00:00,7,18,112.5,North East England
2021-07-10 19:00:00,7,19,113.0,North East England
2021-07-10 20:00:00,7,20,109.0,North East England
2021-07-10 21:00:00,7,21,107.0,North East England
2021-07-10 22:00:00,7,22,112.5,North East England
2021-07-10 23:00:00,7,23,110.0,North East England
2021-07-11 00:00:00,7,0,103.0,North East England
2021-07-11 01:00:00,7,1,93.0,North East England
2021-07-11 02:00:00,7,2,85.0,North East England
2021-07-11 03:00:00,7,3,79.0,North East England
2021-07-11 04:00:00,7,4,93.0,North East England
2021-07-11 05:00:00,7,5,107.0,North East England
2021-07-11 06:00:00,7,6,106.0,North East England
2021-07-11 07:00:00,7,7,109.0,North East England
2021-07-11 08:00:00,7,8,116.5,North East England
2021-07-11 09:00:00,7,9,110.5,North East England
2021-07-11 10:00:00,7,10,104.5,North East England
2021-07-11 11:00:00,7,11,107.0,North East England
2021-07-11 12:00:00,7,12,113.0,North East England
2021-07-11 13:00:00,7,13,110.5,North East England
2021-07-11 14:00:00,7,14,109.0,North East England
2021-07-11 15:00:00,7,15,111.5,North East England
2021-07-11 16:00:00,7,16,104.5,North East England
2021-07-11 17:00:00,7,17,104.5,North East England
2021-07-11 18:00:00,7,18,102.0,North East England
2021-07-11 19:00:00,7,19,100.5,North East England
2021-07-11 20:00:00,7,20,101.0,North East England
2021-07-11 21:00:00,7,21,98.0,North East England
2021-07-11 22:00:00,7,22,94.0,North East England
2021-07-11 23:00:00,7,23,96.5,North East England
2021-07-12 00:00:00,7,0,94.0,North East England
2021-07-12 01:00:00,7,1,91.5,North East England
2021-07-12 02:00:00,7,2,85.5,North East England
2021-07-12 03:00:00,7,3,84.0,North East England
2021-07-12 04:00:00,7,4,85.0,North East England
2021-07-12 05:00:00,7,5,88.0,North East England
2021-07-12 06:00:00,7,6,94.0,North East England
2021-07-12 07:00:00,7,7,105.0,North East England
2021-07-12 08:00:00,7,8,112.0,North East England
2021-07-12 09:00:00,7,9,115.5,North East England
2021-07-12 10:00:00,7,10,115.0,North East England
2021-07-12 11:00:00,7,11,105.5,North East England
2021-07-12 12:00:00,7,12,109.0,North East England
2021-07-12 13:00:00,7,13,107.5,North East England
2021-07-12 14:00:00,7,14,112.0,North East England
2021-07-12 15:00:00,7,15,116.0,North East England
2021-07-12 16:00:00,7,16,123.0,North East England
2021-07-12 17:00:00,7,17,127.0,North East England
2021-07-12 18:00:00,7,18,128.0,North East England
2021-07-12 19:00:00,7,19,126.0,North East England
2021-07-12 20:00:00,7,20,122.5,North East England
2021-07-12 21:00:00,7,21,113.0,North East England
2021-07-12 22:00:00,7,22,102.0,North East England
2021-07-12 23:00:00,7,23,99.0,North East England
2021-07-13 00:00:00,7,0,99.0,North East England
2021-07-13 01:00:00,7,1,99.0,North East England
2021-07-13 02:00:00,7,2,99.5,North East England
2021-07-13 03:00:00,7,3,104.5,North East England
2021-07-13 04:00:00,7,4,101.5,North East England
2021-07-13 05:00:00,7,5,104.5,North East England
2021-07-13 06:00:00,7,6,112.0,North East England
2021-07-13 07:00:00,7,7,112.0,North East England
2021-07-13 08:00:00,7,8,112.5,North East England
2021-07-13 09:00:00,7,9,111.0,North East England
2021-07-13 10:00:00,7,10,110.0,North East England
2021-07-13 11:00:00,7,11,110.5,North East England
2021-07-13 12:00:00,7,12,108.5,North East England
2021-07-13 13:00:00,7,13,112.5,North East England
2021-07-13 14:00:00,7,14,106.5,North East England
2021-07-13 15:00:00,7,15,110.5,North East England
2021-07-13 16:00:00,7,16,114.0,North East England
2021-07-13 17:00:00,7,17,115.0,North East England
2021-07-13 18:00:00,7,18,117.5,North East England
2021-07-13 19:00:00,7,19,117.5,North East England
2021-07-13 20:00:00,7,20,119.0,North East England
2021-07-13 21:00:00,7,21,113.0,North East England
2021-07-13 22:00:00,7,22,102.0,North East England
2021-07-13 23:00:00,7,23,95.0,North East England
2021-07-14 00:00:00,7,0,93.0,North East England
2021-07-14 01:00:00,7,1,85.5,North East England
2021-07-14 02:00:00,7,2,86.0,North East England
2021-07-14 03:00:00,7,3,88.0,North East England
2021-07-14 04:00:00,7,4,85.5,North East England
2021-07-14 05:00:00,7,5,85.5,North East England
2021-07-14 06:00:00,7,6,97.0,North East England
2021-07-14 07:00:00,7,7,99.5,North East England
2021-07-14 08:00:00,7,8,104.5,North East England
2021-07-14 09:00:00,7,9,105.0,North East England
2021-07-14 10:00:00,7,10,100.5,North East England
2021-07-14 11:00:00,7,11,82.0,North East England
2021-07-14 12:00:00,7,12,67.5,North East England
2021-07-14 13:00:00,7,13,63.0,North East England
2021-07-14 14:00:00,7,14,66.0,North East England
2021-07-14 15:00:00,7,15,76.0,North East England
2021-07-14 16:00:00,7,16,89.5,North East England
2021-07-14 17:00:00,7,17,103.0,North East England
2021-07-14 18:00:00,7,18,101.5,North East England
2021-07-14 19:00:00,7,19,98.0,North East England
2021-07-14 20:00:00,7,20,94.5,North East England
2021-07-14 21:00:00,7,21,85.5,North East England
2021-07-14 22:00:00,7,22,100.5,North East England
2021-07-14 23:00:00,7,23,96.0,North East England
2021-07-15 00:00:00,7,0,96.0,North East England
2021-07-15 01:00:00,7,1,96.5,North East England
2021-07-15 02:00:00,7,2,86.5,North East England
2021-07-15 03:00:00,7,3,82.0,North East England
2021-07-15 04:00:00,7,4,89.5,North East England
2021-07-15 05:00:00,7,5,98.0,North East England
2021-07-15 06:00:00,7,6,106.5,North East England
2021-07-15 07:00:00,7,7,110.5,North East England
2021-07-15 08:00:00,7,8,107.5,North East England
2021-07-15 09:00:00,7,9,123.0,North East England
2021-07-15 10:00:00,7,10,106.5,North East England
2021-07-15 11:00:00,7,11,93.5,North East England
2021-07-15 12:00:00,7,12,91.5,North East England
2021-07-15 13:00:00,7,13,86.0,North East England
2021-07-15 14:00:00,7,14,89.0,North East England
2021-07-15 15:00:00,7,15,88.5,North East England
2021-07-15 16:00:00,7,16,98.0,North East England
2021-07-15 17:00:00,7,17,104.0,North East England
2021-07-15 18:00:00,7,18,104.5,North East England
2021-07-15 19:00:00,7,19,111.0,North East England
2021-07-15 20:00:00,7,20,108.5,North East England
2021-07-15 21:00:00,7,21,113.0,North East England
2021-07-15 22:00:00,7,22,107.5,North East England
2021-07-15 23:00:00,7,23,104.0,North East England
2021-07-16 00:00:00,7,0,95.0,North East England
2021-07-16 01:00:00,7,1,82.0,North East England
2021-07-16 02:00:00,7,2,75.5,North East England
2021-07-16 03:00:00,7,3,65.5,North East England
2021-07-16 04:00:00,7,4,72.0,North East England
2021-07-16 05:00:00,7,5,95.0,North East England
2021-07-16 06:00:00,7,6,103.0,North East England
2021-07-16 07:00:00,7,7,93.5,North East England
2021-07-16 08:00:00,7,8,99.0,North East England
2021-07-16 09:00:00,7,9,101.0,North East England
2021-07-16 10:00:00,7,10,97.0,North East England
2021-07-16 11:00:00,7,11,87.0,North East England
2021-07-16 12:00:00,7,12,78.5,North East England
2021-07-16 13:00:00,7,13,80.5,North East England
2021-07-16 14:00:00,7,14,79.0,North East England
2021-07-16 15:00:00,7,15,91.5,North East England
2021-07-16 16:00:00,7,16,95.5,North East England
2021-07-16 17:00:00,7,17,111.0,North East England
2021-07-16 18:00:00,7,18,112.5,North East England
2021-07-16 19:00:00,7,19,115.5,North East England
2021-07-16 20:00:00,7,20,114.5,North East England
2021-07-16 21:00:00,7,21,119.0,North East England
2021-07-16 22:00:00,7,22,107.0,North East England
2021-07-16 23:00:00,7,23,100.5,North East England
2021-07-17 00:00:00,7,0,101.0,North East England
2021-07-17 01:00:00,7,1,98.5,North East England
2021-07-17 02:00:00,7,2,92.0,North East England
2021-07-17 03:00:00,7,3,94.5,North East England
2021-07-17 04:00:00,7,4,95.5,North East England
2021-07-17 05:00:00,7,5,99.0,North East England
2021-07-17 06:00:00,7,6,89.5,North East England
2021-07-17 07:00:00,7,7,88.0,North East England
2021-07-17 08:00:00,7,8,85.0,North East England
2021-07-17 09:00:00,7,9,85.0,North East England
2021-07-17 10:00:00,7,10,87.5,North East England
2021-07-17 11:00:00,7,11,86.0,North East England
2021-07-17 12:00:00,7,12,82.5,North East England
2021-07-17 13:00:00,7,13,79.0,North East England
2021-07-17 14:00:00,7,14,82.0,North East England
2021-07-17 15:00:00,7,15,92.0,North East England
2021-07-17 16:00:00,7,16,97.5,North East England
2021-07-17 17:00:00,7,17,111.5,North East England
2021-07-17 18:00:00,7,18,109.0,North East England
2021-07-17 19:00:00,7,19,110.0,North East England
2021-07-17 20:00:00,7,20,109.5,North East England
2021-07-17 21:00:00,7,21,111.0,North East England
2021-07-17 22:00:00,7,22,79.5,North East England
2021-07-17 23:00:00,7,23,89.5,North East England
2021-07-18 00:00:00,7,0,94.5,North East England
2021-07-18 01:00:00,7,1,101.0,North East England
2021-07-18 02:00:00,7,2,100.0,North East England
2021-07-18 03:00:00,7,3,100.5,North East England
2021-07-18 04:00:00,7,4,101.5,North East England
2021-07-18 05:00:00,7,5,113.0,North East England
2021-07-18 06:00:00,7,6,107.5,North East England
2021-07-18 07:00:00,7,7,103.0,North East England
2021-07-18 08:00:00,7,8,103.0,North East England
2021-07-18 09:00:00,7,9,103.0,North East England
2021-07-18 10:00:00,7,10,101.0,North East England
2021-07-18 11:00:00,7,11,97.5,North East England
2021-07-18 12:00:00,7,12,95.5,North East England
2021-07-18 13:00:00,7,13,97.0,North East England
2021-07-18 14:00:00,7,14,97.0,North East England
2021-07-18 15:00:00,7,15,95.0,North East England
2021-07-18 16:00:00,7,16,103.0,North East England
2021-07-18 17:00:00,7,17,103.0,North East England
2021-07-18 18:00:00,7,18,101.5,North East England
2021-07-18 19:00:00,7,19,100.5,North East England
2021-07-18 20:00:00,7,20,101.5,North East England
2021-07-18 21:00:00,7,21,92.5,North East England
2021-07-18 22:00:00,7,22,88.0,North East England
2021-07-18 23:00:00,7,23,86.5,North East England
2021-07-19 00:00:00,7,0,86.0,North East England
2021-07-19 01:00:00,7,1,90.5,North East England
2021-07-19 02:00:00,7,2,95.5,North East England
2021-07-19 03:00:00,7,3,94.0,North East England
2021-07-19 04:00:00,7,4,92.0,North East England
2021-07-19 05:00:00,7,5,98.0,North East England
2021-07-19 06:00:00,7,6,102.0,North East England
2021-07-19 07:00:00,7,7,103.0,North East England
2021-07-19 08:00:00,7,8,104.0,North East England
2021-07-19 09:00:00,7,9,111.5,North East England
2021-07-19 10:00:00,7,10,104.5,North East England
2021-07-19 11:00:00,7,11,98.0,North East England
2021-07-19 12:00:00,7,12,94.5,North East England
2021-07-19 13:00:00,7,13,93.5,North East England
2021-07-19 14:00:00,7,14,91.0,North East England
2021-07-19 15:00:00,7,15,90.5,North East England
2021-07-19 16:00:00,7,16,92.0,North East England
2021-07-19 17:00:00,7,17,96.5,North East England
2021-07-19 18:00:00,7,18,102.0,North East England
2021-07-19 19:00:00,7,19,102.0,North East England
2021-07-19 20:00:00,7,20,99.5,North East England
2021-07-19 21:00:00,7,21,98.5,North East England
2021-07-19 22:00:00,7,22,93.0,North East England
2021-07-19 23:00:00,7,23,94.5,North East England
2021-07-20 00:00:00,7,0,94.0,North East England
2021-07-20 01:00:00,7,1,82.0,North East England
2021-07-20 02:00:00,7,2,88.5,North East England
2021-07-20 03:00:00,7,3,88.5,North East England
2021-07-20 04:00:00,7,4,94.0,North East England
2021-07-20 05:00:00,7,5,104.0,North East England
2021-07-20 06:00:00,7,6,113.0,North East England
2021-07-20 07:00:00,7,7,107.0,North East England
2021-07-20 08:00:00,7,8,106.0,North East England
2021-07-20 09:00:00,7,9,110.0,North East England
2021-07-20 10:00:00,7,10,107.5,North East England
2021-07-20 11:00:00,7,11,105.5,North East England
2021-07-20 12:00:00,7,12,100.5,North East England
2021-07-20 13:00:00,7,13,95.5,North East England
2021-07-20 14:00:00,7,14,98.0,North East England
2021-07-20 15:00:00,7,15,101.5,North East England
2021-07-20 16:00:00,7,16,92.5,North East England
2021-07-20 17:00:00,7,17,99.0,North East England
2021-07-20 18:00:00,7,18,104.5,North East England
2021-07-20 19:00:00,7,19,107.0,North East England
2021-07-20 20:00:00,7,20,102.5,North East England
2021-07-20 21:00:00,7,21,105.5,North East England
2021-07-20 22:00:00,7,22,115.5,North East England
2021-07-20 23:00:00,7,23,102.0,North East England
2021-07-21 00:00:00,7,0,107.0,North East England
2021-07-21 01:00:00,7,1,105.5,North East England
2021-07-21 02:00:00,7,2,101.5,North East England
2021-07-21 03:00:00,7,3,97.5,North East England
2021-07-21 04:00:00,7,4,103.0,North East England
2021-07-21 05:00:00,7,5,114.5,North East England
2021-07-21 06:00:00,7,6,115.5,North East England
2021-07-21 07:00:00,7,7,110.0,North East England
2021-07-21 08:00:00,7,8,113.0,North East England
2021-07-21 09:00:00,7,9,110.5,North East England
2021-07-21 10:00:00,7,10,112.5,North East England
2021-07-21 11:00:00,7,11,113.5,North East England
2021-07-21 12:00:00,7,12,111.5,North East England
2021-07-21 13:00:00,7,13,112.5,North East England
2021-07-21 14:00:00,7,14,111.0,North East England
2021-07-21 15:00:00,7,15,110.5,North East England
2021-07-21 16:00:00,7,16,112.5,North East England
2021-07-21 17:00:00,7,17,118.0,North East England
2021-07-21 18:00:00,7,18,121.5,North East England
2021-07-21 19:00:00,7,19,128.0,North East England
2021-07-21 20:00:00,7,20,128.0,North East England
2021-07-21 21:00:00,7,21,123.5,North East England
2021-07-21 22:00:00,7,22,134.0,North East England
2021-07-21 23:00:00,7,23,132.0,North East England
2021-07-22 00:00:00,7,0,131.0,North East England
2021-07-22 01:00:00,7,1,122.0,North East England
2021-07-22 02:00:00,7,2,122.0,North East England
2021-07-22 03:00:00,7,3,120.0,North East England
2021-07-22 04:00:00,7,4,123.0,North East England
2021-07-22 05:00:00,7,5,145.0,North East England
2021-07-22 06:00:00,7,6,126.0,North East England
2021-07-22 07:00:00,7,7,118.5,North East England
2021-07-22 08:00:00,7,8,119.0,North East England
2021-07-22 09:00:00,7,9,118.0,North East England
2021-07-22 10:00:00,7,10,118.0,North East England
2021-07-22 11:00:00,7,11,117.5,North East England
2021-07-22 12:00:00,7,12,116.5,North East England
2021-07-22 13:00:00,7,13,115.5,North East England
2021-07-22 14:00:00,7,14,118.0,North East England
2021-07-22 15:00:00,7,15,118.5,North East England
2021-07-22 16:00:00,7,16,124.0,North East England
2021-07-22 17:00:00,7,17,124.5,North East England
2021-07-22 18:00:00,7,18,125.0,North East England
2021-07-22 19:00:00,7,19,126.0,North East England
2021-07-22 20:00:00,7,20,127.0,North East England
2021-07-22 21:00:00,7,21,117.5,North East England
2021-07-22 22:00:00,7,22,111.0,North East England
2021-07-22 23:00:00,7,23,109.0,North East England
2021-07-23 00:00:00,7,0,103.5,North East England
2021-07-23 01:00:00,7,1,94.5,North East England
2021-07-23 02:00:00,7,2,100.0,North East England
2021-07-23 03:00:00,7,3,105.0,North East England
2021-07-23 04:00:00,7,4,107.0,North East England
2021-07-23 05:00:00,7,5,108.0,North East England
2021-07-23 06:00:00,7,6,106.5,North East England
2021-07-23 07:00:00,7,7,106.0,North East England
2021-07-23 08:00:00,7,8,105.0,North East England
2021-07-23 09:00:00,7,9,104.0,North East England
2021-07-23 10:00:00,7,10,104.5,North East England
2021-07-23 11:00:00,7,11,101.0,North East England
2021-07-23 12:00:00,7,12,98.5,North East England
2021-07-23 13:00:00,7,13,97.0,North East England
2021-07-23 14:00:00,7,14,98.5,North East England
2021-07-23 15:00:00,7,15,94.5,North East England
2021-07-23 16:00:00,7,16,92.5,North East England
2021-07-23 17:00:00,7,17,98.0,North East England
2021-07-23 18:00:00,7,18,104.0,North East England
2021-07-23 19:00:00,7,19,105.0,North East England
2021-07-23 20:00:00,7,20,97.5,North East England
2021-07-23 21:00:00,7,21,93.5,North East England
2021-07-23 22:00:00,7,22,78.0,North East England
2021-07-23 23:00:00,7,23,62.5,North East England
2021-07-24 00:00:00,7,0,56.0,North East England
2021-07-24 01:00:00,7,1,55.5,North East England
2021-07-24 02:00:00,7,2,53.5,North East England
2021-07-24 03:00:00,7,3,63.0,North East England
2021-07-24 04:00:00,7,4,74.5,North East England
2021-07-24 05:00:00,7,5,72.0,North East England
2021-07-24 06:00:00,7,6,73.0,North East England
2021-07-24 07:00:00,7,7,77.0,North East England
2021-07-24 08:00:00,7,8,85.5,North East England
2021-07-24 09:00:00,7,9,93.5,North East England
2021-07-24 10:00:00,7,10,98.0,North East England
2021-07-24 11:00:00,7,11,98.5,North East England
2021-07-24 12:00:00,7,12,109.5,North East England
2021-07-24 13:00:00,7,13,109.0,North East England
2021-07-24 14:00:00,7,14,106.5,North East England
2021-07-24 15:00:00,7,15,104.5,North East England
2021-07-24 16:00:00,7,16,100.5,North East England
2021-07-24 17:00:00,7,17,98.0,North East England
2021-07-24 18:00:00,7,18,101.0,North East England
2021-07-24 19:00:00,7,19,102.0,North East England
2021-07-24 20:00:00,7,20,97.0,North East England
2021-07-24 21:00:00,7,21,100.0,North East England
2021-07-24 22:00:00,7,22,80.5,North East England
2021-07-24 23:00:00,7,23,82.5,North East England
2021-07-25 00:00:00,7,0,80.0,North East England
2021-07-25 01:00:00,7,1,75.0,North East England
2021-07-25 02:00:00,7,2,70.0,North East England
2021-07-25 03:00:00,7,3,70.5,North East England
2021-07-25 04:00:00,7,4,78.5,North East England
2021-07-25 05:00:00,7,5,85.0,North East England
2021-07-25 06:00:00,7,6,79.5,North East England
2021-07-25 07:00:00,7,7,97.5,North East England
2021-07-25 08:00:00,7,8,85.0,North East England
2021-07-25 09:00:00,7,9,83.5,North East England
2021-07-25 10:00:00,7,10,92.5,North East England
2021-07-25 11:00:00,7,11,102.0,North East England
2021-07-25 12:00:00,7,12,100.5,North East England
2021-07-25 13:00:00,7,13,106.0,North East England
2021-07-25 14:00:00,7,14,105.5,North East England
2021-07-25 15:00:00,7,15,112.0,North East England
2021-07-25 16:00:00,7,16,117.0,North East England
2021-07-25 17:00:00,7,17,118.5,North East England
2021-07-25 18:00:00,7,18,119.0,North East England
2021-07-25 19:00:00,7,19,113.5,North East England
2021-07-25 20:00:00,7,20,111.0,North East England
2021-07-25 21:00:00,7,21,105.0,North East England
2021-07-25 22:00:00,7,22,107.5,North East England
2021-07-25 23:00:00,7,23,98.0,North East England
2021-07-26 00:00:00,7,0,98.0,North East England
2021-07-26 01:00:00,7,1,100.0,North East England
2021-07-26 02:00:00,7,2,99.0,North East England
2021-07-26 03:00:00,7,3,101.0,North East England
2021-07-26 04:00:00,7,4,107.0,North East England
2021-07-26 05:00:00,7,5,110.5,North East England
2021-07-26 06:00:00,7,6,116.0,North East England
2021-07-26 07:00:00,7,7,110.5,North East England
2021-07-26 08:00:00,7,8,106.5,North East England
2021-07-26 09:00:00,7,9,106.5,North East England
2021-07-26 10:00:00,7,10,105.0,North East England
2021-07-26 11:00:00,7,11,102.5,North East England
2021-07-26 12:00:00,7,12,105.0,North East England
2021-07-26 13:00:00,7,13,105.0,North East England
2021-07-26 14:00:00,7,14,104.0,North East England
2021-07-26 15:00:00,7,15,103.5,North East England
2021-07-26 16:00:00,7,16,108.5,North East England
2021-07-26 17:00:00,7,17,111.5,North East England
2021-07-26 18:00:00,7,18,113.0,North East England
2021-07-26 19:00:00,7,19,115.0,North East England
2021-07-26 20:00:00,7,20,110.0,North East England
2021-07-26 21:00:00,7,21,105.0,North East England
2021-07-26 22:00:00,7,22,101.5,North East England
2021-07-26 23:00:00,7,23,92.0,North East England
2021-07-27 00:00:00,7,0,87.5,North East England
2021-07-27 01:00:00,7,1,86.5,North East England
2021-07-27 02:00:00,7,2,86.5,North East England
2021-07-27 03:00:00,7,3,86.5,North East England
2021-07-27 04:00:00,7,4,87.0,North East England
2021-07-27 05:00:00,7,5,87.5,North East England
2021-07-27 06:00:00,7,6,104.0,North East England
2021-07-27 07:00:00,7,7,112.5,North East England
2021-07-27 08:00:00,7,8,110.5,North East England
2021-07-27 09:00:00,7,9,111.5,North East England
2021-07-27 10:00:00,7,10,113.5,North East England
2021-07-27 11:00:00,7,11,111.5,North East England
2021-07-27 12:00:00,7,12,113.0,North East England
2021-07-27 13:00:00,7,13,108.0,North East England
2021-07-27 14:00:00,7,14,107.5,North East England
2021-07-27 15:00:00,7,15,110.0,North East England
2021-07-27 16:00:00,7,16,106.5,North East England
2021-07-27 17:00:00,7,17,108.5,North East England
2021-07-27 18:00:00,7,18,109.0,North East England
2021-07-27 19:00:00,7,19,109.5,North East England
2021-07-27 20:00:00,7,20,106.0,North East England
2021-07-27 21:00:00,7,21,103.5,North East England
2021-07-27 22:00:00,7,22,101.0,North East England
2021-07-27 23:00:00,7,23,93.7,North East England
2021-07-28 00:00:00,7,0,80.5,North East England
2021-07-28 01:00:00,7,1,75.0,North East England
2021-07-28 02:00:00,7,2,70.0,North East England
2021-07-28 03:00:00,7,3,67.0,North East England
2021-07-28 04:00:00,7,4,69.5,North East England
2021-07-28 05:00:00,7,5,74.0,North East England
2021-07-28 06:00:00,7,6,82.5,North East England
2021-07-28 07:00:00,7,7,97.5,North East England
2021-07-28 08:00:00,7,8,102.0,North East England
2021-07-28 09:00:00,7,9,97.5,North East England
2021-07-28 10:00:00,7,10,95.5,North East England
2021-07-28 11:00:00,7,11,87.0,North East England
2021-07-28 12:00:00,7,12,75.0,North East England
2021-07-28 13:00:00,7,13,69.5,North East England
2021-07-28 14:00:00,7,14,67.0,North East England
2021-07-28 15:00:00,7,15,72.0,North East England
2021-07-28 16:00:00,7,16,87.0,North East England
2021-07-28 17:00:00,7,17,93.0,North East England
2021-07-28 18:00:00,7,18,95.0,North East England
2021-07-28 19:00:00,7,19,86.5,North East England
2021-07-28 20:00:00,7,20,83.5,North East England
2021-07-28 21:00:00,7,21,68.5,North East England
2021-07-28 22:00:00,7,22,55.0,North East England
2021-07-28 23:00:00,7,23,44.0,North East England
2021-07-29 00:00:00,7,0,52.5,North East England
2021-07-29 01:00:00,7,1,54.0,North East England
2021-07-29 02:00:00,7,2,57.5,North East England
2021-07-29 03:00:00,7,3,56.5,North East England
2021-07-29 04:00:00,7,4,58.0,North East England
2021-07-29 05:00:00,7,5,64.0,North East England
2021-07-29 06:00:00,7,6,57.5,North East England
2021-07-29 07:00:00,7,7,61.0,North East England
2021-07-29 08:00:00,7,8,54.0,North East England
2021-07-29 09:00:00,7,9,55.5,North East England
2021-07-29 10:00:00,7,10,60.0,North East England
2021-07-29 11:00:00,7,11,59.0,North East England
2021-07-29 12:00:00,7,12,53.0,North East England
2021-07-29 13:00:00,7,13,55.5,North East England
2021-07-29 14:00:00,7,14,64.5,North East England
2021-07-29 15:00:00,7,15,70.5,North East England
2021-07-29 16:00:00,7,16,85.0,North East England
2021-07-29 17:00:00,7,17,96.5,North East England
2021-07-29 18:00:00,7,18,98.0,North East England
2021-07-29 19:00:00,7,19,95.0,North East England
2021-07-29 20:00:00,7,20,88.0,North East England
2021-07-29 21:00:00,7,21,94.5,North East England
2021-07-29 22:00:00,7,22,91.0,North East England
2021-07-29 23:00:00,7,23,91.0,North East England
2021-07-30 00:00:00,7,0,91.0,North East England
2021-07-30 01:00:00,7,1,89.5,North East England
2021-07-30 02:00:00,7,2,89.5,North East England
2021-07-30 03:00:00,7,3,79.5,North East England
2021-07-30 04:00:00,7,4,79.0,North East England
2021-07-30 05:00:00,7,5,77.0,North East England
2021-07-30 06:00:00,7,6,84.0,North East England
2021-07-30 07:00:00,7,7,101.5,North East England
2021-07-30 08:00:00,7,8,107.0,North East England
2021-07-30 09:00:00,7,9,107.0,North East England
2021-07-30 10:00:00,7,10,111.5,North East England
2021-07-30 11:00:00,7,11,113.0,North East England
2021-07-30 12:00:00,7,12,106.0,North East England
2021-07-30 13:00:00,7,13,110.0,North East England
2021-07-30 14:00:00,7,14,111.5,North East England
2021-07-30 15:00:00,7,15,120.0,North East England
2021-07-30 16:00:00,7,16,129.5,North East England
2021-07-30 17:00:00,7,17,114.0,North East England
2021-07-30 18:00:00,7,18,112.0,North East England
2021-07-30 19:00:00,7,19,87.0,North East England
2021-07-30 20:00:00,7,20,79.5,North East England
2021-07-30 21:00:00,7,21,58.0,North East England
2021-07-30 22:00:00,7,22,43.0,North East England
2021-07-30 23:00:00,7,23,38.0,North East England
2021-07-31 00:00:00,7,0,37.5,North East England
2021-07-31 01:00:00,7,1,35.0,North East England
2021-07-31 02:00:00,7,2,32.5,North East England
2021-07-31 03:00:00,7,3,31.5,North East England
2021-07-31 04:00:00,7,4,39.0,North East England
2021-07-31 05:00:00,7,5,43.5,North East England
2021-07-31 06:00:00,7,6,52.5,North East England
2021-07-31 07:00:00,7,7,53.0,North East England
2021-07-31 08:00:00,7,8,57.0,North East England
2021-07-31 09:00:00,7,9,68.0,North East England
2021-07-31 10:00:00,7,10,74.0,North East England
2021-07-31 11:00:00,7,11,76.0,North East England
2021-07-31 12:00:00,7,12,75.5,North East England
2021-07-31 13:00:00,7,13,71.0,North East England
2021-07-31 14:00:00,7,14,72.5,North East England
2021-07-31 15:00:00,7,15,79.0,North East England
2021-07-31 16:00:00,7,16,90.5,North East England
2021-07-31 17:00:00,7,17,88.0,North East England
2021-07-31 18:00:00,7,18,87.5,North East England
2021-07-31 19:00:00,7,19,91.5,North East England
2021-07-31 20:00:00,7,20,101.5,North East England
2021-07-31 21:00:00,7,21,84.5,North East England
2021-07-31 22:00:00,7,22,90.5,North East England
2021-07-31 23:00:00,7,23,92.5,North East England
2021-08-01 00:00:00,8,0,64.0,North East England
2021-08-01 01:00:00,8,1,81.5,North East England
2021-08-01 02:00:00,8,2,73.0,North East England
2021-08-01 03:00:00,8,3,71.0,North East England
2021-08-01 04:00:00,8,4,59.0,North East England
2021-08-01 05:00:00,8,5,66.0,North East England
2021-08-01 06:00:00,8,6,74.0,North East England
2021-08-01 07:00:00,8,7,69.5,North East England
2021-08-01 08:00:00,8,8,72.5,North East England
2021-08-01 09:00:00,8,9,79.0,North East England
2021-08-01 10:00:00,8,10,82.5,North East England
2021-08-01 11:00:00,8,11,86.0,North East England
2021-08-01 12:00:00,8,12,72.5,North East England
2021-08-01 13:00:00,8,13,75.0,North East England
2021-08-01 14:00:00,8,14,75.5,North East England
2021-08-01 15:00:00,8,15,80.0,North East England
2021-08-01 16:00:00,8,16,81.5,North East England
2021-08-01 17:00:00,8,17,85.5,North East England
2021-08-01 18:00:00,8,18,84.5,North East England
2021-08-01 19:00:00,8,19,76.5,North East England
2021-08-01 20:00:00,8,20,75.0,North East England
2021-08-01 21:00:00,8,21,76.0,North East England
2021-08-01 22:00:00,8,22,86.0,North East England
2021-08-01 23:00:00,8,23,87.5,North East England
2021-08-02 00:00:00,8,0,87.0,North East England
2021-08-02 01:00:00,8,1,83.0,North East England
2021-08-02 02:00:00,8,2,78.0,North East England
2021-08-02 03:00:00,8,3,83.5,North East England
2021-08-02 04:00:00,8,4,88.0,North East England
2021-08-02 05:00:00,8,5,90.5,North East England
2021-08-02 06:00:00,8,6,91.0,North East England
2021-08-02 07:00:00,8,7,97.0,North East England
2021-08-02 08:00:00,8,8,98.5,North East England
2021-08-02 09:00:00,8,9,94.0,North East England
2021-08-02 10:00:00,8,10,85.0,North East England
2021-08-02 11:00:00,8,11,88.0,North East England
2021-08-02 12:00:00,8,12,88.5,North East England
2021-08-02 13:00:00,8,13,95.0,North East England
2021-08-02 14:00:00,8,14,101.5,North East England
2021-08-02 15:00:00,8,15,104.0,North East England
2021-08-02 16:00:00,8,16,104.0,North East England
2021-08-02 17:00:00,8,17,104.0,North East England
2021-08-02 18:00:00,8,18,106.0,North East England
2021-08-02 19:00:00,8,19,109.5,North East England
2021-08-02 20:00:00,8,20,107.0,North East England
2021-08-02 21:00:00,8,21,98.0,North East England
2021-08-02 22:00:00,8,22,114.0,North East England
2021-08-02 23:00:00,8,23,112.0,North East England
2021-08-03 00:00:00,8,0,101.5,North East England
2021-08-03 01:00:00,8,1,92.0,North East England
2021-08-03 02:00:00,8,2,91.5,North East England
2021-08-03 03:00:00,8,3,92.5,North East England
2021-08-03 04:00:00,8,4,95.5,North East England
2021-08-03 05:00:00,8,5,108.5,North East England
2021-08-03 06:00:00,8,6,116.5,North East England
2021-08-03 07:00:00,8,7,119.0,North East England
2021-08-03 08:00:00,8,8,113.5,North East England
2021-08-03 09:00:00,8,9,116.5,North East England
2021-08-03 10:00:00,8,10,111.0,North East England
2021-08-03 11:00:00,8,11,112.5,North East England
2021-08-03 12:00:00,8,12,116.0,North East England
2021-08-03 13:00:00,8,13,119.0,North East England
2021-08-03 14:00:00,8,14,119.5,North East England
2021-08-03 15:00:00,8,15,112.0,North East England
2021-08-03 16:00:00,8,16,106.5,North East England
2021-08-03 17:00:00,8,17,111.5,North East England
2021-08-03 18:00:00,8,18,116.5,North East England
2021-08-03 19:00:00,8,19,112.5,North East England
2021-08-03 20:00:00,8,20,113.0,North East England
2021-08-03 21:00:00,8,21,110.0,North East England
2021-08-03 22:00:00,8,22,126.5,North East England
2021-08-03 23:00:00,8,23,129.0,North East England
2021-08-04 00:00:00,8,0,127.5,North East England
2021-08-04 01:00:00,8,1,122.5,North East England
2021-08-04 02:00:00,8,2,120.5,North East England
2021-08-04 03:00:00,8,3,120.5,North East England
2021-08-04 04:00:00,8,4,120.5,North East England
2021-08-04 05:00:00,8,5,117.5,North East England
2021-08-04 06:00:00,8,6,113.0,North East England
2021-08-04 07:00:00,8,7,104.0,North East England
2021-08-04 08:00:00,8,8,104.5,North East England
2021-08-04 09:00:00,8,9,101.5,North East England
2021-08-04 10:00:00,8,10,98.5,North East England
2021-08-04 11:00:00,8,11,100.5,North East England
2021-08-04 12:00:00,8,12,94.0,North East England
2021-08-04 13:00:00,8,13,94.0,North East England
2021-08-04 14:00:00,8,14,93.0,North East England
2021-08-04 15:00:00,8,15,95.5,North East England
2021-08-04 16:00:00,8,16,97.0,North East England
2021-08-04 17:00:00,8,17,104.0,North East England
2021-08-04 18:00:00,8,18,103.5,North East England
2021-08-04 19:00:00,8,19,106.5,North East England
2021-08-04 20:00:00,8,20,110.5,North East England
2021-08-04 21:00:00,8,21,107.5,North East England
2021-08-04 22:00:00,8,22,125.0,North East England
2021-08-04 23:00:00,8,23,101.5,North East England
2021-08-05 00:00:00,8,0,84.0,North East England
2021-08-05 01:00:00,8,1,80.5,North East England
2021-08-05 02:00:00,8,2,77.0,North East England
2021-08-05 03:00:00,8,3,86.5,North East England
2021-08-05 04:00:00,8,4,85.5,North East England
2021-08-05 05:00:00,8,5,90.5,North East England
2021-08-05 06:00:00,8,6,98.0,North East England
2021-08-05 07:00:00,8,7,90.5,North East England
2021-08-05 08:00:00,8,8,86.5,North East England
2021-08-05 09:00:00,8,9,84.5,North East England
2021-08-05 10:00:00,8,10,78.0,North East England
2021-08-05 11:00:00,8,11,71.0,North East England
2021-08-05 12:00:00,8,12,57.5,North East England
2021-08-05 13:00:00,8,13,46.5,North East England
2021-08-05 14:00:00,8,14,49.5,North East England
2021-08-05 15:00:00,8,15,78.5,North East England
2021-08-05 16:00:00,8,16,83.0,North East England
2021-08-05 17:00:00,8,17,85.0,North East England
2021-08-05 18:00:00,8,18,85.0,North East England
2021-08-05 19:00:00,8,19,69.0,North East England
2021-08-05 20:00:00,8,20,55.5,North East England
2021-08-05 21:00:00,8,21,48.5,North East England
2021-08-05 22:00:00,8,22,54.0,North East England
2021-08-05 23:00:00,8,23,60.0,North East England
2021-08-06 00:00:00,8,0,59.0,North East England
2021-08-06 01:00:00,8,1,55.0,North East England
2021-08-06 02:00:00,8,2,53.0,North East England
2021-08-06 03:00:00,8,3,52.5,North East England
2021-08-06 04:00:00,8,4,51.5,North East England
2021-08-06 05:00:00,8,5,43.0,North East England
2021-08-06 06:00:00,8,6,62.0,North East England
2021-08-06 07:00:00,8,7,81.5,North East England
2021-08-06 08:00:00,8,8,78.5,North East England
2021-08-06 09:00:00,8,9,77.5,North East England
2021-08-06 10:00:00,8,10,74.0,North East England
2021-08-06 11:00:00,8,11,46.0,North East England
2021-08-06 12:00:00,8,12,33.5,North East England
2021-08-06 13:00:00,8,13,29.0,North East England
2021-08-06 14:00:00,8,14,28.0,North East England
2021-08-06 15:00:00,8,15,31.0,North East England
2021-08-06 16:00:00,8,16,35.5,North East England
2021-08-06 17:00:00,8,17,40.5,North East England
2021-08-06 18:00:00,8,18,46.0,North East England
2021-08-06 19:00:00,8,19,49.5,North East England
2021-08-06 20:00:00,8,20,45.0,North East England
2021-08-06 21:00:00,8,21,40.0,North East England
2021-08-06 22:00:00,8,22,58.5,North East England
2021-08-06 23:00:00,8,23,45.0,North East England
2021-08-07 00:00:00,8,0,54.5,North East England
2021-08-07 01:00:00,8,1,72.0,North East England
2021-08-07 02:00:00,8,2,91.5,North East England
2021-08-07 03:00:00,8,3,106.0,North East England
2021-08-07 04:00:00,8,4,110.5,North East England
2021-08-07 05:00:00,8,5,95.5,North East England
2021-08-07 06:00:00,8,6,75.5,North East England
2021-08-07 07:00:00,8,7,74.5,North East England
2021-08-07 08:00:00,8,8,81.0,North East England
2021-08-07 09:00:00,8,9,76.0,North East England
2021-08-07 10:00:00,8,10,71.0,North East England
2021-08-07 11:00:00,8,11,67.5,North East England
2021-08-07 12:00:00,8,12,57.5,North East England
2021-08-07 13:00:00,8,13,52.0,North East England
2021-08-07 14:00:00,8,14,50.5,North East England
2021-08-07 15:00:00,8,15,57.5,North East England
2021-08-07 16:00:00,8,16,75.0,North East England
2021-08-07 17:00:00,8,17,83.0,North East England
2021-08-07 18:00:00,8,18,83.0,North East England
2021-08-07 19:00:00,8,19,88.0,North East England
2021-08-07 20:00:00,8,20,83.5,North East England
2021-08-07 21:00:00,8,21,65.5,North East England
2021-08-07 22:00:00,8,22,47.0,North East England
2021-08-07 23:00:00,8,23,43.5,North East England
2021-08-08 00:00:00,8,0,38.5,North East England
2021-08-08 01:00:00,8,1,42.0,North East England
2021-08-08 02:00:00,8,2,45.0,North East England
2021-08-08 03:00:00,8,3,46.0,North East England
2021-08-08 04:00:00,8,4,46.0,North East England
2021-08-08 05:00:00,8,5,44.0,North East England
2021-08-08 06:00:00,8,6,49.5,North East England
2021-08-08 07:00:00,8,7,35.5,North East England
2021-08-08 08:00:00,8,8,35.5,North East England
2021-08-08 09:00:00,8,9,37.5,North East England
2021-08-08 10:00:00,8,10,39.0,North East England
2021-08-08 11:00:00,8,11,37.0,North East England
2021-08-08 12:00:00,8,12,34.5,North East England
2021-08-08 13:00:00,8,13,34.0,North East England
2021-08-08 14:00:00,8,14,36.0,North East England
2021-08-08 15:00:00,8,15,38.0,North East England
2021-08-08 16:00:00,8,16,44.5,North East England
2021-08-08 17:00:00,8,17,51.0,North East England
2021-08-08 18:00:00,8,18,54.0,North East England
2021-08-08 19:00:00,8,19,60.5,North East England
2021-08-08 20:00:00,8,20,67.5,North East England
2021-08-08 21:00:00,8,21,61.5,North East England
2021-08-08 22:00:00,8,22,49.5,North East England
2021-08-08 23:00:00,8,23,50.0,North East England
2021-08-09 00:00:00,8,0,56.5,North East England
2021-08-09 01:00:00,8,1,56.0,North East England
2021-08-09 02:00:00,8,2,57.5,North East England
2021-08-09 03:00:00,8,3,63.5,North East England
2021-08-09 04:00:00,8,4,65.0,North East England
2021-08-09 05:00:00,8,5,66.0,North East England
2021-08-09 06:00:00,8,6,71.5,North East England
2021-08-09 07:00:00,8,7,82.0,North East England
2021-08-09 08:00:00,8,8,87.5,North East England
2021-08-09 09:00:00,8,9,85.5,North East England
2021-08-09 10:00:00,8,10,77.5,North East England
2021-08-09 11:00:00,8,11,76.5,North East England
2021-08-09 12:00:00,8,12,85.5,North East England
2021-08-09 13:00:00,8,13,85.0,North East England
2021-08-09 14:00:00,8,14,86.0,North East England
2021-08-09 15:00:00,8,15,83.5,North East England
2021-08-09 16:00:00,8,16,92.0,North East England
2021-08-09 17:00:00,8,17,93.5,North East England
2021-08-09 18:00:00,8,18,93.5,North East England
2021-08-09 19:00:00,8,19,91.5,North East England
2021-08-09 20:00:00,8,20,86.0,North East England
2021-08-09 21:00:00,8,21,82.5,North East England
2021-08-09 22:00:00,8,22,70.5,North East England
2021-08-09 23:00:00,8,23,70.7,North East England
2021-08-10 00:00:00,8,0,71.5,North East England
2021-08-10 01:00:00,8,1,75.0,North East England
2021-08-10 02:00:00,8,2,79.0,North East England
2021-08-10 03:00:00,8,3,80.5,North East England
2021-08-10 04:00:00,8,4,85.0,North East England
2021-08-10 05:00:00,8,5,84.5,North East England
2021-08-10 06:00:00,8,6,75.0,North East England
2021-08-10 07:00:00,8,7,94.5,North East England
2021-08-10 08:00:00,8,8,100.5,North East England
2021-08-10 09:00:00,8,9,95.5,North East England
2021-08-10 10:00:00,8,10,93.0,North East England
2021-08-10 11:00:00,8,11,97.0,North East England
2021-08-10 12:00:00,8,12,92.5,North East England
2021-08-10 13:00:00,8,13,91.5,North East England
2021-08-10 14:00:00,8,14,91.0,North East England
2021-08-10 15:00:00,8,15,95.0,North East England
2021-08-10 16:00:00,8,16,97.0,North East England
2021-08-10 17:00:00,8,17,102.0,North East England
2021-08-10 18:00:00,8,18,108.5,North East England
2021-08-10 19:00:00,8,19,109.5,North East England
2021-08-10 20:00:00,8,20,107.5,North East England
2021-08-10 21:00:00,8,21,102.0,North East England
2021-08-10 22:00:00,8,22,102.5,North East England
2021-08-10 23:00:00,8,23,94.5,North East England
2021-08-11 00:00:00,8,0,92.5,North East England
2021-08-11 01:00:00,8,1,90.0,North East England
2021-08-11 02:00:00,8,2,86.5,North East England
2021-08-11 03:00:00,8,3,91.5,North East England
2021-08-11 04:00:00,8,4,122.5,North East England
2021-08-11 05:00:00,8,5,123.5,North East England
2021-08-11 06:00:00,8,6,113.0,North East England
2021-08-11 07:00:00,8,7,104.0,North East England
2021-08-11 08:00:00,8,8,101.5,North East England
2021-08-11 09:00:00,8,9,99.5,North East England
2021-08-11 10:00:00,8,10,95.5,North East England
2021-08-11 11:00:00,8,11,94.5,North East England
2021-08-11 12:00:00,8,12,98.0,North East England
2021-08-11 13:00:00,8,13,99.0,North East England
2021-08-11 14:00:00,8,14,93.5,North East England
2021-08-11 15:00:00,8,15,87.0,North East England
2021-08-11 16:00:00,8,16,94.5,North East England
2021-08-11 17:00:00,8,17,102.0,North East England
2021-08-11 18:00:00,8,18,107.0,North East England
2021-08-11 19:00:00,8,19,111.5,North East England
2021-08-11 20:00:00,8,20,110.5,North East England
2021-08-11 21:00:00,8,21,117.0,North East England
2021-08-11 22:00:00,8,22,129.5,North East England
2021-08-11 23:00:00,8,23,125.0,North East England
2021-08-12 00:00:00,8,0,117.0,North East England
2021-08-12 01:00:00,8,1,120.0,North East England
2021-08-12 02:00:00,8,2,126.5,North East England
2021-08-12 03:00:00,8,3,123.5,North East England
2021-08-12 04:00:00,8,4,120.0,North East England
2021-08-12 05:00:00,8,5,122.5,North East England
2021-08-12 06:00:00,8,6,115.0,North East England
2021-08-12 07:00:00,8,7,110.5,North East England
2021-08-12 08:00:00,8,8,105.5,North East England
2021-08-12 09:00:00,8,9,102.0,North East England
2021-08-12 10:00:00,8,10,102.0,North East England
2021-08-12 11:00:00,8,11,102.5,North East England
2021-08-12 12:00:00,8,12,99.0,North East England
2021-08-12 13:00:00,8,13,104.0,North East England
2021-08-12 14:00:00,8,14,93.0,North East England
2021-08-12 15:00:00,8,15,95.0,North East England
2021-08-12 16:00:00,8,16,107.5,North East England
2021-08-12 17:00:00,8,17,109.5,North East England
2021-08-12 18:00:00,8,18,106.5,North East England
2021-08-12 19:00:00,8,19,107.0,North East England
2021-08-12 20:00:00,8,20,107.0,North East England
2021-08-12 21:00:00,8,21,104.0,North East England
2021-08-12 22:00:00,8,22,100.5,North East England
2021-08-12 23:00:00,8,23,109.0,North East England
2021-08-13 00:00:00,8,0,88.5,North East England
2021-08-13 01:00:00,8,1,84.5,North East England
2021-08-13 02:00:00,8,2,109.0,North East England
2021-08-13 03:00:00,8,3,133.0,North East England
2021-08-13 04:00:00,8,4,145.5,North East England
2021-08-13 05:00:00,8,5,109.5,North East England
2021-08-13 06:00:00,8,6,76.5,North East England
2021-08-13 07:00:00,8,7,81.5,North East England
2021-08-13 08:00:00,8,8,80.5,North East England
2021-08-13 09:00:00,8,9,76.5,North East England
2021-08-13 10:00:00,8,10,71.0,North East England
2021-08-13 11:00:00,8,11,64.5,North East England
2021-08-13 12:00:00,8,12,55.5,North East England
2021-08-13 13:00:00,8,13,53.0,North East England
2021-08-13 14:00:00,8,14,54.0,North East England
2021-08-13 15:00:00,8,15,55.0,North East England
2021-08-13 16:00:00,8,16,61.0,North East England
2021-08-13 17:00:00,8,17,62.5,North East England
2021-08-13 18:00:00,8,18,67.0,North East England
2021-08-13 19:00:00,8,19,69.5,North East England
2021-08-13 20:00:00,8,20,73.5,North East England
2021-08-13 21:00:00,8,21,96.5,North East England
2021-08-13 22:00:00,8,22,144.0,North East England
2021-08-13 23:00:00,8,23,174.0,North East England
2021-08-14 00:00:00,8,0,185.0,North East England
2021-08-14 01:00:00,8,1,203.0,North East England
2021-08-14 02:00:00,8,2,189.5,North East England
2021-08-14 03:00:00,8,3,198.5,North East England
2021-08-14 04:00:00,8,4,207.0,North East England
2021-08-14 05:00:00,8,5,149.0,North East England
2021-08-14 06:00:00,8,6,88.0,North East England
2021-08-14 07:00:00,8,7,91.5,North East England
2021-08-14 08:00:00,8,8,96.5,North East England
2021-08-14 09:00:00,8,9,90.5,North East England
2021-08-14 10:00:00,8,10,99.0,North East England
2021-08-14 11:00:00,8,11,103.0,North East England
2021-08-14 12:00:00,8,12,88.0,North East England
2021-08-14 13:00:00,8,13,86.0,North East England
2021-08-14 14:00:00,8,14,87.0,North East England
2021-08-14 15:00:00,8,15,85.5,North East England
2021-08-14 16:00:00,8,16,102.0,North East England
2021-08-14 17:00:00,8,17,115.0,North East England
2021-08-14 18:00:00,8,18,111.5,North East England
2021-08-14 19:00:00,8,19,114.0,North East England
2021-08-14 20:00:00,8,20,112.0,North East England
2021-08-14 21:00:00,8,21,109.0,North East England
2021-08-14 22:00:00,8,22,113.5,North East England
2021-08-14 23:00:00,8,23,113.0,North East England
2021-08-15 00:00:00,8,0,118.5,North East England
2021-08-15 01:00:00,8,1,110.0,North East England
2021-08-15 02:00:00,8,2,108.0,North East England
2021-08-15 03:00:00,8,3,103.0,North East England
2021-08-15 04:00:00,8,4,88.5,North East England
2021-08-15 05:00:00,8,5,84.0,North East England
2021-08-15 06:00:00,8,6,93.5,North East England
2021-08-15 07:00:00,8,7,102.5,North East England
2021-08-15 08:00:00,8,8,97.0,North East England
2021-08-15 09:00:00,8,9,98.0,North East England
2021-08-15 10:00:00,8,10,96.0,North East England
2021-08-15 11:00:00,8,11,102.0,North East England
2021-08-15 12:00:00,8,12,100.0,North East England
2021-08-15 13:00:00,8,13,96.5,North East England
2021-08-15 14:00:00,8,14,94.5,North East England
2021-08-15 15:00:00,8,15,95.5,North East England
2021-08-15 16:00:00,8,16,94.5,North East England
2021-08-15 17:00:00,8,17,97.5,North East England
2021-08-15 18:00:00,8,18,90.5,North East England
2021-08-15 19:00:00,8,19,91.5,North East England
2021-08-15 20:00:00,8,20,67.0,North East England
2021-08-15 21:00:00,8,21,46.0,North East England
2021-08-15 22:00:00,8,22,41.0,North East England
2021-08-15 23:00:00,8,23,60.5,North East England
2021-08-16 00:00:00,8,0,67.0,North East England
2021-08-16 01:00:00,8,1,76.0,North East England
2021-08-16 02:00:00,8,2,94.0,North East England
2021-08-16 03:00:00,8,3,96.0,North East England
2021-08-16 04:00:00,8,4,66.0,North East England
2021-08-16 05:00:00,8,5,42.5,North East England
2021-08-16 06:00:00,8,6,41.0,North East England
2021-08-16 07:00:00,8,7,49.5,North East England
2021-08-16 08:00:00,8,8,51.5,North East England
2021-08-16 09:00:00,8,9,50.5,North East England
2021-08-16 10:00:00,8,10,68.0,North East England
2021-08-16 11:00:00,8,11,72.0,North East England
2021-08-16 12:00:00,8,12,77.0,North East England
2021-08-16 13:00:00,8,13,78.0,North East England
2021-08-16 14:00:00,8,14,82.5,North East England
2021-08-16 15:00:00,8,15,85.5,North East England
2021-08-16 16:00:00,8,16,93.0,North East England
2021-08-16 17:00:00,8,17,101.5,North East England
2021-08-16 18:00:00,8,18,107.5,North East England
2021-08-16 19:00:00,8,19,111.0,North East England
2021-08-16 20:00:00,8,20,115.5,North East England
2021-08-16 21:00:00,8,21,107.0,North East England
2021-08-16 22:00:00,8,22,58.0,North East England
2021-08-16 23:00:00,8,23,41.0,North East England
2021-08-17 00:00:00,8,0,37.0,North East England
2021-08-17 01:00:00,8,1,44.5,North East England
2021-08-17 02:00:00,8,2,62.0,North East England
2021-08-17 03:00:00,8,3,59.0,North East England
2021-08-17 04:00:00,8,4,45.0,North East England
2021-08-17 05:00:00,8,5,38.0,North East England
2021-08-17 06:00:00,8,6,55.5,North East England
2021-08-17 07:00:00,8,7,80.0,North East England
2021-08-17 08:00:00,8,8,82.5,North East England
2021-08-17 09:00:00,8,9,84.5,North East England
2021-08-17 10:00:00,8,10,89.0,North East England
2021-08-17 11:00:00,8,11,86.0,North East England
2021-08-17 12:00:00,8,12,79.0,North East England
2021-08-17 13:00:00,8,13,76.5,North East England
2021-08-17 14:00:00,8,14,85.5,North East England
2021-08-17 15:00:00,8,15,85.5,North East England
2021-08-17 16:00:00,8,16,87.5,North East England
2021-08-17 17:00:00,8,17,94.0,North East England
2021-08-17 18:00:00,8,18,91.0,North East England
2021-08-17 19:00:00,8,19,88.5,North East England
2021-08-17 20:00:00,8,20,84.5,North East England
2021-08-17 21:00:00,8,21,80.0,North East England
2021-08-17 22:00:00,8,22,64.0,North East England
2021-08-17 23:00:00,8,23,65.0,North East England
2021-08-18 00:00:00,8,0,60.5,North East England
2021-08-18 01:00:00,8,1,57.0,North East England
2021-08-18 02:00:00,8,2,55.0,North East England
2021-08-18 03:00:00,8,3,59.0,North East England
2021-08-18 04:00:00,8,4,59.0,North East England
2021-08-18 05:00:00,8,5,58.5,North East England
2021-08-18 06:00:00,8,6,68.0,North East England
2021-08-18 07:00:00,8,7,81.5,North East England
2021-08-18 08:00:00,8,8,82.0,North East England
2021-08-18 09:00:00,8,9,83.0,North East England
2021-08-18 10:00:00,8,10,86.0,North East England
2021-08-18 11:00:00,8,11,76.5,North East England
2021-08-18 12:00:00,8,12,75.5,North East England
2021-08-18 13:00:00,8,13,73.5,North East England
2021-08-18 14:00:00,8,14,77.5,North East England
2021-08-18 15:00:00,8,15,93.0,North East England
2021-08-18 16:00:00,8,16,103.0,North East England
2021-08-18 17:00:00,8,17,110.0,North East England
2021-08-18 18:00:00,8,18,115.0,North East England
2021-08-18 19:00:00,8,19,127.0,North East England
2021-08-18 20:00:00,8,20,129.0,North East England
2021-08-18 21:00:00,8,21,102.0,North East England
2021-08-18 22:00:00,8,22,103.0,North East England
2021-08-18 23:00:00,8,23,78.5,North East England
2021-08-19 00:00:00,8,0,80.0,North East England
2021-08-19 01:00:00,8,1,98.5,North East England
2021-08-19 02:00:00,8,2,101.0,North East England
2021-08-19 03:00:00,8,3,109.0,North East England
2021-08-19 04:00:00,8,4,113.5,North East England
2021-08-19 05:00:00,8,5,109.0,North East England
2021-08-19 06:00:00,8,6,134.5,North East England
2021-08-19 07:00:00,8,7,142.5,North East England
2021-08-19 08:00:00,8,8,138.0,North East England
2021-08-19 09:00:00,8,9,135.5,North East England
2021-08-19 10:00:00,8,10,133.0,North East England
2021-08-19 11:00:00,8,11,128.5,North East England
2021-08-19 12:00:00,8,12,127.5,North East England
2021-08-19 13:00:00,8,13,126.5,North East England
2021-08-19 14:00:00,8,14,128.0,North East England
2021-08-19 15:00:00,8,15,127.0,North East England
2021-08-19 16:00:00,8,16,133.0,North East England
2021-08-19 17:00:00,8,17,136.5,North East England
2021-08-19 18:00:00,8,18,136.5,North East England
2021-08-19 19:00:00,8,19,135.5,North East England
2021-08-19 20:00:00,8,20,135.5,North East England
2021-08-19 21:00:00,8,21,128.0,North East England
2021-08-19 22:00:00,8,22,121.5,North East England
2021-08-19 23:00:00,8,23,127.5,North East England
2021-08-20 00:00:00,8,0,121.0,North East England
2021-08-20 01:00:00,8,1,122.5,North East England
2021-08-20 02:00:00,8,2,122.0,North East England
2021-08-20 03:00:00,8,3,124.0,North East England
2021-08-20 04:00:00,8,4,122.5,North East England
2021-08-20 05:00:00,8,5,132.0,North East England
2021-08-20 06:00:00,8,6,147.0,North East England
2021-08-20 07:00:00,8,7,146.5,North East England
2021-08-20 08:00:00,8,8,139.0,North East England
2021-08-20 09:00:00,8,9,137.0,North East England
2021-08-20 10:00:00,8,10,136.5,North East England
2021-08-20 11:00:00,8,11,135.5,North East England
2021-08-20 12:00:00,8,12,135.5,North East England
2021-08-20 13:00:00,8,13,135.5,North East England
2021-08-20 14:00:00,8,14,138.0,North East England
2021-08-20 15:00:00,8,15,146.5,North East England
2021-08-20 16:00:00,8,16,149.0,North East England
2021-08-20 17:00:00,8,17,155.5,North East England
2021-08-20 18:00:00,8,18,158.0,North East England
2021-08-20 19:00:00,8,19,156.0,North East England
2021-08-20 20:00:00,8,20,142.5,North East England
2021-08-20 21:00:00,8,21,135.0,North East England
2021-08-20 22:00:00,8,22,135.5,North East England
2021-08-20 23:00:00,8,23,127.5,North East England
2021-08-21 00:00:00,8,0,120.0,North East England
2021-08-21 01:00:00,8,1,121.5,North East England
2021-08-21 02:00:00,8,2,125.5,North East England
2021-08-21 03:00:00,8,3,125.5,North East England
2021-08-21 04:00:00,8,4,117.5,North East England
2021-08-21 05:00:00,8,5,125.5,North East England
2021-08-21 06:00:00,8,6,128.5,North East England
2021-08-21 07:00:00,8,7,138.5,North East England
2021-08-21 08:00:00,8,8,143.5,North East England
2021-08-21 09:00:00,8,9,142.0,North East England
2021-08-21 10:00:00,8,10,142.0,North East England
2021-08-21 11:00:00,8,11,141.0,North East England
2021-08-21 12:00:00,8,12,146.5,North East England
2021-08-21 13:00:00,8,13,147.5,North East England
2021-08-21 14:00:00,8,14,152.0,North East England
2021-08-21 15:00:00,8,15,145.0,North East England
2021-08-21 16:00:00,8,16,137.5,North East England
2021-08-21 17:00:00,8,17,132.5,North East England
2021-08-21 18:00:00,8,18,128.0,North East England
2021-08-21 19:00:00,8,19,126.0,North East England
2021-08-21 20:00:00,8,20,126.0,North East England
2021-08-21 21:00:00,8,21,116.0,North East England
2021-08-21 22:00:00,8,22,106.0,North East England
2021-08-21 23:00:00,8,23,105.5,North East England
2021-08-22 00:00:00,8,0,101.5,North East England
2021-08-22 01:00:00,8,1,99.5,North East England
2021-08-22 02:00:00,8,2,100.5,North East England
2021-08-22 03:00:00,8,3,105.5,North East England
2021-08-22 04:00:00,8,4,106.0,North East England
2021-08-22 05:00:00,8,5,103.5,North East England
2021-08-22 06:00:00,8,6,118.0,North East England
2021-08-22 07:00:00,8,7,101.0,North East England
2021-08-22 08:00:00,8,8,99.0,North East England
2021-08-22 09:00:00,8,9,100.0,North East England
2021-08-22 10:00:00,8,10,101.0,North East England
2021-08-22 11:00:00,8,11,96.5,North East England
2021-08-22 12:00:00,8,12,93.5,North East England
2021-08-22 13:00:00,8,13,94.0,North East England
2021-08-22 14:00:00,8,14,97.0,North East England
2021-08-22 15:00:00,8,15,96.0,North East England
2021-08-22 16:00:00,8,16,104.5,North East England
2021-08-22 17:00:00,8,17,106.5,North East England
2021-08-22 18:00:00,8,18,109.5,North East England
2021-08-22 19:00:00,8,19,115.0,North East England
2021-08-22 20:00:00,8,20,112.5,North East England
2021-08-22 21:00:00,8,21,102.0,North East England
2021-08-22 22:00:00,8,22,105.5,North East England
2021-08-22 23:00:00,8,23,102.3,North East England
2021-08-23 00:00:00,8,0,109.0,North East England
2021-08-23 01:00:00,8,1,110.5,North East England
2021-08-23 02:00:00,8,2,106.0,North East England
2021-08-23 03:00:00,8,3,105.0,North East England
2021-08-23 04:00:00,8,4,111.0,North East England
2021-08-23 05:00:00,8,5,111.0,North East England
2021-08-23 06:00:00,8,6,114.5,North East England
2021-08-23 07:00:00,8,7,113.0,North East England
2021-08-23 08:00:00,8,8,109.0,North East England
2021-08-23 09:00:00,8,9,103.5,North East England
2021-08-23 10:00:00,8,10,104.0,North East England
2021-08-23 11:00:00,8,11,100.0,North East England
2021-08-23 12:00:00,8,12,99.5,North East England
2021-08-23 13:00:00,8,13,96.0,North East England
2021-08-23 14:00:00,8,14,92.5,North East England
2021-08-23 15:00:00,8,15,95.5,North East England
2021-08-23 16:00:00,8,16,101.5,North East England
2021-08-23 17:00:00,8,17,105.5,North East England
2021-08-23 18:00:00,8,18,109.0,North East England
2021-08-23 19:00:00,8,19,107.0,North East England
2021-08-23 20:00:00,8,20,103.5,North East England
2021-08-23 21:00:00,8,21,97.5,North East England
2021-08-23 22:00:00,8,22,87.5,North East England
2021-08-23 23:00:00,8,23,86.5,North East England
2021-08-24 00:00:00,8,0,90.0,North East England
2021-08-24 01:00:00,8,1,89.5,North East England
2021-08-24 02:00:00,8,2,88.0,North East England
2021-08-24 03:00:00,8,3,87.5,North East England
2021-08-24 04:00:00,8,4,88.0,North East England
2021-08-24 05:00:00,8,5,82.0,North East England
2021-08-24 06:00:00,8,6,95.5,North East England
2021-08-24 07:00:00,8,7,116.0,North East England
2021-08-24 08:00:00,8,8,99.5,North East England
2021-08-24 09:00:00,8,9,96.5,North East England
2021-08-24 10:00:00,8,10,93.5,North East England
2021-08-24 11:00:00,8,11,96.5,North East England
2021-08-24 12:00:00,8,12,95.0,North East England
2021-08-24 13:00:00,8,13,96.0,North East England
2021-08-24 14:00:00,8,14,96.5,North East England
2021-08-24 15:00:00,8,15,101.5,North East England
2021-08-24 16:00:00,8,16,117.5,North East England
2021-08-24 17:00:00,8,17,101.0,North East England
2021-08-24 18:00:00,8,18,101.5,North East England
2021-08-24 19:00:00,8,19,101.5,North East England
2021-08-24 20:00:00,8,20,94.5,North East England
2021-08-24 21:00:00,8,21,90.5,North East England
2021-08-24 22:00:00,8,22,88.0,North East England
2021-08-24 23:00:00,8,23,83.5,North East England
2021-08-25 00:00:00,8,0,86.0,North East England
2021-08-25 01:00:00,8,1,90.0,North East England
2021-08-25 02:00:00,8,2,91.5,North East England
2021-08-25 03:00:00,8,3,92.0,North East England
2021-08-25 04:00:00,8,4,91.0,North East England
2021-08-25 05:00:00,8,5,89.5,North East England
2021-08-25 06:00:00,8,6,100.0,North East England
2021-08-25 07:00:00,8,7,104.5,North East England
2021-08-25 08:00:00,8,8,100.5,North East England
2021-08-25 09:00:00,8,9,94.5,North East England
2021-08-25 10:00:00,8,10,95.5,North East England
2021-08-25 11:00:00,8,11,93.0,North East England
2021-08-25 12:00:00,8,12,91.5,North East England
2021-08-25 13:00:00,8,13,86.0,North East England
2021-08-25 14:00:00,8,14,85.0,North East England
2021-08-25 15:00:00,8,15,89.0,North East England
2021-08-25 16:00:00,8,16,93.5,North East England
2021-08-25 17:00:00,8,17,100.5,North East England
2021-08-25 18:00:00,8,18,104.0,North East England
2021-08-25 19:00:00,8,19,102.0,North East England
2021-08-25 20:00:00,8,20,97.5,North East England
2021-08-25 21:00:00,8,21,96.0,North East England
2021-08-25 22:00:00,8,22,87.5,North East England
2021-08-25 23:00:00,8,23,70.5,North East England
2021-08-26 00:00:00,8,0,68.0,North East England
2021-08-26 01:00:00,8,1,59.0,North East England
2021-08-26 02:00:00,8,2,59.0,North East England
2021-08-26 03:00:00,8,3,58.0,North East England
2021-08-26 04:00:00,8,4,61.5,North East England
2021-08-26 05:00:00,8,5,77.5,North East England
2021-08-26 06:00:00,8,6,91.5,North East England
2021-08-26 07:00:00,8,7,85.5,North East England
2021-08-26 08:00:00,8,8,85.5,North East England
2021-08-26 09:00:00,8,9,82.0,North East England
2021-08-26 10:00:00,8,10,80.0,North East England
2021-08-26 11:00:00,8,11,78.5,North East England
2021-08-26 12:00:00,8,12,74.5,North East England
2021-08-26 13:00:00,8,13,72.0,North East England
2021-08-26 14:00:00,8,14,70.5,North East England
2021-08-26 15:00:00,8,15,68.5,North East England
2021-08-26 16:00:00,8,16,72.5,North East England
2021-08-26 17:00:00,8,17,71.0,North East England
2021-08-26 18:00:00,8,18,72.0,North East England
2021-08-26 19:00:00,8,19,77.0,North East England
2021-08-26 20:00:00,8,20,80.5,North East England
2021-08-26 21:00:00,8,21,80.0,North East England
2021-08-26 22:00:00,8,22,83.0,North East England
2021-08-26 23:00:00,8,23,83.5,North East England
2021-08-27 00:00:00,8,0,85.0,North East England
2021-08-27 01:00:00,8,1,89.5,North East England
2021-08-27 02:00:00,8,2,86.0,North East England
2021-08-27 03:00:00,8,3,86.5,North East England
2021-08-27 04:00:00,8,4,87.5,North East England
2021-08-27 05:00:00,8,5,97.5,North East England
2021-08-27 06:00:00,8,6,101.5,North East England
2021-08-27 07:00:00,8,7,102.5,North East England
2021-08-27 08:00:00,8,8,106.0,North East England
2021-08-27 09:00:00,8,9,110.5,North East England
2021-08-27 10:00:00,8,10,111.5,North East England
2021-08-27 11:00:00,8,11,108.5,North East England
2021-08-27 12:00:00,8,12,109.0,North East England
2021-08-27 13:00:00,8,13,101.5,North East England
2021-08-27 14:00:00,8,14,99.0,North East England
2021-08-27 15:00:00,8,15,95.5,North East England
2021-08-27 16:00:00,8,16,98.5,North East England
2021-08-27 17:00:00,8,17,99.0,North East England
2021-08-27 18:00:00,8,18,96.0,North East England
2021-08-27 19:00:00,8,19,90.5,North East England
2021-08-27 20:00:00,8,20,80.0,North East England
2021-08-27 21:00:00,8,21,75.0,North East England
2021-08-27 22:00:00,8,22,75.0,North East England
2021-08-27 23:00:00,8,23,71.0,North East England
2021-08-28 00:00:00,8,0,65.5,North East England
2021-08-28 01:00:00,8,1,90.5,North East England
2021-08-28 02:00:00,8,2,76.5,North East England
2021-08-28 03:00:00,8,3,78.0,North East England
2021-08-28 04:00:00,8,4,70.5,North East England
2021-08-28 05:00:00,8,5,76.0,North East England
2021-08-28 06:00:00,8,6,77.0,North East England
2021-08-28 07:00:00,8,7,76.0,North East England
2021-08-28 08:00:00,8,8,80.5,North East England
2021-08-28 09:00:00,8,9,72.5,North East England
2021-08-28 10:00:00,8,10,69.0,North East England
2021-08-28 11:00:00,8,11,70.0,North East England
2021-08-28 12:00:00,8,12,67.5,North East England
2021-08-28 13:00:00,8,13,67.5,North East England
2021-08-28 14:00:00,8,14,66.5,North East England
2021-08-28 15:00:00,8,15,68.0,North East England
2021-08-28 16:00:00,8,16,72.5,North East England
2021-08-28 17:00:00,8,17,75.5,North East England
2021-08-28 18:00:00,8,18,78.5,North East England
2021-08-28 19:00:00,8,19,79.0,North East England
2021-08-28 20:00:00,8,20,81.5,North East England
2021-08-28 21:00:00,8,21,77.0,North East England
2021-08-28 22:00:00,8,22,75.5,North East England
2021-08-28 23:00:00,8,23,81.0,North East England
2021-08-29 00:00:00,8,0,77.5,North East England
2021-08-29 01:00:00,8,1,73.5,North East England
2021-08-29 02:00:00,8,2,76.0,North East England
2021-08-29 03:00:00,8,3,75.0,North East England
2021-08-29 04:00:00,8,4,78.0,North East England
2021-08-29 05:00:00,8,5,76.5,North East England
2021-08-29 06:00:00,8,6,72.0,North East England
2021-08-29 07:00:00,8,7,79.5,North East England
2021-08-29 08:00:00,8,8,76.0,North East England
2021-08-29 09:00:00,8,9,75.0,North East England
2021-08-29 10:00:00,8,10,76.0,North East England
2021-08-29 11:00:00,8,11,76.0,North East England
2021-08-29 12:00:00,8,12,73.0,North East England
2021-08-29 13:00:00,8,13,81.5,North East England
2021-08-29 14:00:00,8,14,72.5,North East England
2021-08-29 15:00:00,8,15,68.5,North East England
2021-08-29 16:00:00,8,16,67.0,North East England
2021-08-29 17:00:00,8,17,66.5,North East England
2021-08-29 18:00:00,8,18,65.5,North East England
2021-08-29 19:00:00,8,19,62.0,North East England
2021-08-29 20:00:00,8,20,65.0,North East England
2021-08-29 21:00:00,8,21,66.5,North East England
2021-08-29 22:00:00,8,22,54.0,North East England
2021-08-29 23:00:00,8,23,54.5,North East England
2021-08-30 00:00:00,8,0,60.5,North East England
2021-08-30 01:00:00,8,1,64.5,North East England
2021-08-30 02:00:00,8,2,67.0,North East England
2021-08-30 03:00:00,8,3,60.5,North East England
2021-08-30 04:00:00,8,4,62.0,North East England
2021-08-30 05:00:00,8,5,76.0,North East England
2021-08-30 06:00:00,8,6,81.5,North East England
2021-08-30 07:00:00,8,7,71.0,North East England
2021-08-30 08:00:00,8,8,72.0,North East England
2021-08-30 09:00:00,8,9,73.5,North East England
2021-08-30 10:00:00,8,10,73.0,North East England
2021-08-30 11:00:00,8,11,73.5,North East England
2021-08-30 12:00:00,8,12,71.5,North East England
2021-08-30 13:00:00,8,13,71.0,North East England
2021-08-30 14:00:00,8,14,73.5,North East England
2021-08-30 15:00:00,8,15,80.5,North East England
2021-08-30 16:00:00,8,16,83.0,North East England
2021-08-30 17:00:00,8,17,87.0,North East England
2021-08-30 18:00:00,8,18,86.0,North East England
2021-08-30 19:00:00,8,19,85.0,North East England
2021-08-30 20:00:00,8,20,86.0,North East England
2021-08-30 21:00:00,8,21,79.0,North East England
2021-08-30 22:00:00,8,22,88.5,North East England
2021-08-30 23:00:00,8,23,86.0,North East England
2021-08-31 00:00:00,8,0,81.5,North East England
2021-08-31 01:00:00,8,1,82.5,North East England
2021-08-31 02:00:00,8,2,86.0,North East England
2021-08-31 03:00:00,8,3,83.5,North East England
2021-08-31 04:00:00,8,4,84.0,North East England
2021-08-31 05:00:00,8,5,80.0,North East England
2021-08-31 06:00:00,8,6,86.5,North East England
2021-08-31 07:00:00,8,7,89.5,North East England
2021-08-31 08:00:00,8,8,97.0,North East England
2021-08-31 09:00:00,8,9,94.5,North East England
2021-08-31 10:00:00,8,10,92.5,North East England
2021-08-31 11:00:00,8,11,91.0,North East England
2021-08-31 12:00:00,8,12,94.0,North East England
2021-08-31 13:00:00,8,13,97.0,North East England
2021-08-31 14:00:00,8,14,98.5,North East England
2021-08-31 15:00:00,8,15,102.0,North East England
2021-08-31 16:00:00,8,16,106.0,North East England
2021-08-31 17:00:00,8,17,108.5,North East England
2021-08-31 18:00:00,8,18,107.5,North East England
2021-08-31 19:00:00,8,19,109.0,North East England
2021-08-31 20:00:00,8,20,102.0,North East England
2021-08-31 21:00:00,8,21,95.0,North East England
2021-08-31 22:00:00,8,22,104.5,North East England
2021-08-31 23:00:00,8,23,104.0,North East England
2021-09-01 00:00:00,9,0,104.0,North East England
2021-09-01 01:00:00,9,1,105.5,North East England
2021-09-01 02:00:00,9,2,102.0,North East England
2021-09-01 03:00:00,9,3,97.5,North East England
2021-09-01 04:00:00,9,4,91.0,North East England
2021-09-01 05:00:00,9,5,96.0,North East England
2021-09-01 06:00:00,9,6,111.0,North East England
2021-09-01 07:00:00,9,7,106.0,North East England
2021-09-01 08:00:00,9,8,109.0,North East England
2021-09-01 09:00:00,9,9,113.5,North East England
2021-09-01 10:00:00,9,10,113.5,North East England
2021-09-01 11:00:00,9,11,116.0,North East England
2021-09-01 12:00:00,9,12,117.5,North East England
2021-09-01 13:00:00,9,13,120.5,North East England
2021-09-01 14:00:00,9,14,125.0,North East England
2021-09-01 15:00:00,9,15,124.0,North East England
2021-09-01 16:00:00,9,16,127.5,North East England
2021-09-01 17:00:00,9,17,126.0,North East England
2021-09-01 18:00:00,9,18,120.0,North East England
2021-09-01 19:00:00,9,19,121.5,North East England
2021-09-01 20:00:00,9,20,116.5,North East England
2021-09-01 21:00:00,9,21,110.0,North East England
2021-09-01 22:00:00,9,22,101.0,North East England
2021-09-01 23:00:00,9,23,106.0,North East England
2021-09-02 00:00:00,9,0,104.0,North East England
2021-09-02 01:00:00,9,1,103.5,North East England
2021-09-02 02:00:00,9,2,100.5,North East England
2021-09-02 03:00:00,9,3,99.0,North East England
2021-09-02 04:00:00,9,4,104.0,North East England
2021-09-02 05:00:00,9,5,111.5,North East England
2021-09-02 06:00:00,9,6,121.5,North East England
2021-09-02 07:00:00,9,7,120.0,North East England
2021-09-02 08:00:00,9,8,120.0,North East England
2021-09-02 09:00:00,9,9,121.5,North East England
2021-09-02 10:00:00,9,10,128.0,North East England
2021-09-02 11:00:00,9,11,112.0,North East England
2021-09-02 12:00:00,9,12,107.5,North East England
2021-09-02 13:00:00,9,13,104.0,North East England
2021-09-02 14:00:00,9,14,104.5,North East England
2021-09-02 15:00:00,9,15,112.0,North East England
2021-09-02 16:00:00,9,16,121.5,North East England
2021-09-02 17:00:00,9,17,122.0,North East England
2021-09-02 18:00:00,9,18,126.0,North East England
2021-09-02 19:00:00,9,19,123.5,North East England
2021-09-02 20:00:00,9,20,117.5,North East England
2021-09-02 21:00:00,9,21,111.0,North East England
2021-09-02 22:00:00,9,22,84.5,North East England
2021-09-02 23:00:00,9,23,77.5,North East England
2021-09-03 00:00:00,9,0,80.0,North East England
2021-09-03 01:00:00,9,1,76.5,North East England
2021-09-03 02:00:00,9,2,73.0,North East England
2021-09-03 03:00:00,9,3,71.0,North East England
2021-09-03 04:00:00,9,4,83.5,North East England
2021-09-03 05:00:00,9,5,97.0,North East England
2021-09-03 06:00:00,9,6,103.5,North East England
2021-09-03 07:00:00,9,7,106.0,North East England
2021-09-03 08:00:00,9,8,105.5,North East England
2021-09-03 09:00:00,9,9,105.0,North East England
2021-09-03 10:00:00,9,10,104.5,North East England
2021-09-03 11:00:00,9,11,103.0,North East England
2021-09-03 12:00:00,9,12,102.5,North East England
2021-09-03 13:00:00,9,13,102.0,North East England
2021-09-03 14:00:00,9,14,101.0,North East England
2021-09-03 15:00:00,9,15,101.0,North East England
2021-09-03 16:00:00,9,16,104.5,North East England
2021-09-03 17:00:00,9,17,106.0,North East England
2021-09-03 18:00:00,9,18,107.0,North East England
2021-09-03 19:00:00,9,19,106.5,North East England
2021-09-03 20:00:00,9,20,106.5,North East England
2021-09-03 21:00:00,9,21,102.0,North East England
2021-09-03 22:00:00,9,22,100.5,North East England
2021-09-03 23:00:00,9,23,97.0,North East England
2021-09-04 00:00:00,9,0,84.5,North East England
2021-09-04 01:00:00,9,1,77.5,North East England
2021-09-04 02:00:00,9,2,79.0,North East England
2021-09-04 03:00:00,9,3,78.5,North East England
2021-09-04 04:00:00,9,4,80.5,North East England
2021-09-04 05:00:00,9,5,82.5,North East England
2021-09-04 06:00:00,9,6,85.5,North East England
2021-09-04 07:00:00,9,7,102.0,North East England
2021-09-04 08:00:00,9,8,101.0,North East England
2021-09-04 09:00:00,9,9,100.5,North East England
2021-09-04 10:00:00,9,10,103.0,North East England
2021-09-04 11:00:00,9,11,105.0,North East England
2021-09-04 12:00:00,9,12,108.5,North East England
2021-09-04 13:00:00,9,13,100.5,North East England
2021-09-04 14:00:00,9,14,101.5,North East England
2021-09-04 15:00:00,9,15,99.5,North East England
2021-09-04 16:00:00,9,16,102.0,North East England
2021-09-04 17:00:00,9,17,107.5,North East England
2021-09-04 18:00:00,9,18,104.0,North East England
2021-09-04 19:00:00,9,19,105.5,North East England
2021-09-04 20:00:00,9,20,107.5,North East England
2021-09-04 21:00:00,9,21,104.0,North East England
2021-09-04 22:00:00,9,22,89.0,North East England
2021-09-04 23:00:00,9,23,84.0,North East England
2021-09-05 00:00:00,9,0,86.5,North East England
2021-09-05 01:00:00,9,1,87.5,North East England
2021-09-05 02:00:00,9,2,85.5,North East England
2021-09-05 03:00:00,9,3,83.5,North East England
2021-09-05 04:00:00,9,4,80.5,North East England
2021-09-05 05:00:00,9,5,78.0,North East England
2021-09-05 06:00:00,9,6,77.0,North East England
2021-09-05 07:00:00,9,7,88.0,North East England
2021-09-05 08:00:00,9,8,85.5,North East England
2021-09-05 09:00:00,9,9,84.0,North East England
2021-09-05 10:00:00,9,10,78.5,North East England
2021-09-05 11:00:00,9,11,75.0,North East England
2021-09-05 12:00:00,9,12,65.5,North East England
2021-09-05 13:00:00,9,13,54.5,North East England
2021-09-05 14:00:00,9,14,67.0,North East England
2021-09-05 15:00:00,9,15,91.0,North East England
2021-09-05 16:00:00,9,16,99.5,North East England
2021-09-05 17:00:00,9,17,108.5,North East England
2021-09-05 18:00:00,9,18,112.0,North East England
2021-09-05 19:00:00,9,19,115.5,North East England
2021-09-05 20:00:00,9,20,108.5,North East England
2021-09-05 21:00:00,9,21,107.0,North East England
2021-09-05 22:00:00,9,22,111.0,North East England
2021-09-05 23:00:00,9,23,111.0,North East England
2021-09-06 00:00:00,9,0,108.0,North East England
2021-09-06 01:00:00,9,1,104.5,North East England
2021-09-06 02:00:00,9,2,101.5,North East England
2021-09-06 03:00:00,9,3,107.5,North East England
2021-09-06 04:00:00,9,4,110.0,North East England
2021-09-06 05:00:00,9,5,116.0,North East England
2021-09-06 06:00:00,9,6,124.5,North East England
2021-09-06 07:00:00,9,7,121.0,North East England
2021-09-06 08:00:00,9,8,124.0,North East England
2021-09-06 09:00:00,9,9,124.0,North East England
2021-09-06 10:00:00,9,10,120.5,North East England
2021-09-06 11:00:00,9,11,117.5,North East England
2021-09-06 12:00:00,9,12,117.5,North East England
2021-09-06 13:00:00,9,13,122.0,North East England
2021-09-06 14:00:00,9,14,117.5,North East England
2021-09-06 15:00:00,9,15,121.0,North East England
2021-09-06 16:00:00,9,16,120.0,North East England
2021-09-06 17:00:00,9,17,122.0,North East England
2021-09-06 18:00:00,9,18,128.0,North East England
2021-09-06 19:00:00,9,19,126.5,North East England
2021-09-06 20:00:00,9,20,122.0,North East England
2021-09-06 21:00:00,9,21,120.0,North East England
2021-09-06 22:00:00,9,22,134.0,North East England
2021-09-06 23:00:00,9,23,134.0,North East England
2021-09-07 00:00:00,9,0,133.0,North East England
2021-09-07 01:00:00,9,1,129.0,North East England
2021-09-07 02:00:00,9,2,130.0,North East England
2021-09-07 03:00:00,9,3,133.5,North East England
2021-09-07 04:00:00,9,4,145.5,North East England
2021-09-07 05:00:00,9,5,140.5,North East England
2021-09-07 06:00:00,9,6,129.5,North East England
2021-09-07 07:00:00,9,7,127.0,North East England
2021-09-07 08:00:00,9,8,116.0,North East England
2021-09-07 09:00:00,9,9,110.0,North East England
2021-09-07 10:00:00,9,10,111.5,North East England
2021-09-07 11:00:00,9,11,106.0,North East England
2021-09-07 12:00:00,9,12,101.5,North East England
2021-09-07 13:00:00,9,13,103.0,North East England
2021-09-07 14:00:00,9,14,111.0,North East England
2021-09-07 15:00:00,9,15,121.5,North East England
2021-09-07 16:00:00,9,16,138.0,North East England
2021-09-07 17:00:00,9,17,140.0,North East England
2021-09-07 18:00:00,9,18,133.5,North East England
2021-09-07 19:00:00,9,19,131.0,North East England
2021-09-07 20:00:00,9,20,130.0,North East England
2021-09-07 21:00:00,9,21,116.5,North East England
2021-09-07 22:00:00,9,22,107.0,North East England
2021-09-07 23:00:00,9,23,102.5,North East England
2021-09-08 00:00:00,9,0,103.5,North East England
2021-09-08 01:00:00,9,1,105.0,North East England
2021-09-08 02:00:00,9,2,103.5,North East England
2021-09-08 03:00:00,9,3,106.5,North East England
2021-09-08 04:00:00,9,4,119.0,North East England
2021-09-08 05:00:00,9,5,125.0,North East England
2021-09-08 06:00:00,9,6,127.5,North East England
2021-09-08 07:00:00,9,7,124.5,North East England
2021-09-08 08:00:00,9,8,118.5,North East England
2021-09-08 09:00:00,9,9,114.0,North East England
2021-09-08 10:00:00,9,10,109.0,North East England
2021-09-08 11:00:00,9,11,104.0,North East England
2021-09-08 12:00:00,9,12,100.5,North East England
2021-09-08 13:00:00,9,13,101.0,North East England
2021-09-08 14:00:00,9,14,98.5,North East England
2021-09-08 15:00:00,9,15,106.5,North East England
2021-09-08 16:00:00,9,16,115.0,North East England
2021-09-08 17:00:00,9,17,123.5,North East England
2021-09-08 18:00:00,9,18,126.5,North East England
2021-09-08 19:00:00,9,19,124.5,North East England
2021-09-08 20:00:00,9,20,116.0,North East England
2021-09-08 21:00:00,9,21,111.0,North East England
2021-09-08 22:00:00,9,22,96.5,North East England
2021-09-08 23:00:00,9,23,102.0,North East England
2021-09-09 00:00:00,9,0,108.5,North East England
2021-09-09 01:00:00,9,1,104.5,North East England
2021-09-09 02:00:00,9,2,106.0,North East England
2021-09-09 03:00:00,9,3,110.0,North East England
2021-09-09 04:00:00,9,4,127.5,North East England
2021-09-09 05:00:00,9,5,129.0,North East England
2021-09-09 06:00:00,9,6,141.5,North East England
2021-09-09 07:00:00,9,7,145.5,North East England
2021-09-09 08:00:00,9,8,145.5,North East England
2021-09-09 09:00:00,9,9,144.5,North East England
2021-09-09 10:00:00,9,10,144.5,North East England
2021-09-09 11:00:00,9,11,139.5,North East England
2021-09-09 12:00:00,9,12,136.5,North East England
2021-09-09 13:00:00,9,13,136.0,North East England
2021-09-09 14:00:00,9,14,137.5,North East England
2021-09-09 15:00:00,9,15,147.5,North East England
2021-09-09 16:00:00,9,16,153.0,North East England
2021-09-09 17:00:00,9,17,154.0,North East England
2021-09-09 18:00:00,9,18,151.5,North East England
2021-09-09 19:00:00,9,19,145.5,North East England
2021-09-09 20:00:00,9,20,144.0,North East England
2021-09-09 21:00:00,9,21,132.0,North East England
2021-09-09 22:00:00,9,22,139.0,North East England
2021-09-09 23:00:00,9,23,131.0,North East England
2021-09-10 00:00:00,9,0,122.5,North East England
2021-09-10 01:00:00,9,1,117.5,North East England
2021-09-10 02:00:00,9,2,117.0,North East England
2021-09-10 03:00:00,9,3,125.5,North East England
2021-09-10 04:00:00,9,4,138.5,North East England
2021-09-10 05:00:00,9,5,155.0,North East England
2021-09-10 06:00:00,9,6,161.5,North East England
2021-09-10 07:00:00,9,7,162.5,North East England
2021-09-10 08:00:00,9,8,161.5,North East England
2021-09-10 09:00:00,9,9,158.5,North East England
2021-09-10 10:00:00,9,10,154.0,North East England
2021-09-10 11:00:00,9,11,150.0,North East England
2021-09-10 12:00:00,9,12,144.0,North East England
2021-09-10 13:00:00,9,13,141.0,North East England
2021-09-10 14:00:00,9,14,140.5,North East England
2021-09-10 15:00:00,9,15,141.5,North East England
2021-09-10 16:00:00,9,16,134.5,North East England
2021-09-10 17:00:00,9,17,120.5,North East England
2021-09-10 18:00:00,9,18,153.0,North East England
2021-09-10 19:00:00,9,19,149.5,North East England
2021-09-10 20:00:00,9,20,140.5,North East England
2021-09-10 21:00:00,9,21,128.0,North East England
2021-09-10 22:00:00,9,22,107.0,North East England
2021-09-10 23:00:00,9,23,104.0,North East England
2021-09-11 00:00:00,9,0,106.5,North East England
2021-09-11 01:00:00,9,1,102.0,North East England
2021-09-11 02:00:00,9,2,100.5,North East England
2021-09-11 03:00:00,9,3,106.0,North East England
2021-09-11 04:00:00,9,4,108.5,North East England
2021-09-11 05:00:00,9,5,113.0,North East England
2021-09-11 06:00:00,9,6,136.5,North East England
2021-09-11 07:00:00,9,7,148.5,North East England
2021-09-11 08:00:00,9,8,148.0,North East England
2021-09-11 09:00:00,9,9,141.5,North East England
2021-09-11 10:00:00,9,10,138.5,North East England
2021-09-11 11:00:00,9,11,131.5,North East England
2021-09-11 12:00:00,9,12,125.5,North East England
2021-09-11 13:00:00,9,13,123.0,North East England
2021-09-11 14:00:00,9,14,131.0,North East England
2021-09-11 15:00:00,9,15,137.0,North East England
2021-09-11 16:00:00,9,16,133.5,North East England
2021-09-11 17:00:00,9,17,191.0,North East England
2021-09-11 18:00:00,9,18,190.0,North East England
2021-09-11 19:00:00,9,19,187.5,North East England
2021-09-11 20:00:00,9,20,163.0,North East England
2021-09-11 21:00:00,9,21,130.5,North East England
2021-09-11 22:00:00,9,22,125.0,North East England
2021-09-11 23:00:00,9,23,127.5,North East England
2021-09-12 00:00:00,9,0,130.0,North East England
2021-09-12 01:00:00,9,1,132.0,North East England
2021-09-12 02:00:00,9,2,135.5,North East England
2021-09-12 03:00:00,9,3,134.0,North East England
2021-09-12 04:00:00,9,4,137.0,North East England
2021-09-12 05:00:00,9,5,141.0,North East England
2021-09-12 06:00:00,9,6,146.0,North East England
2021-09-12 07:00:00,9,7,151.5,North East England
2021-09-12 08:00:00,9,8,157.5,North East England
2021-09-12 09:00:00,9,9,155.0,North East England
2021-09-12 10:00:00,9,10,154.5,North East England
2021-09-12 11:00:00,9,11,158.5,North East England
2021-09-12 12:00:00,9,12,158.5,North East England
2021-09-12 13:00:00,9,13,162.5,North East England
2021-09-12 14:00:00,9,14,167.0,North East England
2021-09-12 15:00:00,9,15,175.5,North East England
2021-09-12 16:00:00,9,16,185.5,North East England
2021-09-12 17:00:00,9,17,188.5,North East England
2021-09-12 18:00:00,9,18,190.0,North East England
2021-09-12 19:00:00,9,19,183.0,North East England
2021-09-12 20:00:00,9,20,174.5,North East England
2021-09-12 21:00:00,9,21,161.5,North East England
2021-09-12 22:00:00,9,22,147.0,North East England
2021-09-12 23:00:00,9,23,143.0,North East England
2021-09-13 00:00:00,9,0,135.5,North East England
2021-09-13 01:00:00,9,1,132.0,North East England
2021-09-13 02:00:00,9,2,136.5,North East England
2021-09-13 03:00:00,9,3,135.5,North East England
2021-09-13 04:00:00,9,4,143.5,North East England
2021-09-13 05:00:00,9,5,167.0,North East England
2021-09-13 06:00:00,9,6,178.5,North East England
2021-09-13 07:00:00,9,7,164.5,North East England
2021-09-13 08:00:00,9,8,151.0,North East England
2021-09-13 09:00:00,9,9,140.5,North East England
2021-09-13 10:00:00,9,10,136.5,North East England
2021-09-13 11:00:00,9,11,138.5,North East England
2021-09-13 12:00:00,9,12,138.0,North East England
2021-09-13 13:00:00,9,13,139.5,North East England
2021-09-13 14:00:00,9,14,142.0,North East England
2021-09-13 15:00:00,9,15,149.0,North East England
2021-09-13 16:00:00,9,16,154.0,North East England
2021-09-13 17:00:00,9,17,159.0,North East England
2021-09-13 18:00:00,9,18,151.5,North East England
2021-09-13 19:00:00,9,19,142.0,North East England
2021-09-13 20:00:00,9,20,195.5,North East England
2021-09-13 21:00:00,9,21,205.0,North East England
2021-09-13 22:00:00,9,22,128.5,North East England
2021-09-13 23:00:00,9,23,128.5,North East England
2021-09-14 00:00:00,9,0,114.0,North East England
2021-09-14 01:00:00,9,1,115.0,North East England
2021-09-14 02:00:00,9,2,112.0,North East England
2021-09-14 03:00:00,9,3,132.5,North East England
2021-09-14 04:00:00,9,4,152.0,North East England
2021-09-14 05:00:00,9,5,155.0,North East England
2021-09-14 06:00:00,9,6,146.0,North East England
2021-09-14 07:00:00,9,7,148.5,North East England
2021-09-14 08:00:00,9,8,151.0,North East England
2021-09-14 09:00:00,9,9,151.5,North East England
2021-09-14 10:00:00,9,10,150.5,North East England
2021-09-14 11:00:00,9,11,153.5,North East England
2021-09-14 12:00:00,9,12,156.5,North East England
2021-09-14 13:00:00,9,13,155.0,North East England
2021-09-14 14:00:00,9,14,156.0,North East England
2021-09-14 15:00:00,9,15,162.5,North East England
2021-09-14 16:00:00,9,16,169.5,North East England
2021-09-14 17:00:00,9,17,176.0,North East England
2021-09-14 18:00:00,9,18,175.5,North East England
2021-09-14 19:00:00,9,19,167.0,North East England
2021-09-14 20:00:00,9,20,159.5,North East England
2021-09-14 21:00:00,9,21,156.5,North East England
2021-09-14 22:00:00,9,22,143.5,North East England
2021-09-14 23:00:00,9,23,175.0,North East England
2021-09-15 00:00:00,9,0,168.0,North East England
2021-09-15 01:00:00,9,1,159.5,North East England
2021-09-15 02:00:00,9,2,134.5,North East England
2021-09-15 03:00:00,9,3,179.5,North East England
2021-09-15 04:00:00,9,4,250.0,North East England
2021-09-15 05:00:00,9,5,214.0,North East England
2021-09-15 06:00:00,9,6,191.0,North East England
2021-09-15 07:00:00,9,7,186.5,North East England
2021-09-15 08:00:00,9,8,180.5,North East England
2021-09-15 09:00:00,9,9,175.0,North East England
2021-09-15 10:00:00,9,10,169.5,North East England
2021-09-15 11:00:00,9,11,164.0,North East England
2021-09-15 12:00:00,9,12,159.0,North East England
2021-09-15 13:00:00,9,13,164.0,North East England
2021-09-15 14:00:00,9,14,177.5,North East England
2021-09-15 15:00:00,9,15,195.5,North East England
2021-09-15 16:00:00,9,16,204.5,North East England
2021-09-15 17:00:00,9,17,206.0,North East England
2021-09-15 18:00:00,9,18,211.0,North East England
2021-09-15 19:00:00,9,19,206.0,North East England
2021-09-15 20:00:00,9,20,201.5,North East England
2021-09-15 21:00:00,9,21,198.5,North East England
2021-09-15 22:00:00,9,22,195.0,North East England
2021-09-15 23:00:00,9,23,188.5,North East England
2021-09-16 00:00:00,9,0,151.0,North East England
2021-09-16 01:00:00,9,1,164.0,North East England
2021-09-16 02:00:00,9,2,169.5,North East England
2021-09-16 03:00:00,9,3,226.5,North East England
2021-09-16 04:00:00,9,4,287.5,North East England
2021-09-16 05:00:00,9,5,243.5,North East England
2021-09-16 06:00:00,9,6,208.5,North East England
2021-09-16 07:00:00,9,7,200.5,North East England
2021-09-16 08:00:00,9,8,196.5,North East England
2021-09-16 09:00:00,9,9,190.0,North East England
2021-09-16 10:00:00,9,10,185.0,North East England
2021-09-16 11:00:00,9,11,179.5,North East England
2021-09-16 12:00:00,9,12,171.0,North East England
2021-09-16 13:00:00,9,13,183.5,North East England
2021-09-16 14:00:00,9,14,188.5,North East England
2021-09-16 15:00:00,9,15,183.5,North East England
2021-09-16 16:00:00,9,16,184.0,North East England
2021-09-16 17:00:00,9,17,199.0,North East England
2021-09-16 18:00:00,9,18,212.0,North East England
2021-09-16 19:00:00,9,19,203.5,North East England
2021-09-16 20:00:00,9,20,189.5,North East England
2021-09-16 21:00:00,9,21,190.0,North East England
2021-09-16 22:00:00,9,22,171.5,North East England
2021-09-16 23:00:00,9,23,155.5,North East England
2021-09-17 00:00:00,9,0,153.5,North East England
2021-09-17 01:00:00,9,1,159.5,North East England
2021-09-17 02:00:00,9,2,184.0,North East England
2021-09-17 03:00:00,9,3,236.5,North East England
2021-09-17 04:00:00,9,4,274.0,North East England
2021-09-17 05:00:00,9,5,291.5,North East England
2021-09-17 06:00:00,9,6,202.5,North East England
2021-09-17 07:00:00,9,7,203.5,North East England
2021-09-17 08:00:00,9,8,225.0,North East England
2021-09-17 09:00:00,9,9,227.5,North East England
2021-09-17 10:00:00,9,10,202.0,North East England
2021-09-17 11:00:00,9,11,178.5,North East England
2021-09-17 12:00:00,9,12,159.5,North East England
2021-09-17 13:00:00,9,13,184.0,North East England
2021-09-17 14:00:00,9,14,196.5,North East England
2021-09-17 15:00:00,9,15,192.0,North East England
2021-09-17 16:00:00,9,16,198.5,North East England
2021-09-17 17:00:00,9,17,207.5,North East England
2021-09-17 18:00:00,9,18,207.5,North East England
2021-09-17 19:00:00,9,19,202.5,North East England
2021-09-17 20:00:00,9,20,195.0,North East England
2021-09-17 21:00:00,9,21,192.5,North East England
2021-09-17 22:00:00,9,22,169.0,North East England
2021-09-17 23:00:00,9,23,158.0,North East England
2021-09-18 00:00:00,9,0,164.5,North East England
2021-09-18 01:00:00,9,1,163.5,North East England
2021-09-18 02:00:00,9,2,152.5,North East England
2021-09-18 03:00:00,9,3,154.5,North East England
2021-09-18 04:00:00,9,4,152.5,North East England
2021-09-18 05:00:00,9,5,161.5,North East England
2021-09-18 06:00:00,9,6,174.0,North East England
2021-09-18 07:00:00,9,7,175.0,North East England
2021-09-18 08:00:00,9,8,164.5,North East England
2021-09-18 09:00:00,9,9,150.5,North East England
2021-09-18 10:00:00,9,10,146.0,North East England
2021-09-18 11:00:00,9,11,145.5,North East England
2021-09-18 12:00:00,9,12,130.5,North East England
2021-09-18 13:00:00,9,13,131.0,North East England
2021-09-18 14:00:00,9,14,135.5,North East England
2021-09-18 15:00:00,9,15,147.5,North East England
2021-09-18 16:00:00,9,16,166.5,North East England
2021-09-18 17:00:00,9,17,167.0,North East England
2021-09-18 18:00:00,9,18,162.5,North East England
2021-09-18 19:00:00,9,19,146.0,North East England
2021-09-18 20:00:00,9,20,133.5,North East England
2021-09-18 21:00:00,9,21,122.5,North East England
2021-09-18 22:00:00,9,22,106.5,North East England
2021-09-18 23:00:00,9,23,102.0,North East England
2021-09-19 00:00:00,9,0,104.5,North East England
2021-09-19 01:00:00,9,1,99.5,North East England
2021-09-19 02:00:00,9,2,112.0,North East England
2021-09-19 03:00:00,9,3,122.0,North East England
2021-09-19 04:00:00,9,4,133.0,North East England
2021-09-19 05:00:00,9,5,143.5,North East England
2021-09-19 06:00:00,9,6,151.0,North East England
2021-09-19 07:00:00,9,7,147.5,North East England
2021-09-19 08:00:00,9,8,149.5,North East England
2021-09-19 09:00:00,9,9,144.0,North East England
2021-09-19 10:00:00,9,10,146.0,North East England
2021-09-19 11:00:00,9,11,151.0,North East England
2021-09-19 12:00:00,9,12,151.0,North East England
2021-09-19 13:00:00,9,13,156.0,North East England
2021-09-19 14:00:00,9,14,163.0,North East England
2021-09-19 15:00:00,9,15,181.5,North East England
2021-09-19 16:00:00,9,16,202.5,North East England
2021-09-19 17:00:00,9,17,208.0,North East England
2021-09-19 18:00:00,9,18,209.5,North East England
2021-09-19 19:00:00,9,19,214.5,North East England
2021-09-19 20:00:00,9,20,222.0,North East England
2021-09-19 21:00:00,9,21,209.5,North East England
2021-09-19 22:00:00,9,22,177.5,North East England
2021-09-19 23:00:00,9,23,160.0,North East England
2021-09-20 00:00:00,9,0,147.0,North East England
2021-09-20 01:00:00,9,1,149.0,North East England
2021-09-20 02:00:00,9,2,166.0,North East England
2021-09-20 03:00:00,9,3,220.5,North East England
2021-09-20 04:00:00,9,4,244.0,North East England
2021-09-20 05:00:00,9,5,223.5,North East England
2021-09-20 06:00:00,9,6,190.5,North East England
2021-09-20 07:00:00,9,7,181.5,North East England
2021-09-20 08:00:00,9,8,179.0,North East England
2021-09-20 09:00:00,9,9,191.5,North East England
2021-09-20 10:00:00,9,10,194.0,North East England
2021-09-20 11:00:00,9,11,183.5,North East England
2021-09-20 12:00:00,9,12,170.5,North East England
2021-09-20 13:00:00,9,13,168.5,North East England
2021-09-20 14:00:00,9,14,173.0,North East England
2021-09-20 15:00:00,9,15,194.0,North East England
2021-09-20 16:00:00,9,16,216.0,North East England
2021-09-20 17:00:00,9,17,213.0,North East England
2021-09-20 18:00:00,9,18,196.5,North East England
2021-09-20 19:00:00,9,19,190.5,North East England
2021-09-20 20:00:00,9,20,189.0,North East England
2021-09-20 21:00:00,9,21,188.0,North East England
2021-09-20 22:00:00,9,22,164.5,North East England
2021-09-20 23:00:00,9,23,152.5,North East England
2021-09-21 00:00:00,9,0,145.0,North East England
2021-09-21 01:00:00,9,1,146.0,North East England
2021-09-21 02:00:00,9,2,142.0,North East England
2021-09-21 03:00:00,9,3,189.0,North East England
2021-09-21 04:00:00,9,4,225.0,North East England
2021-09-21 05:00:00,9,5,238.0,North East England
2021-09-21 06:00:00,9,6,250.0,North East England
2021-09-21 07:00:00,9,7,241.0,North East England
2021-09-21 08:00:00,9,8,231.0,North East England
2021-09-21 09:00:00,9,9,217.5,North East England
2021-09-21 10:00:00,9,10,203.5,North East England
2021-09-21 11:00:00,9,11,198.0,North East England
2021-09-21 12:00:00,9,12,201.0,North East England
2021-09-21 13:00:00,9,13,211.5,North East England
2021-09-21 14:00:00,9,14,221.5,North East England
2021-09-21 15:00:00,9,15,243.0,North East England
2021-09-21 16:00:00,9,16,258.5,North East England
2021-09-21 17:00:00,9,17,273.0,North East England
2021-09-21 18:00:00,9,18,280.0,North East England
2021-09-21 19:00:00,9,19,275.0,North East England
2021-09-21 20:00:00,9,20,258.5,North East England
2021-09-21 21:00:00,9,21,232.0,North East England
2021-09-21 22:00:00,9,22,197.5,North East England
2021-09-21 23:00:00,9,23,182.5,North East England
2021-09-22 00:00:00,9,0,171.0,North East England
2021-09-22 01:00:00,9,1,168.0,North East England
2021-09-22 02:00:00,9,2,165.5,North East England
2021-09-22 03:00:00,9,3,165.5,North East England
2021-09-22 04:00:00,9,4,176.5,North East England
2021-09-22 05:00:00,9,5,214.0,North East England
2021-09-22 06:00:00,9,6,224.0,North East England
2021-09-22 07:00:00,9,7,213.5,North East England
2021-09-22 08:00:00,9,8,199.0,North East England
2021-09-22 09:00:00,9,9,188.0,North East England
2021-09-22 10:00:00,9,10,178.0,North East England
2021-09-22 11:00:00,9,11,173.0,North East England
2021-09-22 12:00:00,9,12,164.0,North East England
2021-09-22 13:00:00,9,13,160.5,North East England
2021-09-22 14:00:00,9,14,163.5,North East England
2021-09-22 15:00:00,9,15,188.0,North East England
2021-09-22 16:00:00,9,16,211.0,North East England
2021-09-22 17:00:00,9,17,215.0,North East England
2021-09-22 18:00:00,9,18,219.5,North East England
2021-09-22 19:00:00,9,19,208.5,North East England
2021-09-22 20:00:00,9,20,174.0,North East England
2021-09-22 21:00:00,9,21,148.0,North East England
2021-09-22 22:00:00,9,22,127.5,North East England
2021-09-22 23:00:00,9,23,107.0,North East England
2021-09-23 00:00:00,9,0,98.5,North East England
2021-09-23 01:00:00,9,1,92.5,North East England
2021-09-23 02:00:00,9,2,92.5,North East England
2021-09-23 03:00:00,9,3,88.0,North East England
2021-09-23 04:00:00,9,4,91.5,North East England
2021-09-23 05:00:00,9,5,100.5,North East England
2021-09-23 06:00:00,9,6,135.5,North East England
2021-09-23 07:00:00,9,7,137.0,North East England
2021-09-23 08:00:00,9,8,131.5,North East England
2021-09-23 09:00:00,9,9,137.0,North East England
2021-09-23 10:00:00,9,10,124.0,North East England
2021-09-23 11:00:00,9,11,127.5,North East England
2021-09-23 12:00:00,9,12,121.0,North East England
2021-09-23 13:00:00,9,13,137.0,North East England
2021-09-23 14:00:00,9,14,166.0,North East England
2021-09-23 15:00:00,9,15,190.5,North East England
2021-09-23 16:00:00,9,16,215.5,North East England
2021-09-23 17:00:00,9,17,235.5,North East England
2021-09-23 18:00:00,9,18,240.5,North East England
2021-09-23 19:00:00,9,19,245.0,North East England
2021-09-23 20:00:00,9,20,249.0,North East England
2021-09-23 21:00:00,9,21,239.0,North East England
2021-09-23 22:00:00,9,22,203.5,North East England
2021-09-23 23:00:00,9,23,186.0,North East England
2021-09-24 00:00:00,9,0,164.0,North East England
2021-09-24 01:00:00,9,1,162.5,North East England
2021-09-24 02:00:00,9,2,157.5,North East England
2021-09-24 03:00:00,9,3,133.5,North East England
2021-09-24 04:00:00,9,4,135.5,North East England
2021-09-24 05:00:00,9,5,166.5,North East England
2021-09-24 06:00:00,9,6,195.5,North East England
2021-09-24 07:00:00,9,7,183.5,North East England
2021-09-24 08:00:00,9,8,167.5,North East England
2021-09-24 09:00:00,9,9,153.0,North East England
2021-09-24 10:00:00,9,10,121.0,North East England
2021-09-24 11:00:00,9,11,100.0,North East England
2021-09-24 12:00:00,9,12,93.5,North East England
2021-09-24 13:00:00,9,13,95.0,North East England
2021-09-24 14:00:00,9,14,89.0,North East England
2021-09-24 15:00:00,9,15,135.0,North East England
2021-09-24 16:00:00,9,16,194.5,North East England
2021-09-24 17:00:00,9,17,198.5,North East England
2021-09-24 18:00:00,9,18,191.5,North East England
2021-09-24 19:00:00,9,19,169.5,North East England
2021-09-24 20:00:00,9,20,148.5,North East England
2021-09-24 21:00:00,9,21,135.5,North East England
2021-09-24 22:00:00,9,22,117.5,North East England
2021-09-24 23:00:00,9,23,126.5,North East England
2021-09-25 00:00:00,9,0,132.5,North East England
2021-09-25 01:00:00,9,1,137.0,North East England
2021-09-25 02:00:00,9,2,148.5,North East England
2021-09-25 03:00:00,9,3,152.5,North East England
2021-09-25 04:00:00,9,4,144.0,North East England
2021-09-25 05:00:00,9,5,154.0,North East England
2021-09-25 06:00:00,9,6,159.0,North East England
2021-09-25 07:00:00,9,7,173.5,North East England
2021-09-25 08:00:00,9,8,184.5,North East England
2021-09-25 09:00:00,9,9,182.0,North East England
2021-09-25 10:00:00,9,10,182.5,North East England
2021-09-25 11:00:00,9,11,180.5,North East England
2021-09-25 12:00:00,9,12,178.5,North East England
2021-09-25 13:00:00,9,13,174.5,North East England
2021-09-25 14:00:00,9,14,178.0,North East England
2021-09-25 15:00:00,9,15,187.0,North East England
2021-09-25 16:00:00,9,16,187.0,North East England
2021-09-25 17:00:00,9,17,195.0,North East England
2021-09-25 18:00:00,9,18,190.5,North East England
2021-09-25 19:00:00,9,19,209.5,North East England
2021-09-25 20:00:00,9,20,223.0,North East England
2021-09-25 21:00:00,9,21,182.5,North East England
2021-09-25 22:00:00,9,22,153.5,North East England
2021-09-25 23:00:00,9,23,147.5,North East England
2021-09-26 00:00:00,9,0,141.0,North East England
2021-09-26 01:00:00,9,1,142.5,North East England
2021-09-26 02:00:00,9,2,85.0,North East England
2021-09-26 03:00:00,9,3,141.0,North East England
2021-09-26 04:00:00,9,4,144.0,North East England
2021-09-26 05:00:00,9,5,136.5,North East England
2021-09-26 06:00:00,9,6,122.0,North East England
2021-09-26 07:00:00,9,7,125.0,North East England
2021-09-26 08:00:00,9,8,128.5,North East England
2021-09-26 09:00:00,9,9,126.5,North East England
2021-09-26 10:00:00,9,10,113.0,North East England
2021-09-26 11:00:00,9,11,102.0,North East England
2021-09-26 12:00:00,9,12,93.5,North East England
2021-09-26 13:00:00,9,13,91.5,North East England
2021-09-26 14:00:00,9,14,87.5,North East England
2021-09-26 15:00:00,9,15,124.0,North East England
2021-09-26 16:00:00,9,16,155.5,North East England
2021-09-26 17:00:00,9,17,153.5,North East England
2021-09-26 18:00:00,9,18,123.0,North East England
2021-09-26 19:00:00,9,19,102.5,North East England
2021-09-26 20:00:00,9,20,77.5,North East England
2021-09-26 21:00:00,9,21,64.0,North East England
2021-09-26 22:00:00,9,22,50.5,North East England
2021-09-26 23:00:00,9,23,50.5,North East England
2021-09-27 00:00:00,9,0,62.0,North East England
2021-09-27 01:00:00,9,1,76.0,North East England
2021-09-27 02:00:00,9,2,78.0,North East England
2021-09-27 03:00:00,9,3,46.5,North East England
2021-09-27 04:00:00,9,4,46.5,North East England
2021-09-27 05:00:00,9,5,54.0,North East England
2021-09-27 06:00:00,9,6,50.0,North East England
2021-09-27 07:00:00,9,7,56.0,North East England
2021-09-27 08:00:00,9,8,62.0,North East England
2021-09-27 09:00:00,9,9,60.0,North East England
2021-09-27 10:00:00,9,10,49.5,North East England
2021-09-27 11:00:00,9,11,38.0,North East England
2021-09-27 12:00:00,9,12,40.5,North East England
2021-09-27 13:00:00,9,13,51.0,North East England
2021-09-27 14:00:00,9,14,61.5,North East England
2021-09-27 15:00:00,9,15,70.5,North East England
2021-09-27 16:00:00,9,16,80.0,North East England
2021-09-27 17:00:00,9,17,113.0,North East England
2021-09-27 18:00:00,9,18,140.0,North East England
2021-09-27 19:00:00,9,19,109.5,North East England
2021-09-27 20:00:00,9,20,87.5,North East England
2021-09-27 21:00:00,9,21,70.0,North East England
2021-09-27 22:00:00,9,22,48.5,North East England
2021-09-27 23:00:00,9,23,56.5,North East England
2021-09-28 00:00:00,9,0,67.5,North East England
2021-09-28 01:00:00,9,1,68.5,North East England
2021-09-28 02:00:00,9,2,66.5,North East England
2021-09-28 03:00:00,9,3,75.0,North East England
2021-09-28 04:00:00,9,4,101.5,North East England
2021-09-28 05:00:00,9,5,158.0,North East England
2021-09-28 06:00:00,9,6,208.0,North East England
2021-09-28 07:00:00,9,7,155.0,North East England
2021-09-28 08:00:00,9,8,143.5,North East England
2021-09-28 09:00:00,9,9,138.5,North East England
2021-09-28 10:00:00,9,10,128.0,North East England
2021-09-28 11:00:00,9,11,121.5,North East England
2021-09-28 12:00:00,9,12,94.5,North East England
2021-09-28 13:00:00,9,13,95.0,North East England
2021-09-28 14:00:00,9,14,92.5,North East England
2021-09-28 15:00:00,9,15,114.0,North East England
2021-09-28 16:00:00,9,16,127.5,North East England
2021-09-28 17:00:00,9,17,129.5,North East England
2021-09-28 18:00:00,9,18,127.5,North East England
2021-09-28 19:00:00,9,19,120.5,North East England
2021-09-28 20:00:00,9,20,107.5,North East England
2021-09-28 21:00:00,9,21,93.0,North East England
2021-09-28 22:00:00,9,22,84.5,North East England
2021-09-28 23:00:00,9,23,85.0,North East England
2021-09-29 00:00:00,9,0,94.5,North East England
2021-09-29 01:00:00,9,1,104.5,North East England
2021-09-29 02:00:00,9,2,94.0,North East England
2021-09-29 03:00:00,9,3,88.0,North East England
2021-09-29 04:00:00,9,4,77.0,North East England
2021-09-29 05:00:00,9,5,78.0,North East England
2021-09-29 06:00:00,9,6,88.5,North East England
2021-09-29 07:00:00,9,7,82.5,North East England
2021-09-29 08:00:00,9,8,88.0,North East England
2021-09-29 09:00:00,9,9,87.0,North East England
2021-09-29 10:00:00,9,10,72.5,North East England
2021-09-29 11:00:00,9,11,66.0,North East England
2021-09-29 12:00:00,9,12,51.5,North East England
2021-09-29 13:00:00,9,13,50.0,North East England
2021-09-29 14:00:00,9,14,61.0,North East England
2021-09-29 15:00:00,9,15,82.5,North East England
2021-09-29 16:00:00,9,16,114.0,North East England
2021-09-29 17:00:00,9,17,132.0,North East England
2021-09-29 18:00:00,9,18,138.0,North East England
2021-09-29 19:00:00,9,19,138.5,North East England
2021-09-29 20:00:00,9,20,115.5,North East England
2021-09-29 21:00:00,9,21,88.5,North East England
2021-09-29 22:00:00,9,22,60.0,North East England
2021-09-29 23:00:00,9,23,55.0,North East England
2021-09-30 00:00:00,9,0,50.5,North East England
2021-09-30 01:00:00,9,1,80.5,North East England
2021-09-30 02:00:00,9,2,92.5,North East England
2021-09-30 03:00:00,9,3,84.0,North East England
2021-09-30 04:00:00,9,4,96.5,North East England
2021-09-30 05:00:00,9,5,136.5,North East England
2021-09-30 06:00:00,9,6,141.5,North East England
2021-09-30 07:00:00,9,7,141.5,North East England
2021-09-30 08:00:00,9,8,135.0,North East England
2021-09-30 09:00:00,9,9,116.5,North East England
2021-09-30 10:00:00,9,10,98.5,North East England
2021-09-30 11:00:00,9,11,91.0,North East England
2021-09-30 12:00:00,9,12,69.5,North East England
2021-09-30 13:00:00,9,13,61.0,North East England
2021-09-30 14:00:00,9,14,64.0,North East England
2021-09-30 15:00:00,9,15,74.5,North East England
2021-09-30 16:00:00,9,16,90.0,North East England
2021-09-30 17:00:00,9,17,95.5,North East England
2021-09-30 18:00:00,9,18,93.0,North East England
2021-09-30 19:00:00,9,19,82.0,North East England
2021-09-30 20:00:00,9,20,52.5,North East England
2021-09-30 21:00:00,9,21,40.0,North East England
2021-09-30 22:00:00,9,22,38.0,North East England
2021-09-30 23:00:00,9,23,32.0,North East England
2021-10-01 00:00:00,10,0,32.5,North East England
2021-10-01 01:00:00,10,1,34.0,North East England
2021-10-01 02:00:00,10,2,28.5,North East England
2021-10-01 03:00:00,10,3,29.5,North East England
2021-10-01 04:00:00,10,4,34.0,North East England
2021-10-01 05:00:00,10,5,36.5,North East England
2021-10-01 06:00:00,10,6,49.5,North East England
2021-10-01 07:00:00,10,7,57.5,North East England
2021-10-01 08:00:00,10,8,63.0,North East England
2021-10-01 09:00:00,10,9,62.5,North East England
2021-10-01 10:00:00,10,10,63.0,North East England
2021-10-01 11:00:00,10,11,66.0,North East England
2021-10-01 12:00:00,10,12,65.0,North East England
2021-10-01 13:00:00,10,13,70.0,North East England
2021-10-01 14:00:00,10,14,60.5,North East England
2021-10-01 15:00:00,10,15,95.0,North East England
2021-10-01 16:00:00,10,16,120.0,North East England
2021-10-01 17:00:00,10,17,133.0,North East England
2021-10-01 18:00:00,10,18,137.0,North East England
2021-10-01 19:00:00,10,19,128.0,North East England
2021-10-01 20:00:00,10,20,108.0,North East England
2021-10-01 21:00:00,10,21,105.0,North East England
2021-10-01 22:00:00,10,22,142.5,North East England
2021-10-01 23:00:00,10,23,152.5,North East England
2021-10-02 00:00:00,10,0,161.0,North East England
2021-10-02 01:00:00,10,1,173.0,North East England
2021-10-02 02:00:00,10,2,156.0,North East England
2021-10-02 03:00:00,10,3,127.0,North East England
2021-10-02 04:00:00,10,4,123.0,North East England
2021-10-02 05:00:00,10,5,129.0,North East England
2021-10-02 06:00:00,10,6,110.5,North East England
2021-10-02 07:00:00,10,7,77.5,North East England
2021-10-02 08:00:00,10,8,67.5,North East England
2021-10-02 09:00:00,10,9,55.5,North East England
2021-10-02 10:00:00,10,10,51.5,North East England
2021-10-02 11:00:00,10,11,49.0,North East England
2021-10-02 12:00:00,10,12,44.5,North East England
2021-10-02 13:00:00,10,13,44.0,North East England
2021-10-02 14:00:00,10,14,47.0,North East England
2021-10-02 15:00:00,10,15,63.5,North East England
2021-10-02 16:00:00,10,16,85.5,North East England
2021-10-02 17:00:00,10,17,95.0,North East England
2021-10-02 18:00:00,10,18,101.0,North East England
2021-10-02 19:00:00,10,19,83.0,North East England
2021-10-02 20:00:00,10,20,74.0,North East England
2021-10-02 21:00:00,10,21,55.0,North East England
2021-10-02 22:00:00,10,22,44.5,North East England
2021-10-02 23:00:00,10,23,34.5,North East England
2021-10-03 00:00:00,10,0,48.5,North East England
2021-10-03 01:00:00,10,1,52.0,North East England
2021-10-03 02:00:00,10,2,59.0,North East England
2021-10-03 03:00:00,10,3,73.0,North East England
2021-10-03 04:00:00,10,4,89.0,North East England
2021-10-03 05:00:00,10,5,102.5,North East England
2021-10-03 06:00:00,10,6,85.0,North East England
2021-10-03 07:00:00,10,7,96.0,North East England
2021-10-03 08:00:00,10,8,93.5,North East England
2021-10-03 09:00:00,10,9,80.5,North East England
2021-10-03 10:00:00,10,10,63.0,North East England
2021-10-03 11:00:00,10,11,57.0,North East England
2021-10-03 12:00:00,10,12,50.0,North East England
2021-10-03 13:00:00,10,13,50.0,North East England
2021-10-03 14:00:00,10,14,52.0,North East England
2021-10-03 15:00:00,10,15,52.5,North East England
2021-10-03 16:00:00,10,16,66.0,North East England
2021-10-03 17:00:00,10,17,66.0,North East England
2021-10-03 18:00:00,10,18,69.0,North East England
2021-10-03 19:00:00,10,19,71.0,North East England
2021-10-03 20:00:00,10,20,49.0,North East England
2021-10-03 21:00:00,10,21,46.5,North East England
2021-10-03 22:00:00,10,22,49.5,North East England
2021-10-03 23:00:00,10,23,38.0,North East England
2021-10-04 00:00:00,10,0,36.0,North East England
2021-10-04 01:00:00,10,1,37.5,North East England
2021-10-04 02:00:00,10,2,36.0,North East England
2021-10-04 03:00:00,10,3,36.5,North East England
2021-10-04 04:00:00,10,4,49.0,North East England
2021-10-04 05:00:00,10,5,84.0,North East England
2021-10-04 06:00:00,10,6,112.5,North East England
2021-10-04 07:00:00,10,7,118.0,North East England
2021-10-04 08:00:00,10,8,109.0,North East England
2021-10-04 09:00:00,10,9,87.5,North East England
2021-10-04 10:00:00,10,10,82.5,North East England
2021-10-04 11:00:00,10,11,84.0,North East England
2021-10-04 12:00:00,10,12,84.5,North East England
2021-10-04 13:00:00,10,13,102.0,North East England
2021-10-04 14:00:00,10,14,108.5,North East England
2021-10-04 15:00:00,10,15,127.0,North East England
2021-10-04 16:00:00,10,16,150.5,North East England
2021-10-04 17:00:00,10,17,159.0,North East England
2021-10-04 18:00:00,10,18,165.0,North East England
2021-10-04 19:00:00,10,19,162.0,North East England
2021-10-04 20:00:00,10,20,134.0,North East England
2021-10-04 21:00:00,10,21,103.5,North East England
2021-10-04 22:00:00,10,22,74.5,North East England
2021-10-04 23:00:00,10,23,56.5,North East England
2021-10-05 00:00:00,10,0,44.0,North East England
2021-10-05 01:00:00,10,1,46.0,North East England
2021-10-05 02:00:00,10,2,49.0,North East England
2021-10-05 03:00:00,10,3,46.5,North East England
2021-10-05 04:00:00,10,4,43.5,North East England
2021-10-05 05:00:00,10,5,61.5,North East England
2021-10-05 06:00:00,10,6,85.5,North East England
2021-10-05 07:00:00,10,7,95.5,North East England
2021-10-05 08:00:00,10,8,95.0,North East England
2021-10-05 09:00:00,10,9,94.0,North East England
2021-10-05 10:00:00,10,10,89.5,North East England
2021-10-05 11:00:00,10,11,77.0,North East England
2021-10-05 12:00:00,10,12,68.0,North East England
2021-10-05 13:00:00,10,13,71.0,North East England
2021-10-05 14:00:00,10,14,60.5,North East England
2021-10-05 15:00:00,10,15,71.0,North East England
2021-10-05 16:00:00,10,16,79.0,North East England
2021-10-05 17:00:00,10,17,89.5,North East England
2021-10-05 18:00:00,10,18,83.5,North East England
2021-10-05 19:00:00,10,19,73.0,North East England
2021-10-05 20:00:00,10,20,64.5,North East England
2021-10-05 21:00:00,10,21,49.0,North East England
2021-10-05 22:00:00,10,22,52.5,North East England
2021-10-05 23:00:00,10,23,46.5,North East England
2021-10-06 00:00:00,10,0,46.5,North East England
2021-10-06 01:00:00,10,1,47.0,North East England
2021-10-06 02:00:00,10,2,38.0,North East England
2021-10-06 03:00:00,10,3,48.5,North East England
2021-10-06 04:00:00,10,4,60.5,North East England
2021-10-06 05:00:00,10,5,77.0,North East England
2021-10-06 06:00:00,10,6,92.0,North East England
2021-10-06 07:00:00,10,7,120.5,North East England
2021-10-06 08:00:00,10,8,127.0,North East England
2021-10-06 09:00:00,10,9,127.0,North East England
2021-10-06 10:00:00,10,10,119.5,North East England
2021-10-06 11:00:00,10,11,119.0,North East England
2021-10-06 12:00:00,10,12,106.5,North East England
2021-10-06 13:00:00,10,13,102.0,North East England
2021-10-06 14:00:00,10,14,115.5,North East England
2021-10-06 15:00:00,10,15,133.0,North East England
2021-10-06 16:00:00,10,16,153.5,North East England
2021-10-06 17:00:00,10,17,159.5,North East England
2021-10-06 18:00:00,10,18,179.0,North East England
2021-10-06 19:00:00,10,19,206.0,North East England
2021-10-06 20:00:00,10,20,198.5,North East England
2021-10-06 21:00:00,10,21,210.0,North East England
2021-10-06 22:00:00,10,22,243.5,North East England
2021-10-06 23:00:00,10,23,212.0,North East England
2021-10-07 00:00:00,10,0,204.5,North East England
2021-10-07 01:00:00,10,1,208.5,North East England
2021-10-07 02:00:00,10,2,197.0,North East England
2021-10-07 03:00:00,10,3,198.5,North East England
2021-10-07 04:00:00,10,4,224.0,North East England
2021-10-07 05:00:00,10,5,268.0,North East England
2021-10-07 06:00:00,10,6,295.0,North East England
2021-10-07 07:00:00,10,7,274.5,North East England
2021-10-07 08:00:00,10,8,266.5,North East England
2021-10-07 09:00:00,10,9,262.0,North East England
2021-10-07 10:00:00,10,10,251.0,North East England
2021-10-07 11:00:00,10,11,250.0,North East England
2021-10-07 12:00:00,10,12,256.0,North East England
2021-10-07 13:00:00,10,13,258.0,North East England
2021-10-07 14:00:00,10,14,268.0,North East England
2021-10-07 15:00:00,10,15,291.0,North East England
2021-10-07 16:00:00,10,16,295.5,North East England
2021-10-07 17:00:00,10,17,301.0,North East England
2021-10-07 18:00:00,10,18,291.0,North East England
2021-10-07 19:00:00,10,19,281.0,North East England
2021-10-07 20:00:00,10,20,260.0,North East England
2021-10-07 21:00:00,10,21,249.0,North East England
2021-10-07 22:00:00,10,22,208.5,North East England
2021-10-07 23:00:00,10,23,198.0,North East England
2021-10-08 00:00:00,10,0,191.0,North East England
2021-10-08 01:00:00,10,1,187.0,North East England
2021-10-08 02:00:00,10,2,190.5,North East England
2021-10-08 03:00:00,10,3,229.5,North East England
2021-10-08 04:00:00,10,4,273.0,North East England
2021-10-08 05:00:00,10,5,310.0,North East England
2021-10-08 06:00:00,10,6,330.5,North East England
2021-10-08 07:00:00,10,7,320.5,North East England
2021-10-08 08:00:00,10,8,279.5,North East England
2021-10-08 09:00:00,10,9,275.5,North East England
2021-10-08 10:00:00,10,10,270.0,North East England
2021-10-08 11:00:00,10,11,269.0,North East England
2021-10-08 12:00:00,10,12,267.0,North East England
2021-10-08 13:00:00,10,13,265.0,North East England
2021-10-08 14:00:00,10,14,281.0,North East England
2021-10-08 15:00:00,10,15,291.0,North East England
2021-10-08 16:00:00,10,16,291.0,North East England
2021-10-08 17:00:00,10,17,284.5,North East England
2021-10-08 18:00:00,10,18,281.5,North East England
2021-10-08 19:00:00,10,19,270.5,North East England
2021-10-08 20:00:00,10,20,257.0,North East England
2021-10-08 21:00:00,10,21,237.0,North East England
2021-10-08 22:00:00,10,22,228.5,North East England
2021-10-08 23:00:00,10,23,225.0,North East England
2021-10-09 00:00:00,10,0,230.5,North East England
2021-10-09 01:00:00,10,1,220.0,North East England
2021-10-09 02:00:00,10,2,235.0,North East England
2021-10-09 03:00:00,10,3,238.0,North East England
2021-10-09 04:00:00,10,4,229.0,North East England
2021-10-09 05:00:00,10,5,239.5,North East England
2021-10-09 06:00:00,10,6,268.0,North East England
2021-10-09 07:00:00,10,7,262.5,North East England
2021-10-09 08:00:00,10,8,246.5,North East England
2021-10-09 09:00:00,10,9,232.5,North East England
2021-10-09 10:00:00,10,10,223.5,North East England
2021-10-09 11:00:00,10,11,216.5,North East England
2021-10-09 12:00:00,10,12,219.0,North East England
2021-10-09 13:00:00,10,13,229.5,North East England
2021-10-09 14:00:00,10,14,242.0,North East England
2021-10-09 15:00:00,10,15,261.5,North East England
2021-10-09 16:00:00,10,16,282.5,North East England
2021-10-09 17:00:00,10,17,289.5,North East England
2021-10-09 18:00:00,10,18,283.0,North East England
2021-10-09 19:00:00,10,19,282.5,North East England
2021-10-09 20:00:00,10,20,271.5,North East England
2021-10-09 21:00:00,10,21,262.5,North East England
2021-10-09 22:00:00,10,22,231.5,North East England
2021-10-09 23:00:00,10,23,263.0,North East England
2021-10-10 00:00:00,10,0,276.0,North East England
2021-10-10 01:00:00,10,1,262.0,North East England
2021-10-10 02:00:00,10,2,254.5,North East England
2021-10-10 03:00:00,10,3,206.5,North East England
2021-10-10 04:00:00,10,4,229.5,North East England
2021-10-10 05:00:00,10,5,233.5,North East England
2021-10-10 06:00:00,10,6,236.5,North East England
2021-10-10 07:00:00,10,7,259.0,North East England
2021-10-10 08:00:00,10,8,253.0,North East England
2021-10-10 09:00:00,10,9,244.5,North East England
2021-10-10 10:00:00,10,10,224.5,North East England
2021-10-10 11:00:00,10,11,209.5,North East England
2021-10-10 12:00:00,10,12,203.0,North East England
2021-10-10 13:00:00,10,13,191.0,North East England
2021-10-10 14:00:00,10,14,191.5,North East England
2021-10-10 15:00:00,10,15,223.0,North East England
2021-10-10 16:00:00,10,16,255.0,North East England
2021-10-10 17:00:00,10,17,254.5,North East England
2021-10-10 18:00:00,10,18,244.5,North East England
2021-10-10 19:00:00,10,19,238.5,North East England
2021-10-10 20:00:00,10,20,221.0,North East England
2021-10-10 21:00:00,10,21,198.0,North East England
2021-10-10 22:00:00,10,22,188.5,North East England
2021-10-10 23:00:00,10,23,169.0,North East England
2021-10-11 00:00:00,10,0,168.5,North East England
2021-10-11 01:00:00,10,1,170.0,North East England
2021-10-11 02:00:00,10,2,159.5,North East England
2021-10-11 03:00:00,10,3,157.0,North East England
2021-10-11 04:00:00,10,4,192.0,North East England
2021-10-11 05:00:00,10,5,231.0,North East England
2021-10-11 06:00:00,10,6,252.0,North East England
2021-10-11 07:00:00,10,7,242.0,North East England
2021-10-11 08:00:00,10,8,235.5,North East England
2021-10-11 09:00:00,10,9,240.0,North East England
2021-10-11 10:00:00,10,10,248.0,North East England
2021-10-11 11:00:00,10,11,231.0,North East England
2021-10-11 12:00:00,10,12,211.5,North East England
2021-10-11 13:00:00,10,13,217.0,North East England
2021-10-11 14:00:00,10,14,228.0,North East England
2021-10-11 15:00:00,10,15,258.5,North East England
2021-10-11 16:00:00,10,16,267.0,North East England
2021-10-11 17:00:00,10,17,271.0,North East England
2021-10-11 18:00:00,10,18,280.0,North East England
2021-10-11 19:00:00,10,19,269.5,North East England
2021-10-11 20:00:00,10,20,254.5,North East England
2021-10-11 21:00:00,10,21,217.5,North East England
2021-10-11 22:00:00,10,22,189.0,North East England
2021-10-11 23:00:00,10,23,162.0,North East England
2021-10-12 00:00:00,10,0,157.5,North East England
2021-10-12 01:00:00,10,1,149.5,North East England
2021-10-12 02:00:00,10,2,141.5,North East England
2021-10-12 03:00:00,10,3,145.5,North East England
2021-10-12 04:00:00,10,4,145.5,North East England
2021-10-12 05:00:00,10,5,172.0,North East England
2021-10-12 06:00:00,10,6,220.5,North East England
2021-10-12 07:00:00,10,7,225.5,North East England
2021-10-12 08:00:00,10,8,220.5,North East England
2021-10-12 09:00:00,10,9,217.5,North East England
2021-10-12 10:00:00,10,10,208.5,North East England
2021-10-12 11:00:00,10,11,221.5,North East England
2021-10-12 12:00:00,10,12,229.5,North East England
2021-10-12 13:00:00,10,13,230.5,North East England
2021-10-12 14:00:00,10,14,225.0,North East England
2021-10-12 15:00:00,10,15,223.5,North East England
2021-10-12 16:00:00,10,16,232.5,North East England
2021-10-12 17:00:00,10,17,242.0,North East England
2021-10-12 18:00:00,10,18,241.0,North East England
2021-10-12 19:00:00,10,19,241.0,North East England
2021-10-12 20:00:00,10,20,240.0,North East England
2021-10-12 21:00:00,10,21,223.5,North East England
2021-10-12 22:00:00,10,22,206.0,North East England
2021-10-12 23:00:00,10,23,197.0,North East England
2021-10-13 00:00:00,10,0,193.5,North East England
2021-10-13 01:00:00,10,1,194.0,North East England
2021-10-13 02:00:00,10,2,197.0,North East England
2021-10-13 03:00:00,10,3,211.0,North East England
2021-10-13 04:00:00,10,4,251.5,North East England
2021-10-13 05:00:00,10,5,293.5,North East England
2021-10-13 06:00:00,10,6,271.5,North East England
2021-10-13 07:00:00,10,7,266.5,North East England
2021-10-13 08:00:00,10,8,255.5,North East England
2021-10-13 09:00:00,10,9,251.5,North East England
2021-10-13 10:00:00,10,10,240.5,North East England
2021-10-13 11:00:00,10,11,243.0,North East England
2021-10-13 12:00:00,10,12,253.5,North East England
2021-10-13 13:00:00,10,13,250.0,North East England
2021-10-13 14:00:00,10,14,264.5,North East England
2021-10-13 15:00:00,10,15,269.0,North East England
2021-10-13 16:00:00,10,16,278.0,North East England
2021-10-13 17:00:00,10,17,274.0,North East England
2021-10-13 18:00:00,10,18,273.0,North East England
2021-10-13 19:00:00,10,19,267.5,North East England
2021-10-13 20:00:00,10,20,248.5,North East England
2021-10-13 21:00:00,10,21,220.5,North East England
2021-10-13 22:00:00,10,22,208.0,North East England
2021-10-13 23:00:00,10,23,205.7,North East England
2021-10-14 00:00:00,10,0,201.5,North East England
2021-10-14 01:00:00,10,1,200.0,North East England
2021-10-14 02:00:00,10,2,199.0,North East England
2021-10-14 03:00:00,10,3,213.0,North East England
2021-10-14 04:00:00,10,4,246.5,North East England
2021-10-14 05:00:00,10,5,263.0,North East England
2021-10-14 06:00:00,10,6,246.0,North East England
2021-10-14 07:00:00,10,7,248.0,North East England
2021-10-14 08:00:00,10,8,233.5,North East England
2021-10-14 09:00:00,10,9,223.0,North East England
2021-10-14 10:00:00,10,10,217.5,North East England
2021-10-14 11:00:00,10,11,200.0,North East England
2021-10-14 12:00:00,10,12,184.5,North East England
2021-10-14 13:00:00,10,13,180.0,North East England
2021-10-14 14:00:00,10,14,186.0,North East England
2021-10-14 15:00:00,10,15,206.5,North East England
2021-10-14 16:00:00,10,16,221.5,North East England
2021-10-14 17:00:00,10,17,212.5,North East England
2021-10-14 18:00:00,10,18,208.0,North East England
2021-10-14 19:00:00,10,19,191.5,North East England
2021-10-14 20:00:00,10,20,158.5,North East England
2021-10-14 21:00:00,10,21,122.0,North East England
2021-10-14 22:00:00,10,22,87.5,North East England
2021-10-14 23:00:00,10,23,90.0,North East England
2021-10-15 00:00:00,10,0,71.5,North East England
2021-10-15 01:00:00,10,1,87.0,North East England
2021-10-15 02:00:00,10,2,96.0,North East England
2021-10-15 03:00:00,10,3,106.0,North East England
2021-10-15 04:00:00,10,4,111.0,North East England
2021-10-15 05:00:00,10,5,145.5,North East England
2021-10-15 06:00:00,10,6,208.0,North East England
2021-10-15 07:00:00,10,7,207.0,North East England
2021-10-15 08:00:00,10,8,215.5,North East England
2021-10-15 09:00:00,10,9,223.5,North East England
2021-10-15 10:00:00,10,10,225.0,North East England
2021-10-15 11:00:00,10,11,224.5,North East England
2021-10-15 12:00:00,10,12,230.0,North East England
2021-10-15 13:00:00,10,13,234.5,North East England
2021-10-15 14:00:00,10,14,249.0,North East England
2021-10-15 15:00:00,10,15,258.5,North East England
2021-10-15 16:00:00,10,16,273.5,North East England
2021-10-15 17:00:00,10,17,285.0,North East England
2021-10-15 18:00:00,10,18,287.0,North East England
2021-10-15 19:00:00,10,19,286.5,North East England
2021-10-15 20:00:00,10,20,297.5,North East England
2021-10-15 21:00:00,10,21,304.5,North East England
2021-10-15 22:00:00,10,22,266.5,North East England
2021-10-15 23:00:00,10,23,261.5,North East England
2021-10-16 00:00:00,10,0,250.5,North East England
2021-10-16 01:00:00,10,1,254.0,North East England
2021-10-16 02:00:00,10,2,256.5,North East England
2021-10-16 03:00:00,10,3,246.5,North East England
2021-10-16 04:00:00,10,4,243.0,North East England
2021-10-16 05:00:00,10,5,262.5,North East England
2021-10-16 06:00:00,10,6,277.5,North East England
2021-10-16 07:00:00,10,7,278.5,North East England
2021-10-16 08:00:00,10,8,276.0,North East England
2021-10-16 09:00:00,10,9,266.0,North East England
2021-10-16 10:00:00,10,10,251.5,North East England
2021-10-16 11:00:00,10,11,248.5,North East England
2021-10-16 12:00:00,10,12,239.5,North East England
2021-10-16 13:00:00,10,13,235.5,North East England
2021-10-16 14:00:00,10,14,243.5,North East England
2021-10-16 15:00:00,10,15,266.0,North East England
2021-10-16 16:00:00,10,16,264.5,North East England
2021-10-16 17:00:00,10,17,273.5,North East England
2021-10-16 18:00:00,10,18,270.5,North East England
2021-10-16 19:00:00,10,19,254.0,North East England
2021-10-16 20:00:00,10,20,246.5,North East England
2021-10-16 21:00:00,10,21,247.5,North East England
2021-10-16 22:00:00,10,22,196.5,North East England
2021-10-16 23:00:00,10,23,170.0,North East England
2021-10-17 00:00:00,10,0,166.5,North East England
2021-10-17 01:00:00,10,1,163.0,North East England
2021-10-17 02:00:00,10,2,172.5,North East England
2021-10-17 03:00:00,10,3,166.5,North East England
2021-10-17 04:00:00,10,4,155.0,North East England
2021-10-17 05:00:00,10,5,165.0,North East England
2021-10-17 06:00:00,10,6,170.0,North East England
2021-10-17 07:00:00,10,7,182.5,North East England
2021-10-17 08:00:00,10,8,190.0,North East England
2021-10-17 09:00:00,10,9,196.0,North East England
2021-10-17 10:00:00,10,10,184.5,North East England
2021-10-17 11:00:00,10,11,186.5,North East England
2021-10-17 12:00:00,10,12,184.5,North East England
2021-10-17 13:00:00,10,13,183.5,North East England
2021-10-17 14:00:00,10,14,185.5,North East England
2021-10-17 15:00:00,10,15,210.5,North East England
2021-10-17 16:00:00,10,16,234.5,North East England
2021-10-17 17:00:00,10,17,237.5,North East England
2021-10-17 18:00:00,10,18,242.0,North East England
2021-10-17 19:00:00,10,19,237.0,North East England
2021-10-17 20:00:00,10,20,221.5,North East England
2021-10-17 21:00:00,10,21,205.0,North East England
2021-10-17 22:00:00,10,22,159.5,North East England
2021-10-17 23:00:00,10,23,153.5,North East England
2021-10-18 00:00:00,10,0,158.5,North East England
2021-10-18 01:00:00,10,1,151.0,North East England
2021-10-18 02:00:00,10,2,152.5,North East England
2021-10-18 03:00:00,10,3,171.0,North East England
2021-10-18 04:00:00,10,4,197.0,North East England
2021-10-18 05:00:00,10,5,222.5,North East England
2021-10-18 06:00:00,10,6,227.0,North East England
2021-10-18 07:00:00,10,7,228.5,North East England
2021-10-18 08:00:00,10,8,212.5,North East England
2021-10-18 09:00:00,10,9,217.5,North East England
2021-10-18 10:00:00,10,10,209.0,North East England
2021-10-18 11:00:00,10,11,205.0,North East England
2021-10-18 12:00:00,10,12,209.0,North East England
2021-10-18 13:00:00,10,13,208.5,North East England
2021-10-18 14:00:00,10,14,215.5,North East England
2021-10-18 15:00:00,10,15,203.0,North East England
2021-10-18 16:00:00,10,16,203.0,North East England
2021-10-18 17:00:00,10,17,196.0,North East England
2021-10-18 18:00:00,10,18,187.5,North East England
2021-10-18 19:00:00,10,19,180.0,North East England
2021-10-18 20:00:00,10,20,163.0,North East England
2021-10-18 21:00:00,10,21,140.5,North East England
2021-10-18 22:00:00,10,22,121.0,North East England
2021-10-18 23:00:00,10,23,118.0,North East England
2021-10-19 00:00:00,10,0,117.5,North East England
2021-10-19 01:00:00,10,1,118.5,North East England
2021-10-19 02:00:00,10,2,123.5,North East England
2021-10-19 03:00:00,10,3,122.5,North East England
2021-10-19 04:00:00,10,4,133.5,North East England
2021-10-19 05:00:00,10,5,158.0,North East England
2021-10-19 06:00:00,10,6,168.0,North East England
2021-10-19 07:00:00,10,7,163.0,North East England
2021-10-19 08:00:00,10,8,154.0,North East England
2021-10-19 09:00:00,10,9,148.5,North East England
2021-10-19 10:00:00,10,10,145.0,North East England
2021-10-19 11:00:00,10,11,131.5,North East England
2021-10-19 12:00:00,10,12,125.5,North East England
2021-10-19 13:00:00,10,13,127.5,North East England
2021-10-19 14:00:00,10,14,129.5,North East England
2021-10-19 15:00:00,10,15,148.5,North East England
2021-10-19 16:00:00,10,16,170.0,North East England
2021-10-19 17:00:00,10,17,167.5,North East England
2021-10-19 18:00:00,10,18,154.0,North East England
2021-10-19 19:00:00,10,19,140.0,North East England
2021-10-19 20:00:00,10,20,115.5,North East England
2021-10-19 21:00:00,10,21,80.0,North East England
2021-10-19 22:00:00,10,22,48.5,North East England
2021-10-19 23:00:00,10,23,37.5,North East England
2021-10-20 00:00:00,10,0,24.5,North East England
2021-10-20 01:00:00,10,1,25.0,North East England
2021-10-20 02:00:00,10,2,30.0,North East England
2021-10-20 03:00:00,10,3,37.5,North East England
2021-10-20 04:00:00,10,4,40.5,North East England
2021-10-20 05:00:00,10,5,88.0,North East England
2021-10-20 06:00:00,10,6,153.5,North East England
2021-10-20 07:00:00,10,7,158.0,North East England
2021-10-20 08:00:00,10,8,151.5,North East England
2021-10-20 09:00:00,10,9,142.0,North East England
2021-10-20 10:00:00,10,10,129.0,North East England
2021-10-20 11:00:00,10,11,119.5,North East England
2021-10-20 12:00:00,10,12,101.0,North East England
2021-10-20 13:00:00,10,13,104.0,North East England
2021-10-20 14:00:00,10,14,113.0,North East England
2021-10-20 15:00:00,10,15,136.0,North East England
2021-10-20 16:00:00,10,16,156.5,North East England
2021-10-20 17:00:00,10,17,175.0,North East England
2021-10-20 18:00:00,10,18,192.5,North East England
2021-10-20 19:00:00,10,19,215.0,North East England
2021-10-20 20:00:00,10,20,218.5,North East England
2021-10-20 21:00:00,10,21,183.0,North East England
2021-10-20 22:00:00,10,22,110.5,North East England
2021-10-20 23:00:00,10,23,74.5,North East England
2021-10-21 00:00:00,10,0,59.5,North East England
2021-10-21 01:00:00,10,1,45.5,North East England
2021-10-21 02:00:00,10,2,38.0,North East England
2021-10-21 03:00:00,10,3,38.0,North East England
2021-10-21 04:00:00,10,4,40.0,North East England
2021-10-21 05:00:00,10,5,43.5,North East England
2021-10-21 06:00:00,10,6,111.5,North East England
2021-10-21 07:00:00,10,7,126.5,North East England
2021-10-21 08:00:00,10,8,126.0,North East England
2021-10-21 09:00:00,10,9,112.5,North East England
2021-10-21 10:00:00,10,10,108.0,North East England
2021-10-21 11:00:00,10,11,107.5,North East England
2021-10-21 12:00:00,10,12,113.5,North East England
2021-10-21 13:00:00,10,13,119.0,North East England
2021-10-21 14:00:00,10,14,130.5,North East England
2021-10-21 15:00:00,10,15,150.5,North East England
2021-10-21 16:00:00,10,16,164.0,North East England
2021-10-21 17:00:00,10,17,171.5,North East England
2021-10-21 18:00:00,10,18,153.5,North East England
2021-10-21 19:00:00,10,19,127.0,North East England
2021-10-21 20:00:00,10,20,87.5,North East England
2021-10-21 21:00:00,10,21,74.0,North East England
2021-10-21 22:00:00,10,22,70.5,North East England
2021-10-21 23:00:00,10,23,64.5,North East England
2021-10-22 00:00:00,10,0,65.0,North East England
2021-10-22 01:00:00,10,1,61.0,North East England
2021-10-22 02:00:00,10,2,50.0,North East England
2021-10-22 03:00:00,10,3,51.5,North East England
2021-10-22 04:00:00,10,4,52.0,North East England
2021-10-22 05:00:00,10,5,59.0,North East England
2021-10-22 06:00:00,10,6,93.0,North East England
2021-10-22 07:00:00,10,7,104.5,North East England
2021-10-22 08:00:00,10,8,129.0,North East England
2021-10-22 09:00:00,10,9,127.5,North East England
2021-10-22 10:00:00,10,10,122.5,North East England
2021-10-22 11:00:00,10,11,129.5,North East England
2021-10-22 12:00:00,10,12,138.0,North East England
2021-10-22 13:00:00,10,13,152.5,North East England
2021-10-22 14:00:00,10,14,173.0,North East England
2021-10-22 15:00:00,10,15,194.0,North East England
2021-10-22 16:00:00,10,16,221.0,North East England
2021-10-22 17:00:00,10,17,241.5,North East England
2021-10-22 18:00:00,10,18,249.5,North East England
2021-10-22 19:00:00,10,19,246.0,North East England
2021-10-22 20:00:00,10,20,258.5,North East England
2021-10-22 21:00:00,10,21,271.0,North East England
2021-10-22 22:00:00,10,22,261.0,North East England
2021-10-22 23:00:00,10,23,218.5,North East England
2021-10-23 00:00:00,10,0,207.5,North East England
2021-10-23 01:00:00,10,1,201.0,North East England
2021-10-23 02:00:00,10,2,225.0,North East England
2021-10-23 03:00:00,10,3,217.0,North East England
2021-10-23 04:00:00,10,4,228.0,North East England
2021-10-23 05:00:00,10,5,235.5,North East England
2021-10-23 06:00:00,10,6,241.0,North East England
2021-10-23 07:00:00,10,7,234.0,North East England
2021-10-23 08:00:00,10,8,209.5,North East England
2021-10-23 09:00:00,10,9,209.0,North East England
2021-10-23 10:00:00,10,10,198.5,North East England
2021-10-23 11:00:00,10,11,195.0,North East England
2021-10-23 12:00:00,10,12,185.5,North East England
2021-10-23 13:00:00,10,13,190.5,North East England
2021-10-23 14:00:00,10,14,209.0,North East England
2021-10-23 15:00:00,10,15,230.5,North East England
2021-10-23 16:00:00,10,16,233.5,North East England
2021-10-23 17:00:00,10,17,217.0,North East England
2021-10-23 18:00:00,10,18,217.0,North East England
2021-10-23 19:00:00,10,19,222.0,North East England
2021-10-23 20:00:00,10,20,180.0,North East England
2021-10-23 21:00:00,10,21,167.0,North East England
2021-10-23 22:00:00,10,22,132.0,North East England
2021-10-23 23:00:00,10,23,112.5,North East England
2021-10-24 00:00:00,10,0,106.5,North East England
2021-10-24 01:00:00,10,1,71.5,North East England
2021-10-24 02:00:00,10,2,58.5,North East England
2021-10-24 03:00:00,10,3,58.0,North East England
2021-10-24 04:00:00,10,4,56.0,North East England
2021-10-24 05:00:00,10,5,64.5,North East England
2021-10-24 06:00:00,10,6,117.0,North East England
2021-10-24 07:00:00,10,7,134.5,North East England
2021-10-24 08:00:00,10,8,131.5,North East England
2021-10-24 09:00:00,10,9,121.0,North East England
2021-10-24 10:00:00,10,10,116.5,North East England
2021-10-24 11:00:00,10,11,115.0,North East England
2021-10-24 12:00:00,10,12,117.5,North East England
2021-10-24 13:00:00,10,13,118.0,North East England
2021-10-24 14:00:00,10,14,124.5,North East England
2021-10-24 15:00:00,10,15,146.0,North East England
2021-10-24 16:00:00,10,16,159.0,North East England
2021-10-24 17:00:00,10,17,156.5,North East England
2021-10-24 18:00:00,10,18,165.5,North East England
2021-10-24 19:00:00,10,19,147.0,North East England
2021-10-24 20:00:00,10,20,133.0,North East England
2021-10-24 21:00:00,10,21,130.0,North East England
2021-10-24 22:00:00,10,22,133.0,North East England
2021-10-24 23:00:00,10,23,136.5,North East England
2021-10-25 00:00:00,10,0,142.0,North East England
2021-10-25 01:00:00,10,1,119.5,North East England
2021-10-25 02:00:00,10,2,103.5,North East England
2021-10-25 03:00:00,10,3,121.5,North East England
2021-10-25 04:00:00,10,4,164.5,North East England
2021-10-25 05:00:00,10,5,205.5,North East England
2021-10-25 06:00:00,10,6,220.0,North East England
2021-10-25 07:00:00,10,7,233.5,North East England
2021-10-25 08:00:00,10,8,217.0,North East England
2021-10-25 09:00:00,10,9,208.5,North East England
2021-10-25 10:00:00,10,10,200.0,North East England
2021-10-25 11:00:00,10,11,203.0,North East England
2021-10-25 12:00:00,10,12,209.0,North East England
2021-10-25 13:00:00,10,13,221.5,North East England
2021-10-25 14:00:00,10,14,237.5,North East England
2021-10-25 15:00:00,10,15,265.5,North East England
2021-10-25 16:00:00,10,16,263.0,North East England
2021-10-25 17:00:00,10,17,250.5,North East England
2021-10-25 18:00:00,10,18,252.0,North East England
2021-10-25 19:00:00,10,19,263.5,North East England
2021-10-25 20:00:00,10,20,235.5,North East England
2021-10-25 21:00:00,10,21,237.0,North East England
2021-10-25 22:00:00,10,22,191.0,North East England
2021-10-25 23:00:00,10,23,191.5,North East England
2021-10-26 00:00:00,10,0,175.0,North East England
2021-10-26 01:00:00,10,1,182.5,North East England
2021-10-26 02:00:00,10,2,201.0,North East England
2021-10-26 03:00:00,10,3,177.0,North East England
2021-10-26 04:00:00,10,4,170.0,North East England
2021-10-26 05:00:00,10,5,218.0,North East England
2021-10-26 06:00:00,10,6,248.5,North East England
2021-10-26 07:00:00,10,7,223.5,North East England
2021-10-26 08:00:00,10,8,221.5,North East England
2021-10-26 09:00:00,10,9,214.0,North East England
2021-10-26 10:00:00,10,10,196.0,North East England
2021-10-26 11:00:00,10,11,185.5,North East England
2021-10-26 12:00:00,10,12,176.0,North East England
2021-10-26 13:00:00,10,13,169.5,North East England
2021-10-26 14:00:00,10,14,169.0,North East England
2021-10-26 15:00:00,10,15,196.0,North East England
2021-10-26 16:00:00,10,16,208.0,North East England
2021-10-26 17:00:00,10,17,196.0,North East England
2021-10-26 18:00:00,10,18,195.5,North East England
2021-10-26 19:00:00,10,19,160.0,North East England
2021-10-26 20:00:00,10,20,137.0,North East England
2021-10-26 21:00:00,10,21,114.5,North East England
2021-10-26 22:00:00,10,22,70.5,North East England
2021-10-26 23:00:00,10,23,57.0,North East England
2021-10-27 00:00:00,10,0,48.0,North East England
2021-10-27 01:00:00,10,1,43.5,North East England
2021-10-27 02:00:00,10,2,44.0,North East England
2021-10-27 03:00:00,10,3,40.0,North East England
2021-10-27 04:00:00,10,4,49.0,North East England
2021-10-27 05:00:00,10,5,72.5,North East England
2021-10-27 06:00:00,10,6,108.0,North East England
2021-10-27 07:00:00,10,7,126.5,North East England
2021-10-27 08:00:00,10,8,146.0,North East England
2021-10-27 09:00:00,10,9,156.5,North East England
2021-10-27 10:00:00,10,10,147.0,North East England
2021-10-27 11:00:00,10,11,160.5,North East England
2021-10-27 12:00:00,10,12,156.5,North East England
2021-10-27 13:00:00,10,13,152.5,North East England
2021-10-27 14:00:00,10,14,157.5,North East England
2021-10-27 15:00:00,10,15,167.0,North East England
2021-10-27 16:00:00,10,16,167.5,North East England
2021-10-27 17:00:00,10,17,173.0,North East England
2021-10-27 18:00:00,10,18,172.0,North East England
2021-10-27 19:00:00,10,19,174.0,North East England
2021-10-27 20:00:00,10,20,157.0,North East England
2021-10-27 21:00:00,10,21,117.0,North East England
2021-10-27 22:00:00,10,22,64.5,North East England
2021-10-27 23:00:00,10,23,39.0,North East England
2021-10-28 00:00:00,10,0,30.0,North East England
2021-10-28 01:00:00,10,1,32.0,North East England
2021-10-28 02:00:00,10,2,29.0,North East England
2021-10-28 03:00:00,10,3,32.5,North East England
2021-10-28 04:00:00,10,4,60.0,North East England
2021-10-28 05:00:00,10,5,110.5,North East England
2021-10-28 06:00:00,10,6,143.0,North East England
2021-10-28 07:00:00,10,7,160.0,North East England
2021-10-28 08:00:00,10,8,163.0,North East England
2021-10-28 09:00:00,10,9,178.5,North East England
2021-10-28 10:00:00,10,10,174.5,North East England
2021-10-28 11:00:00,10,11,172.5,North East England
2021-10-28 12:00:00,10,12,166.5,North East England
2021-10-28 13:00:00,10,13,159.5,North East England
2021-10-28 14:00:00,10,14,161.5,North East England
2021-10-28 15:00:00,10,15,180.5,North East England
2021-10-28 16:00:00,10,16,179.5,North East England
2021-10-28 17:00:00,10,17,182.0,North East England
2021-10-28 18:00:00,10,18,171.5,North East England
2021-10-28 19:00:00,10,19,171.0,North East England
2021-10-28 20:00:00,10,20,144.0,North East England
2021-10-28 21:00:00,10,21,124.5,North East England
2021-10-28 22:00:00,10,22,98.5,North East England
2021-10-28 23:00:00,10,23,96.5,North East England
2021-10-29 00:00:00,10,0,97.5,North East England
2021-10-29 01:00:00,10,1,97.0,North East England
2021-10-29 02:00:00,10,2,94.5,North East England
2021-10-29 03:00:00,10,3,90.0,North East England
2021-10-29 04:00:00,10,4,85.0,North East England
2021-10-29 05:00:00,10,5,130.0,North East England
2021-10-29 06:00:00,10,6,140.0,North East England
2021-10-29 07:00:00,10,7,147.5,North East England
2021-10-29 08:00:00,10,8,145.0,North East England
2021-10-29 09:00:00,10,9,143.0,North East England
2021-10-29 10:00:00,10,10,136.5,North East England
2021-10-29 11:00:00,10,11,126.0,North East England
2021-10-29 12:00:00,10,12,126.0,North East England
2021-10-29 13:00:00,10,13,122.5,North East England
2021-10-29 14:00:00,10,14,117.0,North East England
2021-10-29 15:00:00,10,15,111.0,North East England
2021-10-29 16:00:00,10,16,145.5,North East England
2021-10-29 17:00:00,10,17,165.0,North East England
2021-10-29 18:00:00,10,18,170.5,North East England
2021-10-29 19:00:00,10,19,170.0,North East England
2021-10-29 20:00:00,10,20,169.0,North East England
2021-10-29 21:00:00,10,21,141.0,North East England
2021-10-29 22:00:00,10,22,120.5,North East England
2021-10-29 23:00:00,10,23,93.5,North East England
2021-10-30 00:00:00,10,0,76.0,North East England
2021-10-30 01:00:00,10,1,63.5,North East England
2021-10-30 02:00:00,10,2,56.0,North East England
2021-10-30 03:00:00,10,3,38.5,North East England
2021-10-30 04:00:00,10,4,39.0,North East England
2021-10-30 05:00:00,10,5,69.5,North East England
2021-10-30 06:00:00,10,6,113.5,North East England
2021-10-30 07:00:00,10,7,128.5,North East England
2021-10-30 08:00:00,10,8,135.5,North East England
2021-10-30 09:00:00,10,9,130.0,North East England
2021-10-30 10:00:00,10,10,118.5,North East England
2021-10-30 11:00:00,10,11,101.5,North East England
2021-10-30 12:00:00,10,12,95.0,North East England
2021-10-30 13:00:00,10,13,117.0,North East England
2021-10-30 14:00:00,10,14,109.0,North East England
2021-10-30 15:00:00,10,15,117.0,North East England
2021-10-30 16:00:00,10,16,144.5,North East England
2021-10-30 17:00:00,10,17,141.5,North East England
2021-10-30 18:00:00,10,18,131.5,North East England
2021-10-30 19:00:00,10,19,124.0,North East England
2021-10-30 20:00:00,10,20,115.5,North East England
2021-10-30 21:00:00,10,21,112.0,North East England
2021-10-30 22:00:00,10,22,121.5,North East England
2021-10-30 23:00:00,10,23,122.0,North East England
2021-10-31 00:00:00,10,0,120.5,North East England
2021-10-31 01:00:00,10,1,105.5,North East England
2021-10-31 02:00:00,10,2,66.5,North East England
2021-10-31 03:00:00,10,3,73.5,North East England
2021-10-31 04:00:00,10,4,52.0,North East England
2021-10-31 05:00:00,10,5,33.0,North East England
2021-10-31 06:00:00,10,6,32.5,North East England
2021-10-31 07:00:00,10,7,34.0,North East England
2021-10-31 08:00:00,10,8,45.0,North East England
2021-10-31 09:00:00,10,9,44.5,North East England
2021-10-31 10:00:00,10,10,53.5,North East England
2021-10-31 11:00:00,10,11,66.0,North East England
2021-10-31 12:00:00,10,12,62.5,North East England
2021-10-31 13:00:00,10,13,60.5,North East England
2021-10-31 14:00:00,10,14,60.5,North East England
2021-10-31 15:00:00,10,15,72.0,North East England
2021-10-31 16:00:00,10,16,110.0,North East England
2021-10-31 17:00:00,10,17,103.0,North East England
2021-10-31 18:00:00,10,18,101.5,North East England
2021-10-31 19:00:00,10,19,99.0,North East England
2021-10-31 20:00:00,10,20,96.5,North East England
2021-10-31 21:00:00,10,21,80.5,North East England
2021-10-31 22:00:00,10,22,68.5,North East England
2021-10-31 23:00:00,10,23,32.5,North East England
2021-11-01 00:00:00,11,0,27.5,North East England
2021-11-01 01:00:00,11,1,29.0,North East England
2021-11-01 02:00:00,11,2,22.0,North East England
2021-11-01 03:00:00,11,3,40.5,North East England
2021-11-01 04:00:00,11,4,41.5,North East England
2021-11-01 05:00:00,11,5,36.0,North East England
2021-11-01 06:00:00,11,6,67.0,North East England
2021-11-01 07:00:00,11,7,125.5,North East England
2021-11-01 08:00:00,11,8,130.5,North East England
2021-11-01 09:00:00,11,9,136.0,North East England
2021-11-01 10:00:00,11,10,137.5,North East England
2021-11-01 11:00:00,11,11,136.5,North East England
2021-11-01 12:00:00,11,12,147.5,North East England
2021-11-01 13:00:00,11,13,158.5,North East England
2021-11-01 14:00:00,11,14,165.0,North East England
2021-11-01 15:00:00,11,15,180.5,North East England
2021-11-01 16:00:00,11,16,198.0,North East England
2021-11-01 17:00:00,11,17,205.5,North East England
2021-11-01 18:00:00,11,18,213.0,North East England
2021-11-01 19:00:00,11,19,219.0,North East England
2021-11-01 20:00:00,11,20,229.0,North East England
2021-11-01 21:00:00,11,21,228.0,North East England
2021-11-01 22:00:00,11,22,226.0,North East England
2021-11-01 23:00:00,11,23,204.0,North East England
2021-11-02 00:00:00,11,0,208.5,North East England
2021-11-02 01:00:00,11,1,205.0,North East England
2021-11-02 02:00:00,11,2,205.5,North East England
2021-11-02 03:00:00,11,3,188.5,North East England
2021-11-02 04:00:00,11,4,202.5,North East England
2021-11-02 05:00:00,11,5,251.5,North East England
2021-11-02 06:00:00,11,6,305.5,North East England
2021-11-02 07:00:00,11,7,310.0,North East England
2021-11-02 08:00:00,11,8,257.5,North East England
2021-11-02 09:00:00,11,9,230.5,North East England
2021-11-02 10:00:00,11,10,230.5,North East England
2021-11-02 11:00:00,11,11,227.5,North East England
2021-11-02 12:00:00,11,12,235.5,North East England
2021-11-02 13:00:00,11,13,210.0,North East England
2021-11-02 14:00:00,11,14,225.0,North East England
2021-11-02 15:00:00,11,15,252.0,North East England
2021-11-02 16:00:00,11,16,262.5,North East England
2021-11-02 17:00:00,11,17,262.5,North East England
2021-11-02 18:00:00,11,18,264.0,North East England
2021-11-02 19:00:00,11,19,260.0,North East England
2021-11-02 20:00:00,11,20,267.0,North East England
2021-11-02 21:00:00,11,21,267.0,North East England
2021-11-02 22:00:00,11,22,257.0,North East England
2021-11-02 23:00:00,11,23,304.5,North East England
2021-11-03 00:00:00,11,0,240.5,North East England
2021-11-03 01:00:00,11,1,241.5,North East England
2021-11-03 02:00:00,11,2,228.5,North East England
2021-11-03 03:00:00,11,3,246.0,North East England
2021-11-03 04:00:00,11,4,246.5,North East England
2021-11-03 05:00:00,11,5,292.5,North East England
2021-11-03 06:00:00,11,6,317.5,North East England
2021-11-03 07:00:00,11,7,318.5,North East England
2021-11-03 08:00:00,11,8,305.0,North East England
2021-11-03 09:00:00,11,9,289.5,North East England
2021-11-03 10:00:00,11,10,275.5,North East England
2021-11-03 11:00:00,11,11,273.0,North East England
2021-11-03 12:00:00,11,12,278.0,North East England
2021-11-03 13:00:00,11,13,279.5,North East England
2021-11-03 14:00:00,11,14,267.5,North East England
2021-11-03 15:00:00,11,15,247.5,North East England
2021-11-03 16:00:00,11,16,223.5,North East England
2021-11-03 17:00:00,11,17,213.0,North East England
2021-11-03 18:00:00,11,18,212.0,North East England
2021-11-03 19:00:00,11,19,211.0,North East England
2021-11-03 20:00:00,11,20,178.5,North East England
2021-11-03 21:00:00,11,21,177.0,North East England
2021-11-03 22:00:00,11,22,136.0,North East England
2021-11-03 23:00:00,11,23,95.0,North East England
2021-11-04 00:00:00,11,0,77.0,North East England
2021-11-04 01:00:00,11,1,83.0,North East England
2021-11-04 02:00:00,11,2,85.5,North East England
2021-11-04 03:00:00,11,3,84.5,North East England
2021-11-04 04:00:00,11,4,90.5,North East England
2021-11-04 05:00:00,11,5,74.0,North East England
2021-11-04 06:00:00,11,6,123.5,North East England
2021-11-04 07:00:00,11,7,162.5,North East England
2021-11-04 08:00:00,11,8,198.5,North East England
2021-11-04 09:00:00,11,9,198.5,North East England
2021-11-04 10:00:00,11,10,190.0,North East England
2021-11-04 11:00:00,11,11,184.0,North East England
2021-11-04 12:00:00,11,12,198.0,North East England
2021-11-04 13:00:00,11,13,189.5,North East England
2021-11-04 14:00:00,11,14,195.0,North East England
2021-11-04 15:00:00,11,15,209.0,North East England
2021-11-04 16:00:00,11,16,210.5,North East England
2021-11-04 17:00:00,11,17,211.0,North East England
2021-11-04 18:00:00,11,18,214.5,North East England
2021-11-04 19:00:00,11,19,204.0,North East England
2021-11-04 20:00:00,11,20,223.5,North East England
2021-11-04 21:00:00,11,21,173.5,North East England
2021-11-04 22:00:00,11,22,171.0,North East England
2021-11-04 23:00:00,11,23,133.0,North East England
2021-11-05 00:00:00,11,0,126.0,North East England
2021-11-05 01:00:00,11,1,123.0,North East England
2021-11-05 02:00:00,11,2,126.5,North East England
2021-11-05 03:00:00,11,3,127.0,North East England
2021-11-05 04:00:00,11,4,136.0,North East England
2021-11-05 05:00:00,11,5,154.5,North East England
2021-11-05 06:00:00,11,6,225.0,North East England
2021-11-05 07:00:00,11,7,254.5,North East England
2021-11-05 08:00:00,11,8,224.0,North East England
2021-11-05 09:00:00,11,9,214.5,North East England
2021-11-05 10:00:00,11,10,219.0,North East England
2021-11-05 11:00:00,11,11,229.5,North East England
2021-11-05 12:00:00,11,12,231.0,North East England
2021-11-05 13:00:00,11,13,229.0,North East England
2021-11-05 14:00:00,11,14,231.0,North East England
2021-11-05 15:00:00,11,15,249.5,North East England
2021-11-05 16:00:00,11,16,233.0,North East England
2021-11-05 17:00:00,11,17,229.5,North East England
2021-11-05 18:00:00,11,18,242.5,North East England
2021-11-05 19:00:00,11,19,278.0,North East England
2021-11-05 20:00:00,11,20,277.0,North East England
2021-11-05 21:00:00,11,21,249.0,North East England
2021-11-05 22:00:00,11,22,233.0,North East England
2021-11-05 23:00:00,11,23,140.0,North East England
2021-11-06 00:00:00,11,0,114.0,North East England
2021-11-06 01:00:00,11,1,110.5,North East England
2021-11-06 02:00:00,11,2,113.5,North East England
2021-11-06 03:00:00,11,3,119.0,North East England
2021-11-06 04:00:00,11,4,119.0,North East England
2021-11-06 05:00:00,11,5,126.5,North East England
2021-11-06 06:00:00,11,6,117.0,North East England
2021-11-06 07:00:00,11,7,105.5,North East England
2021-11-06 08:00:00,11,8,137.5,North East England
2021-11-06 09:00:00,11,9,132.0,North East England
2021-11-06 10:00:00,11,10,134.0,North East England
2021-11-06 11:00:00,11,11,111.0,North East England
2021-11-06 12:00:00,11,12,108.5,North East England
2021-11-06 13:00:00,11,13,117.5,North East England
2021-11-06 14:00:00,11,14,129.0,North East England
2021-11-06 15:00:00,11,15,141.0,North East England
2021-11-06 16:00:00,11,16,114.0,North East England
2021-11-06 17:00:00,11,17,136.0,North East England
2021-11-06 18:00:00,11,18,113.0,North East England
2021-11-06 19:00:00,11,19,128.5,North East England
2021-11-06 20:00:00,11,20,124.0,North East England
2021-11-06 21:00:00,11,21,115.5,North East England
2021-11-06 22:00:00,11,22,101.0,North East England
2021-11-06 23:00:00,11,23,71.0,North East England
2021-11-07 00:00:00,11,0,69.5,North East England
2021-11-07 01:00:00,11,1,90.0,North East England
2021-11-07 02:00:00,11,2,95.5,North East England
2021-11-07 03:00:00,11,3,105.5,North East England
2021-11-07 04:00:00,11,4,100.5,North East England
2021-11-07 05:00:00,11,5,98.5,North East England
2021-11-07 06:00:00,11,6,96.5,North East England
2021-11-07 07:00:00,11,7,101.0,North East England
2021-11-07 08:00:00,11,8,127.5,North East England
2021-11-07 09:00:00,11,9,117.5,North East England
2021-11-07 10:00:00,11,10,104.0,North East England
2021-11-07 11:00:00,11,11,102.5,North East England
2021-11-07 12:00:00,11,12,108.5,North East England
2021-11-07 13:00:00,11,13,112.0,North East England
2021-11-07 14:00:00,11,14,130.0,North East England
2021-11-07 15:00:00,11,15,164.0,North East England
2021-11-07 16:00:00,11,16,174.0,North East England
2021-11-07 17:00:00,11,17,189.0,North East England
2021-11-07 18:00:00,11,18,186.5,North East England
2021-11-07 19:00:00,11,19,179.5,North East England
2021-11-07 20:00:00,11,20,166.5,North East England
2021-11-07 21:00:00,11,21,153.0,North East England
2021-11-07 22:00:00,11,22,152.0,North East England
2021-11-07 23:00:00,11,23,151.5,North East England
2021-11-08 00:00:00,11,0,163.0,North East England
2021-11-08 01:00:00,11,1,168.0,North East England
2021-11-08 02:00:00,11,2,170.0,North East England
2021-11-08 03:00:00,11,3,165.5,North East England
2021-11-08 04:00:00,11,4,148.5,North East England
2021-11-08 05:00:00,11,5,238.5,North East England
2021-11-08 06:00:00,11,6,285.5,North East England
2021-11-08 07:00:00,11,7,312.5,North East England
2021-11-08 08:00:00,11,8,307.5,North East England
2021-11-08 09:00:00,11,9,292.0,North East England
2021-11-08 10:00:00,11,10,300.0,North East England
2021-11-08 11:00:00,11,11,302.5,North East England
2021-11-08 12:00:00,11,12,303.0,North East England
2021-11-08 13:00:00,11,13,306.5,North East England
2021-11-08 14:00:00,11,14,311.5,North East England
2021-11-08 15:00:00,11,15,323.5,North East England
2021-11-08 16:00:00,11,16,329.0,North East England
2021-11-08 17:00:00,11,17,324.0,North East England
2021-11-08 18:00:00,11,18,309.5,North East England
2021-11-08 19:00:00,11,19,298.5,North East England
2021-11-08 20:00:00,11,20,289.0,North East England
2021-11-08 21:00:00,11,21,265.0,North East England
2021-11-08 22:00:00,11,22,248.5,North East England
2021-11-08 23:00:00,11,23,209.0,North East England
2021-11-09 00:00:00,11,0,208.5,North East England
2021-11-09 01:00:00,11,1,194.5,North East England
2021-11-09 02:00:00,11,2,171.5,North East England
2021-11-09 03:00:00,11,3,154.0,North East England
2021-11-09 04:00:00,11,4,161.0,North East England
2021-11-09 05:00:00,11,5,171.0,North East England
2021-11-09 06:00:00,11,6,223.5,North East England
2021-11-09 07:00:00,11,7,265.0,North East England
2021-11-09 08:00:00,11,8,265.0,North East England
2021-11-09 09:00:00,11,9,235.5,North East England
2021-11-09 10:00:00,11,10,210.5,North East England
2021-11-09 11:00:00,11,11,203.0,North East England
2021-11-09 12:00:00,11,12,206.5,North East England
2021-11-09 13:00:00,11,13,211.0,North East England
2021-11-09 14:00:00,11,14,237.0,North East England
2021-11-09 15:00:00,11,15,252.5,North East England
2021-11-09 16:00:00,11,16,263.0,North East England
2021-11-09 17:00:00,11,17,251.0,North East England
2021-11-09 18:00:00,11,18,276.5,North East England
2021-11-09 19:00:00,11,19,255.0,North East England
2021-11-09 20:00:00,11,20,248.5,North East England
2021-11-09 21:00:00,11,21,225.5,North East England
2021-11-09 22:00:00,11,22,215.5,North East England
2021-11-09 23:00:00,11,23,201.0,North East England
2021-11-10 00:00:00,11,0,205.5,North East England
2021-11-10 01:00:00,11,1,203.5,North East England
2021-11-10 02:00:00,11,2,207.0,North East England
2021-11-10 03:00:00,11,3,218.5,North East England
2021-11-10 04:00:00,11,4,237.5,North East England
2021-11-10 05:00:00,11,5,272.5,North East England
2021-11-10 06:00:00,11,6,309.0,North East England
2021-11-10 07:00:00,11,7,296.5,North East England
2021-11-10 08:00:00,11,8,290.5,North East England
2021-11-10 09:00:00,11,9,285.0,North East England
2021-11-10 10:00:00,11,10,288.0,North East England
2021-11-10 11:00:00,11,11,286.0,North East England
2021-11-10 12:00:00,11,12,280.5,North East England
2021-11-10 13:00:00,11,13,291.5,North East England
2021-11-10 14:00:00,11,14,278.5,North East England
2021-11-10 15:00:00,11,15,325.5,North East England
2021-11-10 16:00:00,11,16,269.5,North East England
2021-11-10 17:00:00,11,17,280.5,North East England
2021-11-10 18:00:00,11,18,291.0,North East England
2021-11-10 19:00:00,11,19,309.0,North East England
2021-11-10 20:00:00,11,20,342.5,North East England
2021-11-10 21:00:00,11,21,333.0,North East England
2021-11-10 22:00:00,11,22,313.0,North East England
2021-11-10 23:00:00,11,23,281.5,North East England
2021-11-11 00:00:00,11,0,278.5,North East England
2021-11-11 01:00:00,11,1,286.0,North East England
2021-11-11 02:00:00,11,2,282.0,North East England
2021-11-11 03:00:00,11,3,267.5,North East England
2021-11-11 04:00:00,11,4,276.5,North East England
2021-11-11 05:00:00,11,5,288.0,North East England
2021-11-11 06:00:00,11,6,311.0,North East England
2021-11-11 07:00:00,11,7,323.5,North East England
2021-11-11 08:00:00,11,8,268.5,North East England
2021-11-11 09:00:00,11,9,251.0,North East England
2021-11-11 10:00:00,11,10,266.0,North East England
2021-11-11 11:00:00,11,11,275.5,North East England
2021-11-11 12:00:00,11,12,260.5,North East England
2021-11-11 13:00:00,11,13,276.0,North East England
2021-11-11 14:00:00,11,14,308.0,North East England
2021-11-11 15:00:00,11,15,321.5,North East England
2021-11-11 16:00:00,11,16,327.0,North East England
2021-11-11 17:00:00,11,17,330.5,North East England
2021-11-11 18:00:00,11,18,317.5,North East England
2021-11-11 19:00:00,11,19,293.0,North East England
2021-11-11 20:00:00,11,20,267.0,North East England
2021-11-11 21:00:00,11,21,236.0,North East England
2021-11-11 22:00:00,11,22,204.0,North East England
2021-11-11 23:00:00,11,23,178.5,North East England
2021-11-12 00:00:00,11,0,155.0,North East England
2021-11-12 01:00:00,11,1,132.0,North East England
2021-11-12 02:00:00,11,2,115.5,North East England
2021-11-12 03:00:00,11,3,101.5,North East England
2021-11-12 04:00:00,11,4,76.5,North East England
2021-11-12 05:00:00,11,5,73.5,North East England
2021-11-12 06:00:00,11,6,104.0,North East England
2021-11-12 07:00:00,11,7,160.0,North East England
2021-11-12 08:00:00,11,8,175.5,North East England
2021-11-12 09:00:00,11,9,164.5,North East England
2021-11-12 10:00:00,11,10,162.5,North East England
2021-11-12 11:00:00,11,11,154.5,North East England
2021-11-12 12:00:00,11,12,142.5,North East England
2021-11-12 13:00:00,11,13,139.0,North East England
2021-11-12 14:00:00,11,14,142.5,North East England
2021-11-12 15:00:00,11,15,138.5,North East England
2021-11-12 16:00:00,11,16,152.0,North East England
2021-11-12 17:00:00,11,17,149.5,North East England
2021-11-12 18:00:00,11,18,145.0,North East England
2021-11-12 19:00:00,11,19,140.5,North East England
2021-11-12 20:00:00,11,20,136.0,North East England
2021-11-12 21:00:00,11,21,135.0,North East England
2021-11-12 22:00:00,11,22,122.5,North East England
2021-11-12 23:00:00,11,23,108.5,North East England
2021-11-13 00:00:00,11,0,106.0,North East England
2021-11-13 01:00:00,11,1,104.0,North East England
2021-11-13 02:00:00,11,2,107.0,North East England
2021-11-13 03:00:00,11,3,83.5,North East England
2021-11-13 04:00:00,11,4,89.5,North East England
2021-11-13 05:00:00,11,5,97.5,North East England
2021-11-13 06:00:00,11,6,103.0,North East England
2021-11-13 07:00:00,11,7,131.0,North East England
2021-11-13 08:00:00,11,8,159.0,North East England
2021-11-13 09:00:00,11,9,167.0,North East England
2021-11-13 10:00:00,11,10,188.5,North East England
2021-11-13 11:00:00,11,11,203.0,North East England
2021-11-13 12:00:00,11,12,197.5,North East England
2021-11-13 13:00:00,11,13,202.5,North East England
2021-11-13 14:00:00,11,14,207.0,North East England
2021-11-13 15:00:00,11,15,217.0,North East England
2021-11-13 16:00:00,11,16,210.5,North East England
2021-11-13 17:00:00,11,17,213.5,North East England
2021-11-13 18:00:00,11,18,215.5,North East England
2021-11-13 19:00:00,11,19,220.5,North East England
2021-11-13 20:00:00,11,20,216.5,North East England
2021-11-13 21:00:00,11,21,202.0,North East England
2021-11-13 22:00:00,11,22,182.5,North East England
2021-11-13 23:00:00,11,23,171.0,North East England
2021-11-14 00:00:00,11,0,167.5,North East England
2021-11-14 01:00:00,11,1,156.0,North East England
2021-11-14 02:00:00,11,2,141.0,North East England
2021-11-14 03:00:00,11,3,137.5,North East England
2021-11-14 04:00:00,11,4,135.5,North East England
2021-11-14 05:00:00,11,5,123.0,North East England
2021-11-14 06:00:00,11,6,147.5,North East England
2021-11-14 07:00:00,11,7,163.5,North East England
2021-11-14 08:00:00,11,8,180.0,North East England
2021-11-14 09:00:00,11,9,190.0,North East England
2021-11-14 10:00:00,11,10,209.0,North East England
2021-11-14 11:00:00,11,11,202.5,North East England
2021-11-14 12:00:00,11,12,226.0,North East England
2021-11-14 13:00:00,11,13,237.5,North East England
2021-11-14 14:00:00,11,14,241.0,North East England
2021-11-14 15:00:00,11,15,245.5,North East England
2021-11-14 16:00:00,11,16,259.0,North East England
2021-11-14 17:00:00,11,17,245.0,North East England
2021-11-14 18:00:00,11,18,257.5,North East England
2021-11-14 19:00:00,11,19,273.5,North East England
2021-11-14 20:00:00,11,20,288.5,North East England
2021-11-14 21:00:00,11,21,275.0,North East England
2021-11-14 22:00:00,11,22,295.0,North East England
2021-11-14 23:00:00,11,23,295.5,North East England
2021-11-15 00:00:00,11,0,281.0,North East England
2021-11-15 01:00:00,11,1,305.0,North East England
2021-11-15 02:00:00,11,2,279.5,North East England
2021-11-15 03:00:00,11,3,288.5,North East England
2021-11-15 04:00:00,11,4,292.0,North East England
2021-11-15 05:00:00,11,5,319.5,North East England
2021-11-15 06:00:00,11,6,340.0,North East England
2021-11-15 07:00:00,11,7,316.5,North East England
2021-11-15 08:00:00,11,8,294.0,North East England
2021-11-15 09:00:00,11,9,283.5,North East England
2021-11-15 10:00:00,11,10,299.0,North East England
2021-11-15 11:00:00,11,11,294.0,North East England
2021-11-15 12:00:00,11,12,289.5,North East England
2021-11-15 13:00:00,11,13,262.0,North East England
2021-11-15 14:00:00,11,14,268.5,North East England
2021-11-15 15:00:00,11,15,278.0,North East England
2021-11-15 16:00:00,11,16,272.0,North East England
2021-11-15 17:00:00,11,17,263.5,North East England
2021-11-15 18:00:00,11,18,260.0,North East England
2021-11-15 19:00:00,11,19,256.0,North East England
2021-11-15 20:00:00,11,20,282.5,North East England
2021-11-15 21:00:00,11,21,301.5,North East England
2021-11-15 22:00:00,11,22,320.5,North East England
2021-11-15 23:00:00,11,23,275.5,North East England
2021-11-16 00:00:00,11,0,280.5,North East England
2021-11-16 01:00:00,11,1,276.0,North East England
2021-11-16 02:00:00,11,2,267.5,North East England
2021-11-16 03:00:00,11,3,274.5,North East England
2021-11-16 04:00:00,11,4,264.0,North East England
2021-11-16 05:00:00,11,5,286.0,North East England
2021-11-16 06:00:00,11,6,327.0,North East England
2021-11-16 07:00:00,11,7,343.5,North East England
2021-11-16 08:00:00,11,8,337.5,North East England
2021-11-16 09:00:00,11,9,326.0,North East England
2021-11-16 10:00:00,11,10,310.0,North East England
2021-11-16 11:00:00,11,11,309.0,North East England
2021-11-16 12:00:00,11,12,315.5,North East England
2021-11-16 13:00:00,11,13,318.0,North East England
2021-11-16 14:00:00,11,14,322.0,North East England
2021-11-16 15:00:00,11,15,317.5,North East England
2021-11-16 16:00:00,11,16,310.0,North East England
2021-11-16 17:00:00,11,17,297.0,North East England
2021-11-16 18:00:00,11,18,283.0,North East England
2021-11-16 19:00:00,11,19,274.5,North East England
2021-11-16 20:00:00,11,20,264.5,North East England
2021-11-16 21:00:00,11,21,240.5,North East England
2021-11-16 22:00:00,11,22,214.0,North East England
2021-11-16 23:00:00,11,23,182.0,North East England
2021-11-17 00:00:00,11,0,164.0,North East England
2021-11-17 01:00:00,11,1,162.5,North East England
2021-11-17 02:00:00,11,2,155.5,North East England
2021-11-17 03:00:00,11,3,155.5,North East England
2021-11-17 04:00:00,11,4,145.0,North East England
2021-11-17 05:00:00,11,5,163.0,North East England
2021-11-17 06:00:00,11,6,200.5,North East England
2021-11-17 07:00:00,11,7,234.0,North East England
2021-11-17 08:00:00,11,8,250.0,North East England
2021-11-17 09:00:00,11,9,245.5,North East England
2021-11-17 10:00:00,11,10,230.5,North East England
2021-11-17 11:00:00,11,11,225.5,North East England
2021-11-17 12:00:00,11,12,223.0,North East England
2021-11-17 13:00:00,11,13,224.0,North East England
2021-11-17 14:00:00,11,14,234.5,North East England
2021-11-17 15:00:00,11,15,253.5,North East England
2021-11-17 16:00:00,11,16,265.0,North East England
2021-11-17 17:00:00,11,17,235.0,North East England
2021-11-17 18:00:00,11,18,242.5,North East England
2021-11-17 19:00:00,11,19,233.0,North East England
2021-11-17 20:00:00,11,20,233.5,North East England
2021-11-17 21:00:00,11,21,193.5,North East England
2021-11-17 22:00:00,11,22,166.5,North East England
2021-11-17 23:00:00,11,23,154.0,North East England
2021-11-18 00:00:00,11,0,151.5,North East England
2021-11-18 01:00:00,11,1,148.0,North East England
2021-11-18 02:00:00,11,2,156.5,North East England
2021-11-18 03:00:00,11,3,141.5,North East England
2021-11-18 04:00:00,11,4,127.0,North East England
2021-11-18 05:00:00,11,5,136.0,North East England
2021-11-18 06:00:00,11,6,160.5,North East England
2021-11-18 07:00:00,11,7,222.5,North East England
2021-11-18 08:00:00,11,8,232.5,North East England
2021-11-18 09:00:00,11,9,209.0,North East England
2021-11-18 10:00:00,11,10,199.0,North East England
2021-11-18 11:00:00,11,11,199.5,North East England
2021-11-18 12:00:00,11,12,217.0,North East England
2021-11-18 13:00:00,11,13,231.5,North East England
2021-11-18 14:00:00,11,14,254.0,North East England
2021-11-18 15:00:00,11,15,259.5,North East England
2021-11-18 16:00:00,11,16,260.5,North East England
2021-11-18 17:00:00,11,17,256.5,North East England
2021-11-18 18:00:00,11,18,260.5,North East England
2021-11-18 19:00:00,11,19,243.5,North East England
2021-11-18 20:00:00,11,20,226.5,North East England
2021-11-18 21:00:00,11,21,207.5,North East England
2021-11-18 22:00:00,11,22,177.0,North East England
2021-11-18 23:00:00,11,23,162.0,North East England
2021-11-19 00:00:00,11,0,163.5,North East England
2021-11-19 01:00:00,11,1,161.0,North East England
2021-11-19 02:00:00,11,2,157.0,North East England
2021-11-19 03:00:00,11,3,168.0,North East England
2021-11-19 04:00:00,11,4,190.5,North East England
2021-11-19 05:00:00,11,5,214.5,North East England
2021-11-19 06:00:00,11,6,255.5,North East England
2021-11-19 07:00:00,11,7,269.5,North East England
2021-11-19 08:00:00,11,8,269.5,North East England
2021-11-19 09:00:00,11,9,269.5,North East England
2021-11-19 10:00:00,11,10,260.0,North East England
2021-11-19 11:00:00,11,11,261.5,North East England
2021-11-19 12:00:00,11,12,275.0,North East England
2021-11-19 13:00:00,11,13,280.5,North East England
2021-11-19 14:00:00,11,14,299.0,North East England
2021-11-19 15:00:00,11,15,319.0,North East England
2021-11-19 16:00:00,11,16,318.5,North East England
2021-11-19 17:00:00,11,17,291.0,North East England
2021-11-19 18:00:00,11,18,303.5,North East England
2021-11-19 19:00:00,11,19,312.0,North East England
2021-11-19 20:00:00,11,20,310.0,North East England
2021-11-19 21:00:00,11,21,294.5,North East England
2021-11-19 22:00:00,11,22,282.5,North East England
2021-11-19 23:00:00,11,23,263.5,North East England
2021-11-20 00:00:00,11,0,246.5,North East England
2021-11-20 01:00:00,11,1,249.0,North East England
2021-11-20 02:00:00,11,2,249.5,North East England
2021-11-20 03:00:00,11,3,230.5,North East England
2021-11-20 04:00:00,11,4,234.0,North East England
2021-11-20 05:00:00,11,5,237.0,North East England
2021-11-20 06:00:00,11,6,227.5,North East England
2021-11-20 07:00:00,11,7,261.5,North East England
2021-11-20 08:00:00,11,8,263.5,North East England
2021-11-20 09:00:00,11,9,250.5,North East England
2021-11-20 10:00:00,11,10,244.0,North East England
2021-11-20 11:00:00,11,11,252.5,North East England
2021-11-20 12:00:00,11,12,253.5,North East England
2021-11-20 13:00:00,11,13,253.0,North East England
2021-11-20 14:00:00,11,14,260.5,North East England
2021-11-20 15:00:00,11,15,266.5,North East England
2021-11-20 16:00:00,11,16,276.0,North East England
2021-11-20 17:00:00,11,17,270.5,North East England
2021-11-20 18:00:00,11,18,258.5,North East England
2021-11-20 19:00:00,11,19,247.0,North East England
2021-11-20 20:00:00,11,20,241.0,North East England
2021-11-20 21:00:00,11,21,223.5,North East England
2021-11-20 22:00:00,11,22,214.0,North East England
2021-11-20 23:00:00,11,23,190.0,North East England
2021-11-21 00:00:00,11,0,175.0,North East England
2021-11-21 01:00:00,11,1,161.0,North East England
2021-11-21 02:00:00,11,2,155.0,North East England
2021-11-21 03:00:00,11,3,140.5,North East England
2021-11-21 04:00:00,11,4,138.5,North East England
2021-11-21 05:00:00,11,5,137.0,North East England
2021-11-21 06:00:00,11,6,133.5,North East England
2021-11-21 07:00:00,11,7,157.0,North East England
2021-11-21 08:00:00,11,8,173.5,North East England
2021-11-21 09:00:00,11,9,142.5,North East England
2021-11-21 10:00:00,11,10,129.5,North East England
2021-11-21 11:00:00,11,11,117.0,North East England
2021-11-21 12:00:00,11,12,129.0,North East England
2021-11-21 13:00:00,11,13,132.0,North East England
2021-11-21 14:00:00,11,14,128.5,North East England
2021-11-21 15:00:00,11,15,143.5,North East England
2021-11-21 16:00:00,11,16,164.0,North East England
2021-11-21 17:00:00,11,17,178.0,North East England
2021-11-21 18:00:00,11,18,164.5,North East England
2021-11-21 19:00:00,11,19,167.0,North East England
2021-11-21 20:00:00,11,20,153.5,North East England
2021-11-21 21:00:00,11,21,144.5,North East England
2021-11-21 22:00:00,11,22,143.0,North East England
2021-11-21 23:00:00,11,23,141.3,North East England
2021-11-22 00:00:00,11,0,131.5,North East England
2021-11-22 01:00:00,11,1,132.0,North East England
2021-11-22 02:00:00,11,2,125.0,North East England
2021-11-22 03:00:00,11,3,121.0,North East England
2021-11-22 04:00:00,11,4,94.5,North East England
2021-11-22 05:00:00,11,5,89.5,North East England
2021-11-22 06:00:00,11,6,149.0,North East England
2021-11-22 07:00:00,11,7,196.0,North East England
2021-11-22 08:00:00,11,8,209.0,North East England
2021-11-22 09:00:00,11,9,218.5,North East England
2021-11-22 10:00:00,11,10,208.5,North East England
2021-11-22 11:00:00,11,11,211.5,North East England
2021-11-22 12:00:00,11,12,202.5,North East England
2021-11-22 13:00:00,11,13,212.0,North East England
2021-11-22 14:00:00,11,14,227.5,North East England
2021-11-22 15:00:00,11,15,238.5,North East England
2021-11-22 16:00:00,11,16,237.0,North East England
2021-11-22 17:00:00,11,17,244.5,North East England
2021-11-22 18:00:00,11,18,251.0,North East England
2021-11-22 19:00:00,11,19,246.5,North East England
2021-11-22 20:00:00,11,20,255.5,North East England
2021-11-22 21:00:00,11,21,272.0,North East England
2021-11-22 22:00:00,11,22,271.5,North East England
2021-11-22 23:00:00,11,23,261.5,North East England
2021-11-23 00:00:00,11,0,247.5,North East England
2021-11-23 01:00:00,11,1,230.5,North East England
2021-11-23 02:00:00,11,2,226.5,North East England
2021-11-23 03:00:00,11,3,228.0,North East England
2021-11-23 04:00:00,11,4,251.0,North East England
2021-11-23 05:00:00,11,5,283.0,North East England
2021-11-23 06:00:00,11,6,310.0,North East England
2021-11-23 07:00:00,11,7,326.0,North East England
2021-11-23 08:00:00,11,8,320.5,North East England
2021-11-23 09:00:00,11,9,284.5,North East England
2021-11-23 10:00:00,11,10,290.5,North East England
2021-11-23 11:00:00,11,11,288.5,North East England
2021-11-23 12:00:00,11,12,290.5,North East England
2021-11-23 13:00:00,11,13,293.0,North East England
2021-11-23 14:00:00,11,14,312.0,North East England
2021-11-23 15:00:00,11,15,326.0,North East England
2021-11-23 16:00:00,11,16,286.0,North East England
2021-11-23 17:00:00,11,17,280.5,North East England
2021-11-23 18:00:00,11,18,285.0,North East England
2021-11-23 19:00:00,11,19,281.0,North East England
2021-11-23 20:00:00,11,20,306.0,North East England
2021-11-23 21:00:00,11,21,346.5,North East England
2021-11-23 22:00:00,11,22,349.5,North East England
2021-11-23 23:00:00,11,23,339.5,North East England
2021-11-24 00:00:00,11,0,339.5,North East England
2021-11-24 01:00:00,11,1,336.0,North East England
2021-11-24 02:00:00,11,2,330.0,North East England
2021-11-24 03:00:00,11,3,323.5,North East England
2021-11-24 04:00:00,11,4,319.0,North East England
2021-11-24 05:00:00,11,5,325.5,North East England
2021-11-24 06:00:00,11,6,332.5,North East England
2021-11-24 07:00:00,11,7,334.5,North East England
2021-11-24 08:00:00,11,8,334.5,North East England
2021-11-24 09:00:00,11,9,338.0,North East England
2021-11-24 10:00:00,11,10,329.5,North East England
2021-11-24 11:00:00,11,11,332.0,North East England
2021-11-24 12:00:00,11,12,329.5,North East England
2021-11-24 13:00:00,11,13,328.5,North East England
2021-11-24 14:00:00,11,14,338.0,North East England
2021-11-24 15:00:00,11,15,344.0,North East England
2021-11-24 16:00:00,11,16,294.5,North East England
2021-11-24 17:00:00,11,17,315.5,North East England
2021-11-24 18:00:00,11,18,341.5,North East England
2021-11-24 19:00:00,11,19,339.0,North East England
2021-11-24 20:00:00,11,20,350.5,North East England
2021-11-24 21:00:00,11,21,342.5,North East England
2021-11-24 22:00:00,11,22,307.5,North East England
2021-11-24 23:00:00,11,23,282.5,North East England
2021-11-25 00:00:00,11,0,257.5,North East England
2021-11-25 01:00:00,11,1,250.0,North East England
2021-11-25 02:00:00,11,2,223.5,North East England
2021-11-25 03:00:00,11,3,227.0,North East England
2021-11-25 04:00:00,11,4,212.5,North East England
2021-11-25 05:00:00,11,5,213.5,North East England
2021-11-25 06:00:00,11,6,225.5,North East England
2021-11-25 07:00:00,11,7,226.0,North East England
2021-11-25 08:00:00,11,8,228.0,North East England
2021-11-25 09:00:00,11,9,222.5,North East England
2021-11-25 10:00:00,11,10,212.5,North East England
2021-11-25 11:00:00,11,11,210.0,North East England
2021-11-25 12:00:00,11,12,211.5,North East England
2021-11-25 13:00:00,11,13,211.0,North East England
2021-11-25 14:00:00,11,14,222.5,North East England
2021-11-25 15:00:00,11,15,209.0,North East England
2021-11-25 16:00:00,11,16,197.5,North East England
2021-11-25 17:00:00,11,17,201.5,North East England
2021-11-25 18:00:00,11,18,211.0,North East England
2021-11-25 19:00:00,11,19,213.5,North East England
2021-11-25 20:00:00,11,20,228.0,North East England
2021-11-25 21:00:00,11,21,237.0,North East England
2021-11-25 22:00:00,11,22,227.0,North East England
2021-11-25 23:00:00,11,23,207.5,North East England
2021-11-26 00:00:00,11,0,181.5,North East England
2021-11-26 01:00:00,11,1,171.5,North East England
2021-11-26 02:00:00,11,2,165.0,North East England
2021-11-26 03:00:00,11,3,150.0,North East England
2021-11-26 04:00:00,11,4,122.0,North East England
2021-11-26 05:00:00,11,5,117.5,North East England
2021-11-26 06:00:00,11,6,154.0,North East England
2021-11-26 07:00:00,11,7,186.0,North East England
2021-11-26 08:00:00,11,8,193.5,North East England
2021-11-26 09:00:00,11,9,196.5,North East England
2021-11-26 10:00:00,11,10,191.0,North East England
2021-11-26 11:00:00,11,11,187.5,North East England
2021-11-26 12:00:00,11,12,190.0,North East England
2021-11-26 13:00:00,11,13,190.0,North East England
2021-11-26 14:00:00,11,14,199.0,North East England
2021-11-26 15:00:00,11,15,205.5,North East England
2021-11-26 16:00:00,11,16,209.0,North East England
2021-11-26 17:00:00,11,17,206.5,North East England
2021-11-26 18:00:00,11,18,194.0,North East England
2021-11-26 19:00:00,11,19,181.0,North East England
2021-11-26 20:00:00,11,20,166.5,North East England
2021-11-26 21:00:00,11,21,170.5,North East England
2021-11-26 22:00:00,11,22,192.5,North East England
2021-11-26 23:00:00,11,23,173.0,North East England
2021-11-27 00:00:00,11,0,168.5,North East England
2021-11-27 01:00:00,11,1,173.5,North East England
2021-11-27 02:00:00,11,2,189.5,North East England
2021-11-27 03:00:00,11,3,206.5,North East England
2021-11-27 04:00:00,11,4,189.5,North East England
2021-11-27 05:00:00,11,5,175.0,North East England
2021-11-27 06:00:00,11,6,162.5,North East England
2021-11-27 07:00:00,11,7,178.5,North East England
2021-11-27 08:00:00,11,8,196.5,North East England
2021-11-27 09:00:00,11,9,201.0,North East England
2021-11-27 10:00:00,11,10,200.5,North East England
2021-11-27 11:00:00,11,11,191.5,North East England
2021-11-27 12:00:00,11,12,174.5,North East England
2021-11-27 13:00:00,11,13,178.0,North East England
2021-11-27 14:00:00,11,14,175.5,North East England
2021-11-27 15:00:00,11,15,183.0,North East England
2021-11-27 16:00:00,11,16,190.0,North East England
2021-11-27 17:00:00,11,17,194.0,North East England
2021-11-27 18:00:00,11,18,191.5,North East England
2021-11-27 19:00:00,11,19,189.5,North East England
2021-11-27 20:00:00,11,20,180.5,North East England
2021-11-27 21:00:00,11,21,161.5,North East England
2021-11-27 22:00:00,11,22,156.0,North East England
2021-11-27 23:00:00,11,23,150.5,North East England
2021-11-28 00:00:00,11,0,143.5,North East England
2021-11-28 01:00:00,11,1,143.5,North East England
2021-11-28 02:00:00,11,2,134.0,North East England
2021-11-28 03:00:00,11,3,131.0,North East England
2021-11-28 04:00:00,11,4,130.5,North East England
2021-11-28 05:00:00,11,5,133.5,North East England
2021-11-28 06:00:00,11,6,138.5,North East England
2021-11-28 07:00:00,11,7,177.5,North East England
2021-11-28 08:00:00,11,8,168.5,North East England
2021-11-28 09:00:00,11,9,163.0,North East England
2021-11-28 10:00:00,11,10,161.0,North East England
2021-11-28 11:00:00,11,11,166.5,North East England
2021-11-28 12:00:00,11,12,168.0,North East England
2021-11-28 13:00:00,11,13,170.5,North East England
2021-11-28 14:00:00,11,14,194.0,North East England
2021-11-28 15:00:00,11,15,210.5,North East England
2021-11-28 16:00:00,11,16,216.5,North East England
2021-11-28 17:00:00,11,17,217.5,North East England
2021-11-28 18:00:00,11,18,212.5,North East England
2021-11-28 19:00:00,11,19,216.5,North East England
2021-11-28 20:00:00,11,20,220.0,North East England
2021-11-28 21:00:00,11,21,225.5,North East England
2021-11-28 22:00:00,11,22,228.0,North East England
2021-11-28 23:00:00,11,23,211.5,North East England
2021-11-29 00:00:00,11,0,203.5,North East England
2021-11-29 01:00:00,11,1,203.0,North East England
2021-11-29 02:00:00,11,2,213.5,North East England
2021-11-29 03:00:00,11,3,207.0,North East England
2021-11-29 04:00:00,11,4,203.0,North East England
2021-11-29 05:00:00,11,5,204.0,North East England
2021-11-29 06:00:00,11,6,219.5,North East England
2021-11-29 07:00:00,11,7,234.5,North East England
2021-11-29 08:00:00,11,8,232.0,North East England
2021-11-29 09:00:00,11,9,229.5,North East England
2021-11-29 10:00:00,11,10,239.0,North East England
2021-11-29 11:00:00,11,11,250.5,North East England
2021-11-29 12:00:00,11,12,272.5,North East England
2021-11-29 13:00:00,11,13,286.0,North East England
2021-11-29 14:00:00,11,14,297.5,North East England
2021-11-29 15:00:00,11,15,294.5,North East England
2021-11-29 16:00:00,11,16,283.5,North East England
2021-11-29 17:00:00,11,17,264.5,North East England
2021-11-29 18:00:00,11,18,260.0,North East England
2021-11-29 19:00:00,11,19,252.5,North East England
2021-11-29 20:00:00,11,20,231.5,North East England
2021-11-29 21:00:00,11,21,196.5,North East England
2021-11-29 22:00:00,11,22,175.5,North East England
2021-11-29 23:00:00,11,23,149.5,North East England
2021-11-30 00:00:00,11,0,143.0,North East England
2021-11-30 01:00:00,11,1,139.5,North East England
2021-11-30 02:00:00,11,2,122.5,North East England
2021-11-30 03:00:00,11,3,114.5,North East England
2021-11-30 04:00:00,11,4,114.5,North East England
2021-11-30 05:00:00,11,5,119.5,North East England
2021-11-30 06:00:00,11,6,153.0,North East England
2021-11-30 07:00:00,11,7,196.0,North East England
2021-11-30 08:00:00,11,8,206.5,North East England
2021-11-30 09:00:00,11,9,209.0,North East England
2021-11-30 10:00:00,11,10,211.5,North East England
2021-11-30 11:00:00,11,11,210.5,North East England
2021-11-30 12:00:00,11,12,213.5,North East England
2021-11-30 13:00:00,11,13,223.0,North East England
2021-11-30 14:00:00,11,14,223.5,North East England
2021-11-30 15:00:00,11,15,228.5,North East England
2021-11-30 16:00:00,11,16,233.5,North East England
2021-11-30 17:00:00,11,17,230.5,North East England
2021-11-30 18:00:00,11,18,220.0,North East England
2021-11-30 19:00:00,11,19,208.5,North East England
2021-11-30 20:00:00,11,20,193.5,North East England
2021-11-30 21:00:00,11,21,162.5,North East England
2021-11-30 22:00:00,11,22,150.0,North East England
2021-11-30 23:00:00,11,23,121.0,North East England
2021-12-01 00:00:00,12,0,119.0,North East England
2021-12-01 01:00:00,12,1,112.5,North East England
2021-12-01 02:00:00,12,2,83.0,North East England
2021-12-01 03:00:00,12,3,87.0,North East England
2021-12-01 04:00:00,12,4,86.0,North East England
2021-12-01 05:00:00,12,5,99.0,North East England
2021-12-01 06:00:00,12,6,147.5,North East England
2021-12-01 07:00:00,12,7,184.0,North East England
2021-12-01 08:00:00,12,8,188.0,North East England
2021-12-01 09:00:00,12,9,183.5,North East England
2021-12-01 10:00:00,12,10,177.5,North East England
2021-12-01 11:00:00,12,11,181.5,North East England
2021-12-01 12:00:00,12,12,189.0,North East England
2021-12-01 13:00:00,12,13,188.0,North East England
2021-12-01 14:00:00,12,14,193.0,North East England
2021-12-01 15:00:00,12,15,208.5,North East England
2021-12-01 16:00:00,12,16,221.0,North East England
2021-12-01 17:00:00,12,17,225.5,North East England
2021-12-01 18:00:00,12,18,220.5,North East England
2021-12-01 19:00:00,12,19,209.5,North East England
2021-12-01 20:00:00,12,20,203.0,North East England
2021-12-01 21:00:00,12,21,189.0,North East England
2021-12-01 22:00:00,12,22,185.0,North East England
2021-12-01 23:00:00,12,23,163.5,North East England
2021-12-02 00:00:00,12,0,150.0,North East England
2021-12-02 01:00:00,12,1,148.0,North East England
2021-12-02 02:00:00,12,2,135.5,North East England
2021-12-02 03:00:00,12,3,126.5,North East England
2021-12-02 04:00:00,12,4,127.0,North East England
2021-12-02 05:00:00,12,5,140.0,North East England
2021-12-02 06:00:00,12,6,171.5,North East England
2021-12-02 07:00:00,12,7,196.0,North East England
2021-12-02 08:00:00,12,8,204.5,North East England
2021-12-02 09:00:00,12,9,203.5,North East England
2021-12-02 10:00:00,12,10,205.5,North East England
2021-12-02 11:00:00,12,11,205.0,North East England
2021-12-02 12:00:00,12,12,201.0,North East England
2021-12-02 13:00:00,12,13,207.5,North East England
2021-12-02 14:00:00,12,14,211.0,North East England
2021-12-02 15:00:00,12,15,214.0,North East England
2021-12-02 16:00:00,12,16,207.0,North East England
2021-12-02 17:00:00,12,17,206.5,North East England
2021-12-02 18:00:00,12,18,206.0,North East England
2021-12-02 19:00:00,12,19,213.0,North East England
2021-12-02 20:00:00,12,20,231.5,North East England
2021-12-02 21:00:00,12,21,262.0,North East England
2021-12-02 22:00:00,12,22,270.5,North East England
2021-12-02 23:00:00,12,23,268.5,North East England
2021-12-03 00:00:00,12,0,261.0,North East England
2021-12-03 01:00:00,12,1,249.0,North East England
2021-12-03 02:00:00,12,2,225.0,North East England
2021-12-03 03:00:00,12,3,193.5,North East England
2021-12-03 04:00:00,12,4,180.0,North East England
2021-12-03 05:00:00,12,5,179.5,North East England
2021-12-03 06:00:00,12,6,185.0,North East England
2021-12-03 07:00:00,12,7,205.5,North East England
2021-12-03 08:00:00,12,8,214.5,North East England
2021-12-03 09:00:00,12,9,206.5,North East England
2021-12-03 10:00:00,12,10,187.5,North East England
2021-12-03 11:00:00,12,11,179.5,North East England
2021-12-03 12:00:00,12,12,191.5,North East England
2021-12-03 13:00:00,12,13,232.0,North East England
2021-12-03 14:00:00,12,14,260.5,North East England
2021-12-03 15:00:00,12,15,259.0,North East England
2021-12-03 16:00:00,12,16,262.0,North East England
2021-12-03 17:00:00,12,17,265.5,North East England
2021-12-03 18:00:00,12,18,264.0,North East England
2021-12-03 19:00:00,12,19,276.0,North East England
2021-12-03 20:00:00,12,20,303.0,North East England
2021-12-03 21:00:00,12,21,321.5,North East England
2021-12-03 22:00:00,12,22,310.5,North East England
2021-12-03 23:00:00,12,23,284.0,North East England
2021-12-04 00:00:00,12,0,276.5,North East England
2021-12-04 01:00:00,12,1,262.5,North East England
2021-12-04 02:00:00,12,2,259.5,North East England
2021-12-04 03:00:00,12,3,254.5,North East England
2021-12-04 04:00:00,12,4,240.5,North East England
2021-12-04 05:00:00,12,5,218.0,North East England
2021-12-04 06:00:00,12,6,219.0,North East England
2021-12-04 07:00:00,12,7,192.5,North East England
2021-12-04 08:00:00,12,8,180.5,North East England
2021-12-04 09:00:00,12,9,179.0,North East England
2021-12-04 10:00:00,12,10,161.5,North East England
2021-12-04 11:00:00,12,11,140.5,North East England
2021-12-04 12:00:00,12,12,135.0,North East England
2021-12-04 13:00:00,12,13,146.5,North East England
2021-12-04 14:00:00,12,14,135.5,North East England
2021-12-04 15:00:00,12,15,147.5,North East England
2021-12-04 16:00:00,12,16,167.0,North East England
2021-12-04 17:00:00,12,17,184.0,North East England
2021-12-04 18:00:00,12,18,184.0,North East England
2021-12-04 19:00:00,12,19,176.0,North East England
2021-12-04 20:00:00,12,20,171.0,North East England
2021-12-04 21:00:00,12,21,176.5,North East England
2021-12-04 22:00:00,12,22,168.5,North East England
2021-12-04 23:00:00,12,23,150.0,North East England
2021-12-05 00:00:00,12,0,154.0,North East England
2021-12-05 01:00:00,12,1,156.5,North East England
2021-12-05 02:00:00,12,2,153.5,North East England
2021-12-05 03:00:00,12,3,152.0,North East England
2021-12-05 04:00:00,12,4,140.0,North East England
2021-12-05 05:00:00,12,5,138.0,North East England
2021-12-05 06:00:00,12,6,127.5,North East England
2021-12-05 07:00:00,12,7,132.0,North East England
2021-12-05 08:00:00,12,8,154.5,North East England
2021-12-05 09:00:00,12,9,164.5,North East England
2021-12-05 10:00:00,12,10,170.0,North East England
2021-12-05 11:00:00,12,11,169.5,North East England
2021-12-05 12:00:00,12,12,159.0,North East England
2021-12-05 13:00:00,12,13,170.0,North East England
2021-12-05 14:00:00,12,14,177.0,North East England
2021-12-05 15:00:00,12,15,194.5,North East England
2021-12-05 16:00:00,12,16,198.5,North East England
2021-12-05 17:00:00,12,17,197.0,North East England
2021-12-05 18:00:00,12,18,196.0,North East England
2021-12-05 19:00:00,12,19,195.5,North East England
2021-12-05 20:00:00,12,20,207.5,North East England
2021-12-05 21:00:00,12,21,216.5,North East England
2021-12-05 22:00:00,12,22,232.5,North East England
2021-12-05 23:00:00,12,23,231.0,North East England
2021-12-06 00:00:00,12,0,247.5,North East England
2021-12-06 01:00:00,12,1,264.0,North East England
2021-12-06 02:00:00,12,2,264.0,North East England
2021-12-06 03:00:00,12,3,289.0,North East England
2021-12-06 04:00:00,12,4,286.5,North East England
2021-12-06 05:00:00,12,5,298.5,North East England
2021-12-06 06:00:00,12,6,309.0,North East England
2021-12-06 07:00:00,12,7,321.0,North East England
2021-12-06 08:00:00,12,8,322.0,North East England
2021-12-06 09:00:00,12,9,308.5,North East England
2021-12-06 10:00:00,12,10,273.0,North East England
2021-12-06 11:00:00,12,11,255.5,North East England
2021-12-06 12:00:00,12,12,238.5,North East England
2021-12-06 13:00:00,12,13,223.5,North East England
2021-12-06 14:00:00,12,14,221.0,North East England
2021-12-06 15:00:00,12,15,213.5,North East England
2021-12-06 16:00:00,12,16,194.0,North East England
2021-12-06 17:00:00,12,17,203.0,North East England
2021-12-06 18:00:00,12,18,207.5,North East England
2021-12-06 19:00:00,12,19,204.5,North East England
2021-12-06 20:00:00,12,20,188.0,North East England
2021-12-06 21:00:00,12,21,165.5,North East England
2021-12-06 22:00:00,12,22,144.0,North East England
2021-12-06 23:00:00,12,23,159.5,North East England
2021-12-07 00:00:00,12,0,167.0,North East England
2021-12-07 01:00:00,12,1,179.5,North East England
2021-12-07 02:00:00,12,2,173.0,North East England
2021-12-07 03:00:00,12,3,184.5,North East England
2021-12-07 04:00:00,12,4,193.5,North East England
2021-12-07 05:00:00,12,5,242.0,North East England
2021-12-07 06:00:00,12,6,275.5,North East England
2021-12-07 07:00:00,12,7,304.0,North East England
2021-12-07 08:00:00,12,8,313.5,North East England
2021-12-07 09:00:00,12,9,285.0,North East England
2021-12-07 10:00:00,12,10,230.5,North East England
2021-12-07 11:00:00,12,11,205.5,North East England
2021-12-07 12:00:00,12,12,211.5,North East England
2021-12-07 13:00:00,12,13,218.0,North East England
2021-12-07 14:00:00,12,14,215.5,North East England
2021-12-07 15:00:00,12,15,217.5,North East England
2021-12-07 16:00:00,12,16,204.5,North East England
2021-12-07 17:00:00,12,17,211.0,North East England
2021-12-07 18:00:00,12,18,206.5,North East England
2021-12-07 19:00:00,12,19,204.0,North East England
2021-12-07 20:00:00,12,20,183.0,North East England
2021-12-07 21:00:00,12,21,151.5,North East England
2021-12-07 22:00:00,12,22,136.0,North East England
2021-12-07 23:00:00,12,23,117.0,North East England
2021-12-08 00:00:00,12,0,114.0,North East England
2021-12-08 01:00:00,12,1,114.0,North East England
2021-12-08 02:00:00,12,2,111.5,North East England
2021-12-08 03:00:00,12,3,117.5,North East England
2021-12-08 04:00:00,12,4,117.5,North East England
2021-12-08 05:00:00,12,5,131.5,North East England
2021-12-08 06:00:00,12,6,147.0,North East England
2021-12-08 07:00:00,12,7,174.5,North East England
2021-12-08 08:00:00,12,8,181.5,North East England
2021-12-08 09:00:00,12,9,188.5,North East England
2021-12-08 10:00:00,12,10,185.5,North East England
2021-12-08 11:00:00,12,11,185.0,North East England
2021-12-08 12:00:00,12,12,189.0,North East England
2021-12-08 13:00:00,12,13,192.5,North East England
2021-12-08 14:00:00,12,14,202.5,North East England
2021-12-08 15:00:00,12,15,205.0,North East England
2021-12-08 16:00:00,12,16,194.5,North East England
2021-12-08 17:00:00,12,17,218.5,North East England
2021-12-08 18:00:00,12,18,220.5,North East England
2021-12-08 19:00:00,12,19,217.0,North East England
2021-12-08 20:00:00,12,20,206.0,North East England
2021-12-08 21:00:00,12,21,177.0,North East England
2021-12-08 22:00:00,12,22,157.0,North East England
2021-12-08 23:00:00,12,23,143.5,North East England
2021-12-09 00:00:00,12,0,142.5,North East England
2021-12-09 01:00:00,12,1,147.0,North East England
2021-12-09 02:00:00,12,2,143.0,North East England
2021-12-09 03:00:00,12,3,145.5,North East England
2021-12-09 04:00:00,12,4,144.5,North East England
2021-12-09 05:00:00,12,5,173.0,North East England
2021-12-09 06:00:00,12,6,207.5,North East England
2021-12-09 07:00:00,12,7,238.0,North East England
2021-12-09 08:00:00,12,8,236.5,North East England
2021-12-09 09:00:00,12,9,236.0,North East England
2021-12-09 10:00:00,12,10,235.5,North East England
2021-12-09 11:00:00,12,11,244.0,North East England
2021-12-09 12:00:00,12,12,254.0,North East England
2021-12-09 13:00:00,12,13,266.5,North East England
2021-12-09 14:00:00,12,14,285.0,North East England
2021-12-09 15:00:00,12,15,291.0,North East England
2021-12-09 16:00:00,12,16,289.0,North East England
2021-12-09 17:00:00,12,17,287.0,North East England
2021-12-09 18:00:00,12,18,280.0,North East England
2021-12-09 19:00:00,12,19,238.0,North East England
2021-12-09 20:00:00,12,20,196.5,North East England
2021-12-09 21:00:00,12,21,171.5,North East England
2021-12-09 22:00:00,12,22,145.0,North East England
2021-12-09 23:00:00,12,23,134.0,North East England
2021-12-10 00:00:00,12,0,128.5,North East England
2021-12-10 01:00:00,12,1,130.5,North East England
2021-12-10 02:00:00,12,2,136.0,North East England
2021-12-10 03:00:00,12,3,140.5,North East England
2021-12-10 04:00:00,12,4,129.5,North East England
2021-12-10 05:00:00,12,5,116.5,North East England
2021-12-10 06:00:00,12,6,162.5,North East England
2021-12-10 07:00:00,12,7,196.5,North East England
2021-12-10 08:00:00,12,8,199.5,North East England
2021-12-10 09:00:00,12,9,198.5,North East England
2021-12-10 10:00:00,12,10,192.5,North East England
2021-12-10 11:00:00,12,11,190.0,North East England
2021-12-10 12:00:00,12,12,188.5,North East England
2021-12-10 13:00:00,12,13,188.0,North East England
2021-12-10 14:00:00,12,14,199.0,North East England
2021-12-10 15:00:00,12,15,207.0,North East England
2021-12-10 16:00:00,12,16,206.5,North East England
2021-12-10 17:00:00,12,17,204.5,North East England
2021-12-10 18:00:00,12,18,207.5,North East England
2021-12-10 19:00:00,12,19,202.5,North East England
2021-12-10 20:00:00,12,20,195.5,North East England
2021-12-10 21:00:00,12,21,185.0,North East England
2021-12-10 22:00:00,12,22,174.0,North East England
2021-12-10 23:00:00,12,23,161.0,North East England
2021-12-11 00:00:00,12,0,154.0,North East England
2021-12-11 01:00:00,12,1,153.5,North East England
2021-12-11 02:00:00,12,2,175.5,North East England
2021-12-11 03:00:00,12,3,184.0,North East England
2021-12-11 04:00:00,12,4,193.0,North East England
2021-12-11 05:00:00,12,5,197.5,North East England
2021-12-11 06:00:00,12,6,209.5,North East England
2021-12-11 07:00:00,12,7,262.0,North East England
2021-12-11 08:00:00,12,8,250.5,North East England
2021-12-11 09:00:00,12,9,255.5,North East England
2021-12-11 10:00:00,12,10,273.0,North East England
2021-12-11 11:00:00,12,11,268.0,North East England
2021-12-11 12:00:00,12,12,266.0,North East England
2021-12-11 13:00:00,12,13,276.5,North East England
2021-12-11 14:00:00,12,14,260.0,North East England
2021-12-11 15:00:00,12,15,268.0,North East England
2021-12-11 16:00:00,12,16,251.5,North East England
2021-12-11 17:00:00,12,17,230.0,North East England
2021-12-11 18:00:00,12,18,205.0,North East England
2021-12-11 19:00:00,12,19,190.5,North East England
2021-12-11 20:00:00,12,20,154.5,North East England
2021-12-11 21:00:00,12,21,142.5,North East England
2021-12-11 22:00:00,12,22,139.0,North East England
2021-12-11 23:00:00,12,23,116.0,North East England
2021-12-12 00:00:00,12,0,107.5,North East England
2021-12-12 01:00:00,12,1,124.5,North East England
2021-12-12 02:00:00,12,2,130.0,North East England
2021-12-12 03:00:00,12,3,124.5,North East England
2021-12-12 04:00:00,12,4,117.5,North East England
2021-12-12 05:00:00,12,5,121.5,North East England
2021-12-12 06:00:00,12,6,130.0,North East England
2021-12-12 07:00:00,12,7,157.5,North East England
2021-12-12 08:00:00,12,8,171.5,North East England
2021-12-12 09:00:00,12,9,163.5,North East England
2021-12-12 10:00:00,12,10,169.5,North East England
2021-12-12 11:00:00,12,11,167.0,North East England
2021-12-12 12:00:00,12,12,156.5,North East England
2021-12-12 13:00:00,12,13,159.5,North East England
2021-12-12 14:00:00,12,14,181.0,North East England
2021-12-12 15:00:00,12,15,181.0,North East England
2021-12-12 16:00:00,12,16,197.0,North East England
2021-12-12 17:00:00,12,17,198.0,North East England
2021-12-12 18:00:00,12,18,207.0,North East England
2021-12-12 19:00:00,12,19,187.5,North East England
2021-12-12 20:00:00,12,20,172.0,North East England
2021-12-12 21:00:00,12,21,145.5,North East England
2021-12-12 22:00:00,12,22,152.0,North East England
2021-12-12 23:00:00,12,23,127.0,North East England
2021-12-13 00:00:00,12,0,119.0,North East England
2021-12-13 01:00:00,12,1,122.5,North East England
2021-12-13 02:00:00,12,2,119.0,North East England
2021-12-13 03:00:00,12,3,119.5,North East England
2021-12-13 04:00:00,12,4,133.0,North East England
2021-12-13 05:00:00,12,5,148.0,North East England
2021-12-13 06:00:00,12,6,198.0,North East England
2021-12-13 07:00:00,12,7,235.5,North East England
2021-12-13 08:00:00,12,8,252.0,North East England
2021-12-13 09:00:00,12,9,264.5,North East England
2021-12-13 10:00:00,12,10,267.5,North East England
2021-12-13 11:00:00,12,11,262.5,North East England
2021-12-13 12:00:00,12,12,265.0,North East England
2021-12-13 13:00:00,12,13,264.5,North East England
2021-12-13 14:00:00,12,14,264.5,North East England
2021-12-13 15:00:00,12,15,257.5,North East England
2021-12-13 16:00:00,12,16,242.0,North East England
2021-12-13 17:00:00,12,17,226.0,North East England
2021-12-13 18:00:00,12,18,219.5,North East England
2021-12-13 19:00:00,12,19,237.0,North East England
2021-12-13 20:00:00,12,20,245.5,North East England
2021-12-13 21:00:00,12,21,240.0,North East England
2021-12-13 22:00:00,12,22,227.0,North East England
2021-12-13 23:00:00,12,23,233.0,North East England
2021-12-14 00:00:00,12,0,237.5,North East England
2021-12-14 01:00:00,12,1,230.0,North East England
2021-12-14 02:00:00,12,2,226.5,North East England
2021-12-14 03:00:00,12,3,235.5,North East England
2021-12-14 04:00:00,12,4,247.0,North East England
2021-12-14 05:00:00,12,5,258.0,North East England
2021-12-14 06:00:00,12,6,271.5,North East England
2021-12-14 07:00:00,12,7,296.0,North East England
2021-12-14 08:00:00,12,8,302.0,North East England
2021-12-14 09:00:00,12,9,294.5,North East England
2021-12-14 10:00:00,12,10,276.5,North East England
2021-12-14 11:00:00,12,11,269.5,North East England
2021-12-14 12:00:00,12,12,275.0,North East England
2021-12-14 13:00:00,12,13,275.0,North East England
2021-12-14 14:00:00,12,14,273.5,North East England
2021-12-14 15:00:00,12,15,265.5,North East England
2021-12-14 16:00:00,12,16,260.5,North East England
2021-12-14 17:00:00,12,17,263.0,North East England
2021-12-14 18:00:00,12,18,252.5,North East England
2021-12-14 19:00:00,12,19,236.5,North East England
2021-12-14 20:00:00,12,20,226.0,North East England
2021-12-14 21:00:00,12,21,212.5,North East England
2021-12-14 22:00:00,12,22,197.5,North East England
2021-12-14 23:00:00,12,23,170.5,North East England
2021-12-15 00:00:00,12,0,175.0,North East England
2021-12-15 01:00:00,12,1,169.0,North East England
2021-12-15 02:00:00,12,2,168.5,North East England
2021-12-15 03:00:00,12,3,173.0,North East England
2021-12-15 04:00:00,12,4,161.0,North East England
2021-12-15 05:00:00,12,5,190.0,North East England
2021-12-15 06:00:00,12,6,220.0,North East England
2021-12-15 07:00:00,12,7,256.5,North East England
2021-12-15 08:00:00,12,8,277.0,North East England
2021-12-15 09:00:00,12,9,282.0,North East England
2021-12-15 10:00:00,12,10,292.5,North East England
2021-12-15 11:00:00,12,11,289.5,North East England
2021-12-15 12:00:00,12,12,271.0,North East England
2021-12-15 13:00:00,12,13,262.5,North East England
2021-12-15 14:00:00,12,14,255.5,North East England
2021-12-15 15:00:00,12,15,253.5,North East England
2021-12-15 16:00:00,12,16,236.5,North East England
2021-12-15 17:00:00,12,17,238.5,North East England
2021-12-15 18:00:00,12,18,245.5,North East England
2021-12-15 19:00:00,12,19,262.0,North East England
2021-12-15 20:00:00,12,20,256.0,North East England
2021-12-15 21:00:00,12,21,258.5,North East England
2021-12-15 22:00:00,12,22,265.5,North East England
2021-12-15 23:00:00,12,23,262.0,North East England
2021-12-16 00:00:00,12,0,261.5,North East England
2021-12-16 01:00:00,12,1,256.5,North East England
2021-12-16 02:00:00,12,2,258.0,North East England
2021-12-16 03:00:00,12,3,275.0,North East England
2021-12-16 04:00:00,12,4,300.5,North East England
2021-12-16 05:00:00,12,5,326.0,North East England
2021-12-16 06:00:00,12,6,344.5,North East England
2021-12-16 07:00:00,12,7,350.0,North East England
2021-12-16 08:00:00,12,8,346.0,North East England
2021-12-16 09:00:00,12,9,329.0,North East England
2021-12-16 10:00:00,12,10,343.0,North East England
2021-12-16 11:00:00,12,11,333.5,North East England
2021-12-16 12:00:00,12,12,317.0,North East England
2021-12-16 13:00:00,12,13,270.5,North East England
2021-12-16 14:00:00,12,14,276.5,North East England
2021-12-16 15:00:00,12,15,263.5,North East England
2021-12-16 16:00:00,12,16,274.5,North East England
2021-12-16 17:00:00,12,17,268.5,North East England
2021-12-16 18:00:00,12,18,276.0,North East England
2021-12-16 19:00:00,12,19,278.0,North East England
2021-12-16 20:00:00,12,20,266.0,North East England
2021-12-16 21:00:00,12,21,269.0,North East England
2021-12-16 22:00:00,12,22,310.0,North East England
2021-12-16 23:00:00,12,23,300.0,North East England
2021-12-17 00:00:00,12,0,291.5,North East England
2021-12-17 01:00:00,12,1,288.0,North East England
2021-12-17 02:00:00,12,2,287.5,North East England
2021-12-17 03:00:00,12,3,287.5,North East England
2021-12-17 04:00:00,12,4,319.0,North East England
2021-12-17 05:00:00,12,5,335.0,North East England
2021-12-17 06:00:00,12,6,345.5,North East England
2021-12-17 07:00:00,12,7,339.0,North East England
2021-12-17 08:00:00,12,8,280.5,North East England
2021-12-17 09:00:00,12,9,275.5,North East England
2021-12-17 10:00:00,12,10,265.0,North East England
2021-12-17 11:00:00,12,11,267.5,North East England
2021-12-17 12:00:00,12,12,248.0,North East England
2021-12-17 13:00:00,12,13,250.0,North East England
2021-12-17 14:00:00,12,14,259.5,North East England
2021-12-17 15:00:00,12,15,253.0,North East England
2021-12-17 16:00:00,12,16,250.5,North East England
2021-12-17 17:00:00,12,17,248.5,North East England
2021-12-17 18:00:00,12,18,238.5,North East England
2021-12-17 19:00:00,12,19,236.5,North East England
2021-12-17 20:00:00,12,20,230.0,North East England
2021-12-17 21:00:00,12,21,257.5,North East England
2021-12-17 22:00:00,12,22,272.0,North East England
2021-12-17 23:00:00,12,23,189.7,North East England
2021-12-18 00:00:00,12,0,159.0,North East England
2021-12-18 01:00:00,12,1,151.0,North East England
2021-12-18 02:00:00,12,2,155.5,North East England
2021-12-18 03:00:00,12,3,163.0,North East England
2021-12-18 04:00:00,12,4,180.0,North East England
2021-12-18 05:00:00,12,5,197.0,North East England
2021-12-18 06:00:00,12,6,202.5,North East England
2021-12-18 07:00:00,12,7,271.5,North East England
2021-12-18 08:00:00,12,8,250.0,North East England
2021-12-18 09:00:00,12,9,238.0,North East England
2021-12-18 10:00:00,12,10,249.0,North East England
2021-12-18 11:00:00,12,11,237.0,North East England
2021-12-18 12:00:00,12,12,259.0,North East England
2021-12-18 13:00:00,12,13,261.0,North East England
2021-12-18 14:00:00,12,14,285.0,North East England
2021-12-18 15:00:00,12,15,264.5,North East England
2021-12-18 16:00:00,12,16,264.5,North East England
2021-12-18 17:00:00,12,17,261.5,North East England
2021-12-18 18:00:00,12,18,263.0,North East England
2021-12-18 19:00:00,12,19,259.0,North East England
2021-12-18 20:00:00,12,20,254.5,North East England
2021-12-18 21:00:00,12,21,268.5,North East England
2021-12-18 22:00:00,12,22,255.0,North East England
2021-12-18 23:00:00,12,23,229.5,North East England
2021-12-19 00:00:00,12,0,212.5,North East England
2021-12-19 01:00:00,12,1,203.0,North East England
2021-12-19 02:00:00,12,2,203.5,North East England
2021-12-19 03:00:00,12,3,226.5,North East England
2021-12-19 04:00:00,12,4,226.0,North East England
2021-12-19 05:00:00,12,5,238.5,North East England
2021-12-19 06:00:00,12,6,261.5,North East England
2021-12-19 07:00:00,12,7,271.5,North East England
2021-12-19 08:00:00,12,8,262.0,North East England
2021-12-19 09:00:00,12,9,257.5,North East England
2021-12-19 10:00:00,12,10,265.0,North East England
2021-12-19 11:00:00,12,11,274.0,North East England
2021-12-19 12:00:00,12,12,243.5,North East England
2021-12-19 13:00:00,12,13,244.0,North East England
2021-12-19 14:00:00,12,14,249.5,North East England
2021-12-19 15:00:00,12,15,261.0,North East England
2021-12-19 16:00:00,12,16,240.5,North East England
2021-12-19 17:00:00,12,17,243.0,North East England
2021-12-19 18:00:00,12,18,264.5,North East England
2021-12-19 19:00:00,12,19,278.5,North East England
2021-12-19 20:00:00,12,20,252.0,North East England
2021-12-19 21:00:00,12,21,243.5,North East England
2021-12-19 22:00:00,12,22,264.0,North East England
2021-12-19 23:00:00,12,23,267.0,North East England
2021-12-20 00:00:00,12,0,270.5,North East England
2021-12-20 01:00:00,12,1,254.5,North East England
2021-12-20 02:00:00,12,2,250.0,North East England
2021-12-20 03:00:00,12,3,255.5,North East England
2021-12-20 04:00:00,12,4,259.0,North East England
2021-12-20 05:00:00,12,5,277.5,North East England
2021-12-20 06:00:00,12,6,299.5,North East England
2021-12-20 07:00:00,12,7,310.0,North East England
2021-12-20 08:00:00,12,8,297.0,North East England
2021-12-20 09:00:00,12,9,302.5,North East England
2021-12-20 10:00:00,12,10,309.0,North East England
2021-12-20 11:00:00,12,11,316.5,North East England
2021-12-20 12:00:00,12,12,322.0,North East England
2021-12-20 13:00:00,12,13,306.5,North East England
2021-12-20 14:00:00,12,14,304.0,North East England
2021-12-20 15:00:00,12,15,319.5,North East England
2021-12-20 16:00:00,12,16,306.0,North East England
2021-12-20 17:00:00,12,17,284.0,North East England
2021-12-20 18:00:00,12,18,288.0,North East England
2021-12-20 19:00:00,12,19,308.0,North East England
2021-12-20 20:00:00,12,20,302.5,North East England
2021-12-20 21:00:00,12,21,304.5,North East England
2021-12-20 22:00:00,12,22,302.0,North East England
2021-12-20 23:00:00,12,23,307.0,North East England
2021-12-21 00:00:00,12,0,305.5,North East England
2021-12-21 01:00:00,12,1,299.5,North East England
2021-12-21 02:00:00,12,2,300.0,North East England
2021-12-21 03:00:00,12,3,296.5,North East England
2021-12-21 04:00:00,12,4,306.5,North East England
2021-12-21 05:00:00,12,5,317.5,North East England
2021-12-21 06:00:00,12,6,327.0,North East England
2021-12-21 07:00:00,12,7,341.0,North East England
2021-12-21 08:00:00,12,8,326.5,North East England
2021-12-21 09:00:00,12,9,313.5,North East England
2021-12-21 10:00:00,12,10,313.5,North East England
2021-12-21 11:00:00,12,11,317.0,North East England
2021-12-21 12:00:00,12,12,323.0,North East England
2021-12-21 13:00:00,12,13,336.5,North East England
2021-12-21 14:00:00,12,14,348.0,North East England
2021-12-21 15:00:00,12,15,356.5,North East England
2021-12-21 16:00:00,12,16,333.5,North East England
2021-12-21 17:00:00,12,17,322.0,North East England
2021-12-21 18:00:00,12,18,321.0,North East England
2021-12-21 19:00:00,12,19,304.0,North East England
2021-12-21 20:00:00,12,20,304.0,North East England
2021-12-21 21:00:00,12,21,295.5,North East England
2021-12-21 22:00:00,12,22,290.5,North East England
2021-12-21 23:00:00,12,23,286.0,North East England
2021-12-22 00:00:00,12,0,282.0,North East England
2021-12-22 01:00:00,12,1,276.0,North East England
2021-12-22 02:00:00,12,2,280.5,North East England
2021-12-22 03:00:00,12,3,292.5,North East England
2021-12-22 04:00:00,12,4,289.0,North East England
2021-12-22 05:00:00,12,5,280.5,North East England
2021-12-22 06:00:00,12,6,288.0,North East England
2021-12-22 07:00:00,12,7,291.5,North East England
2021-12-22 08:00:00,12,8,289.0,North East England
2021-12-22 09:00:00,12,9,272.5,North East England
2021-12-22 10:00:00,12,10,259.5,North East England
2021-12-22 11:00:00,12,11,259.5,North East England
2021-12-22 12:00:00,12,12,266.5,North East England
2021-12-22 13:00:00,12,13,281.5,North East England
2021-12-22 14:00:00,12,14,281.5,North East England
2021-12-22 15:00:00,12,15,279.5,North East England
2021-12-22 16:00:00,12,16,285.5,North East England
2021-12-22 17:00:00,12,17,252.5,North East England
2021-12-22 18:00:00,12,18,254.5,North East England
2021-12-22 19:00:00,12,19,256.5,North East England
2021-12-22 20:00:00,12,20,258.0,North East England
2021-12-22 21:00:00,12,21,255.0,North East England
2021-12-22 22:00:00,12,22,246.5,North East England
2021-12-22 23:00:00,12,23,231.5,North East England
2021-12-23 00:00:00,12,0,222.0,North East England
2021-12-23 01:00:00,12,1,216.5,North East England
2021-12-23 02:00:00,12,2,215.0,North East England
2021-12-23 03:00:00,12,3,217.0,North East England
2021-12-23 04:00:00,12,4,211.5,North East England
2021-12-23 05:00:00,12,5,225.0,North East England
2021-12-23 06:00:00,12,6,240.0,North East England
2021-12-23 07:00:00,12,7,253.0,North East England
2021-12-23 08:00:00,12,8,235.5,North East England
2021-12-23 09:00:00,12,9,232.5,North East England
2021-12-23 10:00:00,12,10,224.5,North East England
2021-12-23 11:00:00,12,11,230.5,North East England
2021-12-23 12:00:00,12,12,227.0,North East England
2021-12-23 13:00:00,12,13,237.5,North East England
2021-12-23 14:00:00,12,14,221.5,North East England
2021-12-23 15:00:00,12,15,218.0,North East England
2021-12-23 16:00:00,12,16,217.0,North East England
2021-12-23 17:00:00,12,17,216.5,North East England
2021-12-23 18:00:00,12,18,208.5,North East England
2021-12-23 19:00:00,12,19,201.5,North East England
2021-12-23 20:00:00,12,20,192.5,North East England
2021-12-23 21:00:00,12,21,187.0,North East England
2021-12-23 22:00:00,12,22,173.5,North East England
2021-12-23 23:00:00,12,23,138.0,North East England
2021-12-24 00:00:00,12,0,130.0,North East England
2021-12-24 01:00:00,12,1,129.5,North East England
2021-12-24 02:00:00,12,2,125.5,North East England
2021-12-24 03:00:00,12,3,125.0,North East England
2021-12-24 04:00:00,12,4,124.0,North East England
2021-12-24 05:00:00,12,5,136.0,North East England
2021-12-24 06:00:00,12,6,167.5,North East England
2021-12-24 07:00:00,12,7,201.0,North East England
2021-12-24 08:00:00,12,8,226.5,North East England
2021-12-24 09:00:00,12,9,244.0,North East England
2021-12-24 10:00:00,12,10,246.0,North East England
2021-12-24 11:00:00,12,11,255.5,North East England
2021-12-24 12:00:00,12,12,262.0,North East England
2021-12-24 13:00:00,12,13,267.5,North East England
2021-12-24 14:00:00,12,14,269.0,North East England
2021-12-24 15:00:00,12,15,272.5,North East England
2021-12-24 16:00:00,12,16,274.0,North East England
2021-12-24 17:00:00,12,17,276.0,North East England
2021-12-24 18:00:00,12,18,265.5,North East England
2021-12-24 19:00:00,12,19,255.0,North East England
2021-12-24 20:00:00,12,20,249.0,North East England
2021-12-24 21:00:00,12,21,234.0,North East England
2021-12-24 22:00:00,12,22,221.0,North East England
2021-12-24 23:00:00,12,23,208.5,North East England
2021-12-25 00:00:00,12,0,199.0,North East England
2021-12-25 01:00:00,12,1,189.5,North East England
2021-12-25 02:00:00,12,2,183.5,North East England
2021-12-25 03:00:00,12,3,179.0,North East England
2021-12-25 04:00:00,12,4,175.5,North East England
2021-12-25 05:00:00,12,5,175.5,North East England
2021-12-25 06:00:00,12,6,178.0,North East England
2021-12-25 07:00:00,12,7,183.0,North East England
2021-12-25 08:00:00,12,8,183.0,North East England
2021-12-25 09:00:00,12,9,184.5,North East England
2021-12-25 10:00:00,12,10,185.5,North East England
2021-12-25 11:00:00,12,11,186.0,North East England
2021-12-25 12:00:00,12,12,191.0,North East England
2021-12-25 13:00:00,12,13,190.0,North East England
2021-12-25 14:00:00,12,14,181.0,North East England
2021-12-25 15:00:00,12,15,180.5,North East England
2021-12-25 16:00:00,12,16,174.5,North East England
2021-12-25 17:00:00,12,17,177.5,North East England
2021-12-25 18:00:00,12,18,177.0,North East England
2021-12-25 19:00:00,12,19,178.5,North East England
2021-12-25 20:00:00,12,20,179.0,North East England
2021-12-25 21:00:00,12,21,179.0,North East England
2021-12-25 22:00:00,12,22,178.5,North East England
2021-12-25 23:00:00,12,23,177.0,North East England
2021-12-26 00:00:00,12,0,177.0,North East England
2021-12-26 01:00:00,12,1,172.5,North East England
2021-12-26 02:00:00,12,2,170.0,North East England
2021-12-26 03:00:00,12,3,171.5,North East England
2021-12-26 04:00:00,12,4,172.0,North East England
2021-12-26 05:00:00,12,5,175.5,North East England
2021-12-26 06:00:00,12,6,180.5,North East England
2021-12-26 07:00:00,12,7,189.5,North East England
2021-12-26 08:00:00,12,8,192.0,North East England
2021-12-26 09:00:00,12,9,197.0,North East England
2021-12-26 10:00:00,12,10,206.5,North East England
2021-12-26 11:00:00,12,11,211.0,North East England
2021-12-26 12:00:00,12,12,217.5,North East England
2021-12-26 13:00:00,12,13,222.5,North East England
2021-12-26 14:00:00,12,14,233.0,North East England
2021-12-26 15:00:00,12,15,231.8,North East England
2021-12-26 16:00:00,12,16,230.7,North East England
2021-12-26 17:00:00,12,17,229.5,North East England
2021-12-26 18:00:00,12,18,228.3,North East England
2021-12-26 19:00:00,12,19,227.1,North East England
2021-12-26 20:00:00,12,20,226.0,North East England
2021-12-26 21:00:00,12,21,224.8,North East England
2021-12-26 22:00:00,12,22,223.6,North East England
2021-12-26 23:00:00,12,23,222.4,North East England
2021-12-27 00:00:00,12,0,221.3,North East England
2021-12-27 01:00:00,12,1,220.1,North East England
2021-12-27 02:00:00,12,2,218.9,North East England
2021-12-27 03:00:00,12,3,217.7,North East England
2021-12-27 04:00:00,12,4,216.6,North East England
2021-12-27 05:00:00,12,5,215.4,North East England
2021-12-27 06:00:00,12,6,214.2,North East England
2021-12-27 07:00:00,12,7,213.0,North East England
2021-12-27 08:00:00,12,8,211.9,North East England
2021-12-27 09:00:00,12,9,210.7,North East England
2021-12-27 10:00:00,12,10,209.5,North East England
2021-12-27 11:00:00,12,11,208.3,North East England
2021-12-27 12:00:00,12,12,207.2,North East England
2021-12-27 13:00:00,12,13,206.0,North East England
2021-12-27 14:00:00,12,14,206.5,North East England
2021-12-27 15:00:00,12,15,205.0,North East England
2021-12-27 16:00:00,12,16,189.0,North East England
2021-12-27 17:00:00,12,17,186.0,North East England
2021-12-27 18:00:00,12,18,181.0,North East England
2021-12-27 19:00:00,12,19,175.5,North East England
2021-12-27 20:00:00,12,20,159.0,North East England
2021-12-27 21:00:00,12,21,141.0,North East England
2021-12-27 22:00:00,12,22,141.0,North East England
2021-12-27 23:00:00,12,23,140.0,North East England
2021-12-28 00:00:00,12,0,131.0,North East England
2021-12-28 01:00:00,12,1,125.5,North East England
2021-12-28 02:00:00,12,2,134.5,North East England
2021-12-28 03:00:00,12,3,137.0,North East England
2021-12-28 04:00:00,12,4,134.0,North East England
2021-12-28 05:00:00,12,5,129.0,North East England
2021-12-28 06:00:00,12,6,120.5,North East England
2021-12-28 07:00:00,12,7,131.0,North East England
2021-12-28 08:00:00,12,8,147.5,North East England
2021-12-28 09:00:00,12,9,158.5,North East England
2021-12-28 10:00:00,12,10,167.5,North East England
2021-12-28 11:00:00,12,11,167.0,North East England
2021-12-28 12:00:00,12,12,166.5,North East England
2021-12-28 13:00:00,12,13,162.0,North East England
2021-12-28 14:00:00,12,14,163.5,North East England
2021-12-28 15:00:00,12,15,177.5,North East England
2021-12-28 16:00:00,12,16,184.5,North East England
2021-12-28 17:00:00,12,17,183.5,North East England
2021-12-28 18:00:00,12,18,183.0,North East England
2021-12-28 19:00:00,12,19,180.0,North East England
2021-12-28 20:00:00,12,20,172.0,North East England
2021-12-28 21:00:00,12,21,162.0,North East England
2021-12-28 22:00:00,12,22,156.0,North East England
2021-12-28 23:00:00,12,23,167.0,North East England
2021-12-29 00:00:00,12,0,181.5,North East England
2021-12-29 01:00:00,12,1,170.5,North East England
2021-12-29 02:00:00,12,2,179.5,North East England
2021-12-29 03:00:00,12,3,186.0,North East England
2021-12-29 04:00:00,12,4,167.0,North East England
2021-12-29 05:00:00,12,5,193.0,North East England
2021-12-29 06:00:00,12,6,174.0,North East England
2021-12-29 07:00:00,12,7,164.5,North East England
2021-12-29 08:00:00,12,8,145.0,North East England
2021-12-29 09:00:00,12,9,124.0,North East England
2021-12-29 10:00:00,12,10,116.5,North East England
2021-12-29 11:00:00,12,11,116.5,North East England
2021-12-29 12:00:00,12,12,121.0,North East England
2021-12-29 13:00:00,12,13,103.5,North East England
2021-12-29 14:00:00,12,14,105.5,North East England
2021-12-29 15:00:00,12,15,95.5,North East England
2021-12-29 16:00:00,12,16,103.5,North East England
2021-12-29 17:00:00,12,17,108.0,North East England
2021-12-29 18:00:00,12,18,110.0,North East England
2021-12-29 19:00:00,12,19,114.0,North East England
2021-12-29 20:00:00,12,20,108.0,North East England
2021-12-29 21:00:00,12,21,86.0,North East England
2021-12-29 22:00:00,12,22,59.5,North East England
2021-12-29 23:00:00,12,23,79.5,North East England
2021-12-30 00:00:00,12,0,64.0,North East England
2021-12-30 01:00:00,12,1,46.0,North East England
2021-12-30 02:00:00,12,2,46.5,North East England
2021-12-30 03:00:00,12,3,39.5,North East England
2021-12-30 04:00:00,12,4,42.0,North East England
2021-12-30 05:00:00,12,5,50.0,North East England
2021-12-30 06:00:00,12,6,51.0,North East England
2021-12-30 07:00:00,12,7,76.5,North East England
2021-12-30 08:00:00,12,8,104.0,North East England
2021-12-30 09:00:00,12,9,100.5,North East England
2021-12-30 10:00:00,12,10,100.5,North East England
2021-12-30 11:00:00,12,11,101.5,North East England
2021-12-30 12:00:00,12,12,114.5,North East England
2021-12-30 13:00:00,12,13,117.5,North East England
2021-12-30 14:00:00,12,14,115.5,North East England
2021-12-30 15:00:00,12,15,120.0,North East England
2021-12-30 16:00:00,12,16,121.5,North East England
2021-12-30 17:00:00,12,17,127.0,North East England
2021-12-30 18:00:00,12,18,125.5,North East England
2021-12-30 19:00:00,12,19,125.5,North East England
2021-12-30 20:00:00,12,20,117.5,North East England
2021-12-30 21:00:00,12,21,104.0,North East England
2021-12-30 22:00:00,12,22,102.0,North East England
2021-12-30 23:00:00,12,23,100.7,North East England
2021-12-31 00:00:00,12,0,98.5,North East England
2021-12-31 01:00:00,12,1,77.0,North East England
2021-12-31 02:00:00,12,2,51.5,North East England
2021-12-31 03:00:00,12,3,35.5,North East England
2021-12-31 04:00:00,12,4,36.5,North East England
2021-12-31 05:00:00,12,5,49.5,North East England
2021-12-31 06:00:00,12,6,75.5,North East England
2021-12-31 07:00:00,12,7,106.0,North East England
2021-12-31 08:00:00,12,8,102.0,North East England
2021-12-31 09:00:00,12,9,99.5,North East England
2021-12-31 10:00:00,12,10,99.5,North East England
2021-12-31 11:00:00,12,11,98.5,North East England
2021-12-31 12:00:00,12,12,111.5,North East England
2021-12-31 13:00:00,12,13,109.5,North East England
2021-12-31 14:00:00,12,14,112.0,North East England
2021-12-31 15:00:00,12,15,110.5,North East England
2021-12-31 16:00:00,12,16,109.5,North East England
2021-12-31 17:00:00,12,17,128.5,North East England
2021-12-31 18:00:00,12,18,141.5,North East England
2021-12-31 19:00:00,12,19,151.0,North East England
2021-12-31 20:00:00,12,20,146.0,North East England
2021-12-31 21:00:00,12,21,131.0,North East England
2021-12-31 22:00:00,12,22,121.0,North East England
2021-12-31 23:00:00,12,23,97.0,North East England
