datetime,month,day_of_year,hour,GHI_Wm2,T_amb_C,pv_kWh_per_kWp
2020-01-01 00:11:00,1,1,0,0.0,2.07,0.0
2020-01-01 01:11:00,1,1,1,0.0,2.6,0.0
2020-01-01 02:11:00,1,1,2,0.0,2.6,0.0
2020-01-01 03:11:00,1,1,3,0.0,2.6,0.0
2020-01-01 04:11:00,1,1,4,0.0,2.6,0.0
2020-01-01 05:11:00,1,1,5,0.0,3.13,0.0
2020-01-01 06:11:00,1,1,6,0.0,3.13,0.0
2020-01-01 07:11:00,1,1,7,0.0,3.13,0.0
2020-01-01 08:11:00,1,1,8,0.0,3.13,0.0
2020-01-01 09:11:00,1,1,9,104.1,3.13,0.0796
2020-01-01 10:11:00,1,1,10,454.5,3.66,0.39673
2020-01-01 11:11:00,1,1,11,566.3,4.19,0.49128
2020-01-01 12:11:00,1,1,12,590.4,4.72,0.51187
2020-01-01 13:11:00,1,1,13,403.3,5.25,0.34985
2020-01-01 14:11:00,1,1,14,420.4,5.25,0.36484
2020-01-01 15:11:00,1,1,15,10.3,5.25,0.00216
2020-01-01 16:11:00,1,1,16,0.0,4.72,0.0
2020-01-01 17:11:00,1,1,17,0.0,4.19,0.0
2020-01-01 18:11:00,1,1,18,0.0,4.19,0.0
2020-01-01 19:11:00,1,1,19,0.0,4.72,0.0
2020-01-01 20:11:00,1,1,20,0.0,4.19,0.0
2020-01-01 21:11:00,1,1,21,0.0,4.19,0.0
2020-01-01 22:11:00,1,1,22,0.0,4.72,0.0
2020-01-01 23:11:00,1,1,23,0.0,4.72,0.0
2020-01-02 00:11:00,1,2,0,0.0,5.25,0.0
2020-01-02 01:11:00,1,2,1,0.0,5.25,0.0
2020-01-02 02:11:00,1,2,2,0.0,5.25,0.0
2020-01-02 03:11:00,1,2,3,0.0,5.78,0.0
2020-01-02 04:11:00,1,2,4,0.0,5.78,0.0
2020-01-02 05:11:00,1,2,5,0.0,5.78,0.0
2020-01-02 06:11:00,1,2,6,0.0,5.78,0.0
2020-01-02 07:11:00,1,2,7,0.0,6.31,0.0
2020-01-02 08:11:00,1,2,8,0.0,6.31,0.0
2020-01-02 09:11:00,1,2,9,10.5,6.31,0.00224
2020-01-02 10:11:00,1,2,10,12.2,6.84,0.00318
2020-01-02 11:11:00,1,2,11,42.8,7.37,0.02481
2020-01-02 12:11:00,1,2,12,24.5,7.9,0.01099
2020-01-02 13:11:00,1,2,13,21.8,7.9,0.00918
2020-01-02 14:11:00,1,2,14,59.6,7.9,0.03868
2020-01-02 15:11:00,1,2,15,4.0,7.9,0.0
2020-01-02 16:11:00,1,2,16,0.0,7.9,0.0
2020-01-02 17:11:00,1,2,17,0.0,8.43,0.0
2020-01-02 18:11:00,1,2,18,0.0,8.96,0.0
2020-01-02 19:11:00,1,2,19,0.0,9.49,0.0
2020-01-02 20:11:00,1,2,20,0.0,9.49,0.0
2020-01-02 21:11:00,1,2,21,0.0,10.02,0.0
2020-01-02 22:11:00,1,2,22,0.0,10.02,0.0
2020-01-02 23:11:00,1,2,23,0.0,10.02,0.0
2020-01-03 00:11:00,1,3,0,0.0,10.02,0.0
2020-01-03 01:11:00,1,3,1,0.0,10.02,0.0
2020-01-03 02:11:00,1,3,2,0.0,9.49,0.0
2020-01-03 03:11:00,1,3,3,0.0,8.43,0.0
2020-01-03 04:11:00,1,3,4,0.0,7.37,0.0
2020-01-03 05:11:00,1,3,5,0.0,5.78,0.0
2020-01-03 06:11:00,1,3,6,0.0,4.72,0.0
2020-01-03 07:11:00,1,3,7,0.0,4.19,0.0
2020-01-03 08:11:00,1,3,8,0.0,3.66,0.0
2020-01-03 09:11:00,1,3,9,175.5,3.66,0.14545
2020-01-03 10:11:00,1,3,10,477.6,4.19,0.42149
2020-01-03 11:11:00,1,3,11,574.5,4.72,0.50611
2020-01-03 12:11:00,1,3,12,623.8,5.78,0.54493
2020-01-03 13:11:00,1,3,13,580.8,5.78,0.50854
2020-01-03 14:11:00,1,3,14,232.2,5.78,0.19615
2020-01-03 15:11:00,1,3,15,13.5,5.78,0.00392
2020-01-03 16:11:00,1,3,16,0.0,5.25,0.0
2020-01-03 17:11:00,1,3,17,0.0,4.72,0.0
2020-01-03 18:11:00,1,3,18,0.0,4.72,0.0
2020-01-03 19:11:00,1,3,19,0.0,5.25,0.0
2020-01-03 20:11:00,1,3,20,0.0,5.25,0.0
2020-01-03 21:11:00,1,3,21,0.0,5.78,0.0
2020-01-03 22:11:00,1,3,22,0.0,5.78,0.0
2020-01-03 23:11:00,1,3,23,0.0,6.31,0.0
2020-01-04 00:11:00,1,4,0,0.0,6.31,0.0
2020-01-04 01:11:00,1,4,1,0.0,6.31,0.0
2020-01-04 02:11:00,1,4,2,0.0,6.31,0.0
2020-01-04 03:11:00,1,4,3,0.0,6.84,0.0
2020-01-04 04:11:00,1,4,4,0.0,6.84,0.0
2020-01-04 05:11:00,1,4,5,0.0,6.84,0.0
2020-01-04 06:11:00,1,4,6,0.0,6.84,0.0
2020-01-04 07:11:00,1,4,7,0.0,6.84,0.0
2020-01-04 08:11:00,1,4,8,0.0,6.84,0.0
2020-01-04 09:11:00,1,4,9,38.9,6.84,0.02223
2020-01-04 10:11:00,1,4,10,41.3,7.37,0.02376
2020-01-04 11:11:00,1,4,11,464.5,7.9,0.405
2020-01-04 12:11:00,1,4,12,408.8,7.9,0.3546
2020-01-04 13:11:00,1,4,13,517.8,7.9,0.44998
2020-01-04 14:11:00,1,4,14,306.8,7.9,0.26228
2020-01-04 15:11:00,1,4,15,14.3,7.9,0.00433
2020-01-04 16:11:00,1,4,16,0.0,7.37,0.0
2020-01-04 17:11:00,1,4,17,0.0,7.37,0.0
2020-01-04 18:11:00,1,4,18,0.0,7.37,0.0
2020-01-04 19:11:00,1,4,19,0.0,6.84,0.0
2020-01-04 20:11:00,1,4,20,0.0,6.84,0.0
2020-01-04 21:11:00,1,4,21,0.0,6.31,0.0
2020-01-04 22:11:00,1,4,22,0.0,6.31,0.0
2020-01-04 23:11:00,1,4,23,0.0,6.31,0.0
2020-01-05 00:11:00,1,5,0,0.0,6.84,0.0
2020-01-05 01:11:00,1,5,1,0.0,7.37,0.0
2020-01-05 02:11:00,1,5,2,0.0,7.37,0.0
2020-01-05 03:11:00,1,5,3,0.0,7.9,0.0
2020-01-05 04:11:00,1,5,4,0.0,7.9,0.0
2020-01-05 05:11:00,1,5,5,0.0,7.9,0.0
2020-01-05 06:11:00,1,5,6,0.0,7.9,0.0
2020-01-05 07:11:00,1,5,7,0.0,7.9,0.0
2020-01-05 08:11:00,1,5,8,0.0,7.9,0.0
2020-01-05 09:11:00,1,5,9,2.6,7.9,0.0
2020-01-05 10:11:00,1,5,10,20.1,7.9,0.00801
2020-01-05 11:11:00,1,5,11,315.1,8.43,0.26928
2020-01-05 12:11:00,1,5,12,618.9,8.43,0.535
2020-01-05 13:11:00,1,5,13,562.1,8.96,0.48502
2020-01-05 14:11:00,1,5,14,273.2,8.96,0.23047
2020-01-05 15:11:00,1,5,15,2.4,8.96,0.0
2020-01-05 16:11:00,1,5,16,0.0,8.96,0.0
2020-01-05 17:11:00,1,5,17,0.0,8.96,0.0
2020-01-05 18:11:00,1,5,18,0.0,8.96,0.0
2020-01-05 19:11:00,1,5,19,0.0,8.96,0.0
2020-01-05 20:11:00,1,5,20,0.0,8.96,0.0
2020-01-05 21:11:00,1,5,21,0.0,8.96,0.0
2020-01-05 22:11:00,1,5,22,0.0,8.43,0.0
2020-01-05 23:11:00,1,5,23,0.0,8.43,0.0
2020-01-06 00:11:00,1,6,0,0.0,7.9,0.0
2020-01-06 01:11:00,1,6,1,0.0,7.9,0.0
2020-01-06 02:11:00,1,6,2,0.0,7.9,0.0
2020-01-06 03:11:00,1,6,3,0.0,7.37,0.0
2020-01-06 04:11:00,1,6,4,0.0,6.84,0.0
2020-01-06 05:11:00,1,6,5,0.0,6.84,0.0
2020-01-06 06:11:00,1,6,6,0.0,6.84,0.0
2020-01-06 07:11:00,1,6,7,0.0,6.84,0.0
2020-01-06 08:11:00,1,6,8,0.0,7.37,0.0
2020-01-06 09:11:00,1,6,9,3.5,7.37,0.0
2020-01-06 10:11:00,1,6,10,13.1,7.9,0.00365
2020-01-06 11:11:00,1,6,11,18.4,7.9,0.00686
2020-01-06 12:11:00,1,6,12,48.1,7.9,0.02891
2020-01-06 13:11:00,1,6,13,48.1,7.9,0.02891
2020-01-06 14:11:00,1,6,14,26.2,7.9,0.01222
2020-01-06 15:11:00,1,6,15,6.4,7.9,0.00028
2020-01-06 16:11:00,1,6,16,0.0,7.9,0.0
2020-01-06 17:11:00,1,6,17,0.0,7.9,0.0
2020-01-06 18:11:00,1,6,18,0.0,7.9,0.0
2020-01-06 19:11:00,1,6,19,0.0,7.37,0.0
2020-01-06 20:11:00,1,6,20,0.0,6.84,0.0
2020-01-06 21:11:00,1,6,21,0.0,6.31,0.0
2020-01-06 22:11:00,1,6,22,0.0,6.31,0.0
2020-01-06 23:11:00,1,6,23,0.0,5.78,0.0
2020-01-07 00:11:00,1,7,0,0.0,5.25,0.0
2020-01-07 01:11:00,1,7,1,0.0,5.25,0.0
2020-01-07 02:11:00,1,7,2,0.0,5.25,0.0
2020-01-07 03:11:00,1,7,3,0.0,5.25,0.0
2020-01-07 04:11:00,1,7,4,0.0,5.25,0.0
2020-01-07 05:11:00,1,7,5,0.0,5.78,0.0
2020-01-07 06:11:00,1,7,6,0.0,6.31,0.0
2020-01-07 07:11:00,1,7,7,0.0,6.84,0.0
2020-01-07 08:11:00,1,7,8,0.0,7.9,0.0
2020-01-07 09:11:00,1,7,9,8.7,7.9,0.00133
2020-01-07 10:11:00,1,7,10,13.1,7.9,0.00365
2020-01-07 11:11:00,1,7,11,21.0,8.43,0.00857
2020-01-07 12:11:00,1,7,12,174.0,9.49,0.14019
2020-01-07 13:11:00,1,7,13,212.4,10.55,0.17471
2020-01-07 14:11:00,1,7,14,30.6,11.61,0.01509
2020-01-07 15:11:00,1,7,15,15.1,12.15,0.00468
2020-01-07 16:11:00,1,7,16,0.0,12.68,0.0
2020-01-07 17:11:00,1,7,17,0.0,12.68,0.0
2020-01-07 18:11:00,1,7,18,0.0,12.68,0.0
2020-01-07 19:11:00,1,7,19,0.0,12.68,0.0
2020-01-07 20:11:00,1,7,20,0.0,12.68,0.0
2020-01-07 21:11:00,1,7,21,0.0,12.68,0.0
2020-01-07 22:11:00,1,7,22,0.0,12.15,0.0
2020-01-07 23:11:00,1,7,23,0.0,11.61,0.0
2020-01-08 00:11:00,1,8,0,0.0,11.09,0.0
2020-01-08 01:11:00,1,8,1,0.0,10.02,0.0
2020-01-08 02:11:00,1,8,2,0.0,9.49,0.0
2020-01-08 03:11:00,1,8,3,0.0,8.43,0.0
2020-01-08 04:11:00,1,8,4,0.0,7.9,0.0
2020-01-08 05:11:00,1,8,5,0.0,6.84,0.0
2020-01-08 06:11:00,1,8,6,0.0,6.31,0.0
2020-01-08 07:11:00,1,8,7,0.0,6.84,0.0
2020-01-08 08:11:00,1,8,8,0.0,6.31,0.0
2020-01-08 09:11:00,1,8,9,227.3,5.78,0.19209
2020-01-08 10:11:00,1,8,10,266.6,6.31,0.22815
2020-01-08 11:11:00,1,8,11,558.6,6.31,0.4911
2020-01-08 12:11:00,1,8,12,617.8,6.84,0.54159
2020-01-08 13:11:00,1,8,13,653.8,6.84,0.57192
2020-01-08 14:11:00,1,8,14,149.1,6.84,0.11882
2020-01-08 15:11:00,1,8,15,74.0,6.31,0.05123
2020-01-08 16:11:00,1,8,16,0.0,5.78,0.0
2020-01-08 17:11:00,1,8,17,0.0,5.25,0.0
2020-01-08 18:11:00,1,8,18,0.0,4.72,0.0
2020-01-08 19:11:00,1,8,19,0.0,4.19,0.0
2020-01-08 20:11:00,1,8,20,0.0,3.66,0.0
2020-01-08 21:11:00,1,8,21,0.0,4.19,0.0
2020-01-08 22:11:00,1,8,22,0.0,4.19,0.0
2020-01-08 23:11:00,1,8,23,0.0,4.19,0.0
2020-01-09 00:11:00,1,9,0,0.0,4.19,0.0
2020-01-09 01:11:00,1,9,1,0.0,4.19,0.0
2020-01-09 02:11:00,1,9,2,0.0,4.19,0.0
2020-01-09 03:11:00,1,9,3,0.0,3.66,0.0
2020-01-09 04:11:00,1,9,4,0.0,2.6,0.0
2020-01-09 05:11:00,1,9,5,0.0,2.6,0.0
2020-01-09 06:11:00,1,9,6,0.0,2.6,0.0
2020-01-09 07:11:00,1,9,7,0.0,3.66,0.0
2020-01-09 08:11:00,1,9,8,0.0,3.66,0.0
2020-01-09 09:11:00,1,9,9,6.1,3.66,0.00022
2020-01-09 10:11:00,1,9,10,28.0,3.66,0.01378
2020-01-09 11:11:00,1,9,11,46.3,4.19,0.028
2020-01-09 12:11:00,1,9,12,39.3,4.19,0.02241
2020-01-09 13:11:00,1,9,13,91.6,4.72,0.06695
2020-01-09 14:11:00,1,9,14,196.1,4.72,0.16304
2020-01-09 15:11:00,1,9,15,170.2,4.72,0.13791
2020-01-09 16:11:00,1,9,16,0.0,4.19,0.0
2020-01-09 17:11:00,1,9,17,0.0,4.19,0.0
2020-01-09 18:11:00,1,9,18,0.0,4.19,0.0
2020-01-09 19:11:00,1,9,19,0.0,4.72,0.0
2020-01-09 20:11:00,1,9,20,0.0,4.72,0.0
2020-01-09 21:11:00,1,9,21,0.0,4.72,0.0
2020-01-09 22:11:00,1,9,22,0.0,4.72,0.0
2020-01-09 23:11:00,1,9,23,0.0,4.72,0.0
2020-01-10 00:11:00,1,10,0,0.0,4.19,0.0
2020-01-10 01:11:00,1,10,1,0.0,4.19,0.0
2020-01-10 02:11:00,1,10,2,0.0,3.66,0.0
2020-01-10 03:11:00,1,10,3,0.0,3.13,0.0
2020-01-10 04:11:00,1,10,4,0.0,2.07,0.0
2020-01-10 05:11:00,1,10,5,0.0,1.54,0.0
2020-01-10 06:11:00,1,10,6,0.0,1.01,0.0
2020-01-10 07:11:00,1,10,7,0.0,1.01,0.0
2020-01-10 08:11:00,1,10,8,0.0,0.48,0.0
2020-01-10 09:11:00,1,10,9,95.0,0.48,0.07218
2020-01-10 10:11:00,1,10,10,317.2,1.54,0.27792
2020-01-10 11:11:00,1,10,11,638.9,3.13,0.55611
2020-01-10 12:11:00,1,10,12,554.7,4.72,0.48089
2020-01-10 13:11:00,1,10,13,418.5,5.78,0.36202
2020-01-10 14:11:00,1,10,14,183.3,5.78,0.15033
2020-01-10 15:11:00,1,10,15,250.0,5.25,0.21039
2020-01-10 16:11:00,1,10,16,0.0,4.72,0.0
2020-01-10 17:11:00,1,10,17,0.0,4.19,0.0
2020-01-10 18:11:00,1,10,18,0.0,3.66,0.0
2020-01-10 19:11:00,1,10,19,0.0,4.72,0.0
2020-01-10 20:11:00,1,10,20,0.0,5.25,0.0
2020-01-10 21:11:00,1,10,21,0.0,5.78,0.0
2020-01-10 22:11:00,1,10,22,0.0,5.78,0.0
2020-01-10 23:11:00,1,10,23,0.0,6.31,0.0
2020-01-11 00:11:00,1,11,0,0.0,6.84,0.0
2020-01-11 01:11:00,1,11,1,0.0,7.37,0.0
2020-01-11 02:11:00,1,11,2,0.0,7.9,0.0
2020-01-11 03:11:00,1,11,3,0.0,8.43,0.0
2020-01-11 04:11:00,1,11,4,0.0,8.96,0.0
2020-01-11 05:11:00,1,11,5,0.0,8.96,0.0
2020-01-11 06:11:00,1,11,6,0.0,9.49,0.0
2020-01-11 07:11:00,1,11,7,0.0,9.49,0.0
2020-01-11 08:11:00,1,11,8,0.0,10.02,0.0
2020-01-11 09:11:00,1,11,9,27.0,10.55,0.01275
2020-01-11 10:11:00,1,11,10,193.0,10.55,0.15749
2020-01-11 11:11:00,1,11,11,111.9,11.09,0.08323
2020-01-11 12:11:00,1,11,12,296.5,11.61,0.25081
2020-01-11 13:11:00,1,11,13,122.4,11.61,0.09229
2020-01-11 14:11:00,1,11,14,83.5,11.61,0.05824
2020-01-11 15:11:00,1,11,15,81.0,11.61,0.05602
2020-01-11 16:11:00,1,11,16,0.0,11.61,0.0
2020-01-11 17:11:00,1,11,17,0.0,11.09,0.0
2020-01-11 18:11:00,1,11,18,0.0,10.55,0.0
2020-01-11 19:11:00,1,11,19,0.0,9.49,0.0
2020-01-11 20:11:00,1,11,20,0.0,8.96,0.0
2020-01-11 21:11:00,1,11,21,0.0,8.43,0.0
2020-01-11 22:11:00,1,11,22,0.0,7.9,0.0
2020-01-11 23:11:00,1,11,23,0.0,7.9,0.0
2020-01-12 00:11:00,1,12,0,0.0,7.37,0.0
2020-01-12 01:11:00,1,12,1,0.0,6.84,0.0
2020-01-12 02:11:00,1,12,2,0.0,6.31,0.0
2020-01-12 03:11:00,1,12,3,0.0,5.78,0.0
2020-01-12 04:11:00,1,12,4,0.0,5.25,0.0
2020-01-12 05:11:00,1,12,5,0.0,4.72,0.0
2020-01-12 06:11:00,1,12,6,0.0,4.72,0.0
2020-01-12 07:11:00,1,12,7,0.0,4.19,0.0
2020-01-12 08:11:00,1,12,8,0.0,4.72,0.0
2020-01-12 09:11:00,1,12,9,7.9,4.72,0.00096
2020-01-12 10:11:00,1,12,10,28.8,5.25,0.0143
2020-01-12 11:11:00,1,12,11,203.5,6.31,0.16885
2020-01-12 12:11:00,1,12,12,525.2,6.31,0.4594
2020-01-12 13:11:00,1,12,13,571.8,6.84,0.49745
2020-01-12 14:11:00,1,12,14,464.2,6.84,0.40444
2020-01-12 15:11:00,1,12,15,261.0,5.78,0.2204
2020-01-12 16:11:00,1,12,16,0.0,4.72,0.0
2020-01-12 17:11:00,1,12,17,0.0,4.19,0.0
2020-01-12 18:11:00,1,12,18,0.0,3.66,0.0
2020-01-12 19:11:00,1,12,19,0.0,4.19,0.0
2020-01-12 20:11:00,1,12,20,0.0,3.66,0.0
2020-01-12 21:11:00,1,12,21,0.0,3.13,0.0
2020-01-12 22:11:00,1,12,22,0.0,3.13,0.0
2020-01-12 23:11:00,1,12,23,0.0,3.66,0.0
2020-01-13 00:11:00,1,13,0,0.0,3.66,0.0
2020-01-13 01:11:00,1,13,1,0.0,3.66,0.0
2020-01-13 02:11:00,1,13,2,0.0,4.19,0.0
2020-01-13 03:11:00,1,13,3,0.0,4.19,0.0
2020-01-13 04:11:00,1,13,4,0.0,4.19,0.0
2020-01-13 05:11:00,1,13,5,0.0,4.19,0.0
2020-01-13 06:11:00,1,13,6,0.0,4.19,0.0
2020-01-13 07:11:00,1,13,7,0.0,4.19,0.0
2020-01-13 08:11:00,1,13,8,0.0,4.19,0.0
2020-01-13 09:11:00,1,13,9,91.5,4.19,0.06784
2020-01-13 10:11:00,1,13,10,13.1,4.72,0.00373
2020-01-13 11:11:00,1,13,11,27.1,5.25,0.01303
2020-01-13 12:11:00,1,13,12,218.9,5.78,0.18408
2020-01-13 13:11:00,1,13,13,193.9,5.78,0.16083
2020-01-13 14:11:00,1,13,14,28.8,6.31,0.01423
2020-01-13 15:11:00,1,13,15,5.2,6.84,0.0
2020-01-13 16:11:00,1,13,16,0.0,7.37,0.0
2020-01-13 17:11:00,1,13,17,0.0,6.84,0.0
2020-01-13 18:11:00,1,13,18,0.0,6.84,0.0
2020-01-13 19:11:00,1,13,19,0.0,7.37,0.0
2020-01-13 20:11:00,1,13,20,0.0,6.84,0.0
2020-01-13 21:11:00,1,13,21,0.0,6.31,0.0
2020-01-13 22:11:00,1,13,22,0.0,5.78,0.0
2020-01-13 23:11:00,1,13,23,0.0,5.78,0.0
2020-01-14 00:11:00,1,14,0,0.0,5.78,0.0
2020-01-14 01:11:00,1,14,1,0.0,5.25,0.0
2020-01-14 02:11:00,1,14,2,0.0,5.25,0.0
2020-01-14 03:11:00,1,14,3,0.0,4.72,0.0
2020-01-14 04:11:00,1,14,4,0.0,4.72,0.0
2020-01-14 05:11:00,1,14,5,0.0,4.19,0.0
2020-01-14 06:11:00,1,14,6,0.0,4.19,0.0
2020-01-14 07:11:00,1,14,7,0.0,4.19,0.0
2020-01-14 08:11:00,1,14,8,0.0,4.19,0.0
2020-01-14 09:11:00,1,14,9,139.8,4.72,0.11177
2020-01-14 10:11:00,1,14,10,64.6,5.25,0.04341
2020-01-14 11:11:00,1,14,11,59.7,5.78,0.0389
2020-01-14 12:11:00,1,14,12,45.5,6.31,0.02703
2020-01-14 13:11:00,1,14,13,101.0,6.31,0.07488
2020-01-14 14:11:00,1,14,14,26.2,6.31,0.01233
2020-01-14 15:11:00,1,14,15,9.6,5.78,0.00179
2020-01-14 16:11:00,1,14,16,0.0,5.25,0.0
2020-01-14 17:11:00,1,14,17,0.0,4.72,0.0
2020-01-14 18:11:00,1,14,18,0.0,4.72,0.0
2020-01-14 19:11:00,1,14,19,0.0,4.72,0.0
2020-01-14 20:11:00,1,14,20,0.0,5.25,0.0
2020-01-14 21:11:00,1,14,21,0.0,5.25,0.0
2020-01-14 22:11:00,1,14,22,0.0,5.25,0.0
2020-01-14 23:11:00,1,14,23,0.0,4.72,0.0
2020-01-15 00:11:00,1,15,0,0.0,4.72,0.0
2020-01-15 01:11:00,1,15,1,0.0,4.19,0.0
2020-01-15 02:11:00,1,15,2,0.0,4.72,0.0
2020-01-15 03:11:00,1,15,3,0.0,4.72,0.0
2020-01-15 04:11:00,1,15,4,0.0,4.72,0.0
2020-01-15 05:11:00,1,15,5,0.0,4.72,0.0
2020-01-15 06:11:00,1,15,6,0.0,4.72,0.0
2020-01-15 07:11:00,1,15,7,0.0,4.72,0.0
2020-01-15 08:11:00,1,15,8,0.0,5.25,0.0
2020-01-15 09:11:00,1,15,9,70.7,5.25,0.04907
2020-01-15 10:11:00,1,15,10,215.2,5.25,0.18157
2020-01-15 11:11:00,1,15,11,565.0,5.78,0.49983
2020-01-15 12:11:00,1,15,12,594.0,6.84,0.52332
2020-01-15 13:11:00,1,15,13,557.0,7.37,0.48981
2020-01-15 14:11:00,1,15,14,446.4,6.84,0.39227
2020-01-15 15:11:00,1,15,15,248.2,6.84,0.20916
2020-01-15 16:11:00,1,15,16,0.0,6.31,0.0
2020-01-15 17:11:00,1,15,17,0.0,5.78,0.0
2020-01-15 18:11:00,1,15,18,0.0,5.78,0.0
2020-01-15 19:11:00,1,15,19,0.0,6.31,0.0
2020-01-15 20:11:00,1,15,20,0.0,6.31,0.0
2020-01-15 21:11:00,1,15,21,0.0,5.78,0.0
2020-01-15 22:11:00,1,15,22,0.0,5.78,0.0
2020-01-15 23:11:00,1,15,23,0.0,5.78,0.0
2020-01-16 00:11:00,1,16,0,0.0,5.78,0.0
2020-01-16 01:11:00,1,16,1,0.0,5.78,0.0
2020-01-16 02:11:00,1,16,2,0.0,5.78,0.0
2020-01-16 03:11:00,1,16,3,0.0,5.78,0.0
2020-01-16 04:11:00,1,16,4,0.0,5.78,0.0
2020-01-16 05:11:00,1,16,5,0.0,5.25,0.0
2020-01-16 06:11:00,1,16,6,0.0,5.25,0.0
2020-01-16 07:11:00,1,16,7,0.0,4.72,0.0
2020-01-16 08:11:00,1,16,8,0.0,4.72,0.0
2020-01-16 09:11:00,1,16,9,89.0,5.25,0.06527
2020-01-16 10:11:00,1,16,10,142.2,5.78,0.11315
2020-01-16 11:11:00,1,16,11,242.5,6.84,0.205
2020-01-16 12:11:00,1,16,12,154.0,7.37,0.12249
2020-01-16 13:11:00,1,16,13,27.1,7.37,0.01288
2020-01-16 14:11:00,1,16,14,24.5,7.9,0.01099
2020-01-16 15:11:00,1,16,15,15.7,7.9,0.00521
2020-01-16 16:11:00,1,16,16,0.0,7.9,0.0
2020-01-16 17:11:00,1,16,17,0.0,7.9,0.0
2020-01-16 18:11:00,1,16,18,0.0,8.43,0.0
2020-01-16 19:11:00,1,16,19,0.0,10.02,0.0
2020-01-16 20:11:00,1,16,20,0.0,10.02,0.0
2020-01-16 21:11:00,1,16,21,0.0,10.02,0.0
2020-01-16 22:11:00,1,16,22,0.0,8.96,0.0
2020-01-16 23:11:00,1,16,23,0.0,7.9,0.0
2020-01-17 00:11:00,1,17,0,0.0,7.9,0.0
2020-01-17 01:11:00,1,17,1,0.0,7.37,0.0
2020-01-17 02:11:00,1,17,2,0.0,6.84,0.0
2020-01-17 03:11:00,1,17,3,0.0,6.84,0.0
2020-01-17 04:11:00,1,17,4,0.0,6.31,0.0
2020-01-17 05:11:00,1,17,5,0.0,5.78,0.0
2020-01-17 06:11:00,1,17,6,0.0,5.78,0.0
2020-01-17 07:11:00,1,17,7,0.0,5.25,0.0
2020-01-17 08:11:00,1,17,8,0.0,5.25,0.0
2020-01-17 09:11:00,1,17,9,14.0,4.72,0.00424
2020-01-17 10:11:00,1,17,10,10.5,5.25,0.00225
2020-01-17 11:11:00,1,17,11,26.2,5.78,0.01235
2020-01-17 12:11:00,1,17,12,31.5,5.78,0.0162
2020-01-17 13:11:00,1,17,13,56.0,5.78,0.03563
2020-01-17 14:11:00,1,17,14,50.2,5.78,0.03104
2020-01-17 15:11:00,1,17,15,8.7,5.25,0.00137
2020-01-17 16:11:00,1,17,16,0.0,4.72,0.0
2020-01-17 17:11:00,1,17,17,0.0,4.72,0.0
2020-01-17 18:11:00,1,17,18,0.0,4.19,0.0
2020-01-17 19:11:00,1,17,19,0.0,4.19,0.0
2020-01-17 20:11:00,1,17,20,0.0,3.66,0.0
2020-01-17 21:11:00,1,17,21,0.0,3.66,0.0
2020-01-17 22:11:00,1,17,22,0.0,3.66,0.0
2020-01-17 23:11:00,1,17,23,0.0,3.66,0.0
2020-01-18 00:11:00,1,18,0,0.0,3.66,0.0
2020-01-18 01:11:00,1,18,1,0.0,3.13,0.0
2020-01-18 02:11:00,1,18,2,0.0,3.13,0.0
2020-01-18 03:11:00,1,18,3,0.0,2.6,0.0
2020-01-18 04:11:00,1,18,4,0.0,2.6,0.0
2020-01-18 05:11:00,1,18,5,0.0,2.6,0.0
2020-01-18 06:11:00,1,18,6,0.0,2.6,0.0
2020-01-18 07:11:00,1,18,7,0.0,2.07,0.0
2020-01-18 08:11:00,1,18,8,0.0,2.07,0.0
2020-01-18 09:11:00,1,18,9,159.9,2.07,0.1318
2020-01-18 10:11:00,1,18,10,339.8,3.13,0.29926
2020-01-18 11:11:00,1,18,11,658.0,4.19,0.58047
2020-01-18 12:11:00,1,18,12,707.1,4.72,0.62078
2020-01-18 13:11:00,1,18,13,662.8,5.25,0.58273
2020-01-18 14:11:00,1,18,14,534.3,5.25,0.47112
2020-01-18 15:11:00,1,18,15,313.9,5.25,0.26977
2020-01-18 16:11:00,1,18,16,0.0,4.19,0.0
2020-01-18 17:11:00,1,18,17,0.0,3.66,0.0
2020-01-18 18:11:00,1,18,18,0.0,3.66,0.0
2020-01-18 19:11:00,1,18,19,0.0,3.13,0.0
2020-01-18 20:11:00,1,18,20,0.0,3.13,0.0
2020-01-18 21:11:00,1,18,21,0.0,2.6,0.0
2020-01-18 22:11:00,1,18,22,0.0,2.07,0.0
2020-01-18 23:11:00,1,18,23,0.0,2.07,0.0
2020-01-19 00:11:00,1,19,0,0.0,2.07,0.0
2020-01-19 01:11:00,1,19,1,0.0,1.54,0.0
2020-01-19 02:11:00,1,19,2,0.0,1.54,0.0
2020-01-19 03:11:00,1,19,3,0.0,1.01,0.0
2020-01-19 04:11:00,1,19,4,0.0,1.01,0.0
2020-01-19 05:11:00,1,19,5,0.0,0.48,0.0
2020-01-19 06:11:00,1,19,6,0.0,0.48,0.0
2020-01-19 07:11:00,1,19,7,0.0,0.48,0.0
2020-01-19 08:11:00,1,19,8,0.0,0.48,0.0
2020-01-19 09:11:00,1,19,9,12.2,1.01,0.00331
2020-01-19 10:11:00,1,19,10,111.0,2.07,0.08567
2020-01-19 11:11:00,1,19,11,542.8,3.66,0.47404
2020-01-19 12:11:00,1,19,12,690.7,4.72,0.59501
2020-01-19 13:11:00,1,19,13,707.4,5.78,0.607
2020-01-19 14:11:00,1,19,14,556.0,5.25,0.48234
2020-01-19 15:11:00,1,19,15,108.8,5.25,0.08215
2020-01-19 16:11:00,1,19,16,0.0,5.25,0.0
2020-01-19 17:11:00,1,19,17,0.0,4.72,0.0
2020-01-19 18:11:00,1,19,18,0.0,4.72,0.0
2020-01-19 19:11:00,1,19,19,0.0,4.19,0.0
2020-01-19 20:11:00,1,19,20,0.0,4.19,0.0
2020-01-19 21:11:00,1,19,21,0.0,4.19,0.0
2020-01-19 22:11:00,1,19,22,0.0,4.19,0.0
2020-01-19 23:11:00,1,19,23,0.0,4.72,0.0
2020-01-20 00:11:00,1,20,0,0.0,4.72,0.0
2020-01-20 01:11:00,1,20,1,0.0,4.19,0.0
2020-01-20 02:11:00,1,20,2,0.0,3.66,0.0
2020-01-20 03:11:00,1,20,3,0.0,3.66,0.0
2020-01-20 04:11:00,1,20,4,0.0,3.66,0.0
2020-01-20 05:11:00,1,20,5,0.0,3.66,0.0
2020-01-20 06:11:00,1,20,6,0.0,3.66,0.0
2020-01-20 07:11:00,1,20,7,0.0,4.19,0.0
2020-01-20 08:11:00,1,20,8,0.0,4.19,0.0
2020-01-20 09:11:00,1,20,9,154.7,4.72,0.12509
2020-01-20 10:11:00,1,20,10,257.8,5.25,0.21999
2020-01-20 11:11:00,1,20,11,567.0,5.78,0.49458
2020-01-20 12:11:00,1,20,12,621.2,6.84,0.53967
2020-01-20 13:11:00,1,20,13,538.5,7.37,0.46849
2020-01-20 14:11:00,1,20,14,464.5,7.37,0.40401
2020-01-20 15:11:00,1,20,15,332.2,6.84,0.28444
2020-01-20 16:11:00,1,20,16,0.0,6.31,0.0
2020-01-20 17:11:00,1,20,17,0.0,6.31,0.0
2020-01-20 18:11:00,1,20,18,0.0,5.78,0.0
2020-01-20 19:11:00,1,20,19,0.0,5.78,0.0
2020-01-20 20:11:00,1,20,20,0.0,5.78,0.0
2020-01-20 21:11:00,1,20,21,0.0,5.78,0.0
2020-01-20 22:11:00,1,20,22,0.0,5.78,0.0
2020-01-20 23:11:00,1,20,23,0.0,5.78,0.0
2020-01-21 00:11:00,1,21,0,0.0,5.78,0.0
2020-01-21 01:11:00,1,21,1,0.0,5.78,0.0
2020-01-21 02:11:00,1,21,2,0.0,5.78,0.0
2020-01-21 03:11:00,1,21,3,0.0,5.25,0.0
2020-01-21 04:11:00,1,21,4,0.0,5.25,0.0
2020-01-21 05:11:00,1,21,5,0.0,5.25,0.0
2020-01-21 06:11:00,1,21,6,0.0,5.78,0.0
2020-01-21 07:11:00,1,21,7,0.0,5.25,0.0
2020-01-21 08:11:00,1,21,8,0.0,5.25,0.0
2020-01-21 09:11:00,1,21,9,12.2,5.78,0.0032
2020-01-21 10:11:00,1,21,10,128.1,6.84,0.09929
2020-01-21 11:11:00,1,21,11,260.4,7.9,0.21874
2020-01-21 12:11:00,1,21,12,39.3,8.43,0.02193
2020-01-21 13:11:00,1,21,13,449.8,8.96,0.38581
2020-01-21 14:11:00,1,21,14,48.1,8.96,0.02872
2020-01-21 15:11:00,1,21,15,42.9,8.96,0.0248
2020-01-21 16:11:00,1,21,16,0.0,8.43,0.0
2020-01-21 17:11:00,1,21,17,0.0,8.43,0.0
2020-01-21 18:11:00,1,21,18,0.0,8.43,0.0
2020-01-21 19:11:00,1,21,19,0.0,7.9,0.0
2020-01-21 20:11:00,1,21,20,0.0,7.9,0.0
2020-01-21 21:11:00,1,21,21,0.0,7.9,0.0
2020-01-21 22:11:00,1,21,22,0.0,7.9,0.0
2020-01-21 23:11:00,1,21,23,0.0,7.9,0.0
2020-01-22 00:11:00,1,22,0,0.0,7.9,0.0
2020-01-22 01:11:00,1,22,1,0.0,7.9,0.0
2020-01-22 02:11:00,1,22,2,0.0,7.9,0.0
2020-01-22 03:11:00,1,22,3,0.0,7.9,0.0
2020-01-22 04:11:00,1,22,4,0.0,7.9,0.0
2020-01-22 05:11:00,1,22,5,0.0,7.9,0.0
2020-01-22 06:11:00,1,22,6,0.0,7.9,0.0
2020-01-22 07:11:00,1,22,7,0.0,8.43,0.0
2020-01-22 08:11:00,1,22,8,0.0,8.43,0.0
2020-01-22 09:11:00,1,22,9,93.7,8.43,0.06813
2020-01-22 10:11:00,1,22,10,283.1,8.96,0.23835
2020-01-22 11:11:00,1,22,11,503.2,10.02,0.42832
2020-01-22 12:11:00,1,22,12,418.2,10.55,0.35496
2020-01-22 13:11:00,1,22,13,335.6,10.55,0.28262
2020-01-22 14:11:00,1,22,14,355.0,10.55,0.29921
2020-01-22 15:11:00,1,22,15,316.8,10.02,0.2639
2020-01-22 16:11:00,1,22,16,0.0,8.96,0.0
2020-01-22 17:11:00,1,22,17,0.0,7.9,0.0
2020-01-22 18:11:00,1,22,18,0.0,7.9,0.0
2020-01-22 19:11:00,1,22,19,0.0,7.37,0.0
2020-01-22 20:11:00,1,22,20,0.0,6.84,0.0
2020-01-22 21:11:00,1,22,21,0.0,6.84,0.0
2020-01-22 22:11:00,1,22,22,0.0,6.31,0.0
2020-01-22 23:11:00,1,22,23,0.0,6.31,0.0
2020-01-23 00:11:00,1,23,0,0.0,6.31,0.0
2020-01-23 01:11:00,1,23,1,0.0,6.31,0.0
2020-01-23 02:11:00,1,23,2,0.0,6.84,0.0
2020-01-23 03:11:00,1,23,3,0.0,6.84,0.0
2020-01-23 04:11:00,1,23,4,0.0,6.84,0.0
2020-01-23 05:11:00,1,23,5,0.0,7.37,0.0
2020-01-23 06:11:00,1,23,6,0.0,7.37,0.0
2020-01-23 07:11:00,1,23,7,0.0,7.9,0.0
2020-01-23 08:11:00,1,23,8,0.0,7.9,0.0
2020-01-23 09:11:00,1,23,9,58.7,7.9,0.03801
2020-01-23 10:11:00,1,23,10,73.7,7.9,0.05043
2020-01-23 11:11:00,1,23,11,132.1,7.9,0.10195
2020-01-23 12:11:00,1,23,12,64.7,8.43,0.04238
2020-01-23 13:11:00,1,23,13,50.7,8.96,0.03082
2020-01-23 14:11:00,1,23,14,28.0,8.96,0.01339
2020-01-23 15:11:00,1,23,15,22.7,8.43,0.00974
2020-01-23 16:11:00,1,23,16,0.0,8.43,0.0
2020-01-23 17:11:00,1,23,17,0.0,7.9,0.0
2020-01-23 18:11:00,1,23,18,0.0,7.9,0.0
2020-01-23 19:11:00,1,23,19,0.0,7.37,0.0
2020-01-23 20:11:00,1,23,20,0.0,6.84,0.0
2020-01-23 21:11:00,1,23,21,0.0,6.31,0.0
2020-01-23 22:11:00,1,23,22,0.0,6.31,0.0
2020-01-23 23:11:00,1,23,23,0.0,6.31,0.0
2020-01-24 00:11:00,1,24,0,0.0,6.31,0.0
2020-01-24 01:11:00,1,24,1,0.0,5.78,0.0
2020-01-24 02:11:00,1,24,2,0.0,5.78,0.0
2020-01-24 03:11:00,1,24,3,0.0,5.78,0.0
2020-01-24 04:11:00,1,24,4,0.0,5.78,0.0
2020-01-24 05:11:00,1,24,5,0.0,5.78,0.0
2020-01-24 06:11:00,1,24,6,0.0,6.31,0.0
2020-01-24 07:11:00,1,24,7,0.0,6.31,0.0
2020-01-24 08:11:00,1,24,8,0.0,6.31,0.0
2020-01-24 09:11:00,1,24,9,16.6,6.84,0.00579
2020-01-24 10:11:00,1,24,10,157.0,7.37,0.12513
2020-01-24 11:11:00,1,24,11,81.8,7.9,0.05712
2020-01-24 12:11:00,1,24,12,55.1,7.9,0.03455
2020-01-24 13:11:00,1,24,13,36.7,8.43,0.01992
2020-01-24 14:11:00,1,24,14,49.0,8.43,0.02949
2020-01-24 15:11:00,1,24,15,29.7,7.9,0.01473
2020-01-24 16:11:00,1,24,16,0.0,7.9,0.0
2020-01-24 17:11:00,1,24,17,0.0,7.9,0.0
2020-01-24 18:11:00,1,24,18,0.0,7.37,0.0
2020-01-24 19:11:00,1,24,19,0.0,7.9,0.0
2020-01-24 20:11:00,1,24,20,0.0,7.37,0.0
2020-01-24 21:11:00,1,24,21,0.0,7.37,0.0
2020-01-24 22:11:00,1,24,22,0.0,7.37,0.0
2020-01-24 23:11:00,1,24,23,0.0,7.37,0.0
2020-01-25 00:11:00,1,25,0,0.0,6.84,0.0
2020-01-25 01:11:00,1,25,1,0.0,6.84,0.0
2020-01-25 02:11:00,1,25,2,0.0,6.84,0.0
2020-01-25 03:11:00,1,25,3,0.0,6.84,0.0
2020-01-25 04:11:00,1,25,4,0.0,6.84,0.0
2020-01-25 05:11:00,1,25,5,0.0,6.31,0.0
2020-01-25 06:11:00,1,25,6,0.0,6.31,0.0
2020-01-25 07:11:00,1,25,7,0.0,6.31,0.0
2020-01-25 08:11:00,1,25,8,0.0,6.31,0.0
2020-01-25 09:11:00,1,25,9,23.6,6.31,0.01047
2020-01-25 10:11:00,1,25,10,27.1,6.31,0.01295
2020-01-25 11:11:00,1,25,11,38.5,7.37,0.02138
2020-01-25 12:11:00,1,25,12,50.7,7.9,0.031
2020-01-25 13:11:00,1,25,13,34.1,7.9,0.01799
2020-01-25 14:11:00,1,25,14,19.2,7.9,0.00743
2020-01-25 15:11:00,1,25,15,179.4,7.9,0.14468
2020-01-25 16:11:00,1,25,16,0.0,7.37,0.0
2020-01-25 17:11:00,1,25,17,0.0,6.84,0.0
2020-01-25 18:11:00,1,25,18,0.0,6.31,0.0
2020-01-25 19:11:00,1,25,19,0.0,5.78,0.0
2020-01-25 20:11:00,1,25,20,0.0,5.78,0.0
2020-01-25 21:11:00,1,25,21,0.0,5.25,0.0
2020-01-25 22:11:00,1,25,22,0.0,5.78,0.0
2020-01-25 23:11:00,1,25,23,0.0,5.78,0.0
2020-01-26 00:11:00,1,26,0,0.0,5.78,0.0
2020-01-26 01:11:00,1,26,1,0.0,6.31,0.0
2020-01-26 02:11:00,1,26,2,0.0,6.31,0.0
2020-01-26 03:11:00,1,26,3,0.0,6.84,0.0
2020-01-26 04:11:00,1,26,4,0.0,6.84,0.0
2020-01-26 05:11:00,1,26,5,0.0,6.84,0.0
2020-01-26 06:11:00,1,26,6,0.0,6.84,0.0
2020-01-26 07:11:00,1,26,7,0.0,6.84,0.0
2020-01-26 08:11:00,1,26,8,0.0,6.84,0.0
2020-01-26 09:11:00,1,26,9,279.4,6.84,0.23815
2020-01-26 10:11:00,1,26,10,48.1,6.84,0.02906
2020-01-26 11:11:00,1,26,11,42.8,7.37,0.0248
2020-01-26 12:11:00,1,26,12,31.5,7.37,0.01608
2020-01-26 13:11:00,1,26,13,40.2,7.37,0.02275
2020-01-26 14:11:00,1,26,14,30.6,7.37,0.01543
2020-01-26 15:11:00,1,26,15,35.8,7.37,0.01936
2020-01-26 16:11:00,1,26,16,0.0,6.84,0.0
2020-01-26 17:11:00,1,26,17,0.0,6.31,0.0
2020-01-26 18:11:00,1,26,18,0.0,5.25,0.0
2020-01-26 19:11:00,1,26,19,0.0,4.72,0.0
2020-01-26 20:11:00,1,26,20,0.0,3.66,0.0
2020-01-26 21:11:00,1,26,21,0.0,2.6,0.0
2020-01-26 22:11:00,1,26,22,0.0,2.07,0.0
2020-01-26 23:11:00,1,26,23,0.0,1.54,0.0
2020-01-27 00:11:00,1,27,0,0.0,1.54,0.0
2020-01-27 01:11:00,1,27,1,0.0,1.54,0.0
2020-01-27 02:11:00,1,27,2,0.0,2.07,0.0
2020-01-27 03:11:00,1,27,3,0.0,3.13,0.0
2020-01-27 04:11:00,1,27,4,0.0,3.66,0.0
2020-01-27 05:11:00,1,27,5,0.0,4.19,0.0
2020-01-27 06:11:00,1,27,6,0.0,3.66,0.0
2020-01-27 07:11:00,1,27,7,0.0,4.19,0.0
2020-01-27 08:11:00,1,27,8,0.0,3.66,0.0
2020-01-27 09:11:00,1,27,9,318.2,3.66,0.27675
2020-01-27 10:11:00,1,27,10,511.7,4.19,0.45136
2020-01-27 11:11:00,1,27,11,768.3,4.72,0.66653
2020-01-27 12:11:00,1,27,12,812.5,5.78,0.70737
2020-01-27 13:11:00,1,27,13,742.9,5.78,0.64955
2020-01-27 14:11:00,1,27,14,537.9,5.78,0.47081
2020-01-27 15:11:00,1,27,15,337.0,5.78,0.28971
2020-01-27 16:11:00,1,27,16,0.0,4.72,0.0
2020-01-27 17:11:00,1,27,17,0.0,3.66,0.0
2020-01-27 18:11:00,1,27,18,0.0,3.13,0.0
2020-01-27 19:11:00,1,27,19,0.0,2.6,0.0
2020-01-27 20:11:00,1,27,20,0.0,2.6,0.0
2020-01-27 21:11:00,1,27,21,0.0,2.07,0.0
2020-01-27 22:11:00,1,27,22,0.0,2.07,0.0
2020-01-27 23:11:00,1,27,23,0.0,2.07,0.0
2020-01-28 00:11:00,1,28,0,0.0,2.07,0.0
2020-01-28 01:11:00,1,28,1,0.0,2.07,0.0
2020-01-28 02:11:00,1,28,2,0.0,2.07,0.0
2020-01-28 03:11:00,1,28,3,0.0,2.6,0.0
2020-01-28 04:11:00,1,28,4,0.0,2.07,0.0
2020-01-28 05:11:00,1,28,5,0.0,2.07,0.0
2020-01-28 06:11:00,1,28,6,0.0,1.54,0.0
2020-01-28 07:11:00,1,28,7,0.0,1.54,0.0
2020-01-28 08:11:00,1,28,8,0.0,1.54,0.0
2020-01-28 09:11:00,1,28,9,389.8,1.54,0.34638
2020-01-28 10:11:00,1,28,10,459.6,2.07,0.40983
2020-01-28 11:11:00,1,28,11,461.0,3.13,0.40707
2020-01-28 12:11:00,1,28,12,730.4,3.66,0.64145
2020-01-28 13:11:00,1,28,13,220.3,4.19,0.18563
2020-01-28 14:11:00,1,28,14,461.5,4.19,0.40716
2020-01-28 15:11:00,1,28,15,262.1,4.19,0.22394
2020-01-28 16:11:00,1,28,16,0.0,4.19,0.0
2020-01-28 17:11:00,1,28,17,0.0,4.19,0.0
2020-01-28 18:11:00,1,28,18,0.0,4.19,0.0
2020-01-28 19:11:00,1,28,19,0.0,3.13,0.0
2020-01-28 20:11:00,1,28,20,0.0,3.66,0.0
2020-01-28 21:11:00,1,28,21,0.0,3.66,0.0
2020-01-28 22:11:00,1,28,22,0.0,3.66,0.0
2020-01-28 23:11:00,1,28,23,0.0,3.66,0.0
2020-01-29 00:11:00,1,29,0,0.0,3.66,0.0
2020-01-29 01:11:00,1,29,1,0.0,3.66,0.0
2020-01-29 02:11:00,1,29,2,0.0,3.13,0.0
2020-01-29 03:11:00,1,29,3,0.0,3.13,0.0
2020-01-29 04:11:00,1,29,4,0.0,2.6,0.0
2020-01-29 05:11:00,1,29,5,0.0,2.6,0.0
2020-01-29 06:11:00,1,29,6,0.0,2.6,0.0
2020-01-29 07:11:00,1,29,7,0.0,2.6,0.0
2020-01-29 08:11:00,1,29,8,0.0,2.6,0.0
2020-01-29 09:11:00,1,29,9,173.7,3.13,0.14381
2020-01-29 10:11:00,1,29,10,354.5,3.66,0.31209
2020-01-29 11:11:00,1,29,11,392.0,4.72,0.3439
2020-01-29 12:11:00,1,29,12,576.6,5.78,0.5072
2020-01-29 13:11:00,1,29,13,189.4,6.31,0.15539
2020-01-29 14:11:00,1,29,14,37.6,6.31,0.02083
2020-01-29 15:11:00,1,29,15,127.6,6.31,0.09898
2020-01-29 16:11:00,1,29,16,0.0,6.31,0.0
2020-01-29 17:11:00,1,29,17,0.0,6.31,0.0
2020-01-29 18:11:00,1,29,18,0.0,6.84,0.0
2020-01-29 19:11:00,1,29,19,0.0,7.37,0.0
2020-01-29 20:11:00,1,29,20,0.0,7.9,0.0
2020-01-29 21:11:00,1,29,21,0.0,7.9,0.0
2020-01-29 22:11:00,1,29,22,0.0,7.9,0.0
2020-01-29 23:11:00,1,29,23,0.0,7.9,0.0
2020-01-30 00:11:00,1,30,0,0.0,7.9,0.0
2020-01-30 01:11:00,1,30,1,0.0,7.9,0.0
2020-01-30 02:11:00,1,30,2,0.0,7.9,0.0
2020-01-30 03:11:00,1,30,3,0.0,7.9,0.0
2020-01-30 04:11:00,1,30,4,0.0,7.9,0.0
2020-01-30 05:11:00,1,30,5,0.0,7.9,0.0
2020-01-30 06:11:00,1,30,6,0.0,7.37,0.0
2020-01-30 07:11:00,1,30,7,0.0,7.37,0.0
2020-01-30 08:11:00,1,30,8,0.0,6.84,0.0
2020-01-30 09:11:00,1,30,9,91.7,6.84,0.06676
2020-01-30 10:11:00,1,30,10,86.1,7.37,0.06129
2020-01-30 11:11:00,1,30,11,152.3,7.9,0.12033
2020-01-30 12:11:00,1,30,12,66.4,7.9,0.04398
2020-01-30 13:11:00,1,30,13,60.3,8.43,0.0388
2020-01-30 14:11:00,1,30,14,341.8,9.49,0.29303
2020-01-30 15:11:00,1,30,15,389.0,10.02,0.33331
2020-01-30 16:11:00,1,30,16,0.0,10.02,0.0
2020-01-30 17:11:00,1,30,17,0.0,9.49,0.0
2020-01-30 18:11:00,1,30,18,0.0,9.49,0.0
2020-01-30 19:11:00,1,30,19,0.0,8.96,0.0
2020-01-30 20:11:00,1,30,20,0.0,7.9,0.0
2020-01-30 21:11:00,1,30,21,0.0,7.9,0.0
2020-01-30 22:11:00,1,30,22,0.0,7.37,0.0
2020-01-30 23:11:00,1,30,23,0.0,7.37,0.0
2020-01-31 00:11:00,1,31,0,0.0,6.84,0.0
2020-01-31 01:11:00,1,31,1,0.0,6.31,0.0
2020-01-31 02:11:00,1,31,2,0.0,5.78,0.0
2020-01-31 03:11:00,1,31,3,0.0,5.78,0.0
2020-01-31 04:11:00,1,31,4,0.0,6.31,0.0
2020-01-31 05:11:00,1,31,5,0.0,7.37,0.0
2020-01-31 06:11:00,1,31,6,0.0,7.9,0.0
2020-01-31 07:11:00,1,31,7,0.0,9.49,0.0
2020-01-31 08:11:00,1,31,8,0.0,10.02,0.0
2020-01-31 09:11:00,1,31,9,47.1,10.02,0.02802
2020-01-31 10:11:00,1,31,10,28.8,10.02,0.01395
2020-01-31 11:11:00,1,31,11,248.4,10.02,0.20702
2020-01-31 12:11:00,1,31,12,208.0,10.02,0.16992
2020-01-31 13:11:00,1,31,13,476.0,10.02,0.41202
2020-01-31 14:11:00,1,31,14,552.5,10.55,0.47832
2020-01-31 15:11:00,1,31,15,95.2,10.55,0.06845
2020-01-31 16:11:00,1,31,16,2.4,10.55,0.0
2020-01-31 17:11:00,1,31,17,0.0,10.55,0.0
2020-01-31 18:11:00,1,31,18,0.0,10.02,0.0
2020-01-31 19:11:00,1,31,19,0.0,10.02,0.0
2020-01-31 20:11:00,1,31,20,0.0,9.49,0.0
2020-01-31 21:11:00,1,31,21,0.0,9.49,0.0
2020-01-31 22:11:00,1,31,22,0.0,9.49,0.0
2020-01-31 23:11:00,1,31,23,0.0,9.49,0.0
2020-02-01 00:11:00,2,32,0,0.0,9.49,0.0
2020-02-01 01:11:00,2,32,1,0.0,9.49,0.0
2020-02-01 02:11:00,2,32,2,0.0,8.96,0.0
2020-02-01 03:11:00,2,32,3,0.0,7.9,0.0
2020-02-01 04:11:00,2,32,4,0.0,7.9,0.0
2020-02-01 05:11:00,2,32,5,0.0,7.9,0.0
2020-02-01 06:11:00,2,32,6,0.0,7.37,0.0
2020-02-01 07:11:00,2,32,7,0.0,7.9,0.0
2020-02-01 08:11:00,2,32,8,0.0,7.9,0.0
2020-02-01 09:11:00,2,32,9,248.4,7.9,0.2099
2020-02-01 10:11:00,2,32,10,519.4,7.9,0.45774
2020-02-01 11:11:00,2,32,11,750.1,7.9,0.65851
2020-02-01 12:11:00,2,32,12,599.9,7.9,0.52706
2020-02-01 13:11:00,2,32,13,595.6,7.9,0.52321
2020-02-01 14:11:00,2,32,14,442.5,7.9,0.38713
2020-02-01 15:11:00,2,32,15,137.4,7.9,0.10713
2020-02-01 16:11:00,2,32,16,3.2,7.9,0.0
2020-02-01 17:11:00,2,32,17,0.0,7.9,0.0
2020-02-01 18:11:00,2,32,18,0.0,7.37,0.0
2020-02-01 19:11:00,2,32,19,0.0,7.37,0.0
2020-02-01 20:11:00,2,32,20,0.0,6.84,0.0
2020-02-01 21:11:00,2,32,21,0.0,6.84,0.0
2020-02-01 22:11:00,2,32,22,0.0,6.31,0.0
2020-02-01 23:11:00,2,32,23,0.0,5.25,0.0
2020-02-02 00:11:00,2,33,0,0.0,4.72,0.0
2020-02-02 01:11:00,2,33,1,0.0,4.19,0.0
2020-02-02 02:11:00,2,33,2,0.0,3.66,0.0
2020-02-02 03:11:00,2,33,3,0.0,3.66,0.0
2020-02-02 04:11:00,2,33,4,0.0,3.13,0.0
2020-02-02 05:11:00,2,33,5,0.0,3.13,0.0
2020-02-02 06:11:00,2,33,6,0.0,3.13,0.0
2020-02-02 07:11:00,2,33,7,0.0,3.66,0.0
2020-02-02 08:11:00,2,33,8,0.0,3.66,0.0
2020-02-02 09:11:00,2,33,9,64.3,4.19,0.04324
2020-02-02 10:11:00,2,33,10,30.6,4.72,0.01563
2020-02-02 11:11:00,2,33,11,74.3,5.25,0.05114
2020-02-02 12:11:00,2,33,12,57.7,5.25,0.03713
2020-02-02 13:11:00,2,33,13,349.5,5.78,0.30004
2020-02-02 14:11:00,2,33,14,220.9,6.31,0.18344
2020-02-02 15:11:00,2,33,15,410.0,7.37,0.35205
2020-02-02 16:11:00,2,33,16,11.1,7.9,0.00253
2020-02-02 17:11:00,2,33,17,0.0,7.37,0.0
2020-02-02 18:11:00,2,33,18,0.0,7.37,0.0
2020-02-02 19:11:00,2,33,19,0.0,7.9,0.0
2020-02-02 20:11:00,2,33,20,0.0,7.37,0.0
2020-02-02 21:11:00,2,33,21,0.0,7.37,0.0
2020-02-02 22:11:00,2,33,22,0.0,7.37,0.0
2020-02-02 23:11:00,2,33,23,0.0,7.37,0.0
2020-02-03 00:11:00,2,34,0,0.0,7.37,0.0
2020-02-03 01:11:00,2,34,1,0.0,7.9,0.0
2020-02-03 02:11:00,2,34,2,0.0,7.37,0.0
2020-02-03 03:11:00,2,34,3,0.0,7.9,0.0
2020-02-03 04:11:00,2,34,4,0.0,7.9,0.0
2020-02-03 05:11:00,2,34,5,0.0,7.37,0.0
2020-02-03 06:11:00,2,34,6,0.0,6.84,0.0
2020-02-03 07:11:00,2,34,7,0.0,6.31,0.0
2020-02-03 08:11:00,2,34,8,0.0,5.25,0.0
2020-02-03 09:11:00,2,34,9,413.8,5.25,0.36409
2020-02-03 10:11:00,2,34,10,683.9,5.78,0.60323
2020-02-03 11:11:00,2,34,11,813.5,6.31,0.71274
2020-02-03 12:11:00,2,34,12,873.3,6.31,0.76468
2020-02-03 13:11:00,2,34,13,811.6,6.31,0.71408
2020-02-03 14:11:00,2,34,14,687.7,6.31,0.60707
2020-02-03 15:11:00,2,34,15,419.5,5.78,0.3675
2020-02-03 16:11:00,2,34,16,14.3,5.25,0.00441
2020-02-03 17:11:00,2,34,17,0.0,4.72,0.0
2020-02-03 18:11:00,2,34,18,0.0,4.19,0.0
2020-02-03 19:11:00,2,34,19,0.0,4.19,0.0
2020-02-03 20:11:00,2,34,20,0.0,3.66,0.0
2020-02-03 21:11:00,2,34,21,0.0,3.66,0.0
2020-02-03 22:11:00,2,34,22,0.0,3.66,0.0
2020-02-03 23:11:00,2,34,23,0.0,3.13,0.0
2020-02-04 00:11:00,2,35,0,0.0,3.13,0.0
2020-02-04 01:11:00,2,35,1,0.0,2.6,0.0
2020-02-04 02:11:00,2,35,2,0.0,2.6,0.0
2020-02-04 03:11:00,2,35,3,0.0,2.6,0.0
2020-02-04 04:11:00,2,35,4,0.0,2.6,0.0
2020-02-04 05:11:00,2,35,5,0.0,3.13,0.0
2020-02-04 06:11:00,2,35,6,0.0,4.19,0.0
2020-02-04 07:11:00,2,35,7,0.0,4.72,0.0
2020-02-04 08:11:00,2,35,8,0.0,5.25,0.0
2020-02-04 09:11:00,2,35,9,111.4,5.78,0.08475
2020-02-04 10:11:00,2,35,10,216.0,6.84,0.1801
2020-02-04 11:11:00,2,35,11,773.9,7.37,0.67007
2020-02-04 12:11:00,2,35,12,421.2,7.9,0.36614
2020-02-04 13:11:00,2,35,13,174.5,7.9,0.1405
2020-02-04 14:11:00,2,35,14,187.5,7.9,0.15254
2020-02-04 15:11:00,2,35,15,414.7,7.9,0.3567
2020-02-04 16:11:00,2,35,16,15.9,7.37,0.00531
2020-02-04 17:11:00,2,35,17,0.0,6.84,0.0
2020-02-04 18:11:00,2,35,18,0.0,6.31,0.0
2020-02-04 19:11:00,2,35,19,0.0,5.25,0.0
2020-02-04 20:11:00,2,35,20,0.0,4.19,0.0
2020-02-04 21:11:00,2,35,21,0.0,3.66,0.0
2020-02-04 22:11:00,2,35,22,0.0,3.13,0.0
2020-02-04 23:11:00,2,35,23,0.0,2.07,0.0
2020-02-05 00:11:00,2,36,0,0.0,2.07,0.0
2020-02-05 01:11:00,2,36,1,0.0,2.07,0.0
2020-02-05 02:11:00,2,36,2,0.0,2.07,0.0
2020-02-05 03:11:00,2,36,3,0.0,2.07,0.0
2020-02-05 04:11:00,2,36,4,0.0,2.07,0.0
2020-02-05 05:11:00,2,36,5,0.0,2.07,0.0
2020-02-05 06:11:00,2,36,6,0.0,1.54,0.0
2020-02-05 07:11:00,2,36,7,0.0,1.54,0.0
2020-02-05 08:11:00,2,36,8,0.0,1.54,0.0
2020-02-05 09:11:00,2,36,9,80.3,2.6,0.05765
2020-02-05 10:11:00,2,36,10,100.7,4.19,0.07497
2020-02-05 11:11:00,2,36,11,98.0,5.25,0.0719
2020-02-05 12:11:00,2,36,12,284.6,6.31,0.24139
2020-02-05 13:11:00,2,36,13,265.1,6.84,0.22322
2020-02-05 14:11:00,2,36,14,171.1,7.37,0.13737
2020-02-05 15:11:00,2,36,15,178.1,7.37,0.14368
2020-02-05 16:11:00,2,36,16,16.7,6.84,0.00582
2020-02-05 17:11:00,2,36,17,0.0,5.78,0.0
2020-02-05 18:11:00,2,36,18,0.0,4.72,0.0
2020-02-05 19:11:00,2,36,19,0.0,5.25,0.0
2020-02-05 20:11:00,2,36,20,0.0,4.72,0.0
2020-02-05 21:11:00,2,36,21,0.0,3.66,0.0
2020-02-05 22:11:00,2,36,22,0.0,3.66,0.0
2020-02-05 23:11:00,2,36,23,0.0,3.13,0.0
2020-02-06 00:11:00,2,37,0,0.0,3.66,0.0
2020-02-06 01:11:00,2,37,1,0.0,3.66,0.0
2020-02-06 02:11:00,2,37,2,0.0,4.19,0.0
2020-02-06 03:11:00,2,37,3,0.0,4.19,0.0
2020-02-06 04:11:00,2,37,4,0.0,4.19,0.0
2020-02-06 05:11:00,2,37,5,0.0,4.19,0.0
2020-02-06 06:11:00,2,37,6,0.0,4.19,0.0
2020-02-06 07:11:00,2,37,7,0.0,3.66,0.0
2020-02-06 08:11:00,2,37,8,0.0,3.66,0.0
2020-02-06 09:11:00,2,37,9,378.1,4.19,0.32737
2020-02-06 10:11:00,2,37,10,679.0,5.25,0.58329
2020-02-06 11:11:00,2,37,11,771.3,6.31,0.65402
2020-02-06 12:11:00,2,37,12,839.8,6.84,0.69841
2020-02-06 13:11:00,2,37,13,698.3,7.37,0.58366
2020-02-06 14:11:00,2,37,14,681.7,7.9,0.56856
2020-02-06 15:11:00,2,37,15,409.0,7.37,0.34505
2020-02-06 16:11:00,2,37,16,17.5,7.37,0.00629
2020-02-06 17:11:00,2,37,17,0.0,6.31,0.0
2020-02-06 18:11:00,2,37,18,0.0,4.72,0.0
2020-02-06 19:11:00,2,37,19,0.0,4.19,0.0
2020-02-06 20:11:00,2,37,20,0.0,2.6,0.0
2020-02-06 21:11:00,2,37,21,0.0,2.07,0.0
2020-02-06 22:11:00,2,37,22,0.0,1.01,0.0
2020-02-06 23:11:00,2,37,23,0.0,1.01,0.0
2020-02-07 00:11:00,2,38,0,0.0,0.48,0.0
2020-02-07 01:11:00,2,38,1,0.0,1.01,0.0
2020-02-07 02:11:00,2,38,2,0.0,1.01,0.0
2020-02-07 03:11:00,2,38,3,0.0,1.01,0.0
2020-02-07 04:11:00,2,38,4,0.0,1.01,0.0
2020-02-07 05:11:00,2,38,5,0.0,1.01,0.0
2020-02-07 06:11:00,2,38,6,0.0,1.01,0.0
2020-02-07 07:11:00,2,38,7,0.0,1.01,0.0
2020-02-07 08:11:00,2,38,8,0.0,1.01,0.0
2020-02-07 09:11:00,2,38,9,37.6,1.01,0.02139
2020-02-07 10:11:00,2,38,10,43.7,1.54,0.02625
2020-02-07 11:11:00,2,38,11,155.4,2.6,0.1258
2020-02-07 12:11:00,2,38,12,850.5,3.66,0.74225
2020-02-07 13:11:00,2,38,13,820.7,4.72,0.7145
2020-02-07 14:11:00,2,38,14,706.0,5.78,0.61592
2020-02-07 15:11:00,2,38,15,135.7,6.31,0.10596
2020-02-07 16:11:00,2,38,16,3.5,6.31,0.0
2020-02-07 17:11:00,2,38,17,0.0,5.78,0.0
2020-02-07 18:11:00,2,38,18,0.0,5.25,0.0
2020-02-07 19:11:00,2,38,19,0.0,4.72,0.0
2020-02-07 20:11:00,2,38,20,0.0,4.72,0.0
2020-02-07 21:11:00,2,38,21,0.0,5.25,0.0
2020-02-07 22:11:00,2,38,22,0.0,5.78,0.0
2020-02-07 23:11:00,2,38,23,0.0,6.31,0.0
2020-02-08 00:11:00,2,39,0,0.0,7.37,0.0
2020-02-08 01:11:00,2,39,1,0.0,7.9,0.0
2020-02-08 02:11:00,2,39,2,0.0,8.43,0.0
2020-02-08 03:11:00,2,39,3,0.0,8.43,0.0
2020-02-08 04:11:00,2,39,4,0.0,7.9,0.0
2020-02-08 05:11:00,2,39,5,0.0,6.84,0.0
2020-02-08 06:11:00,2,39,6,0.0,6.31,0.0
2020-02-08 07:11:00,2,39,7,0.0,5.25,0.0
2020-02-08 08:11:00,2,39,8,19.6,4.72,0.00776
2020-02-08 09:11:00,2,39,9,478.8,4.72,0.42111
2020-02-08 10:11:00,2,39,10,712.0,5.78,0.62049
2020-02-08 11:11:00,2,39,11,812.7,6.31,0.70855
2020-02-08 12:11:00,2,39,12,455.5,7.37,0.39678
2020-02-08 13:11:00,2,39,13,643.4,7.9,0.56008
2020-02-08 14:11:00,2,39,14,688.5,7.9,0.6006
2020-02-08 15:11:00,2,39,15,148.8,7.9,0.11723
2020-02-08 16:11:00,2,39,16,187.5,7.9,0.14703
2020-02-08 17:11:00,2,39,17,0.0,7.37,0.0
2020-02-08 18:11:00,2,39,18,0.0,7.37,0.0
2020-02-08 19:11:00,2,39,19,0.0,7.37,0.0
2020-02-08 20:11:00,2,39,20,0.0,7.37,0.0
2020-02-08 21:11:00,2,39,21,0.0,6.84,0.0
2020-02-08 22:11:00,2,39,22,0.0,6.84,0.0
2020-02-08 23:11:00,2,39,23,0.0,6.84,0.0
2020-02-09 00:11:00,2,40,0,0.0,6.84,0.0
2020-02-09 01:11:00,2,40,1,0.0,6.84,0.0
2020-02-09 02:11:00,2,40,2,0.0,6.84,0.0
2020-02-09 03:11:00,2,40,3,0.0,7.9,0.0
2020-02-09 04:11:00,2,40,4,0.0,8.43,0.0
2020-02-09 05:11:00,2,40,5,0.0,9.49,0.0
2020-02-09 06:11:00,2,40,6,0.0,9.49,0.0
2020-02-09 07:11:00,2,40,7,0.0,9.49,0.0
2020-02-09 08:11:00,2,40,8,7.0,9.49,0.00053
2020-02-09 09:11:00,2,40,9,37.6,10.02,0.02045
2020-02-09 10:11:00,2,40,10,17.5,10.55,0.0062
2020-02-09 11:11:00,2,40,11,61.2,10.55,0.03914
2020-02-09 12:11:00,2,40,12,871.6,10.55,0.75288
2020-02-09 13:11:00,2,40,13,434.0,10.02,0.37652
2020-02-09 14:11:00,2,40,14,198.1,10.02,0.16124
2020-02-09 15:11:00,2,40,15,13.1,9.49,0.00361
2020-02-09 16:11:00,2,40,16,172.9,8.43,0.13432
2020-02-09 17:11:00,2,40,17,0.0,7.9,0.0
2020-02-09 18:11:00,2,40,18,0.0,7.37,0.0
2020-02-09 19:11:00,2,40,19,0.0,6.84,0.0
2020-02-09 20:11:00,2,40,20,0.0,6.31,0.0
2020-02-09 21:11:00,2,40,21,0.0,6.31,0.0
2020-02-09 22:11:00,2,40,22,0.0,5.78,0.0
2020-02-09 23:11:00,2,40,23,0.0,5.25,0.0
2020-02-10 00:11:00,2,41,0,0.0,5.25,0.0
2020-02-10 01:11:00,2,41,1,0.0,4.72,0.0
2020-02-10 02:11:00,2,41,2,0.0,4.19,0.0
2020-02-10 03:11:00,2,41,3,0.0,3.66,0.0
2020-02-10 04:11:00,2,41,4,0.0,3.66,0.0
2020-02-10 05:11:00,2,41,5,0.0,3.66,0.0
2020-02-10 06:11:00,2,41,6,0.0,3.13,0.0
2020-02-10 07:11:00,2,41,7,0.0,3.13,0.0
2020-02-10 08:11:00,2,41,8,9.6,3.13,0.00183
2020-02-10 09:11:00,2,41,9,331.3,3.66,0.29075
2020-02-10 10:11:00,2,41,10,647.5,4.19,0.57567
2020-02-10 11:11:00,2,41,11,756.9,4.72,0.6687
2020-02-10 12:11:00,2,41,12,707.4,4.72,0.62646
2020-02-10 13:11:00,2,41,13,219.3,4.72,0.18455
2020-02-10 14:11:00,2,41,14,241.0,4.72,0.20489
2020-02-10 15:11:00,2,41,15,482.1,4.19,0.42548
2020-02-10 16:11:00,2,41,16,123.8,4.19,0.09362
2020-02-10 17:11:00,2,41,17,0.0,3.13,0.0
2020-02-10 18:11:00,2,41,18,0.0,2.6,0.0
2020-02-10 19:11:00,2,41,19,0.0,2.6,0.0
2020-02-10 20:11:00,2,41,20,0.0,2.6,0.0
2020-02-10 21:11:00,2,41,21,0.0,3.13,0.0
2020-02-10 22:11:00,2,41,22,0.0,3.13,0.0
2020-02-10 23:11:00,2,41,23,0.0,3.13,0.0
2020-02-11 00:11:00,2,42,0,0.0,3.66,0.0
2020-02-11 01:11:00,2,42,1,0.0,3.13,0.0
2020-02-11 02:11:00,2,42,2,0.0,3.13,0.0
2020-02-11 03:11:00,2,42,3,0.0,3.13,0.0
2020-02-11 04:11:00,2,42,4,0.0,3.13,0.0
2020-02-11 05:11:00,2,42,5,0.0,3.13,0.0
2020-02-11 06:11:00,2,42,6,0.0,2.6,0.0
2020-02-11 07:11:00,2,42,7,0.0,2.6,0.0
2020-02-11 08:11:00,2,42,8,31.2,2.6,0.01617
2020-02-11 09:11:00,2,42,9,460.8,2.6,0.41347
2020-02-11 10:11:00,2,42,10,716.0,2.6,0.64554
2020-02-11 11:11:00,2,42,11,809.8,3.13,0.72448
2020-02-11 12:11:00,2,42,12,769.1,3.13,0.68833
2020-02-11 13:11:00,2,42,13,630.3,3.13,0.56682
2020-02-11 14:11:00,2,42,14,535.7,3.66,0.47978
2020-02-11 15:11:00,2,42,15,162.1,3.66,0.13218
2020-02-11 16:11:00,2,42,16,203.9,3.13,0.16616
2020-02-11 17:11:00,2,42,17,0.0,2.6,0.0
2020-02-11 18:11:00,2,42,18,0.0,2.6,0.0
2020-02-11 19:11:00,2,42,19,0.0,2.07,0.0
2020-02-11 20:11:00,2,42,20,0.0,2.07,0.0
2020-02-11 21:11:00,2,42,21,0.0,2.07,0.0
2020-02-11 22:11:00,2,42,22,0.0,2.07,0.0
2020-02-11 23:11:00,2,42,23,0.0,2.07,0.0
2020-02-12 00:11:00,2,43,0,0.0,2.07,0.0
2020-02-12 01:11:00,2,43,1,0.0,2.07,0.0
2020-02-12 02:11:00,2,43,2,0.0,2.07,0.0
2020-02-12 03:11:00,2,43,3,0.0,2.07,0.0
2020-02-12 04:11:00,2,43,4,0.0,1.54,0.0
2020-02-12 05:11:00,2,43,5,0.0,1.54,0.0
2020-02-12 06:11:00,2,43,6,0.0,1.54,0.0
2020-02-12 07:11:00,2,43,7,0.0,1.54,0.0
2020-02-12 08:11:00,2,43,8,12.2,1.54,0.0033
2020-02-12 09:11:00,2,43,9,19.2,1.54,0.00771
2020-02-12 10:11:00,2,43,10,706.6,2.07,0.63391
2020-02-12 11:11:00,2,43,11,878.2,2.6,0.77863
2020-02-12 12:11:00,2,43,12,693.2,3.13,0.61495
2020-02-12 13:11:00,2,43,13,845.6,3.13,0.74678
2020-02-12 14:11:00,2,43,14,707.0,3.13,0.62792
2020-02-12 15:11:00,2,43,15,497.6,3.13,0.44133
2020-02-12 16:11:00,2,43,16,62.9,2.6,0.04164
2020-02-12 17:11:00,2,43,17,0.0,1.54,0.0
2020-02-12 18:11:00,2,43,18,0.0,1.01,0.0
2020-02-12 19:11:00,2,43,19,0.0,0.48,0.0
2020-02-12 20:11:00,2,43,20,0.0,-0.04,0.0
2020-02-12 21:11:00,2,43,21,0.0,-0.04,0.0
2020-02-12 22:11:00,2,43,22,0.0,-0.57,0.0
2020-02-12 23:11:00,2,43,23,0.0,-0.57,0.0
2020-02-13 00:11:00,2,44,0,0.0,-0.57,0.0
2020-02-13 01:11:00,2,44,1,0.0,-0.57,0.0
2020-02-13 02:11:00,2,44,2,0.0,-0.57,0.0
2020-02-13 03:11:00,2,44,3,0.0,0.48,0.0
2020-02-13 04:11:00,2,44,4,0.0,1.01,0.0
2020-02-13 05:11:00,2,44,5,0.0,1.54,0.0
2020-02-13 06:11:00,2,44,6,0.0,2.07,0.0
2020-02-13 07:11:00,2,44,7,0.0,2.07,0.0
2020-02-13 08:11:00,2,44,8,6.1,2.07,0.00023
2020-02-13 09:11:00,2,44,9,37.6,2.07,0.02127
2020-02-13 10:11:00,2,44,10,47.2,2.07,0.029
2020-02-13 11:11:00,2,44,11,83.0,2.6,0.05934
2020-02-13 12:11:00,2,44,12,27.1,3.13,0.01317
2020-02-13 13:11:00,2,44,13,90.9,3.66,0.06609
2020-02-13 14:11:00,2,44,14,189.9,4.19,0.15666
2020-02-13 15:11:00,2,44,15,142.3,4.19,0.11278
2020-02-13 16:11:00,2,44,16,56.7,4.19,0.03614
2020-02-13 17:11:00,2,44,17,0.0,4.72,0.0
2020-02-13 18:11:00,2,44,18,0.0,4.72,0.0
2020-02-13 19:11:00,2,44,19,0.0,4.72,0.0
2020-02-13 20:11:00,2,44,20,0.0,4.72,0.0
2020-02-13 21:11:00,2,44,21,0.0,4.19,0.0
2020-02-13 22:11:00,2,44,22,0.0,3.66,0.0
2020-02-13 23:11:00,2,44,23,0.0,3.66,0.0
2020-02-14 00:11:00,2,45,0,0.0,3.13,0.0
2020-02-14 01:11:00,2,45,1,0.0,3.13,0.0
2020-02-14 02:11:00,2,45,2,0.0,2.6,0.0
2020-02-14 03:11:00,2,45,3,0.0,2.6,0.0
2020-02-14 04:11:00,2,45,4,0.0,3.13,0.0
2020-02-14 05:11:00,2,45,5,0.0,3.13,0.0
2020-02-14 06:11:00,2,45,6,0.0,3.13,0.0
2020-02-14 07:11:00,2,45,7,0.0,2.6,0.0
2020-02-14 08:11:00,2,45,8,23.6,2.6,0.01067
2020-02-14 09:11:00,2,45,9,103.8,3.13,0.07853
2020-02-14 10:11:00,2,45,10,260.2,3.66,0.22337
2020-02-14 11:11:00,2,45,11,219.6,5.25,0.18371
2020-02-14 12:11:00,2,45,12,182.2,6.31,0.14812
2020-02-14 13:11:00,2,45,13,134.8,7.9,0.10387
2020-02-14 14:11:00,2,45,14,160.4,7.9,0.12757
2020-02-14 15:11:00,2,45,15,308.8,8.43,0.26283
2020-02-14 16:11:00,2,45,16,92.3,8.43,0.06504
2020-02-14 17:11:00,2,45,17,0.0,8.43,0.0
2020-02-14 18:11:00,2,45,18,0.0,7.9,0.0
2020-02-14 19:11:00,2,45,19,0.0,7.37,0.0
2020-02-14 20:11:00,2,45,20,0.0,7.37,0.0
2020-02-14 21:11:00,2,45,21,0.0,6.84,0.0
2020-02-14 22:11:00,2,45,22,0.0,6.84,0.0
2020-02-14 23:11:00,2,45,23,0.0,6.31,0.0
2020-02-15 00:11:00,2,46,0,0.0,5.78,0.0
2020-02-15 01:11:00,2,46,1,0.0,5.25,0.0
2020-02-15 02:11:00,2,46,2,0.0,4.72,0.0
2020-02-15 03:11:00,2,46,3,0.0,4.72,0.0
2020-02-15 04:11:00,2,46,4,0.0,4.72,0.0
2020-02-15 05:11:00,2,46,5,0.0,4.72,0.0
2020-02-15 06:11:00,2,46,6,0.0,4.72,0.0
2020-02-15 07:11:00,2,46,7,0.0,4.72,0.0
2020-02-15 08:11:00,2,46,8,11.4,5.25,0.00273
2020-02-15 09:11:00,2,46,9,45.5,6.84,0.02695
2020-02-15 10:11:00,2,46,10,54.2,7.9,0.03386
2020-02-15 11:11:00,2,46,11,97.4,8.96,0.07029
2020-02-15 12:11:00,2,46,12,86.5,10.02,0.06054
2020-02-15 13:11:00,2,46,13,107.8,10.02,0.07897
2020-02-15 14:11:00,2,46,14,70.8,10.02,0.04722
2020-02-15 15:11:00,2,46,15,57.7,10.02,0.03637
2020-02-15 16:11:00,2,46,16,21.8,10.02,0.00907
2020-02-15 17:11:00,2,46,17,0.0,10.02,0.0
2020-02-15 18:11:00,2,46,18,0.0,10.55,0.0
2020-02-15 19:11:00,2,46,19,0.0,10.02,0.0
2020-02-15 20:11:00,2,46,20,0.0,8.43,0.0
2020-02-15 21:11:00,2,46,21,0.0,7.9,0.0
2020-02-15 22:11:00,2,46,22,0.0,7.9,0.0
2020-02-15 23:11:00,2,46,23,0.0,7.9,0.0
2020-02-16 00:11:00,2,47,0,0.0,7.9,0.0
2020-02-16 01:11:00,2,47,1,0.0,7.9,0.0
2020-02-16 02:11:00,2,47,2,0.0,8.96,0.0
2020-02-16 03:11:00,2,47,3,0.0,8.43,0.0
2020-02-16 04:11:00,2,47,4,0.0,8.43,0.0
2020-02-16 05:11:00,2,47,5,0.0,7.9,0.0
2020-02-16 06:11:00,2,47,6,0.0,6.84,0.0
2020-02-16 07:11:00,2,47,7,0.0,6.31,0.0
2020-02-16 08:11:00,2,47,8,209.5,5.78,0.17118
2020-02-16 09:11:00,2,47,9,480.2,5.78,0.42293
2020-02-16 10:11:00,2,47,10,151.1,6.31,0.12001
2020-02-16 11:11:00,2,47,11,131.2,6.84,0.10111
2020-02-16 12:11:00,2,47,12,577.1,7.37,0.50546
2020-02-16 13:11:00,2,47,13,814.2,6.84,0.70875
2020-02-16 14:11:00,2,47,14,681.4,7.37,0.59688
2020-02-16 15:11:00,2,47,15,489.7,6.84,0.42815
2020-02-16 16:11:00,2,47,16,151.7,6.31,0.11787
2020-02-16 17:11:00,2,47,17,0.0,5.78,0.0
2020-02-16 18:11:00,2,47,18,0.0,5.25,0.0
2020-02-16 19:11:00,2,47,19,0.0,5.25,0.0
2020-02-16 20:11:00,2,47,20,0.0,5.25,0.0
2020-02-16 21:11:00,2,47,21,0.0,5.25,0.0
2020-02-16 22:11:00,2,47,22,0.0,4.72,0.0
2020-02-16 23:11:00,2,47,23,0.0,4.72,0.0
2020-02-17 00:11:00,2,48,0,0.0,4.72,0.0
2020-02-17 01:11:00,2,48,1,0.0,4.72,0.0
2020-02-17 02:11:00,2,48,2,0.0,4.72,0.0
2020-02-17 03:11:00,2,48,3,0.0,4.72,0.0
2020-02-17 04:11:00,2,48,4,0.0,4.72,0.0
2020-02-17 05:11:00,2,48,5,0.0,5.25,0.0
2020-02-17 06:11:00,2,48,6,0.0,5.78,0.0
2020-02-17 07:11:00,2,48,7,0.0,5.78,0.0
2020-02-17 08:11:00,2,48,8,155.5,5.78,0.12277
2020-02-17 09:11:00,2,48,9,518.1,6.31,0.45711
2020-02-17 10:11:00,2,48,10,728.6,6.84,0.64219
2020-02-17 11:11:00,2,48,11,701.6,7.9,0.61599
2020-02-17 12:11:00,2,48,12,210.9,7.9,0.17361
2020-02-17 13:11:00,2,48,13,512.8,7.9,0.4481
2020-02-17 14:11:00,2,48,14,278.7,7.9,0.23626
2020-02-17 15:11:00,2,48,15,59.4,7.37,0.03829
2020-02-17 16:11:00,2,48,16,65.2,6.84,0.04285
2020-02-17 17:11:00,2,48,17,0.0,5.78,0.0
2020-02-17 18:11:00,2,48,18,0.0,5.25,0.0
2020-02-17 19:11:00,2,48,19,0.0,4.72,0.0
2020-02-17 20:11:00,2,48,20,0.0,4.19,0.0
2020-02-17 21:11:00,2,48,21,0.0,4.19,0.0
2020-02-17 22:11:00,2,48,22,0.0,3.66,0.0
2020-02-17 23:11:00,2,48,23,0.0,3.66,0.0
2020-02-18 00:11:00,2,49,0,0.0,3.66,0.0
2020-02-18 01:11:00,2,49,1,0.0,3.66,0.0
2020-02-18 02:11:00,2,49,2,0.0,3.13,0.0
2020-02-18 03:11:00,2,49,3,0.0,3.13,0.0
2020-02-18 04:11:00,2,49,4,0.0,3.13,0.0
2020-02-18 05:11:00,2,49,5,0.0,3.13,0.0
2020-02-18 06:11:00,2,49,6,0.0,3.13,0.0
2020-02-18 07:11:00,2,49,7,0.0,4.19,0.0
2020-02-18 08:11:00,2,49,8,135.2,4.19,0.10513
2020-02-18 09:11:00,2,49,9,545.0,4.72,0.48123
2020-02-18 10:11:00,2,49,10,582.0,5.78,0.51132
2020-02-18 11:11:00,2,49,11,822.8,6.31,0.71502
2020-02-18 12:11:00,2,49,12,344.1,6.31,0.2978
2020-02-18 13:11:00,2,49,13,69.1,6.31,0.04656
2020-02-18 14:11:00,2,49,14,305.4,6.31,0.26229
2020-02-18 15:11:00,2,49,15,508.4,5.78,0.4459
2020-02-18 16:11:00,2,49,16,210.2,5.25,0.17046
2020-02-18 17:11:00,2,49,17,0.0,4.72,0.0
2020-02-18 18:11:00,2,49,18,0.0,3.66,0.0
2020-02-18 19:11:00,2,49,19,0.0,3.66,0.0
2020-02-18 20:11:00,2,49,20,0.0,3.13,0.0
2020-02-18 21:11:00,2,49,21,0.0,2.6,0.0
2020-02-18 22:11:00,2,49,22,0.0,2.6,0.0
2020-02-18 23:11:00,2,49,23,0.0,2.6,0.0
2020-02-19 00:11:00,2,50,0,0.0,2.6,0.0
2020-02-19 01:11:00,2,50,1,0.0,2.6,0.0
2020-02-19 02:11:00,2,50,2,0.0,2.6,0.0
2020-02-19 03:11:00,2,50,3,0.0,2.6,0.0
2020-02-19 04:11:00,2,50,4,0.0,2.6,0.0
2020-02-19 05:11:00,2,50,5,0.0,2.6,0.0
2020-02-19 06:11:00,2,50,6,0.0,2.6,0.0
2020-02-19 07:11:00,2,50,7,0.0,2.6,0.0
2020-02-19 08:11:00,2,50,8,36.6,3.13,0.02037
2020-02-19 09:11:00,2,50,9,201.9,3.66,0.16889
2020-02-19 10:11:00,2,50,10,248.9,4.72,0.21136
2020-02-19 11:11:00,2,50,11,203.6,5.25,0.16836
2020-02-19 12:11:00,2,50,12,112.9,6.31,0.08478
2020-02-19 13:11:00,2,50,13,202.3,6.84,0.16623
2020-02-19 14:11:00,2,50,14,69.1,6.31,0.04654
2020-02-19 15:11:00,2,50,15,51.6,5.78,0.03205
2020-02-19 16:11:00,2,50,16,25.4,5.78,0.01174
2020-02-19 17:11:00,2,50,17,0.0,5.78,0.0
2020-02-19 18:11:00,2,50,18,0.0,6.84,0.0
2020-02-19 19:11:00,2,50,19,0.0,7.37,0.0
2020-02-19 20:11:00,2,50,20,0.0,7.9,0.0
2020-02-19 21:11:00,2,50,21,0.0,7.9,0.0
2020-02-19 22:11:00,2,50,22,0.0,7.9,0.0
2020-02-19 23:11:00,2,50,23,0.0,7.9,0.0
2020-02-20 00:11:00,2,51,0,0.0,7.9,0.0
2020-02-20 01:11:00,2,51,1,0.0,7.9,0.0
2020-02-20 02:11:00,2,51,2,0.0,7.9,0.0
2020-02-20 03:11:00,2,51,3,0.0,7.9,0.0
2020-02-20 04:11:00,2,51,4,0.0,7.9,0.0
2020-02-20 05:11:00,2,51,5,0.0,7.9,0.0
2020-02-20 06:11:00,2,51,6,0.0,7.9,0.0
2020-02-20 07:11:00,2,51,7,0.0,8.43,0.0
2020-02-20 08:11:00,2,51,8,9.6,7.9,0.00176
2020-02-20 09:11:00,2,51,9,22.7,7.9,0.00978
2020-02-20 10:11:00,2,51,10,45.5,7.37,0.02688
2020-02-20 11:11:00,2,51,11,103.2,4.72,0.07664
2020-02-20 12:11:00,2,51,12,327.4,3.66,0.28509
2020-02-20 13:11:00,2,51,13,285.7,3.66,0.24674
2020-02-20 14:11:00,2,51,14,734.4,3.66,0.65126
2020-02-20 15:11:00,2,51,15,559.3,4.19,0.49561
2020-02-20 16:11:00,2,51,16,290.8,4.19,0.2434
2020-02-20 17:11:00,2,51,17,0.0,3.66,0.0
2020-02-20 18:11:00,2,51,18,0.0,3.13,0.0
2020-02-20 19:11:00,2,51,19,0.0,3.13,0.0
2020-02-20 20:11:00,2,51,20,0.0,3.13,0.0
2020-02-20 21:11:00,2,51,21,0.0,3.13,0.0
2020-02-20 22:11:00,2,51,22,0.0,3.13,0.0
2020-02-20 23:11:00,2,51,23,0.0,3.66,0.0
2020-02-21 00:11:00,2,52,0,0.0,3.66,0.0
2020-02-21 01:11:00,2,52,1,0.0,4.19,0.0
2020-02-21 02:11:00,2,52,2,0.0,4.19,0.0
2020-02-21 03:11:00,2,52,3,0.0,4.19,0.0
2020-02-21 04:11:00,2,52,4,0.0,4.72,0.0
2020-02-21 05:11:00,2,52,5,0.0,4.72,0.0
2020-02-21 06:11:00,2,52,6,0.0,5.25,0.0
2020-02-21 07:11:00,2,52,7,0.0,5.78,0.0
2020-02-21 08:11:00,2,52,8,130.1,6.31,0.09993
2020-02-21 09:11:00,2,52,9,477.9,6.84,0.42079
2020-02-21 10:11:00,2,52,10,105.8,7.37,0.07831
2020-02-21 11:11:00,2,52,11,664.5,7.9,0.58324
2020-02-21 12:11:00,2,52,12,891.5,8.43,0.77357
2020-02-21 13:11:00,2,52,13,814.6,8.96,0.70891
2020-02-21 14:11:00,2,52,14,686.0,8.96,0.59921
2020-02-21 15:11:00,2,52,15,173.9,8.43,0.13978
2020-02-21 16:11:00,2,52,16,262.6,8.43,0.21474
2020-02-21 17:11:00,2,52,17,0.0,8.43,0.0
2020-02-21 18:11:00,2,52,18,0.0,8.43,0.0
2020-02-21 19:11:00,2,52,19,0.0,8.43,0.0
2020-02-21 20:11:00,2,52,20,0.0,8.43,0.0
2020-02-21 21:11:00,2,52,21,0.0,8.43,0.0
2020-02-21 22:11:00,2,52,22,0.0,8.43,0.0
2020-02-21 23:11:00,2,52,23,0.0,8.43,0.0
2020-02-22 00:11:00,2,53,0,0.0,8.43,0.0
2020-02-22 01:11:00,2,53,1,0.0,8.96,0.0
2020-02-22 02:11:00,2,53,2,0.0,9.49,0.0
2020-02-22 03:11:00,2,53,3,0.0,8.43,0.0
2020-02-22 04:11:00,2,53,4,0.0,7.9,0.0
2020-02-22 05:11:00,2,53,5,0.0,7.37,0.0
2020-02-22 06:11:00,2,53,6,0.0,6.31,0.0
2020-02-22 07:11:00,2,53,7,0.0,6.31,0.0
2020-02-22 08:11:00,2,53,8,279.0,5.78,0.23436
2020-02-22 09:11:00,2,53,9,340.0,5.25,0.29645
2020-02-22 10:11:00,2,53,10,639.8,5.25,0.56389
2020-02-22 11:11:00,2,53,11,817.3,5.25,0.71997
2020-02-22 12:11:00,2,53,12,157.1,5.78,0.12515
2020-02-22 13:11:00,2,53,13,582.2,5.78,0.51491
2020-02-22 14:11:00,2,53,14,540.7,5.25,0.47909
2020-02-22 15:11:00,2,53,15,523.2,5.25,0.46154
2020-02-22 16:11:00,2,53,16,125.0,4.72,0.09533
2020-02-22 17:11:00,2,53,17,0.0,4.72,0.0
2020-02-22 18:11:00,2,53,18,0.0,4.19,0.0
2020-02-22 19:11:00,2,53,19,0.0,4.72,0.0
2020-02-22 20:11:00,2,53,20,0.0,4.72,0.0
2020-02-22 21:11:00,2,53,21,0.0,4.19,0.0
2020-02-22 22:11:00,2,53,22,0.0,4.19,0.0
2020-02-22 23:11:00,2,53,23,0.0,4.19,0.0
2020-02-23 00:11:00,2,54,0,0.0,4.19,0.0
2020-02-23 01:11:00,2,54,1,0.0,4.19,0.0
2020-02-23 02:11:00,2,54,2,0.0,4.19,0.0
2020-02-23 03:11:00,2,54,3,0.0,3.66,0.0
2020-02-23 04:11:00,2,54,4,0.0,3.66,0.0
2020-02-23 05:11:00,2,54,5,0.0,3.13,0.0
2020-02-23 06:11:00,2,54,6,0.0,3.13,0.0
2020-02-23 07:11:00,2,54,7,0.0,3.13,0.0
2020-02-23 08:11:00,2,54,8,21.0,3.13,0.00882
2020-02-23 09:11:00,2,54,9,47.2,3.13,0.02887
2020-02-23 10:11:00,2,54,10,687.7,3.66,0.60531
2020-02-23 11:11:00,2,54,11,343.2,3.66,0.29953
2020-02-23 12:11:00,2,54,12,904.2,4.72,0.78996
2020-02-23 13:11:00,2,54,13,900.2,5.25,0.78884
2020-02-23 14:11:00,2,54,14,555.3,5.78,0.4902
2020-02-23 15:11:00,2,54,15,458.1,5.78,0.40195
2020-02-23 16:11:00,2,54,16,322.9,5.78,0.2703
2020-02-23 17:11:00,2,54,17,0.0,5.25,0.0
2020-02-23 18:11:00,2,54,18,0.0,4.72,0.0
2020-02-23 19:11:00,2,54,19,0.0,4.19,0.0
2020-02-23 20:11:00,2,54,20,0.0,3.66,0.0
2020-02-23 21:11:00,2,54,21,0.0,3.13,0.0
2020-02-23 22:11:00,2,54,22,0.0,3.13,0.0
2020-02-23 23:11:00,2,54,23,0.0,3.13,0.0
2020-02-24 00:11:00,2,55,0,0.0,3.13,0.0
2020-02-24 01:11:00,2,55,1,0.0,3.13,0.0
2020-02-24 02:11:00,2,55,2,0.0,2.6,0.0
2020-02-24 03:11:00,2,55,3,0.0,2.07,0.0
2020-02-24 04:11:00,2,55,4,0.0,2.07,0.0
2020-02-24 05:11:00,2,55,5,0.0,2.07,0.0
2020-02-24 06:11:00,2,55,6,0.0,1.01,0.0
2020-02-24 07:11:00,2,55,7,0.0,1.01,0.0
2020-02-24 08:11:00,2,55,8,13.1,1.01,0.00382
2020-02-24 09:11:00,2,55,9,44.6,1.01,0.02705
2020-02-24 10:11:00,2,55,10,29.7,1.01,0.0153
2020-02-24 11:11:00,2,55,11,85.7,1.54,0.06214
2020-02-24 12:11:00,2,55,12,127.6,2.07,0.09939
2020-02-24 13:11:00,2,55,13,613.3,3.66,0.5286
2020-02-24 14:11:00,2,55,14,348.4,6.31,0.2998
2020-02-24 15:11:00,2,55,15,126.9,7.9,0.09702
2020-02-24 16:11:00,2,55,16,262.1,6.84,0.21605
2020-02-24 17:11:00,2,55,17,0.0,5.25,0.0
2020-02-24 18:11:00,2,55,18,0.0,4.19,0.0
2020-02-24 19:11:00,2,55,19,0.0,4.19,0.0
2020-02-24 20:11:00,2,55,20,0.0,3.13,0.0
2020-02-24 21:11:00,2,55,21,0.0,3.13,0.0
2020-02-24 22:11:00,2,55,22,0.0,3.13,0.0
2020-02-24 23:11:00,2,55,23,0.0,3.13,0.0
2020-02-25 00:11:00,2,56,0,0.0,3.13,0.0
2020-02-25 01:11:00,2,56,1,0.0,3.13,0.0
2020-02-25 02:11:00,2,56,2,0.0,2.6,0.0
2020-02-25 03:11:00,2,56,3,0.0,2.6,0.0
2020-02-25 04:11:00,2,56,4,0.0,2.6,0.0
2020-02-25 05:11:00,2,56,5,0.0,2.07,0.0
2020-02-25 06:11:00,2,56,6,0.0,2.07,0.0
2020-02-25 07:11:00,2,56,7,0.0,2.07,0.0
2020-02-25 08:11:00,2,56,8,266.4,2.07,0.22562
2020-02-25 09:11:00,2,56,9,364.6,2.6,0.3199
2020-02-25 10:11:00,2,56,10,695.4,3.13,0.6114
2020-02-25 11:11:00,2,56,11,314.5,3.66,0.27213
2020-02-25 12:11:00,2,56,12,161.9,4.19,0.12996
2020-02-25 13:11:00,2,56,13,543.8,4.72,0.47693
2020-02-25 14:11:00,2,56,14,714.1,4.72,0.62353
2020-02-25 15:11:00,2,56,15,457.9,4.72,0.39979
2020-02-25 16:11:00,2,56,16,195.0,4.19,0.1576
2020-02-25 17:11:00,2,56,17,0.0,3.66,0.0
2020-02-25 18:11:00,2,56,18,0.0,2.6,0.0
2020-02-25 19:11:00,2,56,19,0.0,2.07,0.0
2020-02-25 20:11:00,2,56,20,0.0,1.54,0.0
2020-02-25 21:11:00,2,56,21,0.0,1.01,0.0
2020-02-25 22:11:00,2,56,22,0.0,1.01,0.0
2020-02-25 23:11:00,2,56,23,0.0,1.01,0.0
2020-02-26 00:11:00,2,57,0,0.0,1.01,0.0
2020-02-26 01:11:00,2,57,1,0.0,1.01,0.0
2020-02-26 02:11:00,2,57,2,0.0,1.01,0.0
2020-02-26 03:11:00,2,57,3,0.0,0.48,0.0
2020-02-26 04:11:00,2,57,4,0.0,0.48,0.0
2020-02-26 05:11:00,2,57,5,0.0,0.48,0.0
2020-02-26 06:11:00,2,57,6,0.0,0.48,0.0
2020-02-26 07:11:00,2,57,7,0.0,-0.04,0.0
2020-02-26 08:11:00,2,57,8,299.8,-0.04,0.25872
2020-02-26 09:11:00,2,57,9,595.1,1.01,0.5294
2020-02-26 10:11:00,2,57,10,820.8,2.6,0.72222
2020-02-26 11:11:00,2,57,11,873.3,4.19,0.76102
2020-02-26 12:11:00,2,57,12,845.0,4.72,0.73709
2020-02-26 13:11:00,2,57,13,906.7,5.25,0.7857
2020-02-26 14:11:00,2,57,14,809.8,5.78,0.70539
2020-02-26 15:11:00,2,57,15,398.8,5.25,0.3476
2020-02-26 16:11:00,2,57,16,208.0,4.72,0.16926
2020-02-26 17:11:00,2,57,17,0.0,3.66,0.0
2020-02-26 18:11:00,2,57,18,0.0,2.6,0.0
2020-02-26 19:11:00,2,57,19,0.0,1.54,0.0
2020-02-26 20:11:00,2,57,20,0.0,1.01,0.0
2020-02-26 21:11:00,2,57,21,0.0,1.01,0.0
2020-02-26 22:11:00,2,57,22,0.0,0.48,0.0
2020-02-26 23:11:00,2,57,23,0.0,0.48,0.0
2020-02-27 00:11:00,2,58,0,0.0,0.48,0.0
2020-02-27 01:11:00,2,58,1,0.0,1.01,0.0
2020-02-27 02:11:00,2,58,2,0.0,1.01,0.0
2020-02-27 03:11:00,2,58,3,0.0,0.48,0.0
2020-02-27 04:11:00,2,58,4,0.0,0.48,0.0
2020-02-27 05:11:00,2,58,5,0.0,0.48,0.0
2020-02-27 06:11:00,2,58,6,0.0,0.48,0.0
2020-02-27 07:11:00,2,58,7,0.0,0.48,0.0
2020-02-27 08:11:00,2,58,8,310.0,0.48,0.26716
2020-02-27 09:11:00,2,58,9,574.4,1.54,0.50903
2020-02-27 10:11:00,2,58,10,836.6,2.6,0.73581
2020-02-27 11:11:00,2,58,11,965.6,3.66,0.83997
2020-02-27 12:11:00,2,58,12,899.5,4.72,0.78397
2020-02-27 13:11:00,2,58,13,521.3,5.25,0.45917
2020-02-27 14:11:00,2,58,14,805.6,5.78,0.70552
2020-02-27 15:11:00,2,58,15,614.7,5.78,0.53967
2020-02-27 16:11:00,2,58,16,354.6,5.25,0.29837
2020-02-27 17:11:00,2,58,17,7.9,4.72,0.00099
2020-02-27 18:11:00,2,58,18,0.0,3.66,0.0
2020-02-27 19:11:00,2,58,19,0.0,3.13,0.0
2020-02-27 20:11:00,2,58,20,0.0,2.6,0.0
2020-02-27 21:11:00,2,58,21,0.0,2.07,0.0
2020-02-27 22:11:00,2,58,22,0.0,2.07,0.0
2020-02-27 23:11:00,2,58,23,0.0,2.07,0.0
2020-02-28 00:11:00,2,59,0,0.0,2.07,0.0
2020-02-28 01:11:00,2,59,1,0.0,1.54,0.0
2020-02-28 02:11:00,2,59,2,0.0,1.54,0.0
2020-02-28 03:11:00,2,59,3,0.0,1.54,0.0
2020-02-28 04:11:00,2,59,4,0.0,1.54,0.0
2020-02-28 05:11:00,2,59,5,0.0,1.54,0.0
2020-02-28 06:11:00,2,59,6,0.0,1.54,0.0
2020-02-28 07:11:00,2,59,7,0.0,2.6,0.0
2020-02-28 08:11:00,2,59,8,32.3,2.6,0.01715
2020-02-28 09:11:00,2,59,9,57.7,3.13,0.03758
2020-02-28 10:11:00,2,59,10,97.0,3.13,0.07174
2020-02-28 11:11:00,2,59,11,103.2,3.13,0.07721
2020-02-28 12:11:00,2,59,12,69.9,3.13,0.04804
2020-02-28 13:11:00,2,59,13,62.1,3.13,0.04131
2020-02-28 14:11:00,2,59,14,79.6,2.07,0.05668
2020-02-28 15:11:00,2,59,15,78.7,2.07,0.0559
2020-02-28 16:11:00,2,59,16,102.9,2.6,0.07676
2020-02-28 17:11:00,2,59,17,2.6,4.19,0.0
2020-02-28 18:11:00,2,59,18,0.0,5.25,0.0
2020-02-28 19:11:00,2,59,19,0.0,7.37,0.0
2020-02-28 20:11:00,2,59,20,0.0,7.9,0.0
2020-02-28 21:11:00,2,59,21,0.0,7.9,0.0
2020-02-28 22:11:00,2,59,22,0.0,7.9,0.0
2020-02-28 23:11:00,2,59,23,0.0,7.9,0.0
2020-02-29 00:11:00,2,60,0,0.0,7.9,0.0
2020-02-29 01:11:00,2,60,1,0.0,7.9,0.0
2020-02-29 02:11:00,2,60,2,0.0,7.9,0.0
2020-02-29 03:11:00,2,60,3,0.0,7.9,0.0
2020-02-29 04:11:00,2,60,4,0.0,8.43,0.0
2020-02-29 05:11:00,2,60,5,0.0,8.43,0.0
2020-02-29 06:11:00,2,60,6,0.0,8.96,0.0
2020-02-29 07:11:00,2,60,7,0.0,6.84,0.0
2020-02-29 08:11:00,2,60,8,21.0,4.72,0.00875
2020-02-29 09:11:00,2,60,9,63.8,4.72,0.04244
2020-02-29 10:11:00,2,60,10,135.3,4.72,0.10564
2020-02-29 11:11:00,2,60,11,755.9,4.72,0.65901
2020-02-29 12:11:00,2,60,12,855.1,5.25,0.74015
2020-02-29 13:11:00,2,60,13,944.8,5.78,0.8153
2020-02-29 14:11:00,2,60,14,843.7,5.25,0.73914
2020-02-29 15:11:00,2,60,15,631.3,5.25,0.55609
2020-02-29 16:11:00,2,60,16,368.5,4.72,0.31207
2020-02-29 17:11:00,2,60,17,32.1,4.19,0.01411
2020-02-29 18:11:00,2,60,18,0.0,3.66,0.0
2020-02-29 19:11:00,2,60,19,0.0,3.13,0.0
2020-02-29 20:11:00,2,60,20,0.0,2.6,0.0
2020-02-29 21:11:00,2,60,21,0.0,2.6,0.0
2020-02-29 22:11:00,2,60,22,0.0,4.19,0.0
2020-02-29 23:11:00,2,60,23,0.0,4.72,0.0
2020-03-01 00:11:00,3,61,0,0.0,4.72,0.0
2020-03-01 01:11:00,3,61,1,0.0,4.19,0.0
2020-03-01 02:11:00,3,61,2,0.0,4.19,0.0
2020-03-01 03:11:00,3,61,3,0.0,3.66,0.0
2020-03-01 04:11:00,3,61,4,0.0,3.66,0.0
2020-03-01 05:11:00,3,61,5,0.0,3.13,0.0
2020-03-01 06:11:00,3,61,6,0.0,3.13,0.0
2020-03-01 07:11:00,3,61,7,0.0,3.66,0.0
2020-03-01 08:11:00,3,61,8,341.0,3.66,0.29508
2020-03-01 09:11:00,3,61,9,589.8,4.19,0.52802
2020-03-01 10:11:00,3,61,10,836.6,4.72,0.74135
2020-03-01 11:11:00,3,61,11,960.5,5.78,0.84179
2020-03-01 12:11:00,3,61,12,672.0,6.31,0.59308
2020-03-01 13:11:00,3,61,13,348.8,6.31,0.30215
2020-03-01 14:11:00,3,61,14,279.6,6.31,0.23826
2020-03-01 15:11:00,3,61,15,250.7,5.78,0.2119
2020-03-01 16:11:00,3,61,16,223.0,5.25,0.18279
2020-03-01 17:11:00,3,61,17,26.9,4.72,0.01118
2020-03-01 18:11:00,3,61,18,0.0,3.66,0.0
2020-03-01 19:11:00,3,61,19,0.0,3.66,0.0
2020-03-01 20:11:00,3,61,20,0.0,3.13,0.0
2020-03-01 21:11:00,3,61,21,0.0,3.13,0.0
2020-03-01 22:11:00,3,61,22,0.0,3.13,0.0
2020-03-01 23:11:00,3,61,23,0.0,2.6,0.0
2020-03-02 00:11:00,3,62,0,0.0,2.6,0.0
2020-03-02 01:11:00,3,62,1,0.0,2.07,0.0
2020-03-02 02:11:00,3,62,2,0.0,2.07,0.0
2020-03-02 03:11:00,3,62,3,0.0,1.54,0.0
2020-03-02 04:11:00,3,62,4,0.0,1.01,0.0
2020-03-02 05:11:00,3,62,5,0.0,1.01,0.0
2020-03-02 06:11:00,3,62,6,0.0,0.48,0.0
2020-03-02 07:11:00,3,62,7,0.0,1.01,0.0
2020-03-02 08:11:00,3,62,8,179.2,1.54,0.1468
2020-03-02 09:11:00,3,62,9,222.2,3.13,0.18726
2020-03-02 10:11:00,3,62,10,810.5,4.19,0.70643
2020-03-02 11:11:00,3,62,11,392.5,5.25,0.34113
2020-03-02 12:11:00,3,62,12,469.1,6.31,0.40826
2020-03-02 13:11:00,3,62,13,376.4,6.31,0.32512
2020-03-02 14:11:00,3,62,14,135.8,6.31,0.10524
2020-03-02 15:11:00,3,62,15,212.8,5.78,0.17614
2020-03-02 16:11:00,3,62,16,317.7,5.25,0.26598
2020-03-02 17:11:00,3,62,17,9.6,4.72,0.00181
2020-03-02 18:11:00,3,62,18,0.0,3.66,0.0
2020-03-02 19:11:00,3,62,19,0.0,2.6,0.0
2020-03-02 20:11:00,3,62,20,0.0,2.6,0.0
2020-03-02 21:11:00,3,62,21,0.0,1.54,0.0
2020-03-02 22:11:00,3,62,22,0.0,1.54,0.0
2020-03-02 23:11:00,3,62,23,0.0,1.54,0.0
2020-03-03 00:11:00,3,63,0,0.0,1.54,0.0
2020-03-03 01:11:00,3,63,1,0.0,1.01,0.0
2020-03-03 02:11:00,3,63,2,0.0,1.54,0.0
2020-03-03 03:11:00,3,63,3,0.0,1.54,0.0
2020-03-03 04:11:00,3,63,4,0.0,1.54,0.0
2020-03-03 05:11:00,3,63,5,0.0,1.54,0.0
2020-03-03 06:11:00,3,63,6,0.0,1.54,0.0
2020-03-03 07:11:00,3,63,7,0.0,1.54,0.0
2020-03-03 08:11:00,3,63,8,46.3,2.6,0.02818
2020-03-03 09:11:00,3,63,9,202.7,3.66,0.16816
2020-03-03 10:11:00,3,63,10,606.8,4.72,0.52919
2020-03-03 11:11:00,3,63,11,336.5,5.78,0.28911
2020-03-03 12:11:00,3,63,12,458.8,6.31,0.39823
2020-03-03 13:11:00,3,63,13,399.3,7.37,0.3436
2020-03-03 14:11:00,3,63,14,791.8,7.9,0.67687
2020-03-03 15:11:00,3,63,15,587.0,7.9,0.50361
2020-03-03 16:11:00,3,63,16,358.6,7.37,0.29717
2020-03-03 17:11:00,3,63,17,24.8,6.84,0.01029
2020-03-03 18:11:00,3,63,18,0.0,5.25,0.0
2020-03-03 19:11:00,3,63,19,0.0,4.72,0.0
2020-03-03 20:11:00,3,63,20,0.0,4.19,0.0
2020-03-03 21:11:00,3,63,21,0.0,3.66,0.0
2020-03-03 22:11:00,3,63,22,0.0,3.13,0.0
2020-03-03 23:11:00,3,63,23,0.0,2.6,0.0
2020-03-04 00:11:00,3,64,0,0.0,2.07,0.0
2020-03-04 01:11:00,3,64,1,0.0,1.54,0.0
2020-03-04 02:11:00,3,64,2,0.0,1.01,0.0
2020-03-04 03:11:00,3,64,3,0.0,1.01,0.0
2020-03-04 04:11:00,3,64,4,0.0,0.48,0.0
2020-03-04 05:11:00,3,64,5,0.0,0.48,0.0
2020-03-04 06:11:00,3,64,6,0.0,0.48,0.0
2020-03-04 07:11:00,3,64,7,0.0,-0.04,0.0
2020-03-04 08:11:00,3,64,8,376.4,0.48,0.32394
2020-03-04 09:11:00,3,64,9,591.8,2.6,0.50899
2020-03-04 10:11:00,3,64,10,679.5,4.72,0.57403
2020-03-04 11:11:00,3,64,11,966.6,6.31,0.78322
2020-03-04 12:11:00,3,64,12,455.6,6.84,0.38478
2020-03-04 13:11:00,3,64,13,322.3,7.37,0.26963
2020-03-04 14:11:00,3,64,14,256.0,7.37,0.21096
2020-03-04 15:11:00,3,64,15,216.0,7.37,0.1758
2020-03-04 16:11:00,3,64,16,314.9,6.84,0.25784
2020-03-04 17:11:00,3,64,17,34.0,6.31,0.01607
2020-03-04 18:11:00,3,64,18,0.0,5.25,0.0
2020-03-04 19:11:00,3,64,19,0.0,3.66,0.0
2020-03-04 20:11:00,3,64,20,0.0,2.07,0.0
2020-03-04 21:11:00,3,64,21,0.0,1.01,0.0
2020-03-04 22:11:00,3,64,22,0.0,0.48,0.0
2020-03-04 23:11:00,3,64,23,0.0,0.48,0.0
2020-03-05 00:11:00,3,65,0,0.0,0.48,0.0
2020-03-05 01:11:00,3,65,1,0.0,1.01,0.0
2020-03-05 02:11:00,3,65,2,0.0,-0.04,0.0
2020-03-05 03:11:00,3,65,3,0.0,-1.63,0.0
2020-03-05 04:11:00,3,65,4,0.0,-2.69,0.0
2020-03-05 05:11:00,3,65,5,0.0,-2.69,0.0
2020-03-05 06:11:00,3,65,6,0.0,-2.69,0.0
2020-03-05 07:11:00,3,65,7,9.6,-2.69,0.00192
2020-03-05 08:11:00,3,65,8,354.3,-2.16,0.30696
2020-03-05 09:11:00,3,65,9,567.3,-0.04,0.49142
2020-03-05 10:11:00,3,65,10,836.0,1.54,0.69457
2020-03-05 11:11:00,3,65,11,980.4,2.6,0.79489
2020-03-05 12:11:00,3,65,12,217.4,4.19,0.17898
2020-03-05 13:11:00,3,65,13,670.9,5.25,0.56732
2020-03-05 14:11:00,3,65,14,688.4,5.25,0.58223
2020-03-05 15:11:00,3,65,15,627.5,5.25,0.53241
2020-03-05 16:11:00,3,65,16,373.2,5.25,0.30943
2020-03-05 17:11:00,3,65,17,38.8,4.19,0.01958
2020-03-05 18:11:00,3,65,18,0.0,3.13,0.0
2020-03-05 19:11:00,3,65,19,0.0,2.07,0.0
2020-03-05 20:11:00,3,65,20,0.0,1.01,0.0
2020-03-05 21:11:00,3,65,21,0.0,1.01,0.0
2020-03-05 22:11:00,3,65,22,0.0,0.48,0.0
2020-03-05 23:11:00,3,65,23,0.0,-0.57,0.0
2020-03-06 00:11:00,3,66,0,0.0,-1.63,0.0
2020-03-06 01:11:00,3,66,1,0.0,-1.63,0.0
2020-03-06 02:11:00,3,66,2,0.0,-1.63,0.0
2020-03-06 03:11:00,3,66,3,0.0,-1.63,0.0
2020-03-06 04:11:00,3,66,4,0.0,-1.1,0.0
2020-03-06 05:11:00,3,66,5,0.0,-0.57,0.0
2020-03-06 06:11:00,3,66,6,0.0,-1.1,0.0
2020-03-06 07:11:00,3,66,7,6.1,-2.16,0.00026
2020-03-06 08:11:00,3,66,8,382.6,-1.63,0.33026
2020-03-06 09:11:00,3,66,9,338.2,1.54,0.29128
2020-03-06 10:11:00,3,66,10,551.7,3.66,0.47069
2020-03-06 11:11:00,3,66,11,950.9,5.25,0.77364
2020-03-06 12:11:00,3,66,12,1018.0,6.31,0.81845
2020-03-06 13:11:00,3,66,13,923.2,6.84,0.75111
2020-03-06 14:11:00,3,66,14,317.5,7.37,0.26639
2020-03-06 15:11:00,3,66,15,152.9,7.9,0.11919
2020-03-06 16:11:00,3,66,16,146.0,7.9,0.11193
2020-03-06 17:11:00,3,66,17,17.5,6.84,0.00634
2020-03-06 18:11:00,3,66,18,0.0,5.25,0.0
2020-03-06 19:11:00,3,66,19,0.0,4.19,0.0
2020-03-06 20:11:00,3,66,20,0.0,3.13,0.0
2020-03-06 21:11:00,3,66,21,0.0,2.6,0.0
2020-03-06 22:11:00,3,66,22,0.0,2.6,0.0
2020-03-06 23:11:00,3,66,23,0.0,2.6,0.0
2020-03-07 00:11:00,3,67,0,0.0,2.6,0.0
2020-03-07 01:11:00,3,67,1,0.0,2.6,0.0
2020-03-07 02:11:00,3,67,2,0.0,2.07,0.0
2020-03-07 03:11:00,3,67,3,0.0,1.54,0.0
2020-03-07 04:11:00,3,67,4,0.0,1.54,0.0
2020-03-07 05:11:00,3,67,5,0.0,2.07,0.0
2020-03-07 06:11:00,3,67,6,0.0,3.13,0.0
2020-03-07 07:11:00,3,67,7,8.7,4.19,0.00138
2020-03-07 08:11:00,3,67,8,52.9,5.25,0.03322
2020-03-07 09:11:00,3,67,9,88.3,6.31,0.06312
2020-03-07 10:11:00,3,67,10,373.3,7.37,0.32109
2020-03-07 11:11:00,3,67,11,536.4,8.43,0.46386
2020-03-07 12:11:00,3,67,12,128.5,9.49,0.09708
2020-03-07 13:11:00,3,67,13,143.0,10.02,0.10966
2020-03-07 14:11:00,3,67,14,118.5,10.02,0.08813
2020-03-07 15:11:00,3,67,15,84.8,10.02,0.05896
2020-03-07 16:11:00,3,67,16,25.4,10.02,0.01147
2020-03-07 17:11:00,3,67,17,4.4,9.49,0.0
2020-03-07 18:11:00,3,67,18,0.0,8.96,0.0
2020-03-07 19:11:00,3,67,19,0.0,9.49,0.0
2020-03-07 20:11:00,3,67,20,0.0,9.49,0.0
2020-03-07 21:11:00,3,67,21,0.0,8.96,0.0
2020-03-07 22:11:00,3,67,22,0.0,8.96,0.0
2020-03-07 23:11:00,3,67,23,0.0,8.96,0.0
2020-03-08 00:11:00,3,68,0,0.0,8.96,0.0
2020-03-08 01:11:00,3,68,1,0.0,8.43,0.0
2020-03-08 02:11:00,3,68,2,0.0,8.43,0.0
2020-03-08 03:11:00,3,68,3,0.0,8.43,0.0
2020-03-08 04:11:00,3,68,4,0.0,7.9,0.0
2020-03-08 05:11:00,3,68,5,0.0,7.9,0.0
2020-03-08 06:11:00,3,68,6,0.0,6.84,0.0
2020-03-08 07:11:00,3,68,7,18.8,6.84,0.00684
2020-03-08 08:11:00,3,68,8,402.3,6.84,0.34325
2020-03-08 09:11:00,3,68,9,260.4,7.37,0.2189
2020-03-08 10:11:00,3,68,10,409.1,7.9,0.35415
2020-03-08 11:11:00,3,68,11,605.2,7.9,0.52633
2020-03-08 12:11:00,3,68,12,354.4,7.9,0.30367
2020-03-08 13:11:00,3,68,13,842.2,7.9,0.72587
2020-03-08 14:11:00,3,68,14,676.5,7.9,0.58688
2020-03-08 15:11:00,3,68,15,539.4,7.9,0.46695
2020-03-08 16:11:00,3,68,16,310.0,7.9,0.25664
2020-03-08 17:11:00,3,68,17,101.6,7.37,0.06058
2020-03-08 18:11:00,3,68,18,0.0,6.31,0.0
2020-03-08 19:11:00,3,68,19,0.0,5.78,0.0
2020-03-08 20:11:00,3,68,20,0.0,5.25,0.0
2020-03-08 21:11:00,3,68,21,0.0,5.25,0.0
2020-03-08 22:11:00,3,68,22,0.0,4.19,0.0
2020-03-08 23:11:00,3,68,23,0.0,4.19,0.0
2020-03-09 00:11:00,3,69,0,0.0,4.19,0.0
2020-03-09 01:11:00,3,69,1,0.0,3.66,0.0
2020-03-09 02:11:00,3,69,2,0.0,3.66,0.0
2020-03-09 03:11:00,3,69,3,0.0,3.66,0.0
2020-03-09 04:11:00,3,69,4,0.0,4.19,0.0
2020-03-09 05:11:00,3,69,5,0.0,4.19,0.0
2020-03-09 06:11:00,3,69,6,0.0,4.72,0.0
2020-03-09 07:11:00,3,69,7,37.5,4.19,0.01931
2020-03-09 08:11:00,3,69,8,393.2,5.25,0.33627
2020-03-09 09:11:00,3,69,9,352.7,6.31,0.30394
2020-03-09 10:11:00,3,69,10,425.1,7.9,0.36709
2020-03-09 11:11:00,3,69,11,716.0,8.43,0.61711
2020-03-09 12:11:00,3,69,12,782.0,8.96,0.67025
2020-03-09 13:11:00,3,69,13,289.9,8.96,0.24326
2020-03-09 14:11:00,3,69,14,81.3,8.43,0.05644
2020-03-09 15:11:00,3,69,15,63.8,7.9,0.04178
2020-03-09 16:11:00,3,69,16,35.0,6.84,0.01875
2020-03-09 17:11:00,3,69,17,68.0,6.31,0.03955
2020-03-09 18:11:00,3,69,18,0.0,5.25,0.0
2020-03-09 19:11:00,3,69,19,0.0,5.25,0.0
2020-03-09 20:11:00,3,69,20,0.0,5.78,0.0
2020-03-09 21:11:00,3,69,21,0.0,6.84,0.0
2020-03-09 22:11:00,3,69,22,0.0,7.9,0.0
2020-03-09 23:11:00,3,69,23,0.0,8.96,0.0
2020-03-10 00:11:00,3,70,0,0.0,9.49,0.0
2020-03-10 01:11:00,3,70,1,0.0,9.49,0.0
2020-03-10 02:11:00,3,70,2,0.0,9.49,0.0
2020-03-10 03:11:00,3,70,3,0.0,8.96,0.0
2020-03-10 04:11:00,3,70,4,0.0,8.96,0.0
2020-03-10 05:11:00,3,70,5,0.0,8.96,0.0
2020-03-10 06:11:00,3,70,6,0.0,8.96,0.0
2020-03-10 07:11:00,3,70,7,27.6,9.49,0.01244
2020-03-10 08:11:00,3,70,8,212.5,10.02,0.17181
2020-03-10 09:11:00,3,70,9,328.1,10.02,0.27805
2020-03-10 10:11:00,3,70,10,230.5,10.02,0.18907
2020-03-10 11:11:00,3,70,11,465.3,10.55,0.39927
2020-03-10 12:11:00,3,70,12,773.2,10.55,0.66336
2020-03-10 13:11:00,3,70,13,797.9,10.55,0.6835
2020-03-10 14:11:00,3,70,14,266.5,10.55,0.22122
2020-03-10 15:11:00,3,70,15,162.2,10.02,0.1274
2020-03-10 16:11:00,3,70,16,354.8,9.49,0.29481
2020-03-10 17:11:00,3,70,17,109.7,8.43,0.06754
2020-03-10 18:11:00,3,70,18,0.0,7.9,0.0
2020-03-10 19:11:00,3,70,19,0.0,6.84,0.0
2020-03-10 20:11:00,3,70,20,0.0,6.31,0.0
2020-03-10 21:11:00,3,70,21,0.0,6.31,0.0
2020-03-10 22:11:00,3,70,22,0.0,5.78,0.0
2020-03-10 23:11:00,3,70,23,0.0,5.25,0.0
2020-03-11 00:11:00,3,71,0,0.0,5.25,0.0
2020-03-11 01:11:00,3,71,1,0.0,4.72,0.0
2020-03-11 02:11:00,3,71,2,0.0,4.19,0.0
2020-03-11 03:11:00,3,71,3,0.0,4.19,0.0
2020-03-11 04:11:00,3,71,4,0.0,4.19,0.0
2020-03-11 05:11:00,3,71,5,0.0,3.66,0.0
2020-03-11 06:11:00,3,71,6,0.0,4.19,0.0
2020-03-11 07:11:00,3,71,7,40.4,5.25,0.02181
2020-03-11 08:11:00,3,71,8,384.4,6.31,0.32969
2020-03-11 09:11:00,3,71,9,608.8,7.37,0.52995
2020-03-11 10:11:00,3,71,10,815.4,7.9,0.70689
2020-03-11 11:11:00,3,71,11,922.3,8.96,0.7946
2020-03-11 12:11:00,3,71,12,974.9,9.49,0.83341
2020-03-11 13:11:00,3,71,13,498.7,8.96,0.43179
2020-03-11 14:11:00,3,71,14,447.6,8.43,0.38736
2020-03-11 15:11:00,3,71,15,90.9,7.9,0.0649
2020-03-11 16:11:00,3,71,16,25.4,7.9,0.0116
2020-03-11 17:11:00,3,71,17,46.2,7.37,0.02573
2020-03-11 18:11:00,3,71,18,0.0,6.84,0.0
2020-03-11 19:11:00,3,71,19,0.0,6.84,0.0
2020-03-11 20:11:00,3,71,20,0.0,6.84,0.0
2020-03-11 21:11:00,3,71,21,0.0,6.31,0.0
2020-03-11 22:11:00,3,71,22,0.0,5.78,0.0
2020-03-11 23:11:00,3,71,23,0.0,4.19,0.0
2020-03-12 00:11:00,3,72,0,0.0,3.13,0.0
2020-03-12 01:11:00,3,72,1,0.0,2.6,0.0
2020-03-12 02:11:00,3,72,2,0.0,2.07,0.0
2020-03-12 03:11:00,3,72,3,0.0,1.54,0.0
2020-03-12 04:11:00,3,72,4,0.0,1.01,0.0
2020-03-12 05:11:00,3,72,5,0.0,1.01,0.0
2020-03-12 06:11:00,3,72,6,0.0,1.01,0.0
2020-03-12 07:11:00,3,72,7,50.7,1.54,0.03
2020-03-12 08:11:00,3,72,8,407.2,2.6,0.35637
2020-03-12 09:11:00,3,72,9,654.5,4.19,0.57964
2020-03-12 10:11:00,3,72,10,865.5,5.78,0.7601
2020-03-12 11:11:00,3,72,11,984.4,6.31,0.86097
2020-03-12 12:11:00,3,72,12,1055.9,7.37,0.91567
2020-03-12 13:11:00,3,72,13,1002.2,7.37,0.86942
2020-03-12 14:11:00,3,72,14,863.9,7.37,0.75686
2020-03-12 15:11:00,3,72,15,632.0,7.37,0.55536
2020-03-12 16:11:00,3,72,16,318.0,6.84,0.26659
2020-03-12 17:11:00,3,72,17,36.6,6.84,0.01935
2020-03-12 18:11:00,3,72,18,0.0,5.78,0.0
2020-03-12 19:11:00,3,72,19,0.0,5.25,0.0
2020-03-12 20:11:00,3,72,20,0.0,4.72,0.0
2020-03-12 21:11:00,3,72,21,0.0,4.72,0.0
2020-03-12 22:11:00,3,72,22,0.0,4.72,0.0
2020-03-12 23:11:00,3,72,23,0.0,4.19,0.0
2020-03-13 00:11:00,3,73,0,0.0,4.19,0.0
2020-03-13 01:11:00,3,73,1,0.0,4.19,0.0
2020-03-13 02:11:00,3,73,2,0.0,3.66,0.0
2020-03-13 03:11:00,3,73,3,0.0,3.13,0.0
2020-03-13 04:11:00,3,73,4,0.0,2.6,0.0
2020-03-13 05:11:00,3,73,5,0.0,3.13,0.0
2020-03-13 06:11:00,3,73,6,0.0,3.13,0.0
2020-03-13 07:11:00,3,73,7,24.4,3.13,0.01098
2020-03-13 08:11:00,3,73,8,55.1,4.19,0.03518
2020-03-13 09:11:00,3,73,9,180.2,4.72,0.14685
2020-03-13 10:11:00,3,73,10,99.7,5.25,0.07331
2020-03-13 11:11:00,3,73,11,200.1,5.78,0.16339
2020-03-13 12:11:00,3,73,12,196.9,5.78,0.1603
2020-03-13 13:11:00,3,73,13,192.3,6.31,0.15571
2020-03-13 14:11:00,3,73,14,210.4,6.31,0.17225
2020-03-13 15:11:00,3,73,15,589.0,5.78,0.50714
2020-03-13 16:11:00,3,73,16,194.8,5.25,0.15716
2020-03-13 17:11:00,3,73,17,97.9,4.72,0.06201
2020-03-13 18:11:00,3,73,18,0.0,3.66,0.0
2020-03-13 19:11:00,3,73,19,0.0,3.66,0.0
2020-03-13 20:11:00,3,73,20,0.0,3.66,0.0
2020-03-13 21:11:00,3,73,21,0.0,3.13,0.0
2020-03-13 22:11:00,3,73,22,0.0,3.13,0.0
2020-03-13 23:11:00,3,73,23,0.0,3.13,0.0
2020-03-14 00:11:00,3,74,0,0.0,3.13,0.0
2020-03-14 01:11:00,3,74,1,0.0,3.13,0.0
2020-03-14 02:11:00,3,74,2,0.0,3.13,0.0
2020-03-14 03:11:00,3,74,3,0.0,3.13,0.0
2020-03-14 04:11:00,3,74,4,0.0,3.13,0.0
2020-03-14 05:11:00,3,74,5,0.0,3.13,0.0
2020-03-14 06:11:00,3,74,6,0.0,3.13,0.0
2020-03-14 07:11:00,3,74,7,18.4,4.19,0.00701
2020-03-14 08:11:00,3,74,8,154.6,4.72,0.12297
2020-03-14 09:11:00,3,74,9,48.1,4.72,0.02937
2020-03-14 10:11:00,3,74,10,62.9,5.25,0.0416
2020-03-14 11:11:00,3,74,11,303.5,5.78,0.2587
2020-03-14 12:11:00,3,74,12,615.1,6.84,0.53286
2020-03-14 13:11:00,3,74,13,247.9,7.9,0.20507
2020-03-14 14:11:00,3,74,14,111.9,9.49,0.08247
2020-03-14 15:11:00,3,74,15,199.8,9.49,0.16104
2020-03-14 16:11:00,3,74,16,99.7,9.49,0.07176
2020-03-14 17:11:00,3,74,17,39.7,8.96,0.02157
2020-03-14 18:11:00,3,74,18,0.0,7.9,0.0
2020-03-14 19:11:00,3,74,19,0.0,8.43,0.0
2020-03-14 20:11:00,3,74,20,0.0,8.43,0.0
2020-03-14 21:11:00,3,74,21,0.0,8.43,0.0
2020-03-14 22:11:00,3,74,22,0.0,8.96,0.0
2020-03-14 23:11:00,3,74,23,0.0,8.96,0.0
2020-03-15 00:11:00,3,75,0,0.0,8.96,0.0
2020-03-15 01:11:00,3,75,1,0.0,8.96,0.0
2020-03-15 02:11:00,3,75,2,0.0,8.96,0.0
2020-03-15 03:11:00,3,75,3,0.0,8.96,0.0
2020-03-15 04:11:00,3,75,4,0.0,8.43,0.0
2020-03-15 05:11:00,3,75,5,0.0,7.9,0.0
2020-03-15 06:11:00,3,75,6,0.0,7.9,0.0
2020-03-15 07:11:00,3,75,7,44.8,6.84,0.02544
2020-03-15 08:11:00,3,75,8,410.4,7.37,0.35167
2020-03-15 09:11:00,3,75,9,95.3,7.9,0.06876
2020-03-15 10:11:00,3,75,10,420.4,7.9,0.36453
2020-03-15 11:11:00,3,75,11,235.1,8.43,0.19425
2020-03-15 12:11:00,3,75,12,596.2,8.43,0.51831
2020-03-15 13:11:00,3,75,13,509.7,8.96,0.4414
2020-03-15 14:11:00,3,75,14,457.2,9.49,0.39392
2020-03-15 15:11:00,3,75,15,308.2,9.49,0.26007
2020-03-15 16:11:00,3,75,16,364.2,8.96,0.3033
2020-03-15 17:11:00,3,75,17,97.6,7.9,0.06172
2020-03-15 18:11:00,3,75,18,0.0,7.37,0.0
2020-03-15 19:11:00,3,75,19,0.0,7.37,0.0
2020-03-15 20:11:00,3,75,20,0.0,6.84,0.0
2020-03-15 21:11:00,3,75,21,0.0,6.84,0.0
2020-03-15 22:11:00,3,75,22,0.0,6.84,0.0
2020-03-15 23:11:00,3,75,23,0.0,6.31,0.0
2020-03-16 00:11:00,3,76,0,0.0,5.25,0.0
2020-03-16 01:11:00,3,76,1,0.0,4.72,0.0
2020-03-16 02:11:00,3,76,2,0.0,4.19,0.0
2020-03-16 03:11:00,3,76,3,0.0,3.66,0.0
2020-03-16 04:11:00,3,76,4,0.0,3.13,0.0
2020-03-16 05:11:00,3,76,5,0.0,2.07,0.0
2020-03-16 06:11:00,3,76,6,0.0,1.01,0.0
2020-03-16 07:11:00,3,76,7,52.8,2.6,0.03227
2020-03-16 08:11:00,3,76,8,292.8,4.72,0.24638
2020-03-16 09:11:00,3,76,9,439.0,6.31,0.37787
2020-03-16 10:11:00,3,76,10,482.7,7.9,0.41442
2020-03-16 11:11:00,3,76,11,928.2,7.9,0.78365
2020-03-16 12:11:00,3,76,12,1027.1,7.9,0.86488
2020-03-16 13:11:00,3,76,13,942.8,8.43,0.80068
2020-03-16 14:11:00,3,76,14,474.1,8.43,0.40907
2020-03-16 15:11:00,3,76,15,628.5,8.43,0.54254
2020-03-16 16:11:00,3,76,16,124.5,7.9,0.09404
2020-03-16 17:11:00,3,76,17,75.5,7.9,0.04713
2020-03-16 18:11:00,3,76,18,0.0,7.37,0.0
2020-03-16 19:11:00,3,76,19,0.0,7.37,0.0
2020-03-16 20:11:00,3,76,20,0.0,6.84,0.0
2020-03-16 21:11:00,3,76,21,0.0,6.84,0.0
2020-03-16 22:11:00,3,76,22,0.0,7.37,0.0
2020-03-16 23:11:00,3,76,23,0.0,7.37,0.0
2020-03-17 00:11:00,3,77,0,0.0,7.9,0.0
2020-03-17 01:11:00,3,77,1,0.0,7.9,0.0
2020-03-17 02:11:00,3,77,2,0.0,7.9,0.0
2020-03-17 03:11:00,3,77,3,0.0,7.9,0.0
2020-03-17 04:11:00,3,77,4,0.0,8.43,0.0
2020-03-17 05:11:00,3,77,5,0.0,8.43,0.0
2020-03-17 06:11:00,3,77,6,0.0,8.43,0.0
2020-03-17 07:11:00,3,77,7,47.9,8.43,0.02779
2020-03-17 08:11:00,3,77,8,168.6,8.96,0.13291
2020-03-17 09:11:00,3,77,9,90.9,9.49,0.0643
2020-03-17 10:11:00,3,77,10,155.2,10.02,0.1205
2020-03-17 11:11:00,3,77,11,334.0,10.55,0.28057
2020-03-17 12:11:00,3,77,12,333.8,11.09,0.27972
2020-03-17 13:11:00,3,77,13,100.5,11.09,0.07213
2020-03-17 14:11:00,3,77,14,71.7,10.02,0.04786
2020-03-17 15:11:00,3,77,15,120.2,10.02,0.08948
2020-03-17 16:11:00,3,77,16,36.7,10.02,0.01975
2020-03-17 17:11:00,3,77,17,30.6,9.49,0.01525
2020-03-17 18:11:00,3,77,18,0.0,10.02,0.0
2020-03-17 19:11:00,3,77,19,0.0,10.55,0.0
2020-03-17 20:11:00,3,77,20,0.0,10.55,0.0
2020-03-17 21:11:00,3,77,21,0.0,10.02,0.0
2020-03-17 22:11:00,3,77,22,0.0,10.02,0.0
2020-03-17 23:11:00,3,77,23,0.0,9.49,0.0
2020-03-18 00:11:00,3,78,0,0.0,8.96,0.0
2020-03-18 01:11:00,3,78,1,0.0,7.9,0.0
2020-03-18 02:11:00,3,78,2,0.0,7.37,0.0
2020-03-18 03:11:00,3,78,3,0.0,6.31,0.0
2020-03-18 04:11:00,3,78,4,0.0,5.25,0.0
2020-03-18 05:11:00,3,78,5,0.0,5.25,0.0
2020-03-18 06:11:00,3,78,6,0.0,4.72,0.0
2020-03-18 07:11:00,3,78,7,7.0,4.72,0.00057
2020-03-18 08:11:00,3,78,8,148.8,5.25,0.1171
2020-03-18 09:11:00,3,78,9,90.9,6.31,0.06525
2020-03-18 10:11:00,3,78,10,211.5,6.84,0.17325
2020-03-18 11:11:00,3,78,11,173.8,7.37,0.13847
2020-03-18 12:11:00,3,78,12,220.2,7.9,0.17994
2020-03-18 13:11:00,3,78,13,209.0,7.9,0.16989
2020-03-18 14:11:00,3,78,14,132.0,7.9,0.10084
2020-03-18 15:11:00,3,78,15,136.4,7.9,0.10485
2020-03-18 16:11:00,3,78,16,73.4,7.37,0.04997
2020-03-18 17:11:00,3,78,17,51.2,7.37,0.03041
2020-03-18 18:11:00,3,78,18,0.0,6.31,0.0
2020-03-18 19:11:00,3,78,19,0.0,6.31,0.0
2020-03-18 20:11:00,3,78,20,0.0,5.78,0.0
2020-03-18 21:11:00,3,78,21,0.0,5.25,0.0
2020-03-18 22:11:00,3,78,22,0.0,4.72,0.0
2020-03-18 23:11:00,3,78,23,0.0,4.19,0.0
2020-03-19 00:11:00,3,79,0,0.0,3.66,0.0
2020-03-19 01:11:00,3,79,1,0.0,3.13,0.0
2020-03-19 02:11:00,3,79,2,0.0,2.6,0.0
2020-03-19 03:11:00,3,79,3,0.0,2.07,0.0
2020-03-19 04:11:00,3,79,4,0.0,1.54,0.0
2020-03-19 05:11:00,3,79,5,0.0,1.54,0.0
2020-03-19 06:11:00,3,79,6,0.0,1.01,0.0
2020-03-19 07:11:00,3,79,7,207.5,1.54,0.15792
2020-03-19 08:11:00,3,79,8,443.0,3.13,0.38171
2020-03-19 09:11:00,3,79,9,638.7,4.72,0.55237
2020-03-19 10:11:00,3,79,10,874.6,6.31,0.73603
2020-03-19 11:11:00,3,79,11,1003.5,7.37,0.82037
2020-03-19 12:11:00,3,79,12,509.0,7.9,0.42974
2020-03-19 13:11:00,3,79,13,273.6,7.9,0.22597
2020-03-19 14:11:00,3,79,14,651.9,7.9,0.54783
2020-03-19 15:11:00,3,79,15,584.6,7.9,0.49389
2020-03-19 16:11:00,3,79,16,149.9,7.37,0.11612
2020-03-19 17:11:00,3,79,17,30.6,6.31,0.0155
2020-03-19 18:11:00,3,79,18,0.0,5.25,0.0
2020-03-19 19:11:00,3,79,19,0.0,4.72,0.0
2020-03-19 20:11:00,3,79,20,0.0,3.66,0.0
2020-03-19 21:11:00,3,79,21,0.0,3.66,0.0
2020-03-19 22:11:00,3,79,22,0.0,2.07,0.0
2020-03-19 23:11:00,3,79,23,0.0,0.48,0.0
2020-03-20 00:11:00,3,80,0,0.0,-0.57,0.0
2020-03-20 01:11:00,3,80,1,0.0,-0.57,0.0
2020-03-20 02:11:00,3,80,2,0.0,-1.1,0.0
2020-03-20 03:11:00,3,80,3,0.0,-1.1,0.0
2020-03-20 04:11:00,3,80,4,0.0,-1.1,0.0
2020-03-20 05:11:00,3,80,5,0.0,-0.57,0.0
2020-03-20 06:11:00,3,80,6,0.0,-0.57,0.0
2020-03-20 07:11:00,3,80,7,219.8,0.48,0.16882
2020-03-20 08:11:00,3,80,8,482.8,3.13,0.41459
2020-03-20 09:11:00,3,80,9,646.7,4.72,0.5619
2020-03-20 10:11:00,3,80,10,519.4,5.78,0.45069
2020-03-20 11:11:00,3,80,11,606.5,6.31,0.52468
2020-03-20 12:11:00,3,80,12,653.3,6.84,0.5633
2020-03-20 13:11:00,3,80,13,501.5,6.84,0.43335
2020-03-20 14:11:00,3,80,14,510.6,6.84,0.44184
2020-03-20 15:11:00,3,80,15,352.6,6.84,0.30134
2020-03-20 16:11:00,3,80,16,220.2,6.31,0.17942
2020-03-20 17:11:00,3,80,17,86.8,5.78,0.05671
2020-03-20 18:11:00,3,80,18,0.0,5.25,0.0
2020-03-20 19:11:00,3,80,19,0.0,4.19,0.0
2020-03-20 20:11:00,3,80,20,0.0,3.66,0.0
2020-03-20 21:11:00,3,80,21,0.0,3.66,0.0
2020-03-20 22:11:00,3,80,22,0.0,3.66,0.0
2020-03-20 23:11:00,3,80,23,0.0,3.66,0.0
2020-03-21 00:11:00,3,81,0,0.0,3.13,0.0
2020-03-21 01:11:00,3,81,1,0.0,3.13,0.0
2020-03-21 02:11:00,3,81,2,0.0,3.13,0.0
2020-03-21 03:11:00,3,81,3,0.0,3.13,0.0
2020-03-21 04:11:00,3,81,4,0.0,3.13,0.0
2020-03-21 05:11:00,3,81,5,0.0,3.13,0.0
2020-03-21 06:11:00,3,81,6,0.0,2.6,0.0
2020-03-21 07:11:00,3,81,7,88.1,3.66,0.06099
2020-03-21 08:11:00,3,81,8,116.8,4.72,0.08864
2020-03-21 09:11:00,3,81,9,129.3,5.78,0.09965
2020-03-21 10:11:00,3,81,10,325.1,6.84,0.27747
2020-03-21 11:11:00,3,81,11,399.5,6.84,0.34435
2020-03-21 12:11:00,3,81,12,595.8,7.37,0.51598
2020-03-21 13:11:00,3,81,13,466.9,7.37,0.40365
2020-03-21 14:11:00,3,81,14,172.8,7.37,0.13787
2020-03-21 15:11:00,3,81,15,289.0,6.84,0.24462
2020-03-21 16:11:00,3,81,16,89.2,5.78,0.064
2020-03-21 17:11:00,3,81,17,100.6,4.72,0.06714
2020-03-21 18:11:00,3,81,18,0.0,4.19,0.0
2020-03-21 19:11:00,3,81,19,0.0,3.66,0.0
2020-03-21 20:11:00,3,81,20,0.0,3.66,0.0
2020-03-21 21:11:00,3,81,21,0.0,3.66,0.0
2020-03-21 22:11:00,3,81,22,0.0,3.13,0.0
2020-03-21 23:11:00,3,81,23,0.0,3.13,0.0
2020-03-22 00:11:00,3,82,0,0.0,3.13,0.0
2020-03-22 01:11:00,3,82,1,0.0,3.13,0.0
2020-03-22 02:11:00,3,82,2,0.0,3.13,0.0
2020-03-22 03:11:00,3,82,3,0.0,3.13,0.0
2020-03-22 04:11:00,3,82,4,0.0,3.13,0.0
2020-03-22 05:11:00,3,82,5,0.0,2.6,0.0
2020-03-22 06:11:00,3,82,6,0.0,2.6,0.0
2020-03-22 07:11:00,3,82,7,71.5,3.13,0.04786
2020-03-22 08:11:00,3,82,8,286.8,4.19,0.24207
2020-03-22 09:11:00,3,82,9,682.2,5.25,0.58935
2020-03-22 10:11:00,3,82,10,867.8,5.78,0.73946
2020-03-22 11:11:00,3,82,11,833.9,6.31,0.70885
2020-03-22 12:11:00,3,82,12,1080.9,6.84,0.89823
2020-03-22 13:11:00,3,82,13,1041.2,7.37,0.86872
2020-03-22 14:11:00,3,82,14,836.4,7.9,0.70826
2020-03-22 15:11:00,3,82,15,665.6,7.9,0.5677
2020-03-22 16:11:00,3,82,16,424.9,7.9,0.35287
2020-03-22 17:11:00,3,82,17,170.8,7.37,0.11024
2020-03-22 18:11:00,3,82,18,0.0,5.78,0.0
2020-03-22 19:11:00,3,82,19,0.0,4.19,0.0
2020-03-22 20:11:00,3,82,20,0.0,3.66,0.0
2020-03-22 21:11:00,3,82,21,0.0,2.6,0.0
2020-03-22 22:11:00,3,82,22,0.0,2.07,0.0
2020-03-22 23:11:00,3,82,23,0.0,1.54,0.0
2020-03-23 00:11:00,3,83,0,0.0,1.01,0.0
2020-03-23 01:11:00,3,83,1,0.0,1.01,0.0
2020-03-23 02:11:00,3,83,2,0.0,1.01,0.0
2020-03-23 03:11:00,3,83,3,0.0,0.48,0.0
2020-03-23 04:11:00,3,83,4,0.0,0.48,0.0
2020-03-23 05:11:00,3,83,5,0.0,0.48,0.0
2020-03-23 06:11:00,3,83,6,0.0,0.48,0.0
2020-03-23 07:11:00,3,83,7,55.2,0.48,0.03542
2020-03-23 08:11:00,3,83,8,250.6,2.07,0.21236
2020-03-23 09:11:00,3,83,9,584.1,3.66,0.51229
2020-03-23 10:11:00,3,83,10,859.8,5.25,0.74056
2020-03-23 11:11:00,3,83,11,993.3,7.37,0.83909
2020-03-23 12:11:00,3,83,12,1031.5,8.43,0.8633
2020-03-23 13:11:00,3,83,13,536.0,9.49,0.45808
2020-03-23 14:11:00,3,83,14,766.4,10.55,0.64865
2020-03-23 15:11:00,3,83,15,700.3,10.55,0.59448
2020-03-23 16:11:00,3,83,16,316.7,10.55,0.25923
2020-03-23 17:11:00,3,83,17,101.8,9.49,0.06725
2020-03-23 18:11:00,3,83,18,0.0,8.96,0.0
2020-03-23 19:11:00,3,83,19,0.0,8.43,0.0
2020-03-23 20:11:00,3,83,20,0.0,7.9,0.0
2020-03-23 21:11:00,3,83,21,0.0,7.37,0.0
2020-03-23 22:11:00,3,83,22,0.0,6.84,0.0
2020-03-23 23:11:00,3,83,23,0.0,6.31,0.0
2020-03-24 00:11:00,3,84,0,0.0,5.25,0.0
2020-03-24 01:11:00,3,84,1,0.0,4.72,0.0
2020-03-24 02:11:00,3,84,2,0.0,4.19,0.0
2020-03-24 03:11:00,3,84,3,0.0,3.13,0.0
2020-03-24 04:11:00,3,84,4,0.0,3.13,0.0
2020-03-24 05:11:00,3,84,5,0.0,2.6,0.0
2020-03-24 06:11:00,3,84,6,0.0,2.6,0.0
2020-03-24 07:11:00,3,84,7,60.8,3.13,0.03952
2020-03-24 08:11:00,3,84,8,254.6,4.72,0.21342
2020-03-24 09:11:00,3,84,9,533.0,6.84,0.45979
2020-03-24 10:11:00,3,84,10,742.7,8.96,0.63218
2020-03-24 11:11:00,3,84,11,605.6,10.55,0.51514
2020-03-24 12:11:00,3,84,12,627.3,12.68,0.52876
2020-03-24 13:11:00,3,84,13,557.6,13.74,0.46849
2020-03-24 14:11:00,3,84,14,242.6,14.27,0.19476
2020-03-24 15:11:00,3,84,15,69.1,14.27,0.04474
2020-03-24 16:11:00,3,84,16,48.1,14.27,0.02796
2020-03-24 17:11:00,3,84,17,32.3,13.74,0.01616
2020-03-24 18:11:00,3,84,18,0.0,12.68,0.0
2020-03-24 19:11:00,3,84,19,0.0,12.15,0.0
2020-03-24 20:11:00,3,84,20,0.0,11.09,0.0
2020-03-24 21:11:00,3,84,21,0.0,10.55,0.0
2020-03-24 22:11:00,3,84,22,0.0,10.02,0.0
2020-03-24 23:11:00,3,84,23,0.0,9.49,0.0
2020-03-25 00:11:00,3,85,0,0.0,8.96,0.0
2020-03-25 01:11:00,3,85,1,0.0,8.96,0.0
2020-03-25 02:11:00,3,85,2,0.0,8.43,0.0
2020-03-25 03:11:00,3,85,3,0.0,7.9,0.0
2020-03-25 04:11:00,3,85,4,0.0,7.9,0.0
2020-03-25 05:11:00,3,85,5,0.0,7.37,0.0
2020-03-25 06:11:00,3,85,6,0.0,6.84,0.0
2020-03-25 07:11:00,3,85,7,211.8,7.37,0.16009
2020-03-25 08:11:00,3,85,8,440.1,7.9,0.37218
2020-03-25 09:11:00,3,85,9,694.0,10.02,0.58457
2020-03-25 10:11:00,3,85,10,892.3,11.61,0.73419
2020-03-25 11:11:00,3,85,11,1040.0,12.68,0.83813
2020-03-25 12:11:00,3,85,12,1072.8,13.74,0.85605
2020-03-25 13:11:00,3,85,13,980.9,14.8,0.78588
2020-03-25 14:11:00,3,85,14,799.0,15.33,0.65318
2020-03-25 15:11:00,3,85,15,581.0,15.33,0.47833
2020-03-25 16:11:00,3,85,16,384.2,15.33,0.30643
2020-03-25 17:11:00,3,85,17,149.1,14.8,0.09443
2020-03-25 18:11:00,3,85,18,0.0,13.21,0.0
2020-03-25 19:11:00,3,85,19,0.0,10.55,0.0
2020-03-25 20:11:00,3,85,20,0.0,8.43,0.0
2020-03-25 21:11:00,3,85,21,0.0,6.84,0.0
2020-03-25 22:11:00,3,85,22,0.0,5.78,0.0
2020-03-25 23:11:00,3,85,23,0.0,4.72,0.0
2020-03-26 00:11:00,3,86,0,0.0,4.19,0.0
2020-03-26 01:11:00,3,86,1,0.0,4.19,0.0
2020-03-26 02:11:00,3,86,2,0.0,4.19,0.0
2020-03-26 03:11:00,3,86,3,0.0,3.13,0.0
2020-03-26 04:11:00,3,86,4,0.0,2.6,0.0
2020-03-26 05:11:00,3,86,5,0.0,2.07,0.0
2020-03-26 06:11:00,3,86,6,0.0,1.54,0.0
2020-03-26 07:11:00,3,86,7,243.4,3.66,0.18709
2020-03-26 08:11:00,3,86,8,482.5,6.84,0.40196
2020-03-26 09:11:00,3,86,9,735.9,8.96,0.60395
2020-03-26 10:11:00,3,86,10,913.0,10.55,0.73344
2020-03-26 11:11:00,3,86,11,1014.9,11.09,0.81193
2020-03-26 12:11:00,3,86,12,993.9,11.61,0.80152
2020-03-26 13:11:00,3,86,13,1018.0,11.09,0.82685
2020-03-26 14:11:00,3,86,14,836.3,11.09,0.69133
2020-03-26 15:11:00,3,86,15,650.7,10.55,0.5436
2020-03-26 16:11:00,3,86,16,406.3,10.02,0.3319
2020-03-26 17:11:00,3,86,17,169.1,8.96,0.10848
2020-03-26 18:11:00,3,86,18,0.0,7.9,0.0
2020-03-26 19:11:00,3,86,19,0.0,6.31,0.0
2020-03-26 20:11:00,3,86,20,0.0,5.25,0.0
2020-03-26 21:11:00,3,86,21,0.0,3.66,0.0
2020-03-26 22:11:00,3,86,22,0.0,3.13,0.0
2020-03-26 23:11:00,3,86,23,0.0,4.19,0.0
2020-03-27 00:11:00,3,87,0,0.0,3.66,0.0
2020-03-27 01:11:00,3,87,1,0.0,3.66,0.0
2020-03-27 02:11:00,3,87,2,0.0,3.13,0.0
2020-03-27 03:11:00,3,87,3,0.0,1.01,0.0
2020-03-27 04:11:00,3,87,4,0.0,-0.57,0.0
2020-03-27 05:11:00,3,87,5,0.0,-0.04,0.0
2020-03-27 06:11:00,3,87,6,0.0,-0.04,0.0
2020-03-27 07:11:00,3,87,7,130.4,1.01,0.09794
2020-03-27 08:11:00,3,87,8,178.5,3.13,0.14453
2020-03-27 09:11:00,3,87,9,322.0,5.25,0.27195
2020-03-27 10:11:00,3,87,10,205.0,6.84,0.16593
2020-03-27 11:11:00,3,87,11,1052.9,7.9,0.85434
2020-03-27 12:11:00,3,87,12,1093.4,7.9,0.88646
2020-03-27 13:11:00,3,87,13,1033.4,8.43,0.84391
2020-03-27 14:11:00,3,87,14,891.6,8.43,0.74252
2020-03-27 15:11:00,3,87,15,665.8,8.43,0.56479
2020-03-27 16:11:00,3,87,16,421.6,7.9,0.35019
2020-03-27 17:11:00,3,87,17,122.7,7.37,0.0829
2020-03-27 18:11:00,3,87,18,2.4,6.31,0.0
2020-03-27 19:11:00,3,87,19,0.0,5.78,0.0
2020-03-27 20:11:00,3,87,20,0.0,5.78,0.0
2020-03-27 21:11:00,3,87,21,0.0,5.78,0.0
2020-03-27 22:11:00,3,87,22,0.0,5.78,0.0
2020-03-27 23:11:00,3,87,23,0.0,6.31,0.0
2020-03-28 00:11:00,3,88,0,0.0,6.31,0.0
2020-03-28 01:11:00,3,88,1,0.0,5.78,0.0
2020-03-28 02:11:00,3,88,2,0.0,5.78,0.0
2020-03-28 03:11:00,3,88,3,0.0,5.25,0.0
2020-03-28 04:11:00,3,88,4,0.0,4.72,0.0
2020-03-28 05:11:00,3,88,5,0.0,4.72,0.0
2020-03-28 06:11:00,3,88,6,7.0,4.19,0.00058
2020-03-28 07:11:00,3,88,7,197.8,5.25,0.15235
2020-03-28 08:11:00,3,88,8,159.0,5.78,0.12662
2020-03-28 09:11:00,3,88,9,190.6,6.31,0.15506
2020-03-28 10:11:00,3,88,10,151.2,6.84,0.11871
2020-03-28 11:11:00,3,88,11,379.9,6.31,0.32769
2020-03-28 12:11:00,3,88,12,510.1,6.31,0.44502
2020-03-28 13:11:00,3,88,13,393.9,5.78,0.34151
2020-03-28 14:11:00,3,88,14,277.6,5.78,0.23537
2020-03-28 15:11:00,3,88,15,221.2,5.78,0.18362
2020-03-28 16:11:00,3,88,16,282.7,5.25,0.23707
2020-03-28 17:11:00,3,88,17,159.2,4.72,0.10757
2020-03-28 18:11:00,3,88,18,6.4,3.66,0.00031
2020-03-28 19:11:00,3,88,19,0.0,3.13,0.0
2020-03-28 20:11:00,3,88,20,0.0,3.13,0.0
2020-03-28 21:11:00,3,88,21,0.0,2.6,0.0
2020-03-28 22:11:00,3,88,22,0.0,2.6,0.0
2020-03-28 23:11:00,3,88,23,0.0,2.07,0.0
2020-03-29 00:11:00,3,89,0,0.0,2.07,0.0
2020-03-29 01:11:00,3,89,1,0.0,1.54,0.0
2020-03-29 02:11:00,3,89,2,0.0,1.54,0.0
2020-03-29 03:11:00,3,89,3,0.0,1.54,0.0
2020-03-29 04:11:00,3,89,4,0.0,1.54,0.0
2020-03-29 05:11:00,3,89,5,0.0,1.54,0.0
2020-03-29 06:11:00,3,89,6,2.6,1.54,0.0
2020-03-29 07:11:00,3,89,7,76.6,2.07,0.05335
2020-03-29 08:11:00,3,89,8,157.3,3.13,0.12667
2020-03-29 09:11:00,3,89,9,215.2,3.13,0.18048
2020-03-29 10:11:00,3,89,10,129.4,4.19,0.10043
2020-03-29 11:11:00,3,89,11,158.2,4.19,0.12656
2020-03-29 12:11:00,3,89,12,139.0,4.19,0.1091
2020-03-29 13:11:00,3,89,13,385.7,4.72,0.33483
2020-03-29 14:11:00,3,89,14,143.4,4.72,0.11269
2020-03-29 15:11:00,3,89,15,300.1,4.72,0.25663
2020-03-29 16:11:00,3,89,16,431.0,4.72,0.36559
2020-03-29 17:11:00,3,89,17,146.6,4.72,0.10016
2020-03-29 18:11:00,3,89,18,2.4,4.19,0.0
2020-03-29 19:11:00,3,89,19,0.0,4.19,0.0
2020-03-29 20:11:00,3,89,20,0.0,4.19,0.0
2020-03-29 21:11:00,3,89,21,0.0,3.66,0.0
2020-03-29 22:11:00,3,89,22,0.0,3.66,0.0
2020-03-29 23:11:00,3,89,23,0.0,3.66,0.0
2020-03-30 00:11:00,3,90,0,0.0,4.19,0.0
2020-03-30 01:11:00,3,90,1,0.0,4.19,0.0
2020-03-30 02:11:00,3,90,2,0.0,4.19,0.0
2020-03-30 03:11:00,3,90,3,0.0,4.72,0.0
2020-03-30 04:11:00,3,90,4,0.0,4.19,0.0
2020-03-30 05:11:00,3,90,5,0.0,4.19,0.0
2020-03-30 06:11:00,3,90,6,12.8,4.72,0.00304
2020-03-30 07:11:00,3,90,7,244.4,4.72,0.19119
2020-03-30 08:11:00,3,90,8,495.0,5.25,0.42908
2020-03-30 09:11:00,3,90,9,532.9,6.31,0.46612
2020-03-30 10:11:00,3,90,10,755.8,6.84,0.65551
2020-03-30 11:11:00,3,90,11,983.6,7.37,0.83629
2020-03-30 12:11:00,3,90,12,1007.5,7.37,0.85594
2020-03-30 13:11:00,3,90,13,805.3,7.9,0.69166
2020-03-30 14:11:00,3,90,14,814.2,7.37,0.70274
2020-03-30 15:11:00,3,90,15,673.2,7.37,0.58418
2020-03-30 16:11:00,3,90,16,428.2,7.37,0.35943
2020-03-30 17:11:00,3,90,17,175.1,6.84,0.11391
2020-03-30 18:11:00,3,90,18,11.9,6.31,0.003
2020-03-30 19:11:00,3,90,19,0.0,5.78,0.0
2020-03-30 20:11:00,3,90,20,0.0,5.78,0.0
2020-03-30 21:11:00,3,90,21,0.0,5.25,0.0
2020-03-30 22:11:00,3,90,22,0.0,5.25,0.0
2020-03-30 23:11:00,3,90,23,0.0,4.72,0.0
2020-03-31 00:11:00,3,91,0,0.0,4.19,0.0
2020-03-31 01:11:00,3,91,1,0.0,4.19,0.0
2020-03-31 02:11:00,3,91,2,0.0,4.19,0.0
2020-03-31 03:11:00,3,91,3,0.0,4.19,0.0
2020-03-31 04:11:00,3,91,4,0.0,4.19,0.0
2020-03-31 05:11:00,3,91,5,0.0,4.19,0.0
2020-03-31 06:11:00,3,91,6,14.4,3.66,0.00405
2020-03-31 07:11:00,3,91,7,193.3,4.19,0.1496
2020-03-31 08:11:00,3,91,8,360.9,5.78,0.30584
2020-03-31 09:11:00,3,91,9,338.4,6.31,0.28621
2020-03-31 10:11:00,3,91,10,165.4,6.84,0.1304
2020-03-31 11:11:00,3,91,11,160.0,7.9,0.12494
2020-03-31 12:11:00,3,91,12,116.3,7.9,0.08656
2020-03-31 13:11:00,3,91,13,160.0,7.9,0.1248
2020-03-31 14:11:00,3,91,14,102.3,7.9,0.07435
2020-03-31 15:11:00,3,91,15,222.3,7.9,0.18011
2020-03-31 16:11:00,3,91,16,96.8,7.9,0.06948
2020-03-31 17:11:00,3,91,17,49.0,7.9,0.02949
2020-03-31 18:11:00,3,91,18,3.2,7.37,0.0
2020-03-31 19:11:00,3,91,19,0.0,6.84,0.0
2020-03-31 20:11:00,3,91,20,0.0,5.78,0.0
2020-03-31 21:11:00,3,91,21,0.0,5.78,0.0
2020-03-31 22:11:00,3,91,22,0.0,5.25,0.0
2020-03-31 23:11:00,3,91,23,0.0,5.25,0.0
2020-04-01 00:11:00,4,92,0,0.0,4.72,0.0
2020-04-01 01:11:00,4,92,1,0.0,4.72,0.0
2020-04-01 02:11:00,4,92,2,0.0,4.72,0.0
2020-04-01 03:11:00,4,92,3,0.0,4.19,0.0
2020-04-01 04:11:00,4,92,4,0.0,4.19,0.0
2020-04-01 05:11:00,4,92,5,0.0,3.66,0.0
2020-04-01 06:11:00,4,92,6,7.0,3.66,0.00058
2020-04-01 07:11:00,4,92,7,75.5,4.72,0.05192
2020-04-01 08:11:00,4,92,8,214.1,5.25,0.17637
2020-04-01 09:11:00,4,92,9,271.2,6.31,0.22758
2020-04-01 10:11:00,4,92,10,122.4,7.9,0.09224
2020-04-01 11:11:00,4,92,11,173.1,7.9,0.1372
2020-04-01 12:11:00,4,92,12,285.3,8.43,0.23729
2020-04-01 13:11:00,4,92,13,213.6,8.96,0.17262
2020-04-01 14:11:00,4,92,14,340.7,8.96,0.28694
2020-04-01 15:11:00,4,92,15,344.5,8.96,0.2905
2020-04-01 16:11:00,4,92,16,319.1,8.96,0.26279
2020-04-01 17:11:00,4,92,17,96.0,9.49,0.06547
2020-04-01 18:11:00,4,92,18,8.7,8.43,0.00132
2020-04-01 19:11:00,4,92,19,0.0,7.9,0.0
2020-04-01 20:11:00,4,92,20,0.0,7.37,0.0
2020-04-01 21:11:00,4,92,21,0.0,6.84,0.0
2020-04-01 22:11:00,4,92,22,0.0,6.84,0.0
2020-04-01 23:11:00,4,92,23,0.0,6.84,0.0
2020-04-02 00:11:00,4,93,0,0.0,6.31,0.0
2020-04-02 01:11:00,4,93,1,0.0,6.31,0.0
2020-04-02 02:11:00,4,93,2,0.0,6.31,0.0
2020-04-02 03:11:00,4,93,3,0.0,5.78,0.0
2020-04-02 04:11:00,4,93,4,0.0,5.78,0.0
2020-04-02 05:11:00,4,93,5,0.0,5.78,0.0
2020-04-02 06:11:00,4,93,6,22.5,5.78,0.00842
2020-04-02 07:11:00,4,93,7,247.0,6.84,0.19372
2020-04-02 08:11:00,4,93,8,328.2,7.9,0.27805
2020-04-02 09:11:00,4,93,9,733.2,7.9,0.63554
2020-04-02 10:11:00,4,93,10,841.4,9.49,0.72664
2020-04-02 11:11:00,4,93,11,537.4,9.49,0.46441
2020-04-02 12:11:00,4,93,12,552.7,9.49,0.47719
2020-04-02 13:11:00,4,93,13,424.0,8.96,0.36382
2020-04-02 14:11:00,4,93,14,307.1,8.43,0.259
2020-04-02 15:11:00,4,93,15,275.6,8.43,0.23042
2020-04-02 16:11:00,4,93,16,149.5,7.9,0.11623
2020-04-02 17:11:00,4,93,17,83.7,7.9,0.05689
2020-04-02 18:11:00,4,93,18,15.1,7.37,0.00482
2020-04-02 19:11:00,4,93,19,0.0,6.84,0.0
2020-04-02 20:11:00,4,93,20,0.0,5.78,0.0
2020-04-02 21:11:00,4,93,21,0.0,5.25,0.0
2020-04-02 22:11:00,4,93,22,0.0,4.19,0.0
2020-04-02 23:11:00,4,93,23,0.0,3.13,0.0
2020-04-03 00:11:00,4,94,0,0.0,2.6,0.0
2020-04-03 01:11:00,4,94,1,0.0,2.07,0.0
2020-04-03 02:11:00,4,94,2,0.0,1.54,0.0
2020-04-03 03:11:00,4,94,3,0.0,1.01,0.0
2020-04-03 04:11:00,4,94,4,0.0,1.01,0.0
2020-04-03 05:11:00,4,94,5,0.0,0.48,0.0
2020-04-03 06:11:00,4,94,6,15.7,0.48,0.00545
2020-04-03 07:11:00,4,94,7,111.6,2.6,0.08312
2020-04-03 08:11:00,4,94,8,380.4,4.19,0.32811
2020-04-03 09:11:00,4,94,9,223.5,6.31,0.18463
2020-04-03 10:11:00,4,94,10,263.0,6.84,0.21977
2020-04-03 11:11:00,4,94,11,336.2,7.9,0.28449
2020-04-03 12:11:00,4,94,12,174.8,7.9,0.13897
2020-04-03 13:11:00,4,94,13,103.2,7.9,0.07549
2020-04-03 14:11:00,4,94,14,90.0,8.43,0.06393
2020-04-03 15:11:00,4,94,15,512.8,8.43,0.4409
2020-04-03 16:11:00,4,94,16,232.5,8.43,0.18897
2020-04-03 17:11:00,4,94,17,133.3,8.43,0.09186
2020-04-03 18:11:00,4,94,18,5.6,7.9,0.0
2020-04-03 19:11:00,4,94,19,0.0,7.37,0.0
2020-04-03 20:11:00,4,94,20,0.0,6.84,0.0
2020-04-03 21:11:00,4,94,21,0.0,6.31,0.0
2020-04-03 22:11:00,4,94,22,0.0,5.78,0.0
2020-04-03 23:11:00,4,94,23,0.0,6.31,0.0
2020-04-04 00:11:00,4,95,0,0.0,6.31,0.0
2020-04-04 01:11:00,4,95,1,0.0,6.31,0.0
2020-04-04 02:11:00,4,95,2,0.0,5.78,0.0
2020-04-04 03:11:00,4,95,3,0.0,5.78,0.0
2020-04-04 04:11:00,4,95,4,0.0,5.78,0.0
2020-04-04 05:11:00,4,95,5,0.0,5.25,0.0
2020-04-04 06:11:00,4,95,6,9.6,5.25,0.0018
2020-04-04 07:11:00,4,95,7,175.9,6.31,0.13531
2020-04-04 08:11:00,4,95,8,508.1,7.9,0.43262
2020-04-04 09:11:00,4,95,9,778.7,8.43,0.66097
2020-04-04 10:11:00,4,95,10,361.2,9.49,0.30426
2020-04-04 11:11:00,4,95,11,197.7,10.02,0.15781
2020-04-04 12:11:00,4,95,12,111.9,10.55,0.08204
2020-04-04 13:11:00,4,95,13,189.7,10.55,0.15037
2020-04-04 14:11:00,4,95,14,144.2,10.55,0.11024
2020-04-04 15:11:00,4,95,15,315.9,10.55,0.26286
2020-04-04 16:11:00,4,95,16,144.6,10.55,0.11013
2020-04-04 17:11:00,4,95,17,31.5,10.55,0.01579
2020-04-04 18:11:00,4,95,18,4.0,10.02,0.0
2020-04-04 19:11:00,4,95,19,0.0,9.49,0.0
2020-04-04 20:11:00,4,95,20,0.0,9.49,0.0
2020-04-04 21:11:00,4,95,21,0.0,8.96,0.0
2020-04-04 22:11:00,4,95,22,0.0,8.43,0.0
2020-04-04 23:11:00,4,95,23,0.0,7.9,0.0
2020-04-05 00:11:00,4,96,0,0.0,7.9,0.0
2020-04-05 01:11:00,4,96,1,0.0,6.84,0.0
2020-04-05 02:11:00,4,96,2,0.0,6.31,0.0
2020-04-05 03:11:00,4,96,3,0.0,5.78,0.0
2020-04-05 04:11:00,4,96,4,0.0,5.25,0.0
2020-04-05 05:11:00,4,96,5,0.0,4.72,0.0
2020-04-05 06:11:00,4,96,6,30.8,4.72,0.01418
2020-04-05 07:11:00,4,96,7,259.2,5.78,0.20469
2020-04-05 08:11:00,4,96,8,530.8,7.9,0.45274
2020-04-05 09:11:00,4,96,9,775.2,9.49,0.65947
2020-04-05 10:11:00,4,96,10,958.4,11.09,0.80329
2020-04-05 11:11:00,4,96,11,1025.6,12.68,0.85113
2020-04-05 12:11:00,4,96,12,558.9,13.74,0.47064
2020-04-05 13:11:00,4,96,13,866.7,14.27,0.72206
2020-04-05 14:11:00,4,96,14,735.1,14.8,0.61493
2020-04-05 15:11:00,4,96,15,587.2,15.33,0.49009
2020-04-05 16:11:00,4,96,16,366.5,15.33,0.29539
2020-04-05 17:11:00,4,96,17,94.7,14.8,0.06374
2020-04-05 18:11:00,4,96,18,19.0,14.8,0.00701
2020-04-05 19:11:00,4,96,19,0.0,14.27,0.0
2020-04-05 20:11:00,4,96,20,0.0,13.74,0.0
2020-04-05 21:11:00,4,96,21,0.0,13.21,0.0
2020-04-05 22:11:00,4,96,22,0.0,13.21,0.0
2020-04-05 23:11:00,4,96,23,0.0,12.68,0.0
2020-04-06 00:11:00,4,97,0,0.0,12.15,0.0
2020-04-06 01:11:00,4,97,1,0.0,12.15,0.0
2020-04-06 02:11:00,4,97,2,0.0,12.15,0.0
2020-04-06 03:11:00,4,97,3,0.0,11.61,0.0
2020-04-06 04:11:00,4,97,4,0.0,11.61,0.0
2020-04-06 05:11:00,4,97,5,0.0,11.09,0.0
2020-04-06 06:11:00,4,97,6,14.9,10.02,0.00462
2020-04-06 07:11:00,4,97,7,284.2,9.49,0.2221
2020-04-06 08:11:00,4,97,8,549.0,10.02,0.46539
2020-04-06 09:11:00,4,97,9,459.4,11.09,0.39069
2020-04-06 10:11:00,4,97,10,275.5,11.61,0.22637
2020-04-06 11:11:00,4,97,11,568.5,11.61,0.48173
2020-04-06 12:11:00,4,97,12,946.7,11.61,0.78992
2020-04-06 13:11:00,4,97,13,924.5,12.15,0.7707
2020-04-06 14:11:00,4,97,14,650.8,12.15,0.55033
2020-04-06 15:11:00,4,97,15,666.9,12.15,0.56331
2020-04-06 16:11:00,4,97,16,435.0,11.61,0.35721
2020-04-06 17:11:00,4,97,17,182.2,11.09,0.11842
2020-04-06 18:11:00,4,97,18,22.2,10.02,0.00931
2020-04-06 19:11:00,4,97,19,0.0,9.49,0.0
2020-04-06 20:11:00,4,97,20,0.0,8.43,0.0
2020-04-06 21:11:00,4,97,21,0.0,7.9,0.0
2020-04-06 22:11:00,4,97,22,0.0,6.84,0.0
2020-04-06 23:11:00,4,97,23,0.0,6.31,0.0
2020-04-07 00:11:00,4,98,0,0.0,5.78,0.0
2020-04-07 01:11:00,4,98,1,0.0,4.72,0.0
2020-04-07 02:11:00,4,98,2,0.0,4.19,0.0
2020-04-07 03:11:00,4,98,3,0.0,3.66,0.0
2020-04-07 04:11:00,4,98,4,0.0,3.13,0.0
2020-04-07 05:11:00,4,98,5,0.0,2.6,0.0
2020-04-07 06:11:00,4,98,6,35.5,2.6,0.01808
2020-04-07 07:11:00,4,98,7,227.0,4.72,0.17895
2020-04-07 08:11:00,4,98,8,522.8,7.9,0.4379
2020-04-07 09:11:00,4,98,9,754.8,9.49,0.62741
2020-04-07 10:11:00,4,98,10,945.0,11.09,0.77181
2020-04-07 11:11:00,4,98,11,1033.3,12.15,0.83879
2020-04-07 12:11:00,4,98,12,1103.4,13.21,0.88811
2020-04-07 13:11:00,4,98,13,1028.0,13.74,0.8332
2020-04-07 14:11:00,4,98,14,895.9,14.27,0.73441
2020-04-07 15:11:00,4,98,15,619.8,14.27,0.51523
2020-04-07 16:11:00,4,98,16,424.6,14.27,0.34278
2020-04-07 17:11:00,4,98,17,179.6,14.27,0.11542
2020-04-07 18:11:00,4,98,18,23.0,13.21,0.00966
2020-04-07 19:11:00,4,98,19,0.0,11.09,0.0
2020-04-07 20:11:00,4,98,20,0.0,9.49,0.0
2020-04-07 21:11:00,4,98,21,0.0,8.43,0.0
2020-04-07 22:11:00,4,98,22,0.0,7.37,0.0
2020-04-07 23:11:00,4,98,23,0.0,6.31,0.0
2020-04-08 00:11:00,4,99,0,0.0,5.78,0.0
2020-04-08 01:11:00,4,99,1,0.0,5.78,0.0
2020-04-08 02:11:00,4,99,2,0.0,5.25,0.0
2020-04-08 03:11:00,4,99,3,0.0,5.25,0.0
2020-04-08 04:11:00,4,99,4,0.0,4.19,0.0
2020-04-08 05:11:00,4,99,5,0.0,3.66,0.0
2020-04-08 06:11:00,4,99,6,40.8,3.66,0.02145
2020-04-08 07:11:00,4,99,7,279.9,6.84,0.21991
2020-04-08 08:11:00,4,99,8,500.3,10.02,0.4169
2020-04-08 09:11:00,4,99,9,775.4,11.61,0.64327
2020-04-08 10:11:00,4,99,10,954.6,13.21,0.77856
2020-04-08 11:11:00,4,99,11,1069.2,14.27,0.86149
2020-04-08 12:11:00,4,99,12,1042.0,15.33,0.84444
2020-04-08 13:11:00,4,99,13,833.7,15.86,0.68331
2020-04-08 14:11:00,4,99,14,864.1,15.86,0.70716
2020-04-08 15:11:00,4,99,15,664.3,15.33,0.54905
2020-04-08 16:11:00,4,99,16,397.0,15.33,0.31874
2020-04-08 17:11:00,4,99,17,181.0,14.8,0.11548
2020-04-08 18:11:00,4,99,18,23.8,13.21,0.0102
2020-04-08 19:11:00,4,99,19,0.0,11.61,0.0
2020-04-08 20:11:00,4,99,20,0.0,10.02,0.0
2020-04-08 21:11:00,4,99,21,0.0,8.96,0.0
2020-04-08 22:11:00,4,99,22,0.0,8.43,0.0
2020-04-08 23:11:00,4,99,23,0.0,7.9,0.0
2020-04-09 00:11:00,4,100,0,0.0,7.9,0.0
2020-04-09 01:11:00,4,100,1,0.0,7.9,0.0
2020-04-09 02:11:00,4,100,2,0.0,7.37,0.0
2020-04-09 03:11:00,4,100,3,0.0,6.84,0.0
2020-04-09 04:11:00,4,100,4,0.0,6.31,0.0
2020-04-09 05:11:00,4,100,5,0.0,5.78,0.0
2020-04-09 06:11:00,4,100,6,11.4,5.78,0.00271
2020-04-09 07:11:00,4,100,7,60.3,6.31,0.0391
2020-04-09 08:11:00,4,100,8,103.2,6.84,0.07561
2020-04-09 09:11:00,4,100,9,239.8,7.9,0.19673
2020-04-09 10:11:00,4,100,10,216.1,7.9,0.1753
2020-04-09 11:11:00,4,100,11,193.2,8.43,0.15444
2020-04-09 12:11:00,4,100,12,295.2,8.96,0.24484
2020-04-09 13:11:00,4,100,13,322.7,9.49,0.26883
2020-04-09 14:11:00,4,100,14,323.3,10.02,0.26908
2020-04-09 15:11:00,4,100,15,205.3,10.02,0.16449
2020-04-09 16:11:00,4,100,16,87.4,9.49,0.06125
2020-04-09 17:11:00,4,100,17,37.6,8.96,0.02053
2020-04-09 18:11:00,4,100,18,24.6,7.9,0.01106
2020-04-09 19:11:00,4,100,19,0.0,7.37,0.0
2020-04-09 20:11:00,4,100,20,0.0,6.84,0.0
2020-04-09 21:11:00,4,100,21,0.0,6.84,0.0
2020-04-09 22:11:00,4,100,22,0.0,6.31,0.0
2020-04-09 23:11:00,4,100,23,0.0,6.31,0.0
2020-04-10 00:11:00,4,101,0,0.0,5.78,0.0
2020-04-10 01:11:00,4,101,1,0.0,5.78,0.0
2020-04-10 02:11:00,4,101,2,0.0,5.78,0.0
2020-04-10 03:11:00,4,101,3,0.0,5.78,0.0
2020-04-10 04:11:00,4,101,4,0.0,5.78,0.0
2020-04-10 05:11:00,4,101,5,0.0,5.78,0.0
2020-04-10 06:11:00,4,101,6,33.3,5.78,0.01691
2020-04-10 07:11:00,4,101,7,106.5,6.84,0.07776
2020-04-10 08:11:00,4,101,8,259.8,7.9,0.21423
2020-04-10 09:11:00,4,101,9,566.0,10.02,0.47554
2020-04-10 10:11:00,4,101,10,744.8,11.61,0.61514
2020-04-10 11:11:00,4,101,11,850.2,13.74,0.68772
2020-04-10 12:11:00,4,101,12,805.5,15.33,0.64786
2020-04-10 13:11:00,4,101,13,721.8,16.39,0.58156
2020-04-10 14:11:00,4,101,14,410.5,16.92,0.33257
2020-04-10 15:11:00,4,101,15,213.2,17.45,0.165
2020-04-10 16:11:00,4,101,16,92.7,17.98,0.06295
2020-04-10 17:11:00,4,101,17,82.9,17.45,0.05434
2020-04-10 18:11:00,4,101,18,14.3,16.39,0.00409
2020-04-10 19:11:00,4,101,19,0.0,15.33,0.0
2020-04-10 20:11:00,4,101,20,0.0,14.27,0.0
2020-04-10 21:11:00,4,101,21,0.0,13.21,0.0
2020-04-10 22:11:00,4,101,22,0.0,12.68,0.0
2020-04-10 23:11:00,4,101,23,0.0,12.15,0.0
2020-04-11 00:11:00,4,102,0,0.0,12.15,0.0
2020-04-11 01:11:00,4,102,1,0.0,12.15,0.0
2020-04-11 02:11:00,4,102,2,0.0,11.09,0.0
2020-04-11 03:11:00,4,102,3,0.0,10.55,0.0
2020-04-11 04:11:00,4,102,4,0.0,10.55,0.0
2020-04-11 05:11:00,4,102,5,0.0,10.55,0.0
2020-04-11 06:11:00,4,102,6,8.7,10.55,0.0013
2020-04-11 07:11:00,4,102,7,79.9,11.61,0.05406
2020-04-11 08:11:00,4,102,8,187.0,13.21,0.14563
2020-04-11 09:11:00,4,102,9,396.4,14.27,0.32635
2020-04-11 10:11:00,4,102,10,918.5,15.86,0.74667
2020-04-11 11:11:00,4,102,11,1008.6,16.92,0.81454
2020-04-11 12:11:00,4,102,12,989.8,17.45,0.80073
2020-04-11 13:11:00,4,102,13,993.8,16.92,0.80651
2020-04-11 14:11:00,4,102,14,803.0,15.86,0.66206
2020-04-11 15:11:00,4,102,15,653.7,15.86,0.54172
2020-04-11 16:11:00,4,102,16,405.8,15.33,0.32627
2020-04-11 17:11:00,4,102,17,177.8,14.8,0.11406
2020-04-11 18:11:00,4,102,18,27.8,13.74,0.01289
2020-04-11 19:11:00,4,102,19,0.0,12.68,0.0
2020-04-11 20:11:00,4,102,20,0.0,11.09,0.0
2020-04-11 21:11:00,4,102,21,0.0,10.02,0.0
2020-04-11 22:11:00,4,102,22,0.0,8.96,0.0
2020-04-11 23:11:00,4,102,23,0.0,8.43,0.0
2020-04-12 00:11:00,4,103,0,0.0,7.9,0.0
2020-04-12 01:11:00,4,103,1,0.0,7.9,0.0
2020-04-12 02:11:00,4,103,2,0.0,7.9,0.0
2020-04-12 03:11:00,4,103,3,0.0,7.37,0.0
2020-04-12 04:11:00,4,103,4,0.0,6.84,0.0
2020-04-12 05:11:00,4,103,5,0.0,6.31,0.0
2020-04-12 06:11:00,4,103,6,20.1,6.31,0.00807
2020-04-12 07:11:00,4,103,7,49.0,8.43,0.02944
2020-04-12 08:11:00,4,103,8,132.5,9.49,0.10003
2020-04-12 09:11:00,4,103,9,77.8,10.02,0.05291
2020-04-12 10:11:00,4,103,10,201.0,10.55,0.15979
2020-04-12 11:11:00,4,103,11,436.0,10.55,0.36582
2020-04-12 12:11:00,4,103,12,477.6,10.55,0.40166
2020-04-12 13:11:00,4,103,13,590.5,10.02,0.49904
2020-04-12 14:11:00,4,103,14,175.5,9.49,0.13831
2020-04-12 15:11:00,4,103,15,132.0,8.96,0.10025
2020-04-12 16:11:00,4,103,16,90.9,8.43,0.06464
2020-04-12 17:11:00,4,103,17,42.8,7.9,0.02473
2020-04-12 18:11:00,4,103,18,6.4,7.9,0.00028
2020-04-12 19:11:00,4,103,19,0.0,7.37,0.0
2020-04-12 20:11:00,4,103,20,0.0,6.84,0.0
2020-04-12 21:11:00,4,103,21,0.0,6.31,0.0
2020-04-12 22:11:00,4,103,22,0.0,6.31,0.0
2020-04-12 23:11:00,4,103,23,0.0,5.78,0.0
2020-04-13 00:11:00,4,104,0,0.0,5.25,0.0
2020-04-13 01:11:00,4,104,1,0.0,4.72,0.0
2020-04-13 02:11:00,4,104,2,0.0,4.72,0.0
2020-04-13 03:11:00,4,104,3,0.0,4.19,0.0
2020-04-13 04:11:00,4,104,4,0.0,3.66,0.0
2020-04-13 05:11:00,4,104,5,0.0,3.66,0.0
2020-04-13 06:11:00,4,104,6,42.7,3.66,0.02427
2020-04-13 07:11:00,4,104,7,83.6,4.19,0.05953
2020-04-13 08:11:00,4,104,8,108.4,4.19,0.08149
2020-04-13 09:11:00,4,104,9,190.3,4.72,0.1553
2020-04-13 10:11:00,4,104,10,164.3,5.25,0.13116
2020-04-13 11:11:00,4,104,11,348.1,5.78,0.29684
2020-04-13 12:11:00,4,104,12,540.8,6.31,0.465
2020-04-13 13:11:00,4,104,13,172.2,6.31,0.1374
2020-04-13 14:11:00,4,104,14,164.3,6.31,0.13038
2020-04-13 15:11:00,4,104,15,283.0,5.78,0.2382
2020-04-13 16:11:00,4,104,16,243.7,5.78,0.2007
2020-04-13 17:11:00,4,104,17,108.4,5.25,0.07876
2020-04-13 18:11:00,4,104,18,34.9,4.72,0.0189
2020-04-13 19:11:00,4,104,19,0.0,4.19,0.0
2020-04-13 20:11:00,4,104,20,0.0,3.66,0.0
2020-04-13 21:11:00,4,104,21,0.0,2.6,0.0
2020-04-13 22:11:00,4,104,22,0.0,2.6,0.0
2020-04-13 23:11:00,4,104,23,0.0,1.01,0.0
2020-04-14 00:11:00,4,105,0,0.0,-0.57,0.0
2020-04-14 01:11:00,4,105,1,0.0,-0.57,0.0
2020-04-14 02:11:00,4,105,2,0.0,-0.57,0.0
2020-04-14 03:11:00,4,105,3,0.0,-1.1,0.0
2020-04-14 04:11:00,4,105,4,0.0,-1.1,0.0
2020-04-14 05:11:00,4,105,5,0.0,-1.63,0.0
2020-04-14 06:11:00,4,105,6,86.0,-1.1,0.0454
2020-04-14 07:11:00,4,105,7,293.2,2.07,0.23795
2020-04-14 08:11:00,4,105,8,577.4,4.72,0.49514
2020-04-14 09:11:00,4,105,9,778.4,6.84,0.66182
2020-04-14 10:11:00,4,105,10,951.8,7.9,0.79333
2020-04-14 11:11:00,4,105,11,1043.0,8.96,0.85656
2020-04-14 12:11:00,4,105,12,1000.1,10.02,0.82035
2020-04-14 13:11:00,4,105,13,948.8,11.09,0.77987
2020-04-14 14:11:00,4,105,14,792.4,11.61,0.65958
2020-04-14 15:11:00,4,105,15,375.9,11.61,0.31315
2020-04-14 16:11:00,4,105,16,184.9,11.61,0.14466
2020-04-14 17:11:00,4,105,17,81.1,10.55,0.0553
2020-04-14 18:11:00,4,105,18,38.1,10.02,0.02078
2020-04-14 19:11:00,4,105,19,0.0,8.43,0.0
2020-04-14 20:11:00,4,105,20,0.0,7.37,0.0
2020-04-14 21:11:00,4,105,21,0.0,6.31,0.0
2020-04-14 22:11:00,4,105,22,0.0,5.78,0.0
2020-04-14 23:11:00,4,105,23,0.0,5.25,0.0
2020-04-15 00:11:00,4,106,0,0.0,4.72,0.0
2020-04-15 01:11:00,4,106,1,0.0,4.19,0.0
2020-04-15 02:11:00,4,106,2,0.0,3.66,0.0
2020-04-15 03:11:00,4,106,3,0.0,3.66,0.0
2020-04-15 04:11:00,4,106,4,0.0,3.13,0.0
2020-04-15 05:11:00,4,106,5,0.0,2.6,0.0
2020-04-15 06:11:00,4,106,6,83.0,2.6,0.04675
2020-04-15 07:11:00,4,106,7,326.7,5.25,0.2618
2020-04-15 08:11:00,4,106,8,595.3,7.9,0.50216
2020-04-15 09:11:00,4,106,9,820.7,10.02,0.68197
2020-04-15 10:11:00,4,106,10,981.9,11.61,0.79882
2020-04-15 11:11:00,4,106,11,1099.6,12.68,0.87885
2020-04-15 12:11:00,4,106,12,1112.3,14.27,0.88057
2020-04-15 13:11:00,4,106,13,1049.9,15.33,0.8327
2020-04-15 14:11:00,4,106,14,906.0,15.86,0.72651
2020-04-15 15:11:00,4,106,15,682.9,16.39,0.55314
2020-04-15 16:11:00,4,106,16,445.5,16.39,0.35216
2020-04-15 17:11:00,4,106,17,144.0,15.86,0.09986
2020-04-15 18:11:00,4,106,18,39.7,14.27,0.02148
2020-04-15 19:11:00,4,106,19,0.0,12.68,0.0
2020-04-15 20:11:00,4,106,20,0.0,11.61,0.0
2020-04-15 21:11:00,4,106,21,0.0,10.02,0.0
2020-04-15 22:11:00,4,106,22,0.0,7.9,0.0
2020-04-15 23:11:00,4,106,23,0.0,7.37,0.0
2020-04-16 00:11:00,4,107,0,0.0,6.31,0.0
2020-04-16 01:11:00,4,107,1,0.0,5.78,0.0
2020-04-16 02:11:00,4,107,2,0.0,5.78,0.0
2020-04-16 03:11:00,4,107,3,0.0,5.78,0.0
2020-04-16 04:11:00,4,107,4,0.0,5.78,0.0
2020-04-16 05:11:00,4,107,5,0.0,5.78,0.0
2020-04-16 06:11:00,4,107,6,91.3,6.31,0.04791
2020-04-16 07:11:00,4,107,7,317.2,7.9,0.25095
2020-04-16 08:11:00,4,107,8,551.2,8.96,0.46673
2020-04-16 09:11:00,4,107,9,714.5,10.02,0.60772
2020-04-16 10:11:00,4,107,10,236.4,10.02,0.19255
2020-04-16 11:11:00,4,107,11,203.6,10.02,0.16313
2020-04-16 12:11:00,4,107,12,317.9,10.02,0.2648
2020-04-16 13:11:00,4,107,13,691.0,10.02,0.58601
2020-04-16 14:11:00,4,107,14,552.0,9.49,0.47079
2020-04-16 15:11:00,4,107,15,561.9,9.49,0.47856
2020-04-16 16:11:00,4,107,16,398.9,8.96,0.33023
2020-04-16 17:11:00,4,107,17,176.5,8.43,0.12056
2020-04-16 18:11:00,4,107,18,38.9,7.9,0.02163
2020-04-16 19:11:00,4,107,19,0.0,7.37,0.0
2020-04-16 20:11:00,4,107,20,0.0,6.31,0.0
2020-04-16 21:11:00,4,107,21,0.0,5.78,0.0
2020-04-16 22:11:00,4,107,22,0.0,5.78,0.0
2020-04-16 23:11:00,4,107,23,0.0,5.78,0.0
2020-04-17 00:11:00,4,108,0,0.0,5.78,0.0
2020-04-17 01:11:00,4,108,1,0.0,5.78,0.0
2020-04-17 02:11:00,4,108,2,0.0,5.78,0.0
2020-04-17 03:11:00,4,108,3,0.0,5.78,0.0
2020-04-17 04:11:00,4,108,4,0.0,5.78,0.0
2020-04-17 05:11:00,4,108,5,0.0,5.78,0.0
2020-04-17 06:11:00,4,108,6,34.1,5.78,0.01818
2020-04-17 07:11:00,4,108,7,113.6,6.84,0.08443
2020-04-17 08:11:00,4,108,8,206.4,7.37,0.16744
2020-04-17 09:11:00,4,108,9,243.4,7.9,0.20031
2020-04-17 10:11:00,4,108,10,226.0,7.9,0.1846
2020-04-17 11:11:00,4,108,11,389.1,8.43,0.32969
2020-04-17 12:11:00,4,108,12,480.5,8.43,0.41025
2020-04-17 13:11:00,4,108,13,851.5,8.43,0.72152
2020-04-17 14:11:00,4,108,14,629.5,7.9,0.54052
2020-04-17 15:11:00,4,108,15,501.0,7.9,0.42939
2020-04-17 16:11:00,4,108,16,291.9,7.9,0.24095
2020-04-17 17:11:00,4,108,17,154.9,7.37,0.11151
2020-04-17 18:11:00,4,108,18,42.8,6.31,0.02493
2020-04-17 19:11:00,4,108,19,0.0,5.78,0.0
2020-04-17 20:11:00,4,108,20,0.0,5.25,0.0
2020-04-17 21:11:00,4,108,21,0.0,4.72,0.0
2020-04-17 22:11:00,4,108,22,0.0,4.72,0.0
2020-04-17 23:11:00,4,108,23,0.0,4.72,0.0
2020-04-18 00:11:00,4,109,0,0.0,4.72,0.0
2020-04-18 01:11:00,4,109,1,0.0,4.72,0.0
2020-04-18 02:11:00,4,109,2,0.0,4.72,0.0
2020-04-18 03:11:00,4,109,3,0.0,4.72,0.0
2020-04-18 04:11:00,4,109,4,0.0,4.19,0.0
2020-04-18 05:11:00,4,109,5,0.0,4.19,0.0
2020-04-18 06:11:00,4,109,6,57.0,4.72,0.03536
2020-04-18 07:11:00,4,109,7,165.9,5.78,0.12998
2020-04-18 08:11:00,4,109,8,365.0,6.84,0.31007
2020-04-18 09:11:00,4,109,9,438.0,7.37,0.37434
2020-04-18 10:11:00,4,109,10,342.1,7.9,0.28813
2020-04-18 11:11:00,4,109,11,756.4,8.43,0.63738
2020-04-18 12:11:00,4,109,12,892.2,9.49,0.74123
2020-04-18 13:11:00,4,109,13,976.0,9.49,0.80717
2020-04-18 14:11:00,4,109,14,875.5,9.49,0.73156
2020-04-18 15:11:00,4,109,15,588.1,9.49,0.49752
2020-04-18 16:11:00,4,109,16,334.5,9.49,0.27459
2020-04-18 17:11:00,4,109,17,181.0,8.96,0.12378
2020-04-18 18:11:00,4,109,18,41.3,7.9,0.02347
2020-04-18 19:11:00,4,109,19,0.0,7.37,0.0
2020-04-18 20:11:00,4,109,20,0.0,6.84,0.0
2020-04-18 21:11:00,4,109,21,0.0,5.78,0.0
2020-04-18 22:11:00,4,109,22,0.0,4.72,0.0
2020-04-18 23:11:00,4,109,23,0.0,3.66,0.0
2020-04-19 00:11:00,4,110,0,0.0,3.66,0.0
2020-04-19 01:11:00,4,110,1,0.0,3.13,0.0
2020-04-19 02:11:00,4,110,2,0.0,3.66,0.0
2020-04-19 03:11:00,4,110,3,0.0,3.66,0.0
2020-04-19 04:11:00,4,110,4,0.0,3.13,0.0
2020-04-19 05:11:00,4,110,5,0.0,2.6,0.0
2020-04-19 06:11:00,4,110,6,100.7,3.13,0.05673
2020-04-19 07:11:00,4,110,7,308.9,6.31,0.24828
2020-04-19 08:11:00,4,110,8,533.3,7.37,0.45336
2020-04-19 09:11:00,4,110,9,788.2,8.43,0.66505
2020-04-19 10:11:00,4,110,10,952.1,9.49,0.79082
2020-04-19 11:11:00,4,110,11,1087.7,10.55,0.88889
2020-04-19 12:11:00,4,110,12,1097.2,11.09,0.89638
2020-04-19 13:11:00,4,110,13,1023.9,11.61,0.84352
2020-04-19 14:11:00,4,110,14,872.2,11.61,0.7295
2020-04-19 15:11:00,4,110,15,677.7,11.09,0.5734
2020-04-19 16:11:00,4,110,16,447.5,10.55,0.36774
2020-04-19 17:11:00,4,110,17,195.4,10.02,0.12711
2020-04-19 18:11:00,4,110,18,33.3,8.96,0.0173
2020-04-19 19:11:00,4,110,19,0.0,7.9,0.0
2020-04-19 20:11:00,4,110,20,0.0,6.84,0.0
2020-04-19 21:11:00,4,110,21,0.0,5.78,0.0
2020-04-19 22:11:00,4,110,22,0.0,5.78,0.0
2020-04-19 23:11:00,4,110,23,0.0,5.25,0.0
2020-04-20 00:11:00,4,111,0,0.0,5.25,0.0
2020-04-20 01:11:00,4,111,1,0.0,5.25,0.0
2020-04-20 02:11:00,4,111,2,0.0,5.25,0.0
2020-04-20 03:11:00,4,111,3,0.0,5.25,0.0
2020-04-20 04:11:00,4,111,4,0.0,5.25,0.0
2020-04-20 05:11:00,4,111,5,0.0,5.25,0.0
2020-04-20 06:11:00,4,111,6,110.1,5.78,0.05826
2020-04-20 07:11:00,4,111,7,349.9,7.37,0.28114
2020-04-20 08:11:00,4,111,8,609.3,7.9,0.52187
2020-04-20 09:11:00,4,111,9,836.2,8.96,0.71266
2020-04-20 10:11:00,4,111,10,988.3,10.02,0.83086
2020-04-20 11:11:00,4,111,11,1104.8,10.02,0.92154
2020-04-20 12:11:00,4,111,12,1120.6,10.55,0.93048
2020-04-20 13:11:00,4,111,13,1033.9,10.55,0.86392
2020-04-20 14:11:00,4,111,14,880.8,10.55,0.74437
2020-04-20 15:11:00,4,111,15,684.8,10.02,0.584
2020-04-20 16:11:00,4,111,16,455.9,10.02,0.37657
2020-04-20 17:11:00,4,111,17,197.8,8.96,0.12998
2020-04-20 18:11:00,4,111,18,36.5,8.43,0.01976
2020-04-20 19:11:00,4,111,19,0.0,7.9,0.0
2020-04-20 20:11:00,4,111,20,0.0,6.84,0.0
2020-04-20 21:11:00,4,111,21,0.0,6.31,0.0
2020-04-20 22:11:00,4,111,22,0.0,6.31,0.0
2020-04-20 23:11:00,4,111,23,0.0,6.31,0.0
2020-04-21 00:11:00,4,112,0,0.0,6.31,0.0
2020-04-21 01:11:00,4,112,1,0.0,6.31,0.0
2020-04-21 02:11:00,4,112,2,0.0,6.31,0.0
2020-04-21 03:11:00,4,112,3,0.0,6.84,0.0
2020-04-21 04:11:00,4,112,4,0.0,6.31,0.0
2020-04-21 05:11:00,4,112,5,0.0,6.31,0.0
2020-04-21 06:11:00,4,112,6,110.4,6.84,0.05966
2020-04-21 07:11:00,4,112,7,349.6,7.9,0.28051
2020-04-21 08:11:00,4,112,8,603.3,8.96,0.51554
2020-04-21 09:11:00,4,112,9,826.5,10.02,0.70297
2020-04-21 10:11:00,4,112,10,976.5,10.55,0.81917
2020-04-21 11:11:00,4,112,11,1091.4,11.09,0.90529
2020-04-21 12:11:00,4,112,12,1107.4,11.61,0.91534
2020-04-21 13:11:00,4,112,13,1032.8,11.61,0.85899
2020-04-21 14:11:00,4,112,14,875.0,11.61,0.73578
2020-04-21 15:11:00,4,112,15,675.5,11.09,0.57276
2020-04-21 16:11:00,4,112,16,451.7,10.55,0.37167
2020-04-21 17:11:00,4,112,17,197.2,10.02,0.12891
2020-04-21 18:11:00,4,112,18,35.7,8.96,0.0191
2020-04-21 19:11:00,4,112,19,0.0,7.9,0.0
2020-04-21 20:11:00,4,112,20,0.0,7.37,0.0
2020-04-21 21:11:00,4,112,21,0.0,7.37,0.0
2020-04-21 22:11:00,4,112,22,0.0,6.84,0.0
2020-04-21 23:11:00,4,112,23,0.0,6.84,0.0
2020-04-22 00:11:00,4,113,0,0.0,6.84,0.0
2020-04-22 01:11:00,4,113,1,0.0,6.84,0.0
2020-04-22 02:11:00,4,113,2,0.0,6.84,0.0
2020-04-22 03:11:00,4,113,3,0.0,6.31,0.0
2020-04-22 04:11:00,4,113,4,0.0,6.31,0.0
2020-04-22 05:11:00,4,113,5,4.8,6.31,0.0
2020-04-22 06:11:00,4,113,6,109.3,6.84,0.06117
2020-04-22 07:11:00,4,113,7,335.9,7.9,0.26895
2020-04-22 08:11:00,4,113,8,565.1,9.49,0.47805
2020-04-22 09:11:00,4,113,9,802.1,10.55,0.67364
2020-04-22 10:11:00,4,113,10,958.8,11.61,0.79252
2020-04-22 11:11:00,4,113,11,1072.4,12.15,0.87448
2020-04-22 12:11:00,4,113,12,1087.2,12.68,0.88227
2020-04-22 13:11:00,4,113,13,994.8,12.68,0.81492
2020-04-22 14:11:00,4,113,14,830.1,12.68,0.68894
2020-04-22 15:11:00,4,113,15,585.5,12.15,0.49126
2020-04-22 16:11:00,4,113,16,424.6,11.61,0.34646
2020-04-22 17:11:00,4,113,17,198.5,10.55,0.12755
2020-04-22 18:11:00,4,113,18,41.3,10.02,0.02322
2020-04-22 19:11:00,4,113,19,0.0,8.43,0.0
2020-04-22 20:11:00,4,113,20,0.0,7.9,0.0
2020-04-22 21:11:00,4,113,21,0.0,6.84,0.0
2020-04-22 22:11:00,4,113,22,0.0,6.31,0.0
2020-04-22 23:11:00,4,113,23,0.0,5.78,0.0
2020-04-23 00:11:00,4,114,0,0.0,5.25,0.0
2020-04-23 01:11:00,4,114,1,0.0,4.72,0.0
2020-04-23 02:11:00,4,114,2,0.0,4.72,0.0
2020-04-23 03:11:00,4,114,3,0.0,4.19,0.0
2020-04-23 04:11:00,4,114,4,0.0,3.66,0.0
2020-04-23 05:11:00,4,114,5,2.4,3.66,0.0
2020-04-23 06:11:00,4,114,6,40.2,4.72,0.02301
2020-04-23 07:11:00,4,114,7,133.7,7.37,0.10153
2020-04-23 08:11:00,4,114,8,226.2,7.9,0.18394
2020-04-23 09:11:00,4,114,9,481.3,9.49,0.40485
2020-04-23 10:11:00,4,114,10,745.1,10.55,0.61695
2020-04-23 11:11:00,4,114,11,1015.5,11.61,0.81575
2020-04-23 12:11:00,4,114,12,1006.8,12.15,0.80777
2020-04-23 13:11:00,4,114,13,798.7,12.68,0.65261
2020-04-23 14:11:00,4,114,14,506.5,12.68,0.42033
2020-04-23 15:11:00,4,114,15,336.1,12.15,0.27658
2020-04-23 16:11:00,4,114,16,319.9,11.61,0.25939
2020-04-23 17:11:00,4,114,17,126.4,11.09,0.09167
2020-04-23 18:11:00,4,114,18,51.6,10.02,0.03132
2020-04-23 19:11:00,4,114,19,0.0,9.49,0.0
2020-04-23 20:11:00,4,114,20,0.0,8.43,0.0
2020-04-23 21:11:00,4,114,21,0.0,7.37,0.0
2020-04-23 22:11:00,4,114,22,0.0,6.31,0.0
2020-04-23 23:11:00,4,114,23,0.0,5.25,0.0
2020-04-24 00:11:00,4,115,0,0.0,4.19,0.0
2020-04-24 01:11:00,4,115,1,0.0,3.66,0.0
2020-04-24 02:11:00,4,115,2,0.0,3.13,0.0
2020-04-24 03:11:00,4,115,3,0.0,2.6,0.0
2020-04-24 04:11:00,4,115,4,0.0,2.6,0.0
2020-04-24 05:11:00,4,115,5,7.1,2.07,0.00066
2020-04-24 06:11:00,4,115,6,109.2,3.66,0.06635
2020-04-24 07:11:00,4,115,7,344.9,7.37,0.27406
2020-04-24 08:11:00,4,115,8,600.2,9.49,0.49486
2020-04-24 09:11:00,4,115,9,813.9,11.09,0.65833
2020-04-24 10:11:00,4,115,10,965.6,12.15,0.76633
2020-04-24 11:11:00,4,115,11,1071.7,13.21,0.83791
2020-04-24 12:11:00,4,115,12,1079.8,13.74,0.84392
2020-04-24 13:11:00,4,115,13,1020.1,14.27,0.80381
2020-04-24 14:11:00,4,115,14,823.0,14.27,0.66387
2020-04-24 15:11:00,4,115,15,646.3,14.27,0.52828
2020-04-24 16:11:00,4,115,16,439.1,13.74,0.35138
2020-04-24 17:11:00,4,115,17,185.0,12.68,0.1263
2020-04-24 18:11:00,4,115,18,46.8,11.09,0.02739
2020-04-24 19:11:00,4,115,19,0.0,8.96,0.0
2020-04-24 20:11:00,4,115,20,0.0,7.9,0.0
2020-04-24 21:11:00,4,115,21,0.0,7.37,0.0
2020-04-24 22:11:00,4,115,22,0.0,5.78,0.0
2020-04-24 23:11:00,4,115,23,0.0,4.72,0.0
2020-04-25 00:11:00,4,116,0,0.0,4.19,0.0
2020-04-25 01:11:00,4,116,1,0.0,3.13,0.0
2020-04-25 02:11:00,4,116,2,0.0,3.13,0.0
2020-04-25 03:11:00,4,116,3,0.0,2.6,0.0
2020-04-25 04:11:00,4,116,4,0.0,3.13,0.0
2020-04-25 05:11:00,4,116,5,3.2,2.6,0.0
2020-04-25 06:11:00,4,116,6,54.8,4.72,0.03463
2020-04-25 07:11:00,4,116,7,115.9,5.78,0.08689
2020-04-25 08:11:00,4,116,8,219.4,7.37,0.1781
2020-04-25 09:11:00,4,116,9,464.6,8.96,0.39008
2020-04-25 10:11:00,4,116,10,954.5,10.55,0.77124
2020-04-25 11:11:00,4,116,11,1059.0,12.15,0.83766
2020-04-25 12:11:00,4,116,12,1080.4,13.74,0.84657
2020-04-25 13:11:00,4,116,13,1001.8,14.8,0.7863
2020-04-25 14:11:00,4,116,14,858.4,15.86,0.67583
2020-04-25 15:11:00,4,116,15,655.5,15.86,0.52786
2020-04-25 16:11:00,4,116,16,418.3,15.33,0.33177
2020-04-25 17:11:00,4,116,17,190.2,14.8,0.12599
2020-04-25 18:11:00,4,116,18,51.6,14.27,0.03063
2020-04-25 19:11:00,4,116,19,0.0,13.21,0.0
2020-04-25 20:11:00,4,116,20,0.0,12.15,0.0
2020-04-25 21:11:00,4,116,21,0.0,10.55,0.0
2020-04-25 22:11:00,4,116,22,0.0,9.49,0.0
2020-04-25 23:11:00,4,116,23,0.0,8.96,0.0
2020-04-26 00:11:00,4,117,0,0.0,8.43,0.0
2020-04-26 01:11:00,4,117,1,0.0,8.43,0.0
2020-04-26 02:11:00,4,117,2,0.0,7.9,0.0
2020-04-26 03:11:00,4,117,3,0.0,8.43,0.0
2020-04-26 04:11:00,4,117,4,0.0,7.9,0.0
2020-04-26 05:11:00,4,117,5,7.9,7.9,0.00096
2020-04-26 06:11:00,4,117,6,115.5,8.43,0.06695
2020-04-26 07:11:00,4,117,7,275.3,10.02,0.21829
2020-04-26 08:11:00,4,117,8,243.8,12.15,0.19579
2020-04-26 09:11:00,4,117,9,384.8,13.21,0.31618
2020-04-26 10:11:00,4,117,10,152.1,14.27,0.11458
2020-04-26 11:11:00,4,117,11,190.6,15.33,0.14695
2020-04-26 12:11:00,4,117,12,404.2,15.86,0.32943
2020-04-26 13:11:00,4,117,13,242.9,15.86,0.19193
2020-04-26 14:11:00,4,117,14,90.9,15.33,0.06242
2020-04-26 15:11:00,4,117,15,110.2,14.8,0.07867
2020-04-26 16:11:00,4,117,16,83.9,13.21,0.05707
2020-04-26 17:11:00,4,117,17,49.8,12.15,0.02956
2020-04-26 18:11:00,4,117,18,49.2,11.61,0.02913
2020-04-26 19:11:00,4,117,19,0.0,10.55,0.0
2020-04-26 20:11:00,4,117,20,0.0,9.49,0.0
2020-04-26 21:11:00,4,117,21,0.0,8.96,0.0
2020-04-26 22:11:00,4,117,22,0.0,8.96,0.0
2020-04-26 23:11:00,4,117,23,0.0,7.9,0.0
2020-04-27 00:11:00,4,118,0,0.0,7.9,0.0
2020-04-27 01:11:00,4,118,1,0.0,7.37,0.0
2020-04-27 02:11:00,4,118,2,0.0,6.31,0.0
2020-04-27 03:11:00,4,118,3,0.0,5.78,0.0
2020-04-27 04:11:00,4,118,4,0.0,4.72,0.0
2020-04-27 05:11:00,4,118,5,15.9,4.72,0.00539
2020-04-27 06:11:00,4,118,6,125.9,5.25,0.06885
2020-04-27 07:11:00,4,118,7,357.0,6.31,0.28822
2020-04-27 08:11:00,4,118,8,607.1,7.9,0.51382
2020-04-27 09:11:00,4,118,9,793.9,8.43,0.66261
2020-04-27 10:11:00,4,118,10,623.0,9.49,0.52047
2020-04-27 11:11:00,4,118,11,444.9,10.02,0.37109
2020-04-27 12:11:00,4,118,12,397.7,10.02,0.33057
2020-04-27 13:11:00,4,118,13,846.0,10.55,0.69088
2020-04-27 14:11:00,4,118,14,865.3,10.55,0.70888
2020-04-27 15:11:00,4,118,15,665.1,10.55,0.55323
2020-04-27 16:11:00,4,118,16,437.6,10.02,0.35648
2020-04-27 17:11:00,4,118,17,196.3,9.49,0.13224
2020-04-27 18:11:00,4,118,18,57.1,8.43,0.03608
2020-04-27 19:11:00,4,118,19,0.0,7.9,0.0
2020-04-27 20:11:00,4,118,20,0.0,7.37,0.0
2020-04-27 21:11:00,4,118,21,0.0,6.31,0.0
2020-04-27 22:11:00,4,118,22,0.0,5.78,0.0
2020-04-27 23:11:00,4,118,23,0.0,4.72,0.0
2020-04-28 00:11:00,4,119,0,0.0,4.19,0.0
2020-04-28 01:11:00,4,119,1,0.0,3.13,0.0
2020-04-28 02:11:00,4,119,2,0.0,2.6,0.0
2020-04-28 03:11:00,4,119,3,0.0,2.07,0.0
2020-04-28 04:11:00,4,119,4,0.0,2.07,0.0
2020-04-28 05:11:00,4,119,5,11.9,2.07,0.00309
2020-04-28 06:11:00,4,119,6,104.8,4.19,0.06943
2020-04-28 07:11:00,4,119,7,279.3,6.31,0.22628
2020-04-28 08:11:00,4,119,8,397.0,7.37,0.33581
2020-04-28 09:11:00,4,119,9,464.6,7.9,0.39407
2020-04-28 10:11:00,4,119,10,448.9,8.43,0.37922
2020-04-28 11:11:00,4,119,11,597.0,8.43,0.50426
2020-04-28 12:11:00,4,119,12,572.8,8.43,0.48394
2020-04-28 13:11:00,4,119,13,256.4,8.43,0.21029
2020-04-28 14:11:00,4,119,14,227.7,8.96,0.18448
2020-04-28 15:11:00,4,119,15,202.6,8.96,0.16237
2020-04-28 16:11:00,4,119,16,142.8,8.43,0.10974
2020-04-28 17:11:00,4,119,17,39.3,8.43,0.02192
2020-04-28 18:11:00,4,119,18,54.8,7.9,0.03422
2020-04-28 19:11:00,4,119,19,0.0,7.9,0.0
2020-04-28 20:11:00,4,119,20,0.0,7.37,0.0
2020-04-28 21:11:00,4,119,21,0.0,6.84,0.0
2020-04-28 22:11:00,4,119,22,0.0,6.31,0.0
2020-04-28 23:11:00,4,119,23,0.0,5.78,0.0
2020-04-29 00:11:00,4,120,0,0.0,5.25,0.0
2020-04-29 01:11:00,4,120,1,0.0,5.25,0.0
2020-04-29 02:11:00,4,120,2,0.0,4.72,0.0
2020-04-29 03:11:00,4,120,3,0.0,4.72,0.0
2020-04-29 04:11:00,4,120,4,0.0,4.19,0.0
2020-04-29 05:11:00,4,120,5,4.0,4.19,0.0
2020-04-29 06:11:00,4,120,6,54.2,5.25,0.0342
2020-04-29 07:11:00,4,120,7,109.0,6.84,0.08069
2020-04-29 08:11:00,4,120,8,304.1,7.37,0.25496
2020-04-29 09:11:00,4,120,9,454.1,7.9,0.38784
2020-04-29 10:11:00,4,120,10,221.4,8.43,0.18002
2020-04-29 11:11:00,4,120,11,173.1,8.96,0.1367
2020-04-29 12:11:00,4,120,12,139.9,9.49,0.10706
2020-04-29 13:11:00,4,120,13,107.5,8.96,0.07892
2020-04-29 14:11:00,4,120,14,53.3,8.43,0.03306
2020-04-29 15:11:00,4,120,15,79.6,8.43,0.05496
2020-04-29 16:11:00,4,120,16,111.9,7.9,0.08316
2020-04-29 17:11:00,4,120,17,62.1,7.9,0.04033
2020-04-29 18:11:00,4,120,18,22.2,7.37,0.00945
2020-04-29 19:11:00,4,120,19,1.6,7.9,0.0
2020-04-29 20:11:00,4,120,20,0.0,7.37,0.0
2020-04-29 21:11:00,4,120,21,0.0,7.37,0.0
2020-04-29 22:11:00,4,120,22,0.0,7.37,0.0
2020-04-29 23:11:00,4,120,23,0.0,6.84,0.0
2020-04-30 00:11:00,4,121,0,0.0,5.78,0.0
2020-04-30 01:11:00,4,121,1,0.0,5.25,0.0
2020-04-30 02:11:00,4,121,2,0.0,4.72,0.0
2020-04-30 03:11:00,4,121,3,0.0,5.25,0.0
2020-04-30 04:11:00,4,121,4,0.0,5.78,0.0
2020-04-30 05:11:00,4,121,5,14.3,6.31,0.00437
2020-04-30 06:11:00,4,121,6,104.5,6.84,0.07039
2020-04-30 07:11:00,4,121,7,339.5,7.37,0.27419
2020-04-30 08:11:00,4,121,8,411.0,7.9,0.34801
2020-04-30 09:11:00,4,121,9,331.4,8.43,0.27841
2020-04-30 10:11:00,4,121,10,266.3,10.02,0.21824
2020-04-30 11:11:00,4,121,11,442.0,10.55,0.37138
2020-04-30 12:11:00,4,121,12,340.5,11.61,0.28089
2020-04-30 13:11:00,4,121,13,70.8,12.15,0.04657
2020-04-30 14:11:00,4,121,14,81.3,12.68,0.05512
2020-04-30 15:11:00,4,121,15,283.4,12.68,0.22959
2020-04-30 16:11:00,4,121,16,65.6,11.09,0.0425
2020-04-30 17:11:00,4,121,17,172.1,10.02,0.1257
2020-04-30 18:11:00,4,121,18,15.1,9.49,0.00475
2020-04-30 19:11:00,4,121,19,1.6,8.96,0.0
2020-04-30 20:11:00,4,121,20,0.0,7.9,0.0
2020-04-30 21:11:00,4,121,21,0.0,7.37,0.0
2020-04-30 22:11:00,4,121,22,0.0,5.78,0.0
2020-04-30 23:11:00,4,121,23,0.0,5.25,0.0
2020-05-01 00:11:00,5,122,0,0.0,5.25,0.0
2020-05-01 01:11:00,5,122,1,0.0,5.25,0.0
2020-05-01 02:11:00,5,122,2,0.0,5.25,0.0
2020-05-01 03:11:00,5,122,3,0.0,5.25,0.0
2020-05-01 04:11:00,5,122,4,0.0,5.78,0.0
2020-05-01 05:11:00,5,122,5,22.2,6.31,0.0095
2020-05-01 06:11:00,5,122,6,96.2,6.84,0.06585
2020-05-01 07:11:00,5,122,7,352.8,7.37,0.28481
2020-05-01 08:11:00,5,122,8,404.3,7.9,0.34266
2020-05-01 09:11:00,5,122,9,498.5,8.43,0.42381
2020-05-01 10:11:00,5,122,10,807.6,9.49,0.6723
2020-05-01 11:11:00,5,122,11,217.4,10.02,0.17436
2020-05-01 12:11:00,5,122,12,209.8,10.55,0.16696
2020-05-01 13:11:00,5,122,13,912.5,11.09,0.73184
2020-05-01 14:11:00,5,122,14,742.7,11.09,0.60743
2020-05-01 15:11:00,5,122,15,625.2,11.09,0.51334
2020-05-01 16:11:00,5,122,16,99.7,11.09,0.07095
2020-05-01 17:11:00,5,122,17,118.6,10.55,0.08634
2020-05-01 18:11:00,5,122,18,37.3,9.49,0.0202
2020-05-01 19:11:00,5,122,19,1.6,8.43,0.0
2020-05-01 20:11:00,5,122,20,0.0,7.9,0.0
2020-05-01 21:11:00,5,122,21,0.0,7.9,0.0
2020-05-01 22:11:00,5,122,22,0.0,7.37,0.0
2020-05-01 23:11:00,5,122,23,0.0,6.84,0.0
2020-05-02 00:11:00,5,123,0,0.0,6.31,0.0
2020-05-02 01:11:00,5,123,1,0.0,6.31,0.0
2020-05-02 02:11:00,5,123,2,0.0,5.78,0.0
2020-05-02 03:11:00,5,123,3,0.0,5.78,0.0
2020-05-02 04:11:00,5,123,4,0.0,5.25,0.0
2020-05-02 05:11:00,5,123,5,23.0,5.25,0.01011
2020-05-02 06:11:00,5,123,6,122.5,6.31,0.07949
2020-05-02 07:11:00,5,123,7,367.6,7.9,0.2961
2020-05-02 08:11:00,5,123,8,570.2,8.96,0.48368
2020-05-02 09:11:00,5,123,9,548.8,10.55,0.46314
2020-05-02 10:11:00,5,123,10,637.6,11.09,0.53445
2020-05-02 11:11:00,5,123,11,187.1,11.61,0.14691
2020-05-02 12:11:00,5,123,12,194.9,11.61,0.15376
2020-05-02 13:11:00,5,123,13,332.7,12.15,0.27351
2020-05-02 14:11:00,5,123,14,389.4,12.15,0.32286
2020-05-02 15:11:00,5,123,15,253.4,12.15,0.20456
2020-05-02 16:11:00,5,123,16,367.1,12.15,0.29771
2020-05-02 17:11:00,5,123,17,119.4,11.09,0.08725
2020-05-02 18:11:00,5,123,18,59.5,10.55,0.03763
2020-05-02 19:11:00,5,123,19,4.8,8.96,0.0
2020-05-02 20:11:00,5,123,20,0.0,8.43,0.0
2020-05-02 21:11:00,5,123,21,0.0,7.37,0.0
2020-05-02 22:11:00,5,123,22,0.0,7.37,0.0
2020-05-02 23:11:00,5,123,23,0.0,7.37,0.0
2020-05-03 00:11:00,5,124,0,0.0,6.31,0.0
2020-05-03 01:11:00,5,124,1,0.0,6.31,0.0
2020-05-03 02:11:00,5,124,2,0.0,6.31,0.0
2020-05-03 03:11:00,5,124,3,0.0,5.78,0.0
2020-05-03 04:11:00,5,124,4,0.0,5.25,0.0
2020-05-03 05:11:00,5,124,5,15.1,5.25,0.00488
2020-05-03 06:11:00,5,124,6,120.6,6.31,0.07969
2020-05-03 07:11:00,5,124,7,228.7,7.9,0.18208
2020-05-03 08:11:00,5,124,8,293.3,8.43,0.24199
2020-05-03 09:11:00,5,124,9,270.6,9.49,0.22127
2020-05-03 10:11:00,5,124,10,365.2,10.02,0.30256
2020-05-03 11:11:00,5,124,11,343.4,10.55,0.28296
2020-05-03 12:11:00,5,124,12,449.0,11.09,0.37239
2020-05-03 13:11:00,5,124,13,121.5,11.61,0.08967
2020-05-03 14:11:00,5,124,14,150.4,11.61,0.11469
2020-05-03 15:11:00,5,124,15,99.7,11.09,0.07115
2020-05-03 16:11:00,5,124,16,123.3,10.02,0.09199
2020-05-03 17:11:00,5,124,17,85.7,9.49,0.05977
2020-05-03 18:11:00,5,124,18,28.6,8.96,0.01381
2020-05-03 19:11:00,5,124,19,2.4,8.43,0.0
2020-05-03 20:11:00,5,124,20,0.0,7.9,0.0
2020-05-03 21:11:00,5,124,21,0.0,7.9,0.0
2020-05-03 22:11:00,5,124,22,0.0,7.37,0.0
2020-05-03 23:11:00,5,124,23,0.0,7.37,0.0
2020-05-04 00:11:00,5,125,0,0.0,7.37,0.0
2020-05-04 01:11:00,5,125,1,0.0,7.37,0.0
2020-05-04 02:11:00,5,125,2,0.0,7.37,0.0
2020-05-04 03:11:00,5,125,3,0.0,7.37,0.0
2020-05-04 04:11:00,5,125,4,0.0,6.84,0.0
2020-05-04 05:11:00,5,125,5,7.9,6.84,0.00097
2020-05-04 06:11:00,5,125,6,71.1,7.37,0.04752
2020-05-04 07:11:00,5,125,7,226.7,7.9,0.18148
2020-05-04 08:11:00,5,125,8,233.3,8.43,0.19007
2020-05-04 09:11:00,5,125,9,416.5,9.49,0.35033
2020-05-04 10:11:00,5,125,10,489.3,10.02,0.41131
2020-05-04 11:11:00,5,125,11,155.6,9.49,0.12067
2020-05-04 12:11:00,5,125,12,240.7,10.55,0.19487
2020-05-04 13:11:00,5,125,13,409.1,10.02,0.3435
2020-05-04 14:11:00,5,125,14,155.6,10.55,0.12007
2020-05-04 15:11:00,5,125,15,365.6,10.02,0.30591
2020-05-04 16:11:00,5,125,16,265.8,10.02,0.21614
2020-05-04 17:11:00,5,125,17,113.3,8.96,0.08329
2020-05-04 18:11:00,5,125,18,64.3,8.43,0.04199
2020-05-04 19:11:00,5,125,19,7.9,7.9,0.00096
2020-05-04 20:11:00,5,125,20,0.0,7.37,0.0
2020-05-04 21:11:00,5,125,21,0.0,6.84,0.0
2020-05-04 22:11:00,5,125,22,0.0,6.31,0.0
2020-05-04 23:11:00,5,125,23,0.0,5.78,0.0
2020-05-05 00:11:00,5,126,0,0.0,5.78,0.0
2020-05-05 01:11:00,5,126,1,0.0,5.78,0.0
2020-05-05 02:11:00,5,126,2,0.0,5.78,0.0
2020-05-05 03:11:00,5,126,3,0.0,5.78,0.0
2020-05-05 04:11:00,5,126,4,0.0,5.78,0.0
2020-05-05 05:11:00,5,126,5,30.9,6.31,0.01575
2020-05-05 06:11:00,5,126,6,72.0,6.84,0.04837
2020-05-05 07:11:00,5,126,7,344.6,7.37,0.27878
2020-05-05 08:11:00,5,126,8,125.9,7.9,0.09517
2020-05-05 09:11:00,5,126,9,591.7,8.43,0.50218
2020-05-05 10:11:00,5,126,10,424.7,8.96,0.35832
2020-05-05 11:11:00,5,126,11,341.7,9.49,0.28485
2020-05-05 12:11:00,5,126,12,649.4,10.02,0.54575
2020-05-05 13:11:00,5,126,13,691.4,10.02,0.57979
2020-05-05 14:11:00,5,126,14,647.6,10.02,0.54353
2020-05-05 15:11:00,5,126,15,478.3,10.55,0.40024
2020-05-05 16:11:00,5,126,16,423.9,10.55,0.34535
2020-05-05 17:11:00,5,126,17,207.0,10.02,0.1345
2020-05-05 18:11:00,5,126,18,44.4,8.96,0.02582
2020-05-05 19:11:00,5,126,19,14.3,7.9,0.00433
2020-05-05 20:11:00,5,126,20,0.0,7.37,0.0
2020-05-05 21:11:00,5,126,21,0.0,6.31,0.0
2020-05-05 22:11:00,5,126,22,0.0,5.78,0.0
2020-05-05 23:11:00,5,126,23,0.0,4.72,0.0
2020-05-06 00:11:00,5,127,0,0.0,3.66,0.0
2020-05-06 01:11:00,5,127,1,0.0,3.13,0.0
2020-05-06 02:11:00,5,127,2,0.0,2.07,0.0
2020-05-06 03:11:00,5,127,3,0.0,1.54,0.0
2020-05-06 04:11:00,5,127,4,0.0,1.54,0.0
2020-05-06 05:11:00,5,127,5,30.9,1.54,0.01615
2020-05-06 06:11:00,5,127,6,143.2,4.19,0.08216
2020-05-06 07:11:00,5,127,7,377.9,6.31,0.30256
2020-05-06 08:11:00,5,127,8,616.5,7.9,0.51193
2020-05-06 09:11:00,5,127,9,827.6,8.96,0.67349
2020-05-06 10:11:00,5,127,10,986.0,10.02,0.78362
2020-05-06 11:11:00,5,127,11,1081.6,11.09,0.84898
2020-05-06 12:11:00,5,127,12,1087.0,12.15,0.85235
2020-05-06 13:11:00,5,127,13,1008.3,12.68,0.79796
2020-05-06 14:11:00,5,127,14,875.8,13.21,0.70302
2020-05-06 15:11:00,5,127,15,683.0,13.74,0.55487
2020-05-06 16:11:00,5,127,16,451.3,13.74,0.35861
2020-05-06 17:11:00,5,127,17,208.3,13.21,0.13291
2020-05-06 18:11:00,5,127,18,47.6,12.68,0.02778
2020-05-06 19:11:00,5,127,19,14.3,12.15,0.00421
2020-05-06 20:11:00,5,127,20,0.0,10.02,0.0
2020-05-06 21:11:00,5,127,21,0.0,8.96,0.0
2020-05-06 22:11:00,5,127,22,0.0,7.9,0.0
2020-05-06 23:11:00,5,127,23,0.0,7.9,0.0
2020-05-07 00:11:00,5,128,0,0.0,6.84,0.0
2020-05-07 01:11:00,5,128,1,0.0,6.31,0.0
2020-05-07 02:11:00,5,128,2,0.0,5.78,0.0
2020-05-07 03:11:00,5,128,3,0.0,5.25,0.0
2020-05-07 04:11:00,5,128,4,0.0,4.72,0.0
2020-05-07 05:11:00,5,128,5,30.9,4.72,0.01588
2020-05-07 06:11:00,5,128,6,141.3,6.31,0.0818
2020-05-07 07:11:00,5,128,7,368.2,8.96,0.29274
2020-05-07 08:11:00,5,128,8,599.1,11.61,0.49213
2020-05-07 09:11:00,5,128,9,805.6,13.74,0.65079
2020-05-07 10:11:00,5,128,10,947.1,15.33,0.74908
2020-05-07 11:11:00,5,128,11,945.4,16.39,0.74277
2020-05-07 12:11:00,5,128,12,1017.9,17.45,0.79106
2020-05-07 13:11:00,5,128,13,687.2,18.51,0.54906
2020-05-07 14:11:00,5,128,14,225.2,18.51,0.17389
2020-05-07 15:11:00,5,128,15,439.0,18.51,0.35249
2020-05-07 16:11:00,5,128,16,289.6,17.98,0.22658
2020-05-07 17:11:00,5,128,17,130.4,17.98,0.09315
2020-05-07 18:11:00,5,128,18,49.2,17.45,0.0283
2020-05-07 19:11:00,5,128,19,15.1,16.39,0.00455
2020-05-07 20:11:00,5,128,20,0.0,14.27,0.0
2020-05-07 21:11:00,5,128,21,0.0,12.68,0.0
2020-05-07 22:11:00,5,128,22,0.0,11.09,0.0
2020-05-07 23:11:00,5,128,23,0.0,10.02,0.0
2020-05-08 00:11:00,5,129,0,0.0,8.96,0.0
2020-05-08 01:11:00,5,129,1,0.0,8.43,0.0
2020-05-08 02:11:00,5,129,2,0.0,8.43,0.0
2020-05-08 03:11:00,5,129,3,0.0,7.9,0.0
2020-05-08 04:11:00,5,129,4,0.0,7.9,0.0
2020-05-08 05:11:00,5,129,5,34.1,7.9,0.01798
2020-05-08 06:11:00,5,129,6,132.2,8.96,0.08614
2020-05-08 07:11:00,5,129,7,344.2,11.61,0.27282
2020-05-08 08:11:00,5,129,8,552.9,13.21,0.45667
2020-05-08 09:11:00,5,129,9,705.5,14.8,0.57877
2020-05-08 10:11:00,5,129,10,638.6,15.86,0.52007
2020-05-08 11:11:00,5,129,11,879.8,16.39,0.6971
2020-05-08 12:11:00,5,129,12,810.2,17.45,0.63972
2020-05-08 13:11:00,5,129,13,486.7,17.98,0.38998
2020-05-08 14:11:00,5,129,14,659.8,17.98,0.52634
2020-05-08 15:11:00,5,129,15,563.0,17.98,0.45068
2020-05-08 16:11:00,5,129,16,430.4,17.98,0.33534
2020-05-08 17:11:00,5,129,17,199.3,17.45,0.13313
2020-05-08 18:11:00,5,129,18,51.6,16.39,0.03026
2020-05-08 19:11:00,5,129,19,20.6,15.33,0.00799
2020-05-08 20:11:00,5,129,20,0.0,14.27,0.0
2020-05-08 21:11:00,5,129,21,0.0,12.15,0.0
2020-05-08 22:11:00,5,129,22,0.0,10.55,0.0
2020-05-08 23:11:00,5,129,23,0.0,9.49,0.0
2020-05-09 00:11:00,5,130,0,0.0,8.96,0.0
2020-05-09 01:11:00,5,130,1,0.0,8.96,0.0
2020-05-09 02:11:00,5,130,2,0.0,8.96,0.0
2020-05-09 03:11:00,5,130,3,0.0,8.43,0.0
2020-05-09 04:11:00,5,130,4,0.0,8.43,0.0
2020-05-09 05:11:00,5,130,5,32.5,7.9,0.01679
2020-05-09 06:11:00,5,130,6,141.4,8.96,0.08537
2020-05-09 07:11:00,5,130,7,361.3,11.61,0.28207
2020-05-09 08:11:00,5,130,8,588.1,13.21,0.4715
2020-05-09 09:11:00,5,130,9,637.0,14.8,0.50699
2020-05-09 10:11:00,5,130,10,848.7,15.86,0.65665
2020-05-09 11:11:00,5,130,11,1005.6,16.92,0.75882
2020-05-09 12:11:00,5,130,12,784.3,17.45,0.61026
2020-05-09 13:11:00,5,130,13,719.4,17.45,0.57207
2020-05-09 14:11:00,5,130,14,173.1,17.45,0.13037
2020-05-09 15:11:00,5,130,15,265.8,16.92,0.20927
2020-05-09 16:11:00,5,130,16,417.1,16.92,0.32768
2020-05-09 17:11:00,5,130,17,200.0,16.39,0.13443
2020-05-09 18:11:00,5,130,18,73.8,15.86,0.04805
2020-05-09 19:11:00,5,130,19,5.6,15.86,0.0
2020-05-09 20:11:00,5,130,20,0.0,14.8,0.0
2020-05-09 21:11:00,5,130,21,0.0,13.74,0.0
2020-05-09 22:11:00,5,130,22,0.0,12.68,0.0
2020-05-09 23:11:00,5,130,23,0.0,12.15,0.0
2020-05-10 00:11:00,5,131,0,0.0,10.02,0.0
2020-05-10 01:11:00,5,131,1,0.0,8.43,0.0
2020-05-10 02:11:00,5,131,2,0.0,7.9,0.0
2020-05-10 03:11:00,5,131,3,0.0,7.9,0.0
2020-05-10 04:11:00,5,131,4,0.0,7.9,0.0
2020-05-10 05:11:00,5,131,5,9.5,7.37,0.00172
2020-05-10 06:11:00,5,131,6,29.7,7.37,0.01479
2020-05-10 07:11:00,5,131,7,92.7,6.84,0.06671
2020-05-10 08:11:00,5,131,8,126.8,6.84,0.09677
2020-05-10 09:11:00,5,131,9,298.2,6.31,0.25237
2020-05-10 10:11:00,5,131,10,141.6,6.31,0.1104
2020-05-10 11:11:00,5,131,11,251.8,6.31,0.2101
2020-05-10 12:11:00,5,131,12,417.8,6.31,0.36055
2020-05-10 13:11:00,5,131,13,431.3,6.31,0.37297
2020-05-10 14:11:00,5,131,14,455.1,6.31,0.39468
2020-05-10 15:11:00,5,131,15,284.0,6.84,0.23914
2020-05-10 16:11:00,5,131,16,394.7,6.84,0.33252
2020-05-10 17:11:00,5,131,17,200.5,6.31,0.14884
2020-05-10 18:11:00,5,131,18,67.4,5.78,0.04532
2020-05-10 19:11:00,5,131,19,22.2,5.25,0.00957
2020-05-10 20:11:00,5,131,20,0.0,4.72,0.0
2020-05-10 21:11:00,5,131,21,0.0,4.19,0.0
2020-05-10 22:11:00,5,131,22,0.0,4.19,0.0
2020-05-10 23:11:00,5,131,23,0.0,4.19,0.0
2020-05-11 00:11:00,5,132,0,0.0,3.66,0.0
2020-05-11 01:11:00,5,132,1,0.0,3.66,0.0
2020-05-11 02:11:00,5,132,2,0.0,4.19,0.0
2020-05-11 03:11:00,5,132,3,0.0,3.66,0.0
2020-05-11 04:11:00,5,132,4,0.0,3.66,0.0
2020-05-11 05:11:00,5,132,5,34.1,4.19,0.01836
2020-05-11 06:11:00,5,132,6,130.9,4.72,0.09238
2020-05-11 07:11:00,5,132,7,215.8,4.72,0.17684
2020-05-11 08:11:00,5,132,8,273.9,5.25,0.23167
2020-05-11 09:11:00,5,132,9,209.6,5.78,0.17222
2020-05-11 10:11:00,5,132,10,739.6,6.31,0.64114
2020-05-11 11:11:00,5,132,11,598.9,6.31,0.51903
2020-05-11 12:11:00,5,132,12,132.0,6.84,0.10142
2020-05-11 13:11:00,5,132,13,644.5,6.84,0.55516
2020-05-11 14:11:00,5,132,14,666.5,7.37,0.5723
2020-05-11 15:11:00,5,132,15,655.7,7.37,0.56185
2020-05-11 16:11:00,5,132,16,454.0,7.37,0.37639
2020-05-11 17:11:00,5,132,17,212.1,7.9,0.1407
2020-05-11 18:11:00,5,132,18,46.0,7.9,0.02721
2020-05-11 19:11:00,5,132,19,23.0,7.9,0.00995
2020-05-11 20:11:00,5,132,20,0.0,6.84,0.0
2020-05-11 21:11:00,5,132,21,0.0,6.31,0.0
2020-05-11 22:11:00,5,132,22,0.0,5.25,0.0
2020-05-11 23:11:00,5,132,23,0.0,5.25,0.0
2020-05-12 00:11:00,5,133,0,0.0,4.72,0.0
2020-05-12 01:11:00,5,133,1,0.0,4.72,0.0
2020-05-12 02:11:00,5,133,2,0.0,4.19,0.0
2020-05-12 03:11:00,5,133,3,0.0,3.66,0.0
2020-05-12 04:11:00,5,133,4,0.0,3.13,0.0
2020-05-12 05:11:00,5,133,5,40.5,3.13,0.02342
2020-05-12 06:11:00,5,133,6,125.6,4.19,0.09006
2020-05-12 07:11:00,5,133,7,196.0,6.31,0.15768
2020-05-12 08:11:00,5,133,8,277.0,7.9,0.23045
2020-05-12 09:11:00,5,133,9,290.8,7.9,0.24232
2020-05-12 10:11:00,5,133,10,125.9,8.96,0.09476
2020-05-12 11:11:00,5,133,11,304.3,9.49,0.25153
2020-05-12 12:11:00,5,133,12,427.1,10.02,0.35733
2020-05-12 13:11:00,5,133,13,589.2,10.02,0.49401
2020-05-12 14:11:00,5,133,14,572.0,10.55,0.47867
2020-05-12 15:11:00,5,133,15,280.3,11.61,0.22877
2020-05-12 16:11:00,5,133,16,210.2,11.61,0.16678
2020-05-12 17:11:00,5,133,17,148.1,11.61,0.11105
2020-05-12 18:11:00,5,133,18,42.8,10.02,0.02446
2020-05-12 19:11:00,5,133,19,4.0,6.84,0.0
2020-05-12 20:11:00,5,133,20,0.0,5.25,0.0
2020-05-12 21:11:00,5,133,21,0.0,5.25,0.0
2020-05-12 22:11:00,5,133,22,0.0,4.72,0.0
2020-05-12 23:11:00,5,133,23,0.0,4.72,0.0
2020-05-13 00:11:00,5,134,0,0.0,4.19,0.0
2020-05-13 01:11:00,5,134,1,0.0,4.19,0.0
2020-05-13 02:11:00,5,134,2,0.0,3.66,0.0
2020-05-13 03:11:00,5,134,3,0.0,3.13,0.0
2020-05-13 04:11:00,5,134,4,0.0,2.6,0.0
2020-05-13 05:11:00,5,134,5,42.0,2.6,0.02475
2020-05-13 06:11:00,5,134,6,153.6,3.66,0.09237
2020-05-13 07:11:00,5,134,7,357.7,4.19,0.29694
2020-05-13 08:11:00,5,134,8,509.0,5.25,0.44083
2020-05-13 09:11:00,5,134,9,192.8,5.78,0.15657
2020-05-13 10:11:00,5,134,10,424.1,6.31,0.36421
2020-05-13 11:11:00,5,134,11,263.6,6.31,0.21992
2020-05-13 12:11:00,5,134,12,252.0,6.84,0.20883
2020-05-13 13:11:00,5,134,13,194.9,7.37,0.15723
2020-05-13 14:11:00,5,134,14,754.8,7.9,0.64427
2020-05-13 15:11:00,5,134,15,464.3,7.37,0.39714
2020-05-13 16:11:00,5,134,16,421.7,7.37,0.351
2020-05-13 17:11:00,5,134,17,215.6,7.37,0.14592
2020-05-13 18:11:00,5,134,18,57.1,6.84,0.03638
2020-05-13 19:11:00,5,134,19,24.6,5.78,0.01119
2020-05-13 20:11:00,5,134,20,0.0,4.72,0.0
2020-05-13 21:11:00,5,134,21,0.0,3.66,0.0
2020-05-13 22:11:00,5,134,22,0.0,3.13,0.0
2020-05-13 23:11:00,5,134,23,0.0,2.6,0.0
2020-05-14 00:11:00,5,135,0,0.0,1.01,0.0
2020-05-14 01:11:00,5,135,1,0.0,-0.04,0.0
2020-05-14 02:11:00,5,135,2,0.0,-0.57,0.0
2020-05-14 03:11:00,5,135,3,0.0,-1.1,0.0
2020-05-14 04:11:00,5,135,4,0.0,-1.1,0.0
2020-05-14 05:11:00,5,135,5,36.5,-0.57,0.02067
2020-05-14 06:11:00,5,135,6,153.4,2.6,0.09175
2020-05-14 07:11:00,5,135,7,383.5,6.31,0.3115
2020-05-14 08:11:00,5,135,8,619.1,7.9,0.52575
2020-05-14 09:11:00,5,135,9,825.4,8.96,0.69352
2020-05-14 10:11:00,5,135,10,974.1,10.02,0.79947
2020-05-14 11:11:00,5,135,11,931.1,11.09,0.75784
2020-05-14 12:11:00,5,135,12,905.7,12.15,0.73302
2020-05-14 13:11:00,5,135,13,852.9,12.68,0.69198
2020-05-14 14:11:00,5,135,14,674.3,12.68,0.55528
2020-05-14 15:11:00,5,135,15,307.7,12.68,0.25062
2020-05-14 16:11:00,5,135,16,350.0,12.68,0.28312
2020-05-14 17:11:00,5,135,17,200.4,12.15,0.14593
2020-05-14 18:11:00,5,135,18,80.9,11.61,0.05507
2020-05-14 19:11:00,5,135,19,29.4,11.09,0.01421
2020-05-14 20:11:00,5,135,20,0.0,10.55,0.0
2020-05-14 21:11:00,5,135,21,0.0,9.49,0.0
2020-05-14 22:11:00,5,135,22,0.0,8.43,0.0
2020-05-14 23:11:00,5,135,23,0.0,7.9,0.0
2020-05-15 00:11:00,5,136,0,0.0,7.9,0.0
2020-05-15 01:11:00,5,136,1,0.0,7.37,0.0
2020-05-15 02:11:00,5,136,2,0.0,6.84,0.0
2020-05-15 03:11:00,5,136,3,0.0,6.31,0.0
2020-05-15 04:11:00,5,136,4,0.0,5.78,0.0
2020-05-15 05:11:00,5,136,5,43.6,5.78,0.02561
2020-05-15 06:11:00,5,136,6,136.0,6.84,0.09573
2020-05-15 07:11:00,5,136,7,298.9,7.9,0.243
2020-05-15 08:11:00,5,136,8,499.3,8.96,0.42145
2020-05-15 09:11:00,5,136,9,624.2,10.55,0.5244
2020-05-15 10:11:00,5,136,10,271.9,11.61,0.22135
2020-05-15 11:11:00,5,136,11,559.3,12.68,0.4657
2020-05-15 12:11:00,5,136,12,463.2,13.21,0.38385
2020-05-15 13:11:00,5,136,13,401.8,13.21,0.33169
2020-05-15 14:11:00,5,136,14,366.3,13.21,0.30114
2020-05-15 15:11:00,5,136,15,415.2,13.21,0.34283
2020-05-15 16:11:00,5,136,16,335.2,13.74,0.27037
2020-05-15 17:11:00,5,136,17,187.3,13.21,0.13901
2020-05-15 18:11:00,5,136,18,83.3,12.15,0.05699
2020-05-15 19:11:00,5,136,19,25.4,12.15,0.01135
2020-05-15 20:11:00,5,136,20,0.0,11.09,0.0
2020-05-15 21:11:00,5,136,21,0.0,10.02,0.0
2020-05-15 22:11:00,5,136,22,0.0,8.96,0.0
2020-05-15 23:11:00,5,136,23,0.0,7.9,0.0
2020-05-16 00:11:00,5,137,0,0.0,7.9,0.0
2020-05-16 01:11:00,5,137,1,0.0,7.37,0.0
2020-05-16 02:11:00,5,137,2,0.0,7.37,0.0
2020-05-16 03:11:00,5,137,3,0.0,6.84,0.0
2020-05-16 04:11:00,5,137,4,0.0,6.84,0.0
2020-05-16 05:11:00,5,137,5,40.5,6.84,0.02299
2020-05-16 06:11:00,5,137,6,153.3,7.37,0.09008
2020-05-16 07:11:00,5,137,7,372.3,8.43,0.30298
2020-05-16 08:11:00,5,137,8,522.5,10.02,0.44431
2020-05-16 09:11:00,5,137,9,685.0,11.09,0.58067
2020-05-16 10:11:00,5,137,10,804.2,11.61,0.67436
2020-05-16 11:11:00,5,137,11,823.4,12.15,0.68743
2020-05-16 12:11:00,5,137,12,767.9,12.68,0.64094
2020-05-16 13:11:00,5,137,13,935.2,13.21,0.77414
2020-05-16 14:11:00,5,137,14,155.6,13.74,0.11852
2020-05-16 15:11:00,5,137,15,260.3,13.74,0.20998
2020-05-16 16:11:00,5,137,16,117.1,13.74,0.08532
2020-05-16 17:11:00,5,137,17,180.7,12.68,0.1354
2020-05-16 18:11:00,5,137,18,36.5,12.68,0.01932
2020-05-16 19:11:00,5,137,19,8.7,12.15,0.00127
2020-05-16 20:11:00,5,137,20,0.0,11.09,0.0
2020-05-16 21:11:00,5,137,21,0.0,10.55,0.0
2020-05-16 22:11:00,5,137,22,0.0,10.02,0.0
2020-05-16 23:11:00,5,137,23,0.0,9.49,0.0
2020-05-17 00:11:00,5,138,0,0.0,9.49,0.0
2020-05-17 01:11:00,5,138,1,0.0,8.96,0.0
2020-05-17 02:11:00,5,138,2,0.0,8.96,0.0
2020-05-17 03:11:00,5,138,3,0.0,8.43,0.0
2020-05-17 04:11:00,5,138,4,0.0,8.43,0.0
2020-05-17 05:11:00,5,138,5,9.5,8.43,0.0017
2020-05-17 06:11:00,5,138,6,122.3,9.49,0.0868
2020-05-17 07:11:00,5,138,7,142.2,10.02,0.10832
2020-05-17 08:11:00,5,138,8,218.4,10.55,0.17536
2020-05-17 09:11:00,5,138,9,188.4,11.09,0.14887
2020-05-17 10:11:00,5,138,10,173.1,12.15,0.13486
2020-05-17 11:11:00,5,138,11,186.2,13.21,0.14567
2020-05-17 12:11:00,5,138,12,261.7,13.21,0.21188
2020-05-17 13:11:00,5,138,13,336.5,13.74,0.27698
2020-05-17 14:11:00,5,138,14,222.8,13.74,0.17737
2020-05-17 15:11:00,5,138,15,317.1,14.27,0.2596
2020-05-17 16:11:00,5,138,16,247.5,13.74,0.19797
2020-05-17 17:11:00,5,138,17,100.2,13.21,0.07094
2020-05-17 18:11:00,5,138,18,42.8,13.21,0.02406
2020-05-17 19:11:00,5,138,19,7.1,12.68,0.00057
2020-05-17 20:11:00,5,138,20,0.0,12.15,0.0
2020-05-17 21:11:00,5,138,21,0.0,11.61,0.0
2020-05-17 22:11:00,5,138,22,0.0,11.61,0.0
2020-05-17 23:11:00,5,138,23,0.0,11.61,0.0
2020-05-18 00:11:00,5,139,0,0.0,11.61,0.0
2020-05-18 01:11:00,5,139,1,0.0,11.09,0.0
2020-05-18 02:11:00,5,139,2,0.0,11.09,0.0
2020-05-18 03:11:00,5,139,3,0.0,11.09,0.0
2020-05-18 04:11:00,5,139,4,0.0,11.09,0.0
2020-05-18 05:11:00,5,139,5,32.5,11.09,0.01653
2020-05-18 06:11:00,5,139,6,99.6,11.61,0.06993
2020-05-18 07:11:00,5,139,7,120.7,12.15,0.08899
2020-05-18 08:11:00,5,139,8,265.7,12.68,0.21587
2020-05-18 09:11:00,5,139,9,380.3,13.21,0.31618
2020-05-18 10:11:00,5,139,10,452.4,13.74,0.37759
2020-05-18 11:11:00,5,139,11,258.2,14.8,0.20707
2020-05-18 12:11:00,5,139,12,241.8,14.8,0.19249
2020-05-18 13:11:00,5,139,13,342.6,15.33,0.27946
2020-05-18 14:11:00,5,139,14,440.5,15.33,0.3638
2020-05-18 15:11:00,5,139,15,371.8,15.86,0.30408
2020-05-18 16:11:00,5,139,16,95.3,15.33,0.06617
2020-05-18 17:11:00,5,139,17,209.4,14.8,0.14446
2020-05-18 18:11:00,5,139,18,23.0,14.27,0.00961
2020-05-18 19:11:00,5,139,19,21.4,13.21,0.00861
2020-05-18 20:11:00,5,139,20,0.0,12.68,0.0
2020-05-18 21:11:00,5,139,21,0.0,12.15,0.0
2020-05-18 22:11:00,5,139,22,0.0,12.15,0.0
2020-05-18 23:11:00,5,139,23,0.0,12.15,0.0
2020-05-19 00:11:00,5,140,0,0.0,12.15,0.0
2020-05-19 01:11:00,5,140,1,0.0,12.15,0.0
2020-05-19 02:11:00,5,140,2,0.0,12.15,0.0
2020-05-19 03:11:00,5,140,3,0.0,12.15,0.0
2020-05-19 04:11:00,5,140,4,0.0,12.15,0.0
2020-05-19 05:11:00,5,140,5,34.1,12.15,0.01759
2020-05-19 06:11:00,5,140,6,40.2,12.15,0.02217
2020-05-19 07:11:00,5,140,7,143.0,12.68,0.10765
2020-05-19 08:11:00,5,140,8,307.9,13.21,0.25113
2020-05-19 09:11:00,5,140,9,390.8,13.74,0.32281
2020-05-19 10:11:00,5,140,10,366.4,15.33,0.29874
2020-05-19 11:11:00,5,140,11,516.5,16.39,0.42345
2020-05-19 12:11:00,5,140,12,530.8,16.92,0.4345
2020-05-19 13:11:00,5,140,13,221.6,17.98,0.17214
2020-05-19 14:11:00,5,140,14,264.0,17.98,0.20833
2020-05-19 15:11:00,5,140,15,259.1,17.98,0.20427
2020-05-19 16:11:00,5,140,16,309.6,17.98,0.24455
2020-05-19 17:11:00,5,140,17,210.0,17.45,0.13874
2020-05-19 18:11:00,5,140,18,84.9,16.39,0.05712
2020-05-19 19:11:00,5,140,19,26.2,15.86,0.01165
2020-05-19 20:11:00,5,140,20,0.0,14.8,0.0
2020-05-19 21:11:00,5,140,21,0.0,14.27,0.0
2020-05-19 22:11:00,5,140,22,0.0,13.74,0.0
2020-05-19 23:11:00,5,140,23,0.0,13.21,0.0
2020-05-20 00:11:00,5,141,0,0.0,12.68,0.0
2020-05-20 01:11:00,5,141,1,0.0,12.15,0.0
2020-05-20 02:11:00,5,141,2,0.0,11.61,0.0
2020-05-20 03:11:00,5,141,3,0.0,11.61,0.0
2020-05-20 04:11:00,5,141,4,0.0,11.09,0.0
2020-05-20 05:11:00,5,141,5,45.2,11.09,0.02612
2020-05-20 06:11:00,5,141,6,109.8,12.68,0.07718
2020-05-20 07:11:00,5,141,7,254.2,13.74,0.19807
2020-05-20 08:11:00,5,141,8,578.2,15.33,0.46354
2020-05-20 09:11:00,5,141,9,783.3,16.92,0.62675
2020-05-20 10:11:00,5,141,10,898.5,18.51,0.70804
2020-05-20 11:11:00,5,141,11,1030.0,19.04,0.799
2020-05-20 12:11:00,5,141,12,1047.2,20.1,0.8073
2020-05-20 13:11:00,5,141,13,983.0,21.16,0.76058
2020-05-20 14:11:00,5,141,14,851.3,21.69,0.66674
2020-05-20 15:11:00,5,141,15,660.2,22.22,0.52127
2020-05-20 16:11:00,5,141,16,438.6,22.75,0.33613
2020-05-20 17:11:00,5,141,17,214.2,21.69,0.13633
2020-05-20 18:11:00,5,141,18,69.0,21.16,0.04305
2020-05-20 19:11:00,5,141,19,34.1,19.57,0.01689
2020-05-20 20:11:00,5,141,20,0.0,18.51,0.0
2020-05-20 21:11:00,5,141,21,0.0,16.92,0.0
2020-05-20 22:11:00,5,141,22,0.0,15.33,0.0
2020-05-20 23:11:00,5,141,23,0.0,13.21,0.0
2020-05-21 00:11:00,5,142,0,0.0,11.61,0.0
2020-05-21 01:11:00,5,142,1,0.0,11.09,0.0
2020-05-21 02:11:00,5,142,2,0.0,10.55,0.0
2020-05-21 03:11:00,5,142,3,0.0,10.02,0.0
2020-05-21 04:11:00,5,142,4,0.0,9.49,0.0
2020-05-21 05:11:00,5,142,5,50.0,9.49,0.0301
2020-05-21 06:11:00,5,142,6,153.1,12.15,0.0985
2020-05-21 07:11:00,5,142,7,208.4,14.27,0.16071
2020-05-21 08:11:00,5,142,8,79.6,15.33,0.05286
2020-05-21 09:11:00,5,142,9,136.4,15.86,0.10034
2020-05-21 10:11:00,5,142,10,825.1,15.86,0.66817
2020-05-21 11:11:00,5,142,11,904.0,16.39,0.72659
2020-05-21 12:11:00,5,142,12,1014.9,17.45,0.8062
2020-05-21 13:11:00,5,142,13,953.8,18.51,0.75963
2020-05-21 14:11:00,5,142,14,856.4,18.51,0.68597
2020-05-21 15:11:00,5,142,15,665.2,18.51,0.53681
2020-05-21 16:11:00,5,142,16,412.0,18.51,0.32393
2020-05-21 17:11:00,5,142,17,213.6,18.51,0.14616
2020-05-21 18:11:00,5,142,18,82.5,18.51,0.05439
2020-05-21 19:11:00,5,142,19,34.9,17.45,0.01764
2020-05-21 20:11:00,5,142,20,0.0,15.86,0.0
2020-05-21 21:11:00,5,142,21,0.0,14.8,0.0
2020-05-21 22:11:00,5,142,22,0.0,13.74,0.0
2020-05-21 23:11:00,5,142,23,0.0,13.74,0.0
2020-05-22 00:11:00,5,143,0,0.0,13.21,0.0
2020-05-22 01:11:00,5,143,1,0.0,13.74,0.0
2020-05-22 02:11:00,5,143,2,0.0,13.74,0.0
2020-05-22 03:11:00,5,143,3,0.0,13.21,0.0
2020-05-22 04:11:00,5,143,4,0.0,13.74,0.0
2020-05-22 05:11:00,5,143,5,27.8,13.74,0.0129
2020-05-22 06:11:00,5,143,6,158.8,13.74,0.09006
2020-05-22 07:11:00,5,143,7,384.9,13.74,0.30623
2020-05-22 08:11:00,5,143,8,568.1,13.74,0.47815
2020-05-22 09:11:00,5,143,9,756.5,14.27,0.63962
2020-05-22 10:11:00,5,143,10,825.7,14.8,0.69441
2020-05-22 11:11:00,5,143,11,905.4,15.86,0.75643
2020-05-22 12:11:00,5,143,12,776.9,15.86,0.65091
2020-05-22 13:11:00,5,143,13,388.8,15.86,0.32124
2020-05-22 14:11:00,5,143,14,808.8,15.86,0.67992
2020-05-22 15:11:00,5,143,15,652.3,15.86,0.54942
2020-05-22 16:11:00,5,143,16,443.7,15.33,0.36043
2020-05-22 17:11:00,5,143,17,220.8,14.8,0.14717
2020-05-22 18:11:00,5,143,18,63.5,14.27,0.04023
2020-05-22 19:11:00,5,143,19,38.1,13.21,0.02046
2020-05-22 20:11:00,5,143,20,0.0,12.15,0.0
2020-05-22 21:11:00,5,143,21,0.0,11.61,0.0
2020-05-22 22:11:00,5,143,22,0.0,11.09,0.0
2020-05-22 23:11:00,5,143,23,0.0,10.55,0.0
2020-05-23 00:11:00,5,144,0,0.0,10.55,0.0
2020-05-23 01:11:00,5,144,1,0.0,10.02,0.0
2020-05-23 02:11:00,5,144,2,0.0,9.49,0.0
2020-05-23 03:11:00,5,144,3,0.0,9.49,0.0
2020-05-23 04:11:00,5,144,4,0.0,8.96,0.0
2020-05-23 05:11:00,5,144,5,40.5,8.96,0.02276
2020-05-23 06:11:00,5,144,6,157.3,10.02,0.0944
2020-05-23 07:11:00,5,144,7,198.4,10.55,0.15781
2020-05-23 08:11:00,5,144,8,565.2,11.09,0.48482
2020-05-23 09:11:00,5,144,9,437.6,11.09,0.3729
2020-05-23 10:11:00,5,144,10,715.6,11.09,0.61534
2020-05-23 11:11:00,5,144,11,812.7,12.15,0.69633
2020-05-23 12:11:00,5,144,12,309.8,13.21,0.25574
2020-05-23 13:11:00,5,144,13,356.6,13.74,0.29677
2020-05-23 14:11:00,5,144,14,452.2,14.27,0.38031
2020-05-23 15:11:00,5,144,15,376.2,13.74,0.31388
2020-05-23 16:11:00,5,144,16,268.5,13.74,0.21713
2020-05-23 17:11:00,5,144,17,93.5,13.21,0.06552
2020-05-23 18:11:00,5,144,18,69.0,12.68,0.04511
2020-05-23 19:11:00,5,144,19,23.0,11.61,0.00976
2020-05-23 20:11:00,5,144,20,0.0,11.09,0.0
2020-05-23 21:11:00,5,144,21,0.0,11.09,0.0
2020-05-23 22:11:00,5,144,22,0.0,10.55,0.0
2020-05-23 23:11:00,5,144,23,0.0,10.55,0.0
2020-05-24 00:11:00,5,145,0,0.0,10.55,0.0
2020-05-24 01:11:00,5,145,1,0.0,10.55,0.0
2020-05-24 02:11:00,5,145,2,0.0,11.09,0.0
2020-05-24 03:11:00,5,145,3,0.0,11.09,0.0
2020-05-24 04:11:00,5,145,4,0.0,11.09,0.0
2020-05-24 05:11:00,5,145,5,13.5,11.61,0.00377
2020-05-24 06:11:00,5,145,6,129.6,11.61,0.09266
2020-05-24 07:11:00,5,145,7,145.5,12.68,0.11027
2020-05-24 08:11:00,5,145,8,306.4,13.21,0.25179
2020-05-24 09:11:00,5,145,9,243.9,13.74,0.19618
2020-05-24 10:11:00,5,145,10,267.4,13.74,0.21682
2020-05-24 11:11:00,5,145,11,472.6,14.27,0.39563
2020-05-24 12:11:00,5,145,12,670.6,15.86,0.55987
2020-05-24 13:11:00,5,145,13,720.9,15.86,0.60075
2020-05-24 14:11:00,5,145,14,574.3,15.86,0.47851
2020-05-24 15:11:00,5,145,15,597.8,16.92,0.49544
2020-05-24 16:11:00,5,145,16,404.1,16.92,0.32402
2020-05-24 17:11:00,5,145,17,217.2,16.92,0.14257
2020-05-24 18:11:00,5,145,18,67.4,16.39,0.04294
2020-05-24 19:11:00,5,145,19,35.7,15.33,0.01846
2020-05-24 20:11:00,5,145,20,0.0,14.27,0.0
2020-05-24 21:11:00,5,145,21,0.0,12.68,0.0
2020-05-24 22:11:00,5,145,22,0.0,11.61,0.0
2020-05-24 23:11:00,5,145,23,0.0,11.09,0.0
2020-05-25 00:11:00,5,146,0,0.0,10.02,0.0
2020-05-25 01:11:00,5,146,1,0.0,8.96,0.0
2020-05-25 02:11:00,5,146,2,0.0,8.43,0.0
2020-05-25 03:11:00,5,146,3,0.0,7.9,0.0
2020-05-25 04:11:00,5,146,4,3.2,7.37,0.0
2020-05-25 05:11:00,5,146,5,42.8,7.9,0.02468
2020-05-25 06:11:00,5,146,6,159.5,10.02,0.09576
2020-05-25 07:11:00,5,146,7,380.7,12.68,0.29792
2020-05-25 08:11:00,5,146,8,607.0,14.8,0.49199
2020-05-25 09:11:00,5,146,9,549.9,16.39,0.44606
2020-05-25 10:11:00,5,146,10,870.8,17.98,0.6911
2020-05-25 11:11:00,5,146,11,1025.4,18.51,0.80483
2020-05-25 12:11:00,5,146,12,1048.4,19.04,0.82288
2020-05-25 13:11:00,5,146,13,980.8,19.57,0.77493
2020-05-25 14:11:00,5,146,14,845.8,19.57,0.67721
2020-05-25 15:11:00,5,146,15,587.4,19.57,0.47501
2020-05-25 16:11:00,5,146,16,415.9,19.04,0.32891
2020-05-25 17:11:00,5,146,17,166.0,18.51,0.1224
2020-05-25 18:11:00,5,146,18,43.6,17.45,0.02412
2020-05-25 19:11:00,5,146,19,39.7,15.86,0.02133
2020-05-25 20:11:00,5,146,20,0.0,14.27,0.0
2020-05-25 21:11:00,5,146,21,0.0,12.68,0.0
2020-05-25 22:11:00,5,146,22,0.0,12.15,0.0
2020-05-25 23:11:00,5,146,23,0.0,11.61,0.0
2020-05-26 00:11:00,5,147,0,0.0,11.09,0.0
2020-05-26 01:11:00,5,147,1,0.0,11.09,0.0
2020-05-26 02:11:00,5,147,2,0.0,11.09,0.0
2020-05-26 03:11:00,5,147,3,0.0,10.55,0.0
2020-05-26 04:11:00,5,147,4,1.6,10.02,0.0
2020-05-26 05:11:00,5,147,5,47.6,11.09,0.028
2020-05-26 06:11:00,5,147,6,39.3,12.15,0.02149
2020-05-26 07:11:00,5,147,7,237.2,13.21,0.18665
2020-05-26 08:11:00,5,147,8,401.4,14.8,0.32812
2020-05-26 09:11:00,5,147,9,373.8,15.86,0.30338
2020-05-26 10:11:00,5,147,10,578.2,16.92,0.47126
2020-05-26 11:11:00,5,147,11,367.9,16.92,0.2965
2020-05-26 12:11:00,5,147,12,855.0,17.45,0.68125
2020-05-26 13:11:00,5,147,13,941.6,17.98,0.74336
2020-05-26 14:11:00,5,147,14,833.4,18.51,0.66388
2020-05-26 15:11:00,5,147,15,674.5,18.51,0.54155
2020-05-26 16:11:00,5,147,16,430.0,18.51,0.33674
2020-05-26 17:11:00,5,147,17,219.9,17.98,0.15022
2020-05-26 18:11:00,5,147,18,54.0,17.45,0.03195
2020-05-26 19:11:00,5,147,19,27.8,16.92,0.01265
2020-05-26 20:11:00,5,147,20,0.0,14.8,0.0
2020-05-26 21:11:00,5,147,21,0.0,12.68,0.0
2020-05-26 22:11:00,5,147,22,0.0,12.15,0.0
2020-05-26 23:11:00,5,147,23,0.0,10.02,0.0
2020-05-27 00:11:00,5,148,0,0.0,8.43,0.0
2020-05-27 01:11:00,5,148,1,0.0,7.9,0.0
2020-05-27 02:11:00,5,148,2,0.0,7.9,0.0
2020-05-27 03:11:00,5,148,3,0.0,7.9,0.0
2020-05-27 04:11:00,5,148,4,4.0,7.37,0.0
2020-05-27 05:11:00,5,148,5,47.6,7.9,0.02846
2020-05-27 06:11:00,5,148,6,86.1,10.02,0.05975
2020-05-27 07:11:00,5,148,7,292.8,12.15,0.23231
2020-05-27 08:11:00,5,148,8,387.3,13.21,0.31712
2020-05-27 09:11:00,5,148,9,330.8,13.74,0.26875
2020-05-27 10:11:00,5,148,10,509.9,14.27,0.41708
2020-05-27 11:11:00,5,148,11,697.2,14.8,0.56554
2020-05-27 12:11:00,5,148,12,507.0,15.33,0.41428
2020-05-27 13:11:00,5,148,13,820.4,15.33,0.66222
2020-05-27 14:11:00,5,148,14,832.6,15.33,0.67178
2020-05-27 15:11:00,5,148,15,656.6,15.33,0.53536
2020-05-27 16:11:00,5,148,16,445.8,14.8,0.35614
2020-05-27 17:11:00,5,148,17,220.6,13.74,0.14647
2020-05-27 18:11:00,5,148,18,59.5,12.68,0.03724
2020-05-27 19:11:00,5,148,19,37.3,12.15,0.01995
2020-05-27 20:11:00,5,148,20,0.0,11.09,0.0
2020-05-27 21:11:00,5,148,21,0.0,10.02,0.0
2020-05-27 22:11:00,5,148,22,0.0,9.49,0.0
2020-05-27 23:11:00,5,148,23,0.0,8.43,0.0
2020-05-28 00:11:00,5,149,0,0.0,8.96,0.0
2020-05-28 01:11:00,5,149,1,0.0,7.37,0.0
2020-05-28 02:11:00,5,149,2,0.0,6.84,0.0
2020-05-28 03:11:00,5,149,3,0.0,6.31,0.0
2020-05-28 04:11:00,5,149,4,4.8,6.31,0.0
2020-05-28 05:11:00,5,149,5,54.0,7.37,0.03364
2020-05-28 06:11:00,5,149,6,156.6,10.02,0.09737
2020-05-28 07:11:00,5,149,7,367.8,12.68,0.28858
2020-05-28 08:11:00,5,149,8,569.7,14.8,0.46323
2020-05-28 09:11:00,5,149,9,760.6,16.92,0.60855
2020-05-28 10:11:00,5,149,10,923.6,18.51,0.71983
2020-05-28 11:11:00,5,149,11,999.4,19.04,0.76446
2020-05-28 12:11:00,5,149,12,1017.2,20.1,0.76812
2020-05-28 13:11:00,5,149,13,928.6,21.16,0.70205
2020-05-28 14:11:00,5,149,14,569.4,21.69,0.44304
2020-05-28 15:11:00,5,149,15,381.0,22.22,0.2945
2020-05-28 16:11:00,5,149,16,405.6,22.22,0.30854
2020-05-28 17:11:00,5,149,17,217.5,21.16,0.14915
2020-05-28 18:11:00,5,149,18,82.5,20.63,0.05385
2020-05-28 19:11:00,5,149,19,42.8,19.57,0.02324
2020-05-28 20:11:00,5,149,20,0.0,18.51,0.0
2020-05-28 21:11:00,5,149,21,0.0,17.45,0.0
2020-05-28 22:11:00,5,149,22,0.0,16.39,0.0
2020-05-28 23:11:00,5,149,23,0.0,15.86,0.0
2020-05-29 00:11:00,5,150,0,0.0,14.8,0.0
2020-05-29 01:11:00,5,150,1,0.0,14.27,0.0
2020-05-29 02:11:00,5,150,2,0.0,13.21,0.0
2020-05-29 03:11:00,5,150,3,0.0,12.68,0.0
2020-05-29 04:11:00,5,150,4,4.8,11.61,0.0
2020-05-29 05:11:00,5,150,5,46.0,12.15,0.0266
2020-05-29 06:11:00,5,150,6,157.6,14.27,0.09287
2020-05-29 07:11:00,5,150,7,372.1,16.39,0.28569
2020-05-29 08:11:00,5,150,8,595.4,18.51,0.47372
2020-05-29 09:11:00,5,150,9,784.8,19.57,0.6208
2020-05-29 10:11:00,5,150,10,931.0,20.63,0.72487
2020-05-29 11:11:00,5,150,11,1013.7,21.16,0.78223
2020-05-29 12:11:00,5,150,12,1024.7,21.69,0.79101
2020-05-29 13:11:00,5,150,13,975.7,22.22,0.75765
2020-05-29 14:11:00,5,150,14,819.1,22.22,0.64561
2020-05-29 15:11:00,5,150,15,647.9,21.69,0.51651
2020-05-29 16:11:00,5,150,16,445.8,21.16,0.34661
2020-05-29 17:11:00,5,150,17,223.2,20.63,0.14778
2020-05-29 18:11:00,5,150,18,74.6,19.57,0.0479
2020-05-29 19:11:00,5,150,19,44.4,18.51,0.02457
2020-05-29 20:11:00,5,150,20,0.0,16.92,0.0
2020-05-29 21:11:00,5,150,21,0.0,15.33,0.0
2020-05-29 22:11:00,5,150,22,0.0,14.27,0.0
2020-05-29 23:11:00,5,150,23,0.0,13.21,0.0
2020-05-30 00:11:00,5,151,0,0.0,12.15,0.0
2020-05-30 01:11:00,5,151,1,0.0,11.61,0.0
2020-05-30 02:11:00,5,151,2,0.0,10.55,0.0
2020-05-30 03:11:00,5,151,3,0.0,10.02,0.0
2020-05-30 04:11:00,5,151,4,3.2,9.49,0.0
2020-05-30 05:11:00,5,151,5,57.9,9.49,0.03651
2020-05-30 06:11:00,5,151,6,159.7,10.55,0.10517
2020-05-30 07:11:00,5,151,7,380.8,11.61,0.30129
2020-05-30 08:11:00,5,151,8,607.3,12.68,0.50215
2020-05-30 09:11:00,5,151,9,791.5,14.27,0.64999
2020-05-30 10:11:00,5,151,10,949.5,14.8,0.77202
2020-05-30 11:11:00,5,151,11,1020.5,15.86,0.82183
2020-05-30 12:11:00,5,151,12,1044.5,15.86,0.84007
2020-05-30 13:11:00,5,151,13,988.8,16.39,0.79737
2020-05-30 14:11:00,5,151,14,850.2,16.39,0.69347
2020-05-30 15:11:00,5,151,15,669.0,15.86,0.55069
2020-05-30 16:11:00,5,151,16,457.6,15.86,0.36584
2020-05-30 17:11:00,5,151,17,227.0,14.8,0.14914
2020-05-30 18:11:00,5,151,18,61.9,14.27,0.03888
2020-05-30 19:11:00,5,151,19,44.4,13.21,0.02527
2020-05-30 20:11:00,5,151,20,0.0,12.15,0.0
2020-05-30 21:11:00,5,151,21,0.0,11.09,0.0
2020-05-30 22:11:00,5,151,22,0.0,10.55,0.0
2020-05-30 23:11:00,5,151,23,0.0,10.02,0.0
2020-05-31 00:11:00,5,152,0,0.0,9.49,0.0
2020-05-31 01:11:00,5,152,1,0.0,9.49,0.0
2020-05-31 02:11:00,5,152,2,0.0,8.96,0.0
2020-05-31 03:11:00,5,152,3,0.0,8.43,0.0
2020-05-31 04:11:00,5,152,4,3.2,7.9,0.0
2020-05-31 05:11:00,5,152,5,36.5,8.43,0.01972
2020-05-31 06:11:00,5,152,6,116.7,10.55,0.0842
2020-05-31 07:11:00,5,152,7,271.5,11.61,0.21599
2020-05-31 08:11:00,5,152,8,594.7,13.21,0.48706
2020-05-31 09:11:00,5,152,9,792.9,14.8,0.643
2020-05-31 10:11:00,5,152,10,939.2,16.39,0.74855
2020-05-31 11:11:00,5,152,11,1027.4,17.45,0.80935
2020-05-31 12:11:00,5,152,12,1046.0,18.51,0.82146
2020-05-31 13:11:00,5,152,13,985.3,18.51,0.78126
2020-05-31 14:11:00,5,152,14,842.6,18.51,0.67697
2020-05-31 15:11:00,5,152,15,663.0,18.51,0.53627
2020-05-31 16:11:00,5,152,16,452.0,18.51,0.35613
2020-05-31 17:11:00,5,152,17,229.0,17.98,0.14996
2020-05-31 18:11:00,5,152,18,65.1,17.45,0.04076
2020-05-31 19:11:00,5,152,19,45.2,16.39,0.02544
2020-05-31 20:11:00,5,152,20,0.0,14.8,0.0
2020-05-31 21:11:00,5,152,21,0.0,13.74,0.0
2020-05-31 22:11:00,5,152,22,0.0,12.68,0.0
2020-05-31 23:11:00,5,152,23,0.0,11.61,0.0
2020-06-01 00:11:00,6,153,0,0.0,10.02,0.0
2020-06-01 01:11:00,6,153,1,0.0,8.96,0.0
2020-06-01 02:11:00,6,153,2,0.0,8.96,0.0
2020-06-01 03:11:00,6,153,3,0.0,10.02,0.0
2020-06-01 04:11:00,6,153,4,3.2,10.02,0.0
2020-06-01 05:11:00,6,153,5,48.4,10.55,0.02864
2020-06-01 06:11:00,6,153,6,144.1,11.61,0.1021
2020-06-01 07:11:00,6,153,7,378.1,14.27,0.29251
2020-06-01 08:11:00,6,153,8,599.4,15.86,0.48375
2020-06-01 09:11:00,6,153,9,793.8,16.92,0.63732
2020-06-01 10:11:00,6,153,10,940.2,17.45,0.74578
2020-06-01 11:11:00,6,153,11,1017.7,17.98,0.80109
2020-06-01 12:11:00,6,153,12,1041.7,18.51,0.81861
2020-06-01 13:11:00,6,153,13,986.0,18.51,0.7805
2020-06-01 14:11:00,6,153,14,849.0,18.51,0.6805
2020-06-01 15:11:00,6,153,15,668.0,18.51,0.53914
2020-06-01 16:11:00,6,153,16,454.2,17.98,0.35739
2020-06-01 17:11:00,6,153,17,227.6,17.45,0.14658
2020-06-01 18:11:00,6,153,18,56.3,16.92,0.03394
2020-06-01 19:11:00,6,153,19,38.9,15.86,0.02073
2020-06-01 20:11:00,6,153,20,0.0,14.27,0.0
2020-06-01 21:11:00,6,153,21,0.0,13.21,0.0
2020-06-01 22:11:00,6,153,22,0.0,12.15,0.0
2020-06-01 23:11:00,6,153,23,0.0,11.09,0.0
2020-06-02 00:11:00,6,154,0,0.0,11.09,0.0
2020-06-02 01:11:00,6,154,1,0.0,10.55,0.0
2020-06-02 02:11:00,6,154,2,0.0,8.96,0.0
2020-06-02 03:11:00,6,154,3,0.0,8.43,0.0
2020-06-02 04:11:00,6,154,4,7.1,7.9,0.00061
2020-06-02 05:11:00,6,154,5,45.2,8.96,0.02639
2020-06-02 06:11:00,6,154,6,152.6,11.61,0.10561
2020-06-02 07:11:00,6,154,7,277.0,13.74,0.21592
2020-06-02 08:11:00,6,154,8,453.5,15.33,0.3621
2020-06-02 09:11:00,6,154,9,707.0,16.92,0.55189
2020-06-02 10:11:00,6,154,10,909.5,17.98,0.68501
2020-06-02 11:11:00,6,154,11,840.8,18.51,0.63614
2020-06-02 12:11:00,6,154,12,788.9,19.57,0.59941
2020-06-02 13:11:00,6,154,13,606.7,20.1,0.47166
2020-06-02 14:11:00,6,154,14,436.1,20.63,0.34182
2020-06-02 15:11:00,6,154,15,608.7,20.1,0.47678
2020-06-02 16:11:00,6,154,16,71.7,19.57,0.04546
2020-06-02 17:11:00,6,154,17,62.9,19.04,0.03868
2020-06-02 18:11:00,6,154,18,52.4,18.51,0.03055
2020-06-02 19:11:00,6,154,19,9.5,16.39,0.00159
2020-06-02 20:11:00,6,154,20,0.0,14.8,0.0
2020-06-02 21:11:00,6,154,21,0.0,13.21,0.0
2020-06-02 22:11:00,6,154,22,0.0,12.15,0.0
2020-06-02 23:11:00,6,154,23,0.0,11.61,0.0
2020-06-03 00:11:00,6,155,0,0.0,10.55,0.0
2020-06-03 01:11:00,6,155,1,0.0,10.55,0.0
2020-06-03 02:11:00,6,155,2,0.0,10.55,0.0
2020-06-03 03:11:00,6,155,3,0.0,10.55,0.0
2020-06-03 04:11:00,6,155,4,2.4,10.02,0.0
2020-06-03 05:11:00,6,155,5,9.5,10.02,0.00168
2020-06-03 06:11:00,6,155,6,24.5,10.02,0.01086
2020-06-03 07:11:00,6,155,7,114.5,9.49,0.08478
2020-06-03 08:11:00,6,155,8,94.4,9.49,0.06736
2020-06-03 09:11:00,6,155,9,139.9,9.49,0.10706
2020-06-03 10:11:00,6,155,10,159.1,9.49,0.12416
2020-06-03 11:11:00,6,155,11,211.6,10.02,0.17038
2020-06-03 12:11:00,6,155,12,236.5,10.02,0.19249
2020-06-03 13:11:00,6,155,13,139.9,10.02,0.10686
2020-06-03 14:11:00,6,155,14,132.9,10.55,0.10047
2020-06-03 15:11:00,6,155,15,504.6,10.55,0.42785
2020-06-03 16:11:00,6,155,16,235.6,10.55,0.19078
2020-06-03 17:11:00,6,155,17,211.8,11.09,0.16092
2020-06-03 18:11:00,6,155,18,65.1,10.55,0.04226
2020-06-03 19:11:00,6,155,19,15.1,10.02,0.00474
2020-06-03 20:11:00,6,155,20,0.0,9.49,0.0
2020-06-03 21:11:00,6,155,21,0.0,9.49,0.0
2020-06-03 22:11:00,6,155,22,0.0,8.96,0.0
2020-06-03 23:11:00,6,155,23,0.0,8.96,0.0
2020-06-04 00:11:00,6,156,0,0.0,8.96,0.0
2020-06-04 01:11:00,6,156,1,0.0,8.43,0.0
2020-06-04 02:11:00,6,156,2,0.0,8.43,0.0
2020-06-04 03:11:00,6,156,3,0.0,7.9,0.0
2020-06-04 04:11:00,6,156,4,2.4,7.9,0.0
2020-06-04 05:11:00,6,156,5,17.5,7.9,0.00628
2020-06-04 06:11:00,6,156,6,96.1,7.9,0.06886
2020-06-04 07:11:00,6,156,7,105.8,8.96,0.07712
2020-06-04 08:11:00,6,156,8,165.5,9.49,0.1289
2020-06-04 09:11:00,6,156,9,370.2,10.02,0.3068
2020-06-04 10:11:00,6,156,10,626.1,10.02,0.51966
2020-06-04 11:11:00,6,156,11,111.9,10.02,0.08194
2020-06-04 12:11:00,6,156,12,268.8,10.02,0.21856
2020-06-04 13:11:00,6,156,13,99.7,10.02,0.07135
2020-06-04 14:11:00,6,156,14,112.8,11.09,0.0822
2020-06-04 15:11:00,6,156,15,416.1,11.61,0.34164
2020-06-04 16:11:00,6,156,16,304.8,11.61,0.2461
2020-06-04 17:11:00,6,156,17,78.7,10.55,0.05346
2020-06-04 18:11:00,6,156,18,41.3,9.49,0.02327
2020-06-04 19:11:00,6,156,19,14.3,8.43,0.00431
2020-06-04 20:11:00,6,156,20,0.0,7.9,0.0
2020-06-04 21:11:00,6,156,21,0.0,7.37,0.0
2020-06-04 22:11:00,6,156,22,0.0,7.37,0.0
2020-06-04 23:11:00,6,156,23,0.0,7.37,0.0
2020-06-05 00:11:00,6,157,0,0.0,7.37,0.0
2020-06-05 01:11:00,6,157,1,0.0,7.37,0.0
2020-06-05 02:11:00,6,157,2,0.0,6.84,0.0
2020-06-05 03:11:00,6,157,3,0.0,6.84,0.0
2020-06-05 04:11:00,6,157,4,2.4,6.31,0.0
2020-06-05 05:11:00,6,157,5,53.2,6.31,0.03322
2020-06-05 06:11:00,6,157,6,161.5,7.37,0.10893
2020-06-05 07:11:00,6,157,7,333.3,7.9,0.27217
2020-06-05 08:11:00,6,157,8,250.5,7.9,0.20671
2020-06-05 09:11:00,6,157,9,750.0,8.96,0.63697
2020-06-05 10:11:00,6,157,10,800.2,10.02,0.6725
2020-06-05 11:11:00,6,157,11,390.1,11.09,0.32539
2020-06-05 12:11:00,6,157,12,525.8,11.61,0.44072
2020-06-05 13:11:00,6,157,13,515.7,12.15,0.43157
2020-06-05 14:11:00,6,157,14,531.7,12.68,0.4456
2020-06-05 15:11:00,6,157,15,500.8,12.68,0.41952
2020-06-05 16:11:00,6,157,16,430.6,11.61,0.3538
2020-06-05 17:11:00,6,157,17,203.2,11.09,0.15675
2020-06-05 18:11:00,6,157,18,92.8,11.09,0.06549
2020-06-05 19:11:00,6,157,19,48.4,10.55,0.02877
2020-06-05 20:11:00,6,157,20,0.0,9.49,0.0
2020-06-05 21:11:00,6,157,21,0.0,8.43,0.0
2020-06-05 22:11:00,6,157,22,0.0,7.9,0.0
2020-06-05 23:11:00,6,157,23,0.0,7.9,0.0
2020-06-06 00:11:00,6,158,0,0.0,7.37,0.0
2020-06-06 01:11:00,6,158,1,0.0,7.37,0.0
2020-06-06 02:11:00,6,158,2,0.0,7.37,0.0
2020-06-06 03:11:00,6,158,3,0.0,7.9,0.0
2020-06-06 04:11:00,6,158,4,15.1,7.9,0.00481
2020-06-06 05:11:00,6,158,5,46.0,7.9,0.02726
2020-06-06 06:11:00,6,158,6,56.8,8.43,0.03593
2020-06-06 07:11:00,6,158,7,188.4,8.43,0.15049
2020-06-06 08:11:00,6,158,8,143.4,9.49,0.11039
2020-06-06 09:11:00,6,158,9,400.6,10.02,0.3397
2020-06-06 10:11:00,6,158,10,209.8,10.55,0.16854
2020-06-06 11:11:00,6,158,11,185.3,11.09,0.14647
2020-06-06 12:11:00,6,158,12,388.5,11.61,0.32548
2020-06-06 13:11:00,6,158,13,499.4,11.61,0.42166
2020-06-06 14:11:00,6,158,14,180.1,12.15,0.14098
2020-06-06 15:11:00,6,158,15,211.2,11.61,0.16888
2020-06-06 16:11:00,6,158,16,186.1,11.61,0.14647
2020-06-06 17:11:00,6,158,17,233.4,11.61,0.16637
2020-06-06 18:11:00,6,158,18,55.5,11.61,0.03426
2020-06-06 19:11:00,6,158,19,42.8,11.09,0.0243
2020-06-06 20:11:00,6,158,20,0.0,10.02,0.0
2020-06-06 21:11:00,6,158,21,0.0,8.96,0.0
2020-06-06 22:11:00,6,158,22,0.0,8.43,0.0
2020-06-06 23:11:00,6,158,23,0.0,8.43,0.0
2020-06-07 00:11:00,6,159,0,0.0,8.96,0.0
2020-06-07 01:11:00,6,159,1,0.0,9.49,0.0
2020-06-07 02:11:00,6,159,2,0.0,9.49,0.0
2020-06-07 03:11:00,6,159,3,0.0,9.49,0.0
2020-06-07 04:11:00,6,159,4,2.4,9.49,0.0
2020-06-07 05:11:00,6,159,5,10.3,8.96,0.0021
2020-06-07 06:11:00,6,159,6,26.2,8.96,0.01215
2020-06-07 07:11:00,6,159,7,100.5,8.96,0.07278
2020-06-07 08:11:00,6,159,8,104.9,8.96,0.0766
2020-06-07 09:11:00,6,159,9,113.6,9.49,0.08403
2020-06-07 10:11:00,6,159,10,129.4,10.02,0.09771
2020-06-07 11:11:00,6,159,11,167.8,10.55,0.13136
2020-06-07 12:11:00,6,159,12,151.2,11.09,0.11639
2020-06-07 13:11:00,6,159,13,131.1,11.61,0.09845
2020-06-07 14:11:00,6,159,14,181.8,11.61,0.1429
2020-06-07 15:11:00,6,159,15,160.8,11.61,0.12443
2020-06-07 16:11:00,6,159,16,94.4,11.09,0.06685
2020-06-07 17:11:00,6,159,17,78.7,10.55,0.05362
2020-06-07 18:11:00,6,159,18,31.7,10.02,0.01604
2020-06-07 19:11:00,6,159,19,11.9,8.96,0.00294
2020-06-07 20:11:00,6,159,20,1.6,8.43,0.0
2020-06-07 21:11:00,6,159,21,0.0,7.9,0.0
2020-06-07 22:11:00,6,159,22,0.0,7.9,0.0
2020-06-07 23:11:00,6,159,23,0.0,7.9,0.0
2020-06-08 00:11:00,6,160,0,0.0,7.9,0.0
2020-06-08 01:11:00,6,160,1,0.0,7.9,0.0
2020-06-08 02:11:00,6,160,2,0.0,7.37,0.0
2020-06-08 03:11:00,6,160,3,0.0,7.37,0.0
2020-06-08 04:11:00,6,160,4,9.5,7.37,0.00172
2020-06-08 05:11:00,6,160,5,51.6,7.9,0.03164
2020-06-08 06:11:00,6,160,6,121.1,7.9,0.08918
2020-06-08 07:11:00,6,160,7,221.1,7.9,0.17794
2020-06-08 08:11:00,6,160,8,274.0,8.43,0.22598
2020-06-08 09:11:00,6,160,9,181.0,9.49,0.1428
2020-06-08 10:11:00,6,160,10,179.2,10.02,0.14092
2020-06-08 11:11:00,6,160,11,258.8,10.55,0.21017
2020-06-08 12:11:00,6,160,12,392.8,11.09,0.32541
2020-06-08 13:11:00,6,160,13,299.2,11.09,0.24455
2020-06-08 14:11:00,6,160,14,483.6,11.09,0.40276
2020-06-08 15:11:00,6,160,15,537.4,11.09,0.4478
2020-06-08 16:11:00,6,160,16,418.1,10.55,0.34202
2020-06-08 17:11:00,6,160,17,233.5,10.02,0.16643
2020-06-08 18:11:00,6,160,18,97.6,9.49,0.0699
2020-06-08 19:11:00,6,160,19,50.0,8.43,0.0303
2020-06-08 20:11:00,6,160,20,1.6,7.9,0.0
2020-06-08 21:11:00,6,160,21,0.0,7.9,0.0
2020-06-08 22:11:00,6,160,22,0.0,7.9,0.0
2020-06-08 23:11:00,6,160,23,0.0,7.37,0.0
2020-06-09 00:11:00,6,161,0,0.0,6.84,0.0
2020-06-09 01:11:00,6,161,1,0.0,6.84,0.0
2020-06-09 02:11:00,6,161,2,0.0,6.84,0.0
2020-06-09 03:11:00,6,161,3,0.0,6.84,0.0
2020-06-09 04:11:00,6,161,4,4.8,7.37,0.0
2020-06-09 05:11:00,6,161,5,40.5,7.9,0.02282
2020-06-09 06:11:00,6,161,6,132.8,8.43,0.09729
2020-06-09 07:11:00,6,161,7,190.8,9.49,0.14993
2020-06-09 08:11:00,6,161,8,294.7,10.55,0.23982
2020-06-09 09:11:00,6,161,9,396.8,11.61,0.32498
2020-06-09 10:11:00,6,161,10,208.9,13.21,0.16342
2020-06-09 11:11:00,6,161,11,146.9,13.74,0.11024
2020-06-09 12:11:00,6,161,12,111.9,13.74,0.08053
2020-06-09 13:11:00,6,161,13,111.0,13.74,0.07982
2020-06-09 14:11:00,6,161,14,257.7,14.27,0.20519
2020-06-09 15:11:00,6,161,15,243.8,14.27,0.19324
2020-06-09 16:11:00,6,161,16,139.0,13.74,0.10352
2020-06-09 17:11:00,6,161,17,69.9,13.74,0.04544
2020-06-09 18:11:00,6,161,18,25.4,13.74,0.01124
2020-06-09 19:11:00,6,161,19,8.7,13.21,0.00126
2020-06-09 20:11:00,6,161,20,1.6,12.68,0.0
2020-06-09 21:11:00,6,161,21,0.0,11.61,0.0
2020-06-09 22:11:00,6,161,22,0.0,10.55,0.0
2020-06-09 23:11:00,6,161,23,0.0,10.02,0.0
2020-06-10 00:11:00,6,162,0,0.0,10.02,0.0
2020-06-10 01:11:00,6,162,1,0.0,10.02,0.0
2020-06-10 02:11:00,6,162,2,0.0,9.49,0.0
2020-06-10 03:11:00,6,162,3,0.0,8.96,0.0
2020-06-10 04:11:00,6,162,4,14.3,8.43,0.00431
2020-06-10 05:11:00,6,162,5,53.2,8.96,0.03269
2020-06-10 06:11:00,6,162,6,71.7,10.02,0.04765
2020-06-10 07:11:00,6,162,7,135.5,10.02,0.10218
2020-06-10 08:11:00,6,162,8,316.4,10.55,0.25958
2020-06-10 09:11:00,6,162,9,197.0,10.55,0.15595
2020-06-10 10:11:00,6,162,10,201.1,10.55,0.15949
2020-06-10 11:11:00,6,162,11,215.9,11.09,0.17196
2020-06-10 12:11:00,6,162,12,237.3,11.09,0.19045
2020-06-10 13:11:00,6,162,13,222.0,11.61,0.17668
2020-06-10 14:11:00,6,162,14,254.2,12.15,0.20425
2020-06-10 15:11:00,6,162,15,184.4,11.61,0.14429
2020-06-10 16:11:00,6,162,16,159.9,11.61,0.1231
2020-06-10 17:11:00,6,162,17,69.9,11.61,0.04601
2020-06-10 18:11:00,6,162,18,48.4,10.55,0.02874
2020-06-10 19:11:00,6,162,19,8.7,10.55,0.00129
2020-06-10 20:11:00,6,162,20,1.6,10.02,0.0
2020-06-10 21:11:00,6,162,21,0.0,9.49,0.0
2020-06-10 22:11:00,6,162,22,0.0,9.49,0.0
2020-06-10 23:11:00,6,162,23,0.0,9.49,0.0
2020-06-11 00:11:00,6,163,0,0.0,9.49,0.0
2020-06-11 01:11:00,6,163,1,0.0,9.49,0.0
2020-06-11 02:11:00,6,163,2,0.0,9.49,0.0
2020-06-11 03:11:00,6,163,3,0.0,9.49,0.0
2020-06-11 04:11:00,6,163,4,2.4,9.49,0.0
2020-06-11 05:11:00,6,163,5,29.4,9.49,0.01434
2020-06-11 06:11:00,6,163,6,54.2,10.02,0.03349
2020-06-11 07:11:00,6,163,7,207.4,10.55,0.16511
2020-06-11 08:11:00,6,163,8,465.2,11.09,0.39303
2020-06-11 09:11:00,6,163,9,629.3,11.09,0.53555
2020-06-11 10:11:00,6,163,10,404.8,11.61,0.33972
2020-06-11 11:11:00,6,163,11,174.8,11.61,0.13679
2020-06-11 12:11:00,6,163,12,211.6,12.15,0.16874
2020-06-11 13:11:00,6,163,13,213.3,12.68,0.16985
2020-06-11 14:11:00,6,163,14,163.5,12.68,0.12616
2020-06-11 15:11:00,6,163,15,148.6,11.61,0.11372
2020-06-11 16:11:00,6,163,16,75.2,10.02,0.05082
2020-06-11 17:11:00,6,163,17,139.1,10.02,0.10582
2020-06-11 18:11:00,6,163,18,18.2,10.02,0.0067
2020-06-11 19:11:00,6,163,19,8.7,10.02,0.0013
2020-06-11 20:11:00,6,163,20,1.6,10.02,0.0
2020-06-11 21:11:00,6,163,21,0.0,10.02,0.0
2020-06-11 22:11:00,6,163,22,0.0,10.55,0.0
2020-06-11 23:11:00,6,163,23,0.0,10.55,0.0
2020-06-12 00:11:00,6,164,0,0.0,10.55,0.0
2020-06-12 01:11:00,6,164,1,0.0,11.09,0.0
2020-06-12 02:11:00,6,164,2,0.0,11.09,0.0
2020-06-12 03:11:00,6,164,3,0.0,11.09,0.0
2020-06-12 04:11:00,6,164,4,2.4,11.09,0.0
2020-06-12 05:11:00,6,164,5,11.9,11.09,0.0029
2020-06-12 06:11:00,6,164,6,21.8,11.09,0.00901
2020-06-12 07:11:00,6,164,7,40.2,11.61,0.02224
2020-06-12 08:11:00,6,164,8,100.5,12.15,0.07167
2020-06-12 09:11:00,6,164,9,157.4,12.68,0.12056
2020-06-12 10:11:00,6,164,10,157.4,12.68,0.12062
2020-06-12 11:11:00,6,164,11,139.9,12.68,0.1053
2020-06-12 12:11:00,6,164,12,150.4,12.68,0.11438
2020-06-12 13:11:00,6,164,13,160.8,12.68,0.12359
2020-06-12 14:11:00,6,164,14,95.3,13.21,0.06685
2020-06-12 15:11:00,6,164,15,78.7,12.68,0.05304
2020-06-12 16:11:00,6,164,16,98.8,12.15,0.07016
2020-06-12 17:11:00,6,164,17,69.1,11.61,0.0453
2020-06-12 18:11:00,6,164,18,20.6,11.09,0.0082
2020-06-12 19:11:00,6,164,19,11.1,11.09,0.00247
2020-06-12 20:11:00,6,164,20,1.6,11.09,0.0
2020-06-12 21:11:00,6,164,21,0.0,10.55,0.0
2020-06-12 22:11:00,6,164,22,0.0,10.55,0.0
2020-06-12 23:11:00,6,164,23,0.0,11.09,0.0
2020-06-13 00:11:00,6,165,0,0.0,11.09,0.0
2020-06-13 01:11:00,6,165,1,0.0,11.09,0.0
2020-06-13 02:11:00,6,165,2,0.0,11.09,0.0
2020-06-13 03:11:00,6,165,3,0.0,11.09,0.0
2020-06-13 04:11:00,6,165,4,2.4,11.61,0.0
2020-06-13 05:11:00,6,165,5,10.3,11.61,0.00205
2020-06-13 06:11:00,6,165,6,39.3,12.68,0.02142
2020-06-13 07:11:00,6,165,7,46.3,12.68,0.02678
2020-06-13 08:11:00,6,165,8,61.2,13.21,0.03846
2020-06-13 09:11:00,6,165,9,116.3,13.21,0.08437
2020-06-13 10:11:00,6,165,10,125.9,13.21,0.09252
2020-06-13 11:11:00,6,165,11,177.5,13.74,0.13643
2020-06-13 12:11:00,6,165,12,217.7,14.8,0.17012
2020-06-13 13:11:00,6,165,13,176.6,16.92,0.13384
2020-06-13 14:11:00,6,165,14,369.8,17.98,0.29603
2020-06-13 15:11:00,6,165,15,163.5,17.98,0.12237
2020-06-13 16:11:00,6,165,16,181.7,17.98,0.13781
2020-06-13 17:11:00,6,165,17,129.5,17.45,0.09375
2020-06-13 18:11:00,6,165,18,65.8,16.39,0.04159
2020-06-13 19:11:00,6,165,19,17.5,15.33,0.006
2020-06-13 20:11:00,6,165,20,1.6,13.74,0.0
2020-06-13 21:11:00,6,165,21,0.0,12.68,0.0
2020-06-13 22:11:00,6,165,22,0.0,12.15,0.0
2020-06-13 23:11:00,6,165,23,0.0,11.61,0.0
2020-06-14 00:11:00,6,166,0,0.0,11.61,0.0
2020-06-14 01:11:00,6,166,1,0.0,11.09,0.0
2020-06-14 02:11:00,6,166,2,0.0,11.09,0.0
2020-06-14 03:11:00,6,166,3,0.0,11.09,0.0
2020-06-14 04:11:00,6,166,4,3.2,10.55,0.0
2020-06-14 05:11:00,6,166,5,60.3,11.09,0.03813
2020-06-14 06:11:00,6,166,6,30.6,11.09,0.0151
2020-06-14 07:11:00,6,166,7,132.9,11.61,0.0991
2020-06-14 08:11:00,6,166,8,235.8,12.68,0.18735
2020-06-14 09:11:00,6,166,9,181.8,13.21,0.14045
2020-06-14 10:11:00,6,166,10,230.3,14.27,0.18104
2020-06-14 11:11:00,6,166,11,256.1,15.33,0.20186
2020-06-14 12:11:00,6,166,12,253.5,16.39,0.19861
2020-06-14 13:11:00,6,166,13,237.3,16.92,0.18441
2020-06-14 14:11:00,6,166,14,323.6,17.45,0.25628
2020-06-14 15:11:00,6,166,15,353.8,17.98,0.28101
2020-06-14 16:11:00,6,166,16,369.4,17.45,0.29232
2020-06-14 17:11:00,6,166,17,203.9,16.92,0.15219
2020-06-14 18:11:00,6,166,18,79.3,15.86,0.05263
2020-06-14 19:11:00,6,166,19,51.6,14.8,0.03055
2020-06-14 20:11:00,6,166,20,1.6,13.74,0.0
2020-06-14 21:11:00,6,166,21,0.0,12.68,0.0
2020-06-14 22:11:00,6,166,22,0.0,12.68,0.0
2020-06-14 23:11:00,6,166,23,0.0,12.15,0.0
2020-06-15 00:11:00,6,167,0,0.0,12.68,0.0
2020-06-15 01:11:00,6,167,1,0.0,12.68,0.0
2020-06-15 02:11:00,6,167,2,0.0,12.68,0.0
2020-06-15 03:11:00,6,167,3,0.0,12.15,0.0
2020-06-15 04:11:00,6,167,4,2.4,12.15,0.0
2020-06-15 05:11:00,6,167,5,12.7,12.15,0.00331
2020-06-15 06:11:00,6,167,6,69.1,12.68,0.04484
2020-06-15 07:11:00,6,167,7,141.6,13.74,0.10553
2020-06-15 08:11:00,6,167,8,124.1,14.27,0.09054
2020-06-15 09:11:00,6,167,9,177.5,14.27,0.13603
2020-06-15 10:11:00,6,167,10,172.2,14.8,0.13118
2020-06-15 11:11:00,6,167,11,292.1,14.8,0.23293
2020-06-15 12:11:00,6,167,12,409.9,15.86,0.33005
2020-06-15 13:11:00,6,167,13,405.5,16.39,0.32526
2020-06-15 14:11:00,6,167,14,320.6,16.92,0.25445
2020-06-15 15:11:00,6,167,15,522.8,16.92,0.42101
2020-06-15 16:11:00,6,167,16,428.1,16.92,0.33839
2020-06-15 17:11:00,6,167,17,234.3,16.39,0.16301
2020-06-15 18:11:00,6,167,18,76.2,15.33,0.05015
2020-06-15 19:11:00,6,167,19,8.7,14.8,0.00124
2020-06-15 20:11:00,6,167,20,1.6,13.74,0.0
2020-06-15 21:11:00,6,167,21,0.0,13.21,0.0
2020-06-15 22:11:00,6,167,22,0.0,12.68,0.0
2020-06-15 23:11:00,6,167,23,0.0,12.68,0.0
2020-06-16 00:11:00,6,168,0,0.0,12.15,0.0
2020-06-16 01:11:00,6,168,1,0.0,12.15,0.0
2020-06-16 02:11:00,6,168,2,0.0,12.15,0.0
2020-06-16 03:11:00,6,168,3,0.0,12.15,0.0
2020-06-16 04:11:00,6,168,4,15.9,12.68,0.00513
2020-06-16 05:11:00,6,168,5,27.0,12.68,0.01239
2020-06-16 06:11:00,6,168,6,73.4,13.21,0.04832
2020-06-16 07:11:00,6,168,7,111.9,13.74,0.08027
2020-06-16 08:11:00,6,168,8,161.9,14.27,0.12254
2020-06-16 09:11:00,6,168,9,215.2,15.33,0.16721
2020-06-16 10:11:00,6,168,10,264.8,15.86,0.2088
2020-06-16 11:11:00,6,168,11,230.3,16.92,0.17876
2020-06-16 12:11:00,6,168,12,243.4,16.92,0.18979
2020-06-16 13:11:00,6,168,13,252.5,17.45,0.19692
2020-06-16 14:11:00,6,168,14,271.8,17.45,0.2135
2020-06-16 15:11:00,6,168,15,321.3,17.45,0.25569
2020-06-16 16:11:00,6,168,16,238.9,16.92,0.18638
2020-06-16 17:11:00,6,168,17,194.0,16.92,0.14518
2020-06-16 18:11:00,6,168,18,38.1,16.39,0.02008
2020-06-16 19:11:00,6,168,19,18.2,14.8,0.00651
2020-06-16 20:11:00,6,168,20,1.6,14.27,0.0
2020-06-16 21:11:00,6,168,21,0.0,13.21,0.0
2020-06-16 22:11:00,6,168,22,0.0,12.68,0.0
2020-06-16 23:11:00,6,168,23,0.0,12.68,0.0
2020-06-17 00:11:00,6,169,0,0.0,12.68,0.0
2020-06-17 01:11:00,6,169,1,0.0,12.15,0.0
2020-06-17 02:11:00,6,169,2,0.0,12.15,0.0
2020-06-17 03:11:00,6,169,3,0.0,12.15,0.0
2020-06-17 04:11:00,6,169,4,2.4,12.15,0.0
2020-06-17 05:11:00,6,169,5,17.5,12.15,0.00611
2020-06-17 06:11:00,6,169,6,62.1,12.68,0.03926
2020-06-17 07:11:00,6,169,7,108.4,13.21,0.0777
2020-06-17 08:11:00,6,169,8,146.0,13.74,0.10951
2020-06-17 09:11:00,6,169,9,146.0,14.27,0.10919
2020-06-17 10:11:00,6,169,10,192.3,14.8,0.14824
2020-06-17 11:11:00,6,169,11,285.0,15.86,0.22548
2020-06-17 12:11:00,6,169,12,760.1,16.92,0.59977
2020-06-17 13:11:00,6,169,13,903.6,16.92,0.70942
2020-06-17 14:11:00,6,169,14,784.8,17.45,0.62522
2020-06-17 15:11:00,6,169,15,315.2,16.92,0.25153
2020-06-17 16:11:00,6,169,16,263.9,16.39,0.208
2020-06-17 17:11:00,6,169,17,141.8,15.86,0.10472
2020-06-17 18:11:00,6,169,18,18.2,15.33,0.00649
2020-06-17 19:11:00,6,169,19,13.5,14.27,0.0037
2020-06-17 20:11:00,6,169,20,1.6,13.21,0.0
2020-06-17 21:11:00,6,169,21,0.0,12.68,0.0
2020-06-17 22:11:00,6,169,22,0.0,12.15,0.0
2020-06-17 23:11:00,6,169,23,0.0,12.15,0.0
2020-06-18 00:11:00,6,170,0,0.0,11.61,0.0
2020-06-18 01:11:00,6,170,1,0.0,11.61,0.0
2020-06-18 02:11:00,6,170,2,0.0,11.09,0.0
2020-06-18 03:11:00,6,170,3,0.0,11.09,0.0
2020-06-18 04:11:00,6,170,4,2.4,10.55,0.0
2020-06-18 05:11:00,6,170,5,17.5,10.55,0.00618
2020-06-18 06:11:00,6,170,6,33.2,10.55,0.01708
2020-06-18 07:11:00,6,170,7,79.6,10.55,0.05427
2020-06-18 08:11:00,6,170,8,90.0,10.55,0.06314
2020-06-18 09:11:00,6,170,9,129.4,11.09,0.0968
2020-06-18 10:11:00,6,170,10,245.1,11.61,0.19755
2020-06-18 11:11:00,6,170,11,247.4,12.15,0.19888
2020-06-18 12:11:00,6,170,12,481.3,13.21,0.39802
2020-06-18 13:11:00,6,170,13,513.1,13.74,0.42525
2020-06-18 14:11:00,6,170,14,390.2,13.74,0.32166
2020-06-18 15:11:00,6,170,15,282.2,13.74,0.22837
2020-06-18 16:11:00,6,170,16,170.4,13.21,0.13145
2020-06-18 17:11:00,6,170,17,31.5,13.21,0.01558
2020-06-18 18:11:00,6,170,18,51.6,12.68,0.03092
2020-06-18 19:11:00,6,170,19,10.3,12.15,0.00205
2020-06-18 20:11:00,6,170,20,1.6,11.61,0.0
2020-06-18 21:11:00,6,170,21,0.0,11.61,0.0
2020-06-18 22:11:00,6,170,22,0.0,12.15,0.0
2020-06-18 23:11:00,6,170,23,0.0,12.15,0.0
2020-06-19 00:11:00,6,171,0,0.0,12.15,0.0
2020-06-19 01:11:00,6,171,1,0.0,12.15,0.0
2020-06-19 02:11:00,6,171,2,0.0,12.15,0.0
2020-06-19 03:11:00,6,171,3,0.0,12.15,0.0
2020-06-19 04:11:00,6,171,4,2.4,11.61,0.0
2020-06-19 05:11:00,6,171,5,57.9,12.15,0.03601
2020-06-19 06:11:00,6,171,6,91.3,12.68,0.06333
2020-06-19 07:11:00,6,171,7,80.4,13.21,0.05421
2020-06-19 08:11:00,6,171,8,310.1,14.27,0.25066
2020-06-19 09:11:00,6,171,9,339.4,15.86,0.27449
2020-06-19 10:11:00,6,171,10,581.0,16.39,0.47423
2020-06-19 11:11:00,6,171,11,556.5,16.92,0.45318
2020-06-19 12:11:00,6,171,12,813.6,17.45,0.65486
2020-06-19 13:11:00,6,171,13,306.9,17.45,0.24483
2020-06-19 14:11:00,6,171,14,642.9,16.92,0.52446
2020-06-19 15:11:00,6,171,15,64.7,16.92,0.04059
2020-06-19 16:11:00,6,171,16,49.8,17.45,0.02882
2020-06-19 17:11:00,6,171,17,240.7,16.39,0.1628
2020-06-19 18:11:00,6,171,18,103.2,15.33,0.07259
2020-06-19 19:11:00,6,171,19,47.6,14.8,0.0275
2020-06-19 20:11:00,6,171,20,12.7,14.27,0.00326
2020-06-19 21:11:00,6,171,21,0.0,13.74,0.0
2020-06-19 22:11:00,6,171,22,0.0,13.21,0.0
2020-06-19 23:11:00,6,171,23,0.0,13.21,0.0
2020-06-20 00:11:00,6,172,0,0.0,13.21,0.0
2020-06-20 01:11:00,6,172,1,0.0,12.68,0.0
2020-06-20 02:11:00,6,172,2,0.0,12.68,0.0
2020-06-20 03:11:00,6,172,3,0.0,12.68,0.0
2020-06-20 04:11:00,6,172,4,4.8,12.68,0.0
2020-06-20 05:11:00,6,172,5,42.8,12.68,0.02411
2020-06-20 06:11:00,6,172,6,146.4,13.21,0.10357
2020-06-20 07:11:00,6,172,7,341.0,14.27,0.26791
2020-06-20 08:11:00,6,172,8,546.7,15.86,0.447
2020-06-20 09:11:00,6,172,9,688.8,16.39,0.55978
2020-06-20 10:11:00,6,172,10,195.8,17.45,0.15006
2020-06-20 11:11:00,6,172,11,774.5,17.98,0.62032
2020-06-20 12:11:00,6,172,12,690.5,17.98,0.55808
2020-06-20 13:11:00,6,172,13,537.5,18.51,0.43552
2020-06-20 14:11:00,6,172,14,623.2,18.51,0.50444
2020-06-20 15:11:00,6,172,15,491.6,18.51,0.39732
2020-06-20 16:11:00,6,172,16,355.9,19.04,0.28144
2020-06-20 17:11:00,6,172,17,244.6,19.04,0.1696
2020-06-20 18:11:00,6,172,18,70.6,18.51,0.04495
2020-06-20 19:11:00,6,172,19,27.0,17.98,0.01205
2020-06-20 20:11:00,6,172,20,11.1,16.92,0.00237
2020-06-20 21:11:00,6,172,21,0.0,15.33,0.0
2020-06-20 22:11:00,6,172,22,0.0,14.8,0.0
2020-06-20 23:11:00,6,172,23,0.0,14.8,0.0
2020-06-21 00:11:00,6,173,0,0.0,14.27,0.0
2020-06-21 01:11:00,6,173,1,0.0,14.27,0.0
2020-06-21 02:11:00,6,173,2,0.0,14.27,0.0
2020-06-21 03:11:00,6,173,3,0.0,13.74,0.0
2020-06-21 04:11:00,6,173,4,4.8,13.74,0.0
2020-06-21 05:11:00,6,173,5,22.2,13.21,0.00914
2020-06-21 06:11:00,6,173,6,26.2,13.21,0.01186
2020-06-21 07:11:00,6,173,7,173.8,13.21,0.13406
2020-06-21 08:11:00,6,173,8,332.5,14.27,0.27159
2020-06-21 09:11:00,6,173,9,379.7,15.33,0.31153
2020-06-21 10:11:00,6,173,10,649.5,15.86,0.53636
2020-06-21 11:11:00,6,173,11,741.9,17.45,0.60842
2020-06-21 12:11:00,6,173,12,474.1,17.98,0.38816
2020-06-21 13:11:00,6,173,13,446.4,17.45,0.36568
2020-06-21 14:11:00,6,173,14,269.7,17.45,0.21445
2020-06-21 15:11:00,6,173,15,544.6,17.45,0.44863
2020-06-21 16:11:00,6,173,16,465.9,16.39,0.37555
2020-06-21 17:11:00,6,173,17,205.5,16.39,0.15566
2020-06-21 18:11:00,6,173,18,67.4,15.86,0.04305
2020-06-21 19:11:00,6,173,19,57.1,15.33,0.03489
2020-06-21 20:11:00,6,173,20,13.5,14.27,0.0037
2020-06-21 21:11:00,6,173,21,0.0,13.74,0.0
2020-06-21 22:11:00,6,173,22,0.0,12.68,0.0
2020-06-21 23:11:00,6,173,23,0.0,11.61,0.0
2020-06-22 00:11:00,6,174,0,0.0,11.09,0.0
2020-06-22 01:11:00,6,174,1,0.0,10.55,0.0
2020-06-22 02:11:00,6,174,2,0.0,10.02,0.0
2020-06-22 03:11:00,6,174,3,0.0,9.49,0.0
2020-06-22 04:11:00,6,174,4,2.4,9.49,0.0
2020-06-22 05:11:00,6,174,5,48.4,10.55,0.0287
2020-06-22 06:11:00,6,174,6,149.6,12.15,0.09048
2020-06-22 07:11:00,6,174,7,284.4,13.21,0.22506
2020-06-22 08:11:00,6,174,8,406.0,14.27,0.33457
2020-06-22 09:11:00,6,174,9,587.7,15.33,0.48598
2020-06-22 10:11:00,6,174,10,669.1,16.39,0.54966
2020-06-22 11:11:00,6,174,11,377.6,17.98,0.30586
2020-06-22 12:11:00,6,174,12,442.1,17.98,0.35979
2020-06-22 13:11:00,6,174,13,383.6,17.98,0.31046
2020-06-22 14:11:00,6,174,14,338.7,18.51,0.27195
2020-06-22 15:11:00,6,174,15,473.3,19.04,0.38605
2020-06-22 16:11:00,6,174,16,247.6,19.04,0.19342
2020-06-22 17:11:00,6,174,17,184.3,19.04,0.13725
2020-06-22 18:11:00,6,174,18,40.5,18.51,0.02163
2020-06-22 19:11:00,6,174,19,12.7,18.51,0.00317
2020-06-22 20:11:00,6,174,20,1.6,18.51,0.0
2020-06-22 21:11:00,6,174,21,0.0,18.51,0.0
2020-06-22 22:11:00,6,174,22,0.0,17.98,0.0
2020-06-22 23:11:00,6,174,23,0.0,17.98,0.0
2020-06-23 00:11:00,6,175,0,0.0,16.92,0.0
2020-06-23 01:11:00,6,175,1,0.0,16.39,0.0
2020-06-23 02:11:00,6,175,2,0.0,16.39,0.0
2020-06-23 03:11:00,6,175,3,0.0,15.86,0.0
2020-06-23 04:11:00,6,175,4,2.4,15.33,0.0
2020-06-23 05:11:00,6,175,5,61.9,15.33,0.03866
2020-06-23 06:11:00,6,175,6,58.6,15.86,0.03592
2020-06-23 07:11:00,6,175,7,264.4,16.92,0.20612
2020-06-23 08:11:00,6,175,8,274.4,17.45,0.21812
2020-06-23 09:11:00,6,175,9,204.9,18.51,0.15764
2020-06-23 10:11:00,6,175,10,116.3,18.51,0.08257
2020-06-23 11:11:00,6,175,11,151.2,19.57,0.11145
2020-06-23 12:11:00,6,175,12,292.4,20.1,0.2302
2020-06-23 13:11:00,6,175,13,259.0,20.63,0.2015
2020-06-23 14:11:00,6,175,14,452.0,20.63,0.36248
2020-06-23 15:11:00,6,175,15,411.9,21.16,0.3283
2020-06-23 16:11:00,6,175,16,331.8,21.16,0.25939
2020-06-23 17:11:00,6,175,17,228.8,21.69,0.16521
2020-06-23 18:11:00,6,175,18,96.8,21.69,0.06514
2020-06-23 19:11:00,6,175,19,57.1,21.16,0.03378
2020-06-23 20:11:00,6,175,20,13.5,19.57,0.00357
2020-06-23 21:11:00,6,175,21,0.0,18.51,0.0
2020-06-23 22:11:00,6,175,22,0.0,17.98,0.0
2020-06-23 23:11:00,6,175,23,0.0,17.45,0.0
2020-06-24 00:11:00,6,176,0,0.0,16.92,0.0
2020-06-24 01:11:00,6,176,1,0.0,16.39,0.0
2020-06-24 02:11:00,6,176,2,0.0,16.39,0.0
2020-06-24 03:11:00,6,176,3,0.0,15.86,0.0
2020-06-24 04:11:00,6,176,4,15.9,15.86,0.00503
2020-06-24 05:11:00,6,176,5,58.7,16.39,0.03589
2020-06-24 06:11:00,6,176,6,147.4,17.98,0.08497
2020-06-24 07:11:00,6,176,7,350.1,19.04,0.26466
2020-06-24 08:11:00,6,176,8,565.8,20.1,0.45034
2020-06-24 09:11:00,6,176,9,751.8,21.69,0.59344
2020-06-24 10:11:00,6,176,10,901.1,22.75,0.69941
2020-06-24 11:11:00,6,176,11,985.7,23.81,0.75319
2020-06-24 12:11:00,6,176,12,1003.2,24.34,0.76148
2020-06-24 13:11:00,6,176,13,950.3,24.87,0.72276
2020-06-24 14:11:00,6,176,14,813.6,25.4,0.62508
2020-06-24 15:11:00,6,176,15,622.4,25.93,0.48298
2020-06-24 16:11:00,6,176,16,441.0,25.4,0.33616
2020-06-24 17:11:00,6,176,17,242.1,24.34,0.16166
2020-06-24 18:11:00,6,176,18,88.9,23.28,0.05828
2020-06-24 19:11:00,6,176,19,56.3,21.69,0.03312
2020-06-24 20:11:00,6,176,20,7.9,20.1,0.00084
2020-06-24 21:11:00,6,176,21,0.0,18.51,0.0
2020-06-24 22:11:00,6,176,22,0.0,17.98,0.0
2020-06-24 23:11:00,6,176,23,0.0,16.92,0.0
2020-06-25 00:11:00,6,177,0,0.0,16.39,0.0
2020-06-25 01:11:00,6,177,1,0.0,15.86,0.0
2020-06-25 02:11:00,6,177,2,0.0,14.8,0.0
2020-06-25 03:11:00,6,177,3,0.0,14.27,0.0
2020-06-25 04:11:00,6,177,4,15.1,13.74,0.00463
2020-06-25 05:11:00,6,177,5,50.8,13.74,0.03007
2020-06-25 06:11:00,6,177,6,148.2,16.39,0.08298
2020-06-25 07:11:00,6,177,7,356.6,17.45,0.27144
2020-06-25 08:11:00,6,177,8,579.0,18.51,0.46424
2020-06-25 09:11:00,6,177,9,772.4,19.57,0.61583
2020-06-25 10:11:00,6,177,10,920.3,21.16,0.72006
2020-06-25 11:11:00,6,177,11,996.0,22.22,0.77196
2020-06-25 12:11:00,6,177,12,1018.8,22.75,0.78927
2020-06-25 13:11:00,6,177,13,960.7,22.75,0.75061
2020-06-25 14:11:00,6,177,14,851.4,22.75,0.67199
2020-06-25 15:11:00,6,177,15,674.6,22.75,0.53628
2020-06-25 16:11:00,6,177,16,467.0,22.22,0.36394
2020-06-25 17:11:00,6,177,17,247.3,21.16,0.16268
2020-06-25 18:11:00,6,177,18,69.0,20.1,0.04336
2020-06-25 19:11:00,6,177,19,48.4,18.51,0.02757
2020-06-25 20:11:00,6,177,20,12.7,17.98,0.00318
2020-06-25 21:11:00,6,177,21,0.0,16.39,0.0
2020-06-25 22:11:00,6,177,22,0.0,15.86,0.0
2020-06-25 23:11:00,6,177,23,0.0,15.33,0.0
2020-06-26 00:11:00,6,178,0,0.0,14.8,0.0
2020-06-26 01:11:00,6,178,1,0.0,14.8,0.0
2020-06-26 02:11:00,6,178,2,0.0,14.27,0.0
2020-06-26 03:11:00,6,178,3,0.0,14.27,0.0
2020-06-26 04:11:00,6,178,4,15.1,13.74,0.00463
2020-06-26 05:11:00,6,178,5,55.5,14.27,0.03373
2020-06-26 06:11:00,6,178,6,146.9,16.39,0.09509
2020-06-26 07:11:00,6,178,7,322.3,17.98,0.24549
2020-06-26 08:11:00,6,178,8,503.6,19.04,0.40154
2020-06-26 09:11:00,6,178,9,503.6,20.1,0.4017
2020-06-26 10:11:00,6,178,10,454.6,21.69,0.35972
2020-06-26 11:11:00,6,178,11,384.0,22.75,0.30095
2020-06-26 12:11:00,6,178,12,550.9,23.28,0.43286
2020-06-26 13:11:00,6,178,13,117.1,23.28,0.08111
2020-06-26 14:11:00,6,178,14,580.7,23.81,0.4542
2020-06-26 15:11:00,6,178,15,647.4,23.81,0.50608
2020-06-26 16:11:00,6,178,16,391.5,23.28,0.3021
2020-06-26 17:11:00,6,178,17,108.4,22.22,0.0743
2020-06-26 18:11:00,6,178,18,35.7,21.69,0.01781
2020-06-26 19:11:00,6,178,19,52.4,21.16,0.03013
2020-06-26 20:11:00,6,178,20,1.6,20.63,0.0
2020-06-26 21:11:00,6,178,21,0.0,19.04,0.0
2020-06-26 22:11:00,6,178,22,0.0,18.51,0.0
2020-06-26 23:11:00,6,178,23,0.0,17.98,0.0
2020-06-27 00:11:00,6,179,0,0.0,17.45,0.0
2020-06-27 01:11:00,6,179,1,0.0,16.39,0.0
2020-06-27 02:11:00,6,179,2,0.0,15.33,0.0
2020-06-27 03:11:00,6,179,3,0.0,14.27,0.0
2020-06-27 04:11:00,6,179,4,2.4,13.74,0.0
2020-06-27 05:11:00,6,179,5,57.9,14.27,0.03558
2020-06-27 06:11:00,6,179,6,42.0,14.8,0.02314
2020-06-27 07:11:00,6,179,7,259.0,15.86,0.20071
2020-06-27 08:11:00,6,179,8,112.8,17.45,0.07996
2020-06-27 09:11:00,6,179,9,217.0,17.98,0.16812
2020-06-27 10:11:00,6,179,10,341.7,17.45,0.27564
2020-06-27 11:11:00,6,179,11,359.4,16.92,0.29143
2020-06-27 12:11:00,6,179,12,158.2,18.51,0.11794
2020-06-27 13:11:00,6,179,13,313.9,18.51,0.25052
2020-06-27 14:11:00,6,179,14,189.7,17.45,0.1455
2020-06-27 15:11:00,6,179,15,433.7,17.98,0.35111
2020-06-27 16:11:00,6,179,16,357.6,17.98,0.28372
2020-06-27 17:11:00,6,179,17,108.4,18.51,0.07593
2020-06-27 18:11:00,6,179,18,19.0,16.39,0.00694
2020-06-27 19:11:00,6,179,19,34.9,15.33,0.01788
2020-06-27 20:11:00,6,179,20,2.4,14.27,0.0
2020-06-27 21:11:00,6,179,21,0.0,13.74,0.0
2020-06-27 22:11:00,6,179,22,0.0,12.68,0.0
2020-06-27 23:11:00,6,179,23,0.0,12.15,0.0
2020-06-28 00:11:00,6,180,0,0.0,12.15,0.0
2020-06-28 01:11:00,6,180,1,0.0,11.61,0.0
2020-06-28 02:11:00,6,180,2,0.0,11.61,0.0
2020-06-28 03:11:00,6,180,3,0.0,11.09,0.0
2020-06-28 04:11:00,6,180,4,2.4,11.09,0.0
2020-06-28 05:11:00,6,180,5,23.0,11.09,0.00979
2020-06-28 06:11:00,6,180,6,42.8,11.09,0.02434
2020-06-28 07:11:00,6,180,7,257.3,11.61,0.20567
2020-06-28 08:11:00,6,180,8,253.4,12.15,0.20547
2020-06-28 09:11:00,6,180,9,529.2,12.68,0.44618
2020-06-28 10:11:00,6,180,10,557.5,13.21,0.46832
2020-06-28 11:11:00,6,180,11,626.4,13.74,0.52689
2020-06-28 12:11:00,6,180,12,441.5,13.74,0.36868
2020-06-28 13:11:00,6,180,13,387.8,14.27,0.32188
2020-06-28 14:11:00,6,180,14,474.9,13.74,0.39884
2020-06-28 15:11:00,6,180,15,213.0,13.74,0.16905
2020-06-28 16:11:00,6,180,16,300.9,13.74,0.2444
2020-06-28 17:11:00,6,180,17,146.7,13.21,0.11071
2020-06-28 18:11:00,6,180,18,62.7,13.21,0.03976
2020-06-28 19:11:00,6,180,19,9.5,12.68,0.00164
2020-06-28 20:11:00,6,180,20,1.6,12.15,0.0
2020-06-28 21:11:00,6,180,21,0.0,12.15,0.0
2020-06-28 22:11:00,6,180,22,0.0,11.61,0.0
2020-06-28 23:11:00,6,180,23,0.0,11.61,0.0
2020-06-29 00:11:00,6,181,0,0.0,11.09,0.0
2020-06-29 01:11:00,6,181,1,0.0,11.61,0.0
2020-06-29 02:11:00,6,181,2,0.0,11.61,0.0
2020-06-29 03:11:00,6,181,3,0.0,11.61,0.0
2020-06-29 04:11:00,6,181,4,4.8,12.15,0.0
2020-06-29 05:11:00,6,181,5,42.0,12.15,0.02359
2020-06-29 06:11:00,6,181,6,85.2,12.68,0.05835
2020-06-29 07:11:00,6,181,7,75.2,12.68,0.05017
2020-06-29 08:11:00,6,181,8,266.3,12.68,0.21663
2020-06-29 09:11:00,6,181,9,626.6,13.21,0.52931
2020-06-29 10:11:00,6,181,10,400.0,14.27,0.33182
2020-06-29 11:11:00,6,181,11,363.9,15.86,0.29848
2020-06-29 12:11:00,6,181,12,142.5,15.33,0.10664
2020-06-29 13:11:00,6,181,13,232.0,15.86,0.18399
2020-06-29 14:11:00,6,181,14,528.6,15.86,0.44144
2020-06-29 15:11:00,6,181,15,391.6,15.86,0.32307
2020-06-29 16:11:00,6,181,16,189.6,15.86,0.14701
2020-06-29 17:11:00,6,181,17,174.5,15.86,0.13241
2020-06-29 18:11:00,6,181,18,81.7,14.8,0.05505
2020-06-29 19:11:00,6,181,19,54.0,14.27,0.03258
2020-06-29 20:11:00,6,181,20,10.3,13.74,0.00202
2020-06-29 21:11:00,6,181,21,0.0,13.74,0.0
2020-06-29 22:11:00,6,181,22,0.0,13.21,0.0
2020-06-29 23:11:00,6,181,23,0.0,13.21,0.0
2020-06-30 00:11:00,6,182,0,0.0,12.68,0.0
2020-06-30 01:11:00,6,182,1,0.0,12.15,0.0
2020-06-30 02:11:00,6,182,2,0.0,12.15,0.0
2020-06-30 03:11:00,6,182,3,0.0,12.15,0.0
2020-06-30 04:11:00,6,182,4,2.4,12.15,0.0
2020-06-30 05:11:00,6,182,5,17.5,12.15,0.00612
2020-06-30 06:11:00,6,182,6,38.5,12.68,0.0208
2020-06-30 07:11:00,6,182,7,107.5,13.21,0.07732
2020-06-30 08:11:00,6,182,8,149.5,13.74,0.11319
2020-06-30 09:11:00,6,182,9,412.8,14.8,0.34108
2020-06-30 10:11:00,6,182,10,243.4,15.86,0.1928
2020-06-30 11:11:00,6,182,11,214.2,16.39,0.16705
2020-06-30 12:11:00,6,182,12,313.6,16.92,0.25144
2020-06-30 13:11:00,6,182,13,409.9,16.92,0.33305
2020-06-30 14:11:00,6,182,14,227.6,16.39,0.17837
2020-06-30 15:11:00,6,182,15,195.1,16.39,0.15053
2020-06-30 16:11:00,6,182,16,166.9,16.39,0.12636
2020-06-30 17:11:00,6,182,17,98.8,15.86,0.0688
2020-06-30 18:11:00,6,182,18,36.5,15.86,0.01898
2020-06-30 19:11:00,6,182,19,23.8,15.33,0.01007
2020-06-30 20:11:00,6,182,20,5.6,14.8,0.0
2020-06-30 21:11:00,6,182,21,0.0,13.74,0.0
2020-06-30 22:11:00,6,182,22,0.0,13.21,0.0
2020-06-30 23:11:00,6,182,23,0.0,12.68,0.0
2020-07-01 00:11:00,7,183,0,0.0,12.15,0.0
2020-07-01 01:11:00,7,183,1,0.0,12.15,0.0
2020-07-01 02:11:00,7,183,2,0.0,11.61,0.0
2020-07-01 03:11:00,7,183,3,0.0,11.61,0.0
2020-07-01 04:11:00,7,183,4,7.1,11.61,0.00058
2020-07-01 05:11:00,7,183,5,42.8,12.15,0.02414
2020-07-01 06:11:00,7,183,6,83.4,12.68,0.05665
2020-07-01 07:11:00,7,183,7,111.0,13.21,0.07996
2020-07-01 08:11:00,7,183,8,181.6,13.74,0.14022
2020-07-01 09:11:00,7,183,9,243.3,14.27,0.19292
2020-07-01 10:11:00,7,183,10,142.5,14.27,0.10644
2020-07-01 11:11:00,7,183,11,132.9,14.27,0.09828
2020-07-01 12:11:00,7,183,12,112.8,14.27,0.08119
2020-07-01 13:11:00,7,183,13,132.9,14.27,0.09839
2020-07-01 14:11:00,7,183,14,101.4,13.74,0.07175
2020-07-01 15:11:00,7,183,15,153.0,13.74,0.11587
2020-07-01 16:11:00,7,183,16,124.1,13.21,0.09132
2020-07-01 17:11:00,7,183,17,51.6,12.68,0.03092
2020-07-01 18:11:00,7,183,18,41.3,12.15,0.02295
2020-07-01 19:11:00,7,183,19,9.5,11.61,0.00166
2020-07-01 20:11:00,7,183,20,7.1,11.09,0.00058
2020-07-01 21:11:00,7,183,21,0.0,11.09,0.0
2020-07-01 22:11:00,7,183,22,0.0,11.09,0.0
2020-07-01 23:11:00,7,183,23,0.0,10.55,0.0
2020-07-02 00:11:00,7,184,0,0.0,10.55,0.0
2020-07-02 01:11:00,7,184,1,0.0,10.55,0.0
2020-07-02 02:11:00,7,184,2,0.0,10.55,0.0
2020-07-02 03:11:00,7,184,3,0.0,10.02,0.0
2020-07-02 04:11:00,7,184,4,2.4,10.02,0.0
2020-07-02 05:11:00,7,184,5,24.6,10.02,0.01092
2020-07-02 06:11:00,7,184,6,58.6,10.02,0.03696
2020-07-02 07:11:00,7,184,7,108.4,10.02,0.07898
2020-07-02 08:11:00,7,184,8,151.2,10.02,0.11622
2020-07-02 09:11:00,7,184,9,257.6,10.55,0.209
2020-07-02 10:11:00,7,184,10,226.8,10.55,0.18193
2020-07-02 11:11:00,7,184,11,364.0,10.55,0.30058
2020-07-02 12:11:00,7,184,12,450.0,11.09,0.37194
2020-07-02 13:11:00,7,184,13,534.1,11.09,0.44041
2020-07-02 14:11:00,7,184,14,577.2,11.61,0.47398
2020-07-02 15:11:00,7,184,15,388.9,11.61,0.31891
2020-07-02 16:11:00,7,184,16,281.4,11.61,0.22649
2020-07-02 17:11:00,7,184,17,186.1,11.09,0.14339
2020-07-02 18:11:00,7,184,18,57.1,11.61,0.03548
2020-07-02 19:11:00,7,184,19,14.3,12.15,0.00421
2020-07-02 20:11:00,7,184,20,3.2,11.61,0.0
2020-07-02 21:11:00,7,184,21,0.0,11.61,0.0
2020-07-02 22:11:00,7,184,22,0.0,11.09,0.0
2020-07-02 23:11:00,7,184,23,0.0,11.09,0.0
2020-07-03 00:11:00,7,185,0,0.0,11.09,0.0
2020-07-03 01:11:00,7,185,1,0.0,11.09,0.0
2020-07-03 02:11:00,7,185,2,0.0,11.09,0.0
2020-07-03 03:11:00,7,185,3,0.0,11.09,0.0
2020-07-03 04:11:00,7,185,4,1.6,11.09,0.0
2020-07-03 05:11:00,7,185,5,8.7,11.61,0.00128
2020-07-03 06:11:00,7,185,6,26.2,12.15,0.01193
2020-07-03 07:11:00,7,185,7,62.1,12.15,0.03945
2020-07-03 08:11:00,7,185,8,93.5,12.68,0.06552
2020-07-03 09:11:00,7,185,9,295.8,12.68,0.24171
2020-07-03 10:11:00,7,185,10,225.1,13.21,0.17923
2020-07-03 11:11:00,7,185,11,109.3,13.74,0.07856
2020-07-03 12:11:00,7,185,12,296.4,14.27,0.24039
2020-07-03 13:11:00,7,185,13,247.3,15.33,0.19718
2020-07-03 14:11:00,7,185,14,349.2,15.86,0.28517
2020-07-03 15:11:00,7,185,15,196.0,15.86,0.15233
2020-07-03 16:11:00,7,185,16,112.8,16.39,0.08056
2020-07-03 17:11:00,7,185,17,70.8,15.86,0.04578
2020-07-03 18:11:00,7,185,18,19.8,15.33,0.00749
2020-07-03 19:11:00,7,185,19,8.7,15.33,0.00124
2020-07-03 20:11:00,7,185,20,1.6,15.33,0.0
2020-07-03 21:11:00,7,185,21,0.0,15.33,0.0
2020-07-03 22:11:00,7,185,22,0.0,14.8,0.0
2020-07-03 23:11:00,7,185,23,0.0,14.8,0.0
2020-07-04 00:11:00,7,186,0,0.0,14.27,0.0
2020-07-04 01:11:00,7,186,1,0.0,14.27,0.0
2020-07-04 02:11:00,7,186,2,0.0,14.27,0.0
2020-07-04 03:11:00,7,186,3,0.0,13.74,0.0
2020-07-04 04:11:00,7,186,4,4.8,13.21,0.0
2020-07-04 05:11:00,7,186,5,53.2,13.21,0.03202
2020-07-04 06:11:00,7,186,6,71.7,12.68,0.0471
2020-07-04 07:11:00,7,186,7,144.1,12.68,0.10805
2020-07-04 08:11:00,7,186,8,179.9,13.21,0.13847
2020-07-04 09:11:00,7,186,9,232.1,13.74,0.18195
2020-07-04 10:11:00,7,186,10,180.1,14.27,0.13775
2020-07-04 11:11:00,7,186,11,182.7,15.33,0.1397
2020-07-04 12:11:00,7,186,12,160.0,16.39,0.1201
2020-07-04 13:11:00,7,186,13,129.4,16.92,0.09405
2020-07-04 14:11:00,7,186,14,102.3,16.92,0.07136
2020-07-04 15:11:00,7,186,15,122.4,16.39,0.08845
2020-07-04 16:11:00,7,186,16,327.1,16.39,0.26108
2020-07-04 17:11:00,7,186,17,142.4,16.39,0.10493
2020-07-04 18:11:00,7,186,18,56.3,16.39,0.03403
2020-07-04 19:11:00,7,186,19,28.6,16.39,0.01325
2020-07-04 20:11:00,7,186,20,1.6,15.86,0.0
2020-07-04 21:11:00,7,186,21,0.0,15.86,0.0
2020-07-04 22:11:00,7,186,22,0.0,15.86,0.0
2020-07-04 23:11:00,7,186,23,0.0,15.86,0.0
2020-07-05 00:11:00,7,187,0,0.0,15.86,0.0
2020-07-05 01:11:00,7,187,1,0.0,16.39,0.0
2020-07-05 02:11:00,7,187,2,0.0,16.92,0.0
2020-07-05 03:11:00,7,187,3,0.0,16.39,0.0
2020-07-05 04:11:00,7,187,4,9.5,14.8,0.00162
2020-07-05 05:11:00,7,187,5,41.3,13.74,0.02281
2020-07-05 06:11:00,7,187,6,137.1,13.21,0.07198
2020-07-05 07:11:00,7,187,7,352.3,13.74,0.27683
2020-07-05 08:11:00,7,187,8,488.8,13.74,0.41063
2020-07-05 09:11:00,7,187,9,661.0,13.74,0.5601
2020-07-05 10:11:00,7,187,10,489.5,14.27,0.41116
2020-07-05 11:11:00,7,187,11,772.1,14.8,0.64818
2020-07-05 12:11:00,7,187,12,817.7,15.33,0.68443
2020-07-05 13:11:00,7,187,13,649.3,15.33,0.54527
2020-07-05 14:11:00,7,187,14,864.4,15.86,0.72369
2020-07-05 15:11:00,7,187,15,479.2,15.33,0.40028
2020-07-05 16:11:00,7,187,16,396.0,15.33,0.32401
2020-07-05 17:11:00,7,187,17,250.3,14.27,0.18203
2020-07-05 18:11:00,7,187,18,74.6,13.74,0.04941
2020-07-05 19:11:00,7,187,19,51.6,12.15,0.03103
2020-07-05 20:11:00,7,187,20,2.4,11.61,0.0
2020-07-05 21:11:00,7,187,21,0.0,11.09,0.0
2020-07-05 22:11:00,7,187,22,0.0,10.55,0.0
2020-07-05 23:11:00,7,187,23,0.0,10.55,0.0
2020-07-06 00:11:00,7,188,0,0.0,10.55,0.0
2020-07-06 01:11:00,7,188,1,0.0,10.02,0.0
2020-07-06 02:11:00,7,188,2,0.0,10.02,0.0
2020-07-06 03:11:00,7,188,3,0.0,10.02,0.0
2020-07-06 04:11:00,7,188,4,1.6,10.02,0.0
2020-07-06 05:11:00,7,188,5,23.0,10.55,0.00982
2020-07-06 06:11:00,7,188,6,139.2,11.09,0.07955
2020-07-06 07:11:00,7,188,7,323.6,12.15,0.2564
2020-07-06 08:11:00,7,188,8,199.0,13.74,0.1563
2020-07-06 09:11:00,7,188,9,332.8,14.27,0.27257
2020-07-06 10:11:00,7,188,10,700.6,14.8,0.58055
2020-07-06 11:11:00,7,188,11,358.5,15.33,0.2921
2020-07-06 12:11:00,7,188,12,672.6,15.33,0.55139
2020-07-06 13:11:00,7,188,13,697.0,15.86,0.56683
2020-07-06 14:11:00,7,188,14,459.4,16.39,0.37404
2020-07-06 15:11:00,7,188,15,287.2,16.92,0.22866
2020-07-06 16:11:00,7,188,16,412.5,16.92,0.33117
2020-07-06 17:11:00,7,188,17,250.1,16.39,0.17811
2020-07-06 18:11:00,7,188,18,66.6,15.86,0.0424
2020-07-06 19:11:00,7,188,19,43.6,14.8,0.02447
2020-07-06 20:11:00,7,188,20,7.1,13.74,0.00056
2020-07-06 21:11:00,7,188,21,0.0,12.15,0.0
2020-07-06 22:11:00,7,188,22,0.0,11.61,0.0
2020-07-06 23:11:00,7,188,23,0.0,10.55,0.0
2020-07-07 00:11:00,7,189,0,0.0,10.02,0.0
2020-07-07 01:11:00,7,189,1,0.0,9.49,0.0
2020-07-07 02:11:00,7,189,2,0.0,9.49,0.0
2020-07-07 03:11:00,7,189,3,0.0,9.49,0.0
2020-07-07 04:11:00,7,189,4,5.6,9.49,0.0
2020-07-07 05:11:00,7,189,5,23.0,10.02,0.00984
2020-07-07 06:11:00,7,189,6,45.5,10.55,0.02644
2020-07-07 07:11:00,7,189,7,80.4,11.61,0.05476
2020-07-07 08:11:00,7,189,8,124.1,12.15,0.09187
2020-07-07 09:11:00,7,189,9,218.8,12.15,0.17415
2020-07-07 10:11:00,7,189,10,135.5,12.68,0.10137
2020-07-07 11:11:00,7,189,11,193.2,13.21,0.15098
2020-07-07 12:11:00,7,189,12,210.7,13.21,0.16607
2020-07-07 13:11:00,7,189,13,229.4,14.27,0.18146
2020-07-07 14:11:00,7,189,14,164.3,14.27,0.12526
2020-07-07 15:11:00,7,189,15,169.6,14.8,0.12938
2020-07-07 16:11:00,7,189,16,452.4,14.8,0.36338
2020-07-07 17:11:00,7,189,17,247.0,14.8,0.17701
2020-07-07 18:11:00,7,189,18,108.7,14.27,0.07759
2020-07-07 19:11:00,7,189,19,11.9,14.27,0.00283
2020-07-07 20:11:00,7,189,20,1.6,13.74,0.0
2020-07-07 21:11:00,7,189,21,0.0,12.68,0.0
2020-07-07 22:11:00,7,189,22,0.0,12.15,0.0
2020-07-07 23:11:00,7,189,23,0.0,11.61,0.0
2020-07-08 00:11:00,7,190,0,0.0,10.55,0.0
2020-07-08 01:11:00,7,190,1,0.0,8.96,0.0
2020-07-08 02:11:00,7,190,2,0.0,7.9,0.0
2020-07-08 03:11:00,7,190,3,0.0,7.9,0.0
2020-07-08 04:11:00,7,190,4,2.4,7.9,0.0
2020-07-08 05:11:00,7,190,5,40.5,9.49,0.02264
2020-07-08 06:11:00,7,190,6,91.1,10.55,0.06358
2020-07-08 07:11:00,7,190,7,196.5,11.61,0.15392
2020-07-08 08:11:00,7,190,8,360.4,12.68,0.2968
2020-07-08 09:11:00,7,190,9,289.3,12.68,0.23549
2020-07-08 10:11:00,7,190,10,172.2,13.21,0.1329
2020-07-08 11:11:00,7,190,11,250.9,13.74,0.20065
2020-07-08 12:11:00,7,190,12,589.0,13.74,0.48649
2020-07-08 13:11:00,7,190,13,719.6,13.74,0.59159
2020-07-08 14:11:00,7,190,14,335.0,13.21,0.2738
2020-07-08 15:11:00,7,190,15,153.8,13.74,0.11661
2020-07-08 16:11:00,7,190,16,56.0,13.74,0.03421
2020-07-08 17:11:00,7,190,17,45.5,13.21,0.02606
2020-07-08 18:11:00,7,190,18,80.9,12.68,0.05482
2020-07-08 19:11:00,7,190,19,11.1,12.15,0.00245
2020-07-08 20:11:00,7,190,20,1.6,11.61,0.0
2020-07-08 21:11:00,7,190,21,0.0,11.61,0.0
2020-07-08 22:11:00,7,190,22,0.0,11.09,0.0
2020-07-08 23:11:00,7,190,23,0.0,11.09,0.0
2020-07-09 00:11:00,7,191,0,0.0,10.55,0.0
2020-07-09 01:11:00,7,191,1,0.0,10.55,0.0
2020-07-09 02:11:00,7,191,2,0.0,10.55,0.0
2020-07-09 03:11:00,7,191,3,0.0,10.02,0.0
2020-07-09 04:11:00,7,191,4,1.6,10.02,0.0
2020-07-09 05:11:00,7,191,5,32.5,10.02,0.0166
2020-07-09 06:11:00,7,191,6,89.9,10.02,0.06275
2020-07-09 07:11:00,7,191,7,166.9,10.55,0.12906
2020-07-09 08:11:00,7,191,8,279.2,11.61,0.22698
2020-07-09 09:11:00,7,191,9,401.5,12.15,0.33249
2020-07-09 10:11:00,7,191,10,473.5,13.21,0.39168
2020-07-09 11:11:00,7,191,11,498.1,14.27,0.40938
2020-07-09 12:11:00,7,191,12,376.3,14.8,0.30583
2020-07-09 13:11:00,7,191,13,528.0,14.8,0.43217
2020-07-09 14:11:00,7,191,14,463.2,14.27,0.37989
2020-07-09 15:11:00,7,191,15,434.9,14.27,0.35574
2020-07-09 16:11:00,7,191,16,424.1,14.27,0.34115
2020-07-09 17:11:00,7,191,17,249.7,14.27,0.17928
2020-07-09 18:11:00,7,191,18,76.2,13.74,0.05055
2020-07-09 19:11:00,7,191,19,36.5,13.21,0.01923
2020-07-09 20:11:00,7,191,20,5.6,12.68,0.0
2020-07-09 21:11:00,7,191,21,0.0,11.61,0.0
2020-07-09 22:11:00,7,191,22,0.0,10.55,0.0
2020-07-09 23:11:00,7,191,23,0.0,10.02,0.0
2020-07-10 00:11:00,7,192,0,0.0,9.49,0.0
2020-07-10 01:11:00,7,192,1,0.0,9.49,0.0
2020-07-10 02:11:00,7,192,2,0.0,8.96,0.0
2020-07-10 03:11:00,7,192,3,0.0,9.49,0.0
2020-07-10 04:11:00,7,192,4,1.6,8.96,0.0
2020-07-10 05:11:00,7,192,5,46.0,9.49,0.02695
2020-07-10 06:11:00,7,192,6,109.8,10.55,0.07805
2020-07-10 07:11:00,7,192,7,133.7,11.09,0.10025
2020-07-10 08:11:00,7,192,8,415.8,12.15,0.34228
2020-07-10 09:11:00,7,192,9,466.6,12.68,0.38541
2020-07-10 10:11:00,7,192,10,414.2,13.21,0.34042
2020-07-10 11:11:00,7,192,11,270.2,13.21,0.21735
2020-07-10 12:11:00,7,192,12,309.0,14.27,0.24928
2020-07-10 13:11:00,7,192,13,463.0,14.8,0.37755
2020-07-10 14:11:00,7,192,14,500.9,15.33,0.40567
2020-07-10 15:11:00,7,192,15,340.4,15.33,0.27119
2020-07-10 16:11:00,7,192,16,187.1,15.33,0.14311
2020-07-10 17:11:00,7,192,17,230.1,14.27,0.17203
2020-07-10 18:11:00,7,192,18,56.3,14.27,0.03439
2020-07-10 19:11:00,7,192,19,8.7,13.74,0.00125
2020-07-10 20:11:00,7,192,20,1.6,13.21,0.0
2020-07-10 21:11:00,7,192,21,0.0,12.15,0.0
2020-07-10 22:11:00,7,192,22,0.0,11.61,0.0
2020-07-10 23:11:00,7,192,23,0.0,11.09,0.0
2020-07-11 00:11:00,7,193,0,0.0,10.55,0.0
2020-07-11 01:11:00,7,193,1,0.0,10.02,0.0
2020-07-11 02:11:00,7,193,2,0.0,9.49,0.0
2020-07-11 03:11:00,7,193,3,0.0,8.96,0.0
2020-07-11 04:11:00,7,193,4,7.1,8.96,0.0006
2020-07-11 05:11:00,7,193,5,52.4,8.96,0.03215
2020-07-11 06:11:00,7,193,6,132.3,10.02,0.072
2020-07-11 07:11:00,7,193,7,346.6,11.61,0.27107
2020-07-11 08:11:00,7,193,8,560.9,12.68,0.46578
2020-07-11 09:11:00,7,193,9,512.7,14.27,0.42443
2020-07-11 10:11:00,7,193,10,219.8,15.33,0.17253
2020-07-11 11:11:00,7,193,11,533.2,15.33,0.43776
2020-07-11 12:11:00,7,193,12,539.5,15.86,0.44158
2020-07-11 13:11:00,7,193,13,742.6,15.86,0.60421
2020-07-11 14:11:00,7,193,14,622.6,16.39,0.50821
2020-07-11 15:11:00,7,193,15,390.8,16.39,0.31693
2020-07-11 16:11:00,7,193,16,363.3,16.39,0.29119
2020-07-11 17:11:00,7,193,17,245.8,16.39,0.17859
2020-07-11 18:11:00,7,193,18,107.9,15.86,0.07641
2020-07-11 19:11:00,7,193,19,54.0,15.33,0.03236
2020-07-11 20:11:00,7,193,20,2.4,14.27,0.0
2020-07-11 21:11:00,7,193,21,0.0,13.21,0.0
2020-07-11 22:11:00,7,193,22,0.0,12.15,0.0
2020-07-11 23:11:00,7,193,23,0.0,11.61,0.0
2020-07-12 00:11:00,7,194,0,0.0,10.55,0.0
2020-07-12 01:11:00,7,194,1,0.0,10.02,0.0
2020-07-12 02:11:00,7,194,2,0.0,9.49,0.0
2020-07-12 03:11:00,7,194,3,0.0,8.96,0.0
2020-07-12 04:11:00,7,194,4,0.0,8.43,0.0
2020-07-12 05:11:00,7,194,5,42.8,8.96,0.02456
2020-07-12 06:11:00,7,194,6,137.0,10.55,0.0897
2020-07-12 07:11:00,7,194,7,333.0,12.15,0.25967
2020-07-12 08:11:00,7,194,8,464.9,13.74,0.383
2020-07-12 09:11:00,7,194,9,565.6,15.33,0.46476
2020-07-12 10:11:00,7,194,10,555.1,15.86,0.45428
2020-07-12 11:11:00,7,194,11,388.6,16.39,0.31469
2020-07-12 12:11:00,7,194,12,502.4,16.92,0.40868
2020-07-12 13:11:00,7,194,13,363.4,16.92,0.29276
2020-07-12 14:11:00,7,194,14,593.4,17.45,0.48155
2020-07-12 15:11:00,7,194,15,462.2,17.45,0.37461
2020-07-12 16:11:00,7,194,16,372.7,17.98,0.29642
2020-07-12 17:11:00,7,194,17,253.9,17.98,0.17166
2020-07-12 18:11:00,7,194,18,52.4,17.98,0.03069
2020-07-12 19:11:00,7,194,19,37.3,16.92,0.01945
2020-07-12 20:11:00,7,194,20,2.4,15.86,0.0
2020-07-12 21:11:00,7,194,21,0.0,14.27,0.0
2020-07-12 22:11:00,7,194,22,0.0,13.21,0.0
2020-07-12 23:11:00,7,194,23,0.0,12.68,0.0
2020-07-13 00:11:00,7,195,0,0.0,12.15,0.0
2020-07-13 01:11:00,7,195,1,0.0,12.15,0.0
2020-07-13 02:11:00,7,195,2,0.0,12.15,0.0
2020-07-13 03:11:00,7,195,3,0.0,12.15,0.0
2020-07-13 04:11:00,7,195,4,0.0,12.68,0.0
2020-07-13 05:11:00,7,195,5,7.9,13.21,0.0009
2020-07-13 06:11:00,7,195,6,32.3,13.74,0.01616
2020-07-13 07:11:00,7,195,7,256.6,14.8,0.19913
2020-07-13 08:11:00,7,195,8,198.7,15.33,0.1543
2020-07-13 09:11:00,7,195,9,196.2,16.39,0.15175
2020-07-13 10:11:00,7,195,10,509.6,17.45,0.41733
2020-07-13 11:11:00,7,195,11,436.3,17.98,0.35495
2020-07-13 12:11:00,7,195,12,401.4,17.98,0.32555
2020-07-13 13:11:00,7,195,13,287.6,17.98,0.2283
2020-07-13 14:11:00,7,195,14,201.1,17.98,0.15456
2020-07-13 15:11:00,7,195,15,496.5,18.51,0.40291
2020-07-13 16:11:00,7,195,16,149.5,18.51,0.11048
2020-07-13 17:11:00,7,195,17,78.7,17.45,0.05177
2020-07-13 18:11:00,7,195,18,42.8,16.92,0.02359
2020-07-13 19:11:00,7,195,19,7.9,16.92,0.00087
2020-07-13 20:11:00,7,195,20,0.0,15.86,0.0
2020-07-13 21:11:00,7,195,21,0.0,14.8,0.0
2020-07-13 22:11:00,7,195,22,0.0,13.74,0.0
2020-07-13 23:11:00,7,195,23,0.0,12.68,0.0
2020-07-14 00:11:00,7,196,0,0.0,11.61,0.0
2020-07-14 01:11:00,7,196,1,0.0,10.55,0.0
2020-07-14 02:11:00,7,196,2,0.0,10.02,0.0
2020-07-14 03:11:00,7,196,3,0.0,9.49,0.0
2020-07-14 04:11:00,7,196,4,0.0,9.49,0.0
2020-07-14 05:11:00,7,196,5,40.5,10.02,0.02261
2020-07-14 06:11:00,7,196,6,115.9,11.09,0.08225
2020-07-14 07:11:00,7,196,7,169.7,12.15,0.131
2020-07-14 08:11:00,7,196,8,142.5,13.21,0.10731
2020-07-14 09:11:00,7,196,9,219.2,13.74,0.17347
2020-07-14 10:11:00,7,196,10,199.3,14.8,0.15528
2020-07-14 11:11:00,7,196,11,652.0,15.33,0.53406
2020-07-14 12:11:00,7,196,12,358.8,15.86,0.29065
2020-07-14 13:11:00,7,196,13,309.6,16.39,0.24787
2020-07-14 14:11:00,7,196,14,570.8,16.39,0.46475
2020-07-14 15:11:00,7,196,15,396.8,16.39,0.32123
2020-07-14 16:11:00,7,196,16,368.6,16.39,0.29465
2020-07-14 17:11:00,7,196,17,229.9,15.86,0.17106
2020-07-14 18:11:00,7,196,18,69.0,15.86,0.04427
2020-07-14 19:11:00,7,196,19,11.1,15.33,0.0024
2020-07-14 20:11:00,7,196,20,0.0,14.27,0.0
2020-07-14 21:11:00,7,196,21,0.0,13.21,0.0
2020-07-14 22:11:00,7,196,22,0.0,12.68,0.0
2020-07-14 23:11:00,7,196,23,0.0,12.15,0.0
2020-07-15 00:11:00,7,197,0,0.0,11.61,0.0
2020-07-15 01:11:00,7,197,1,0.0,11.61,0.0
2020-07-15 02:11:00,7,197,2,0.0,11.61,0.0
2020-07-15 03:11:00,7,197,3,0.0,11.09,0.0
2020-07-15 04:11:00,7,197,4,0.0,11.61,0.0
2020-07-15 05:11:00,7,197,5,11.1,12.15,0.00245
2020-07-15 06:11:00,7,197,6,18.4,12.68,0.00666
2020-07-15 07:11:00,7,197,7,80.4,12.68,0.05433
2020-07-15 08:11:00,7,197,8,138.1,13.21,0.10313
2020-07-15 09:11:00,7,197,9,242.7,13.21,0.19369
2020-07-15 10:11:00,7,197,10,215.5,13.74,0.1699
2020-07-15 11:11:00,7,197,11,304.6,14.27,0.24608
2020-07-15 12:11:00,7,197,12,395.0,14.27,0.32384
2020-07-15 13:11:00,7,197,13,338.4,15.33,0.2745
2020-07-15 14:11:00,7,197,14,322.9,15.33,0.2614
2020-07-15 15:11:00,7,197,15,298.1,15.86,0.23989
2020-07-15 16:11:00,7,197,16,230.7,15.86,0.18141
2020-07-15 17:11:00,7,197,17,175.0,15.86,0.13186
2020-07-15 18:11:00,7,197,18,30.2,15.33,0.01445
2020-07-15 19:11:00,7,197,19,17.5,15.33,0.006
2020-07-15 20:11:00,7,197,20,0.0,14.8,0.0
2020-07-15 21:11:00,7,197,21,0.0,14.8,0.0
2020-07-15 22:11:00,7,197,22,0.0,14.27,0.0
2020-07-15 23:11:00,7,197,23,0.0,13.74,0.0
2020-07-16 00:11:00,7,198,0,0.0,13.74,0.0
2020-07-16 01:11:00,7,198,1,0.0,13.21,0.0
2020-07-16 02:11:00,7,198,2,0.0,13.21,0.0
2020-07-16 03:11:00,7,198,3,0.0,12.68,0.0
2020-07-16 04:11:00,7,198,4,0.0,12.68,0.0
2020-07-16 05:11:00,7,198,5,46.0,12.68,0.02656
2020-07-16 06:11:00,7,198,6,127.7,13.21,0.07656
2020-07-16 07:11:00,7,198,7,200.0,14.27,0.15466
2020-07-16 08:11:00,7,198,8,283.1,15.33,0.22753
2020-07-16 09:11:00,7,198,9,667.0,16.39,0.54787
2020-07-16 10:11:00,7,198,10,729.3,17.45,0.59243
2020-07-16 11:11:00,7,198,11,529.2,18.51,0.4289
2020-07-16 12:11:00,7,198,12,746.1,18.51,0.60194
2020-07-16 13:11:00,7,198,13,872.4,19.57,0.69748
2020-07-16 14:11:00,7,198,14,743.6,19.57,0.60065
2020-07-16 15:11:00,7,198,15,476.5,19.57,0.38557
2020-07-16 16:11:00,7,198,16,352.6,19.57,0.27935
2020-07-16 17:11:00,7,198,17,123.5,19.04,0.08817
2020-07-16 18:11:00,7,198,18,85.7,18.51,0.05718
2020-07-16 19:11:00,7,198,19,49.2,18.51,0.02817
2020-07-16 20:11:00,7,198,20,0.0,17.98,0.0
2020-07-16 21:11:00,7,198,21,0.0,16.92,0.0
2020-07-16 22:11:00,7,198,22,0.0,15.86,0.0
2020-07-16 23:11:00,7,198,23,0.0,14.8,0.0
2020-07-17 00:11:00,7,199,0,0.0,14.27,0.0
2020-07-17 01:11:00,7,199,1,0.0,14.27,0.0
2020-07-17 02:11:00,7,199,2,0.0,13.74,0.0
2020-07-17 03:11:00,7,199,3,0.0,13.74,0.0
2020-07-17 04:11:00,7,199,4,0.0,13.74,0.0
2020-07-17 05:11:00,7,199,5,30.2,14.27,0.01453
2020-07-17 06:11:00,7,199,6,107.1,15.33,0.07343
2020-07-17 07:11:00,7,199,7,112.8,16.39,0.08037
2020-07-17 08:11:00,7,199,8,406.3,17.45,0.33029
2020-07-17 09:11:00,7,199,9,162.6,17.98,0.12203
2020-07-17 10:11:00,7,199,10,113.6,18.51,0.08036
2020-07-17 11:11:00,7,199,11,133.8,18.51,0.09726
2020-07-17 12:11:00,7,199,12,185.3,18.51,0.14098
2020-07-17 13:11:00,7,199,13,123.3,18.51,0.08843
2020-07-17 14:11:00,7,199,14,113.6,18.51,0.08039
2020-07-17 15:11:00,7,199,15,148.6,18.51,0.10985
2020-07-17 16:11:00,7,199,16,105.8,19.04,0.07366
2020-07-17 17:11:00,7,199,17,110.7,18.51,0.07784
2020-07-17 18:11:00,7,199,18,61.9,17.98,0.03815
2020-07-17 19:11:00,7,199,19,7.1,17.98,0.00053
2020-07-17 20:11:00,7,199,20,0.0,17.45,0.0
2020-07-17 21:11:00,7,199,21,0.0,16.92,0.0
2020-07-17 22:11:00,7,199,22,0.0,16.92,0.0
2020-07-17 23:11:00,7,199,23,0.0,16.92,0.0
2020-07-18 00:11:00,7,200,0,0.0,16.92,0.0
2020-07-18 01:11:00,7,200,1,0.0,16.39,0.0
2020-07-18 02:11:00,7,200,2,0.0,16.39,0.0
2020-07-18 03:11:00,7,200,3,0.0,16.39,0.0
2020-07-18 04:11:00,7,200,4,0.0,16.39,0.0
2020-07-18 05:11:00,7,200,5,7.1,15.86,0.00054
2020-07-18 06:11:00,7,200,6,25.4,16.39,0.01106
2020-07-18 07:11:00,7,200,7,33.2,16.39,0.01655
2020-07-18 08:11:00,7,200,8,103.2,16.39,0.07224
2020-07-18 09:11:00,7,200,9,174.8,16.39,0.13287
2020-07-18 10:11:00,7,200,10,190.6,16.39,0.14614
2020-07-18 11:11:00,7,200,11,168.7,16.39,0.12754
2020-07-18 12:11:00,7,200,12,236.5,16.39,0.18527
2020-07-18 13:11:00,7,200,13,506.8,16.39,0.41189
2020-07-18 14:11:00,7,200,14,316.8,17.45,0.25279
2020-07-18 15:11:00,7,200,15,493.8,17.98,0.40001
2020-07-18 16:11:00,7,200,16,462.9,18.51,0.36709
2020-07-18 17:11:00,7,200,17,240.6,18.51,0.17087
2020-07-18 18:11:00,7,200,18,84.1,17.98,0.056
2020-07-18 19:11:00,7,200,19,45.2,17.45,0.02531
2020-07-18 20:11:00,7,200,20,0.0,15.86,0.0
2020-07-18 21:11:00,7,200,21,0.0,14.27,0.0
2020-07-18 22:11:00,7,200,22,0.0,13.21,0.0
2020-07-18 23:11:00,7,200,23,0.0,12.15,0.0
2020-07-19 00:11:00,7,201,0,0.0,11.09,0.0
2020-07-19 01:11:00,7,201,1,0.0,10.55,0.0
2020-07-19 02:11:00,7,201,2,0.0,10.02,0.0
2020-07-19 03:11:00,7,201,3,0.0,9.49,0.0
2020-07-19 04:11:00,7,201,4,0.0,8.96,0.0
2020-07-19 05:11:00,7,201,5,44.4,9.49,0.02575
2020-07-19 06:11:00,7,201,6,125.3,10.55,0.06757
2020-07-19 07:11:00,7,201,7,339.2,11.61,0.26474
2020-07-19 08:11:00,7,201,8,554.7,12.68,0.46162
2020-07-19 09:11:00,7,201,9,742.3,14.27,0.61453
2020-07-19 10:11:00,7,201,10,426.3,15.33,0.34996
2020-07-19 11:11:00,7,201,11,688.7,16.39,0.56312
2020-07-19 12:11:00,7,201,12,524.9,16.92,0.42902
2020-07-19 13:11:00,7,201,13,479.0,17.45,0.3906
2020-07-19 14:11:00,7,201,14,365.6,17.45,0.29565
2020-07-19 15:11:00,7,201,15,559.2,16.92,0.45866
2020-07-19 16:11:00,7,201,16,241.8,16.92,0.19011
2020-07-19 17:11:00,7,201,17,188.8,16.39,0.14238
2020-07-19 18:11:00,7,201,18,92.0,15.86,0.06322
2020-07-19 19:11:00,7,201,19,47.6,15.33,0.02743
2020-07-19 20:11:00,7,201,20,0.0,14.27,0.0
2020-07-19 21:11:00,7,201,21,0.0,13.21,0.0
2020-07-19 22:11:00,7,201,22,0.0,12.15,0.0
2020-07-19 23:11:00,7,201,23,0.0,11.61,0.0
2020-07-20 00:11:00,7,202,0,0.0,10.55,0.0
2020-07-20 01:11:00,7,202,1,0.0,10.02,0.0
2020-07-20 02:11:00,7,202,2,0.0,9.49,0.0
2020-07-20 03:11:00,7,202,3,0.0,8.96,0.0
2020-07-20 04:11:00,7,202,4,0.0,8.96,0.0
2020-07-20 05:11:00,7,202,5,41.3,8.96,0.02334
2020-07-20 06:11:00,7,202,6,126.9,10.02,0.07774
2020-07-20 07:11:00,7,202,7,221.6,11.61,0.17439
2020-07-20 08:11:00,7,202,8,358.9,13.21,0.2953
2020-07-20 09:11:00,7,202,9,583.0,14.27,0.48423
2020-07-20 10:11:00,7,202,10,174.0,14.8,0.13344
2020-07-20 11:11:00,7,202,11,287.4,15.33,0.23062
2020-07-20 12:11:00,7,202,12,268.6,16.39,0.2135
2020-07-20 13:11:00,7,202,13,283.0,16.39,0.22582
2020-07-20 14:11:00,7,202,14,455.9,16.39,0.37287
2020-07-20 15:11:00,7,202,15,481.4,16.39,0.3942
2020-07-20 16:11:00,7,202,16,428.7,15.86,0.34611
2020-07-20 17:11:00,7,202,17,235.0,15.86,0.17257
2020-07-20 18:11:00,7,202,18,87.3,15.33,0.05942
2020-07-20 19:11:00,7,202,19,46.8,14.8,0.02689
2020-07-20 20:11:00,7,202,20,0.0,14.27,0.0
2020-07-20 21:11:00,7,202,21,0.0,12.68,0.0
2020-07-20 22:11:00,7,202,22,0.0,12.15,0.0
2020-07-20 23:11:00,7,202,23,0.0,11.09,0.0
2020-07-21 00:11:00,7,203,0,0.0,10.55,0.0
2020-07-21 01:11:00,7,203,1,0.0,10.02,0.0
2020-07-21 02:11:00,7,203,2,0.0,9.49,0.0
2020-07-21 03:11:00,7,203,3,0.0,8.96,0.0
2020-07-21 04:11:00,7,203,4,0.0,8.96,0.0
2020-07-21 05:11:00,7,203,5,35.7,8.96,0.01909
2020-07-21 06:11:00,7,203,6,125.8,10.02,0.07572
2020-07-21 07:11:00,7,203,7,265.8,11.61,0.20967
2020-07-21 08:11:00,7,203,8,539.8,12.68,0.44831
2020-07-21 09:11:00,7,203,9,726.6,14.27,0.59839
2020-07-21 10:11:00,7,203,10,678.5,15.33,0.55539
2020-07-21 11:11:00,7,203,11,382.6,15.86,0.31012
2020-07-21 12:11:00,7,203,12,387.7,16.39,0.31293
2020-07-21 13:11:00,7,203,13,197.6,16.39,0.15188
2020-07-21 14:11:00,7,203,14,201.1,16.39,0.15452
2020-07-21 15:11:00,7,203,15,629.0,16.39,0.49879
2020-07-21 16:11:00,7,203,16,393.0,16.39,0.30879
2020-07-21 17:11:00,7,203,17,164.6,15.86,0.12225
2020-07-21 18:11:00,7,203,18,76.2,15.86,0.04993
2020-07-21 19:11:00,7,203,19,38.9,15.33,0.02076
2020-07-21 20:11:00,7,203,20,0.0,14.8,0.0
2020-07-21 21:11:00,7,203,21,0.0,13.21,0.0
2020-07-21 22:11:00,7,203,22,0.0,12.68,0.0
2020-07-21 23:11:00,7,203,23,0.0,12.68,0.0
2020-07-22 00:11:00,7,204,0,0.0,12.15,0.0
2020-07-22 01:11:00,7,204,1,0.0,12.15,0.0
2020-07-22 02:11:00,7,204,2,0.0,12.15,0.0
2020-07-22 03:11:00,7,204,3,0.0,12.15,0.0
2020-07-22 04:11:00,7,204,4,0.0,11.61,0.0
2020-07-22 05:11:00,7,204,5,6.4,11.61,0.00026
2020-07-22 06:11:00,7,204,6,29.7,12.15,0.01438
2020-07-22 07:11:00,7,204,7,104.0,13.21,0.07382
2020-07-22 08:11:00,7,204,8,161.4,13.74,0.12261
2020-07-22 09:11:00,7,204,9,222.0,14.8,0.1741
2020-07-22 10:11:00,7,204,10,120.6,14.8,0.08751
2020-07-22 11:11:00,7,204,11,85.7,14.8,0.05817
2020-07-22 12:11:00,7,204,12,274.9,15.86,0.21893
2020-07-22 13:11:00,7,204,13,196.7,15.86,0.15197
2020-07-22 14:11:00,7,204,14,228.0,15.86,0.1789
2020-07-22 15:11:00,7,204,15,203.6,15.86,0.15797
2020-07-22 16:11:00,7,204,16,282.4,15.86,0.22427
2020-07-22 17:11:00,7,204,17,160.6,15.86,0.11995
2020-07-22 18:11:00,7,204,18,48.4,15.86,0.02794
2020-07-22 19:11:00,7,204,19,15.1,16.39,0.00455
2020-07-22 20:11:00,7,204,20,0.0,15.86,0.0
2020-07-22 21:11:00,7,204,21,0.0,15.33,0.0
2020-07-22 22:11:00,7,204,22,0.0,15.33,0.0
2020-07-22 23:11:00,7,204,23,0.0,14.8,0.0
2020-07-23 00:11:00,7,205,0,0.0,14.8,0.0
2020-07-23 01:11:00,7,205,1,0.0,14.8,0.0
2020-07-23 02:11:00,7,205,2,0.0,14.8,0.0
2020-07-23 03:11:00,7,205,3,0.0,14.8,0.0
2020-07-23 04:11:00,7,205,4,0.0,14.8,0.0
2020-07-23 05:11:00,7,205,5,11.1,14.8,0.00241
2020-07-23 06:11:00,7,205,6,16.6,14.8,0.00551
2020-07-23 07:11:00,7,205,7,100.5,15.33,0.07042
2020-07-23 08:11:00,7,205,8,49.8,15.33,0.02914
2020-07-23 09:11:00,7,205,9,83.0,15.33,0.05589
2020-07-23 10:11:00,7,205,10,88.3,15.86,0.06008
2020-07-23 11:11:00,7,205,11,194.1,15.33,0.15051
2020-07-23 12:11:00,7,205,12,169.6,15.33,0.12941
2020-07-23 13:11:00,7,205,13,257.1,15.33,0.20469
2020-07-23 14:11:00,7,205,14,102.3,15.86,0.0718
2020-07-23 15:11:00,7,205,15,495.7,16.39,0.40566
2020-07-23 16:11:00,7,205,16,451.1,16.92,0.36066
2020-07-23 17:11:00,7,205,17,241.6,17.45,0.16579
2020-07-23 18:11:00,7,205,18,61.1,17.98,0.03751
2020-07-23 19:11:00,7,205,19,35.7,17.45,0.01824
2020-07-23 20:11:00,7,205,20,0.0,16.92,0.0
2020-07-23 21:11:00,7,205,21,0.0,15.33,0.0
2020-07-23 22:11:00,7,205,22,0.0,14.8,0.0
2020-07-23 23:11:00,7,205,23,0.0,13.74,0.0
2020-07-24 00:11:00,7,206,0,0.0,13.21,0.0
2020-07-24 01:11:00,7,206,1,0.0,13.21,0.0
2020-07-24 02:11:00,7,206,2,0.0,12.68,0.0
2020-07-24 03:11:00,7,206,3,0.0,12.68,0.0
2020-07-24 04:11:00,7,206,4,0.0,12.15,0.0
2020-07-24 05:11:00,7,206,5,25.4,12.15,0.01134
2020-07-24 06:11:00,7,206,6,60.3,12.68,0.03787
2020-07-24 07:11:00,7,206,7,117.2,13.21,0.08505
2020-07-24 08:11:00,7,206,8,288.9,14.27,0.23109
2020-07-24 09:11:00,7,206,9,439.5,14.8,0.35535
2020-07-24 10:11:00,7,206,10,497.5,15.33,0.39601
2020-07-24 11:11:00,7,206,11,637.0,15.86,0.5054
2020-07-24 12:11:00,7,206,12,529.2,16.39,0.42521
2020-07-24 13:11:00,7,206,13,686.2,17.45,0.54761
2020-07-24 14:11:00,7,206,14,502.6,17.98,0.40315
2020-07-24 15:11:00,7,206,15,289.7,18.51,0.22767
2020-07-24 16:11:00,7,206,16,50.7,18.51,0.02931
2020-07-24 17:11:00,7,206,17,116.8,18.51,0.08268
2020-07-24 18:11:00,7,206,18,23.8,17.98,0.00992
2020-07-24 19:11:00,7,206,19,25.4,17.45,0.011
2020-07-24 20:11:00,7,206,20,0.0,16.92,0.0
2020-07-24 21:11:00,7,206,21,0.0,15.33,0.0
2020-07-24 22:11:00,7,206,22,0.0,14.8,0.0
2020-07-24 23:11:00,7,206,23,0.0,14.8,0.0
2020-07-25 00:11:00,7,207,0,0.0,14.27,0.0
2020-07-25 01:11:00,7,207,1,0.0,14.8,0.0
2020-07-25 02:11:00,7,207,2,0.0,14.8,0.0
2020-07-25 03:11:00,7,207,3,0.0,15.33,0.0
2020-07-25 04:11:00,7,207,4,0.0,15.33,0.0
2020-07-25 05:11:00,7,207,5,5.6,15.33,0.0
2020-07-25 06:11:00,7,207,6,84.8,15.86,0.05643
2020-07-25 07:11:00,7,207,7,157.3,16.39,0.11744
2020-07-25 08:11:00,7,207,8,263.6,16.92,0.20918
2020-07-25 09:11:00,7,207,9,479.4,16.92,0.39335
2020-07-25 10:11:00,7,207,10,676.0,17.45,0.55311
2020-07-25 11:11:00,7,207,11,537.6,17.98,0.43884
2020-07-25 12:11:00,7,207,12,870.1,18.51,0.70119
2020-07-25 13:11:00,7,207,13,704.6,18.51,0.5728
2020-07-25 14:11:00,7,207,14,598.8,18.51,0.48787
2020-07-25 15:11:00,7,207,15,529.1,18.51,0.43086
2020-07-25 16:11:00,7,207,16,163.6,17.98,0.12266
2020-07-25 17:11:00,7,207,17,197.8,17.45,0.14704
2020-07-25 18:11:00,7,207,18,57.1,16.92,0.03458
2020-07-25 19:11:00,7,207,19,7.9,16.92,0.00087
2020-07-25 20:11:00,7,207,20,0.0,15.86,0.0
2020-07-25 21:11:00,7,207,21,0.0,15.33,0.0
2020-07-25 22:11:00,7,207,22,0.0,14.27,0.0
2020-07-25 23:11:00,7,207,23,0.0,13.74,0.0
2020-07-26 00:11:00,7,208,0,0.0,13.74,0.0
2020-07-26 01:11:00,7,208,1,0.0,13.21,0.0
2020-07-26 02:11:00,7,208,2,0.0,13.21,0.0
2020-07-26 03:11:00,7,208,3,0.0,13.74,0.0
2020-07-26 04:11:00,7,208,4,0.0,13.74,0.0
2020-07-26 05:11:00,7,208,5,35.7,13.21,0.01866
2020-07-26 06:11:00,7,208,6,117.5,13.21,0.06299
2020-07-26 07:11:00,7,208,7,326.1,14.27,0.25099
2020-07-26 08:11:00,7,208,8,502.0,15.33,0.41433
2020-07-26 09:11:00,7,208,9,655.7,16.39,0.5431
2020-07-26 10:11:00,7,208,10,270.1,16.92,0.21535
2020-07-26 11:11:00,7,208,11,586.6,17.45,0.48221
2020-07-26 12:11:00,7,208,12,385.8,17.45,0.31348
2020-07-26 13:11:00,7,208,13,374.0,17.45,0.3041
2020-07-26 14:11:00,7,208,14,330.1,17.45,0.26671
2020-07-26 15:11:00,7,208,15,503.3,17.45,0.41413
2020-07-26 16:11:00,7,208,16,379.5,17.45,0.305
2020-07-26 17:11:00,7,208,17,180.9,17.45,0.13492
2020-07-26 18:11:00,7,208,18,50.0,16.92,0.02903
2020-07-26 19:11:00,7,208,19,38.1,16.39,0.0201
2020-07-26 20:11:00,7,208,20,0.0,15.86,0.0
2020-07-26 21:11:00,7,208,21,0.0,14.8,0.0
2020-07-26 22:11:00,7,208,22,0.0,14.27,0.0
2020-07-26 23:11:00,7,208,23,0.0,14.27,0.0
2020-07-27 00:11:00,7,209,0,0.0,14.27,0.0
2020-07-27 01:11:00,7,209,1,0.0,13.74,0.0
2020-07-27 02:11:00,7,209,2,0.0,13.74,0.0
2020-07-27 03:11:00,7,209,3,0.0,13.21,0.0
2020-07-27 04:11:00,7,209,4,0.0,13.21,0.0
2020-07-27 05:11:00,7,209,5,5.6,13.21,0.0
2020-07-27 06:11:00,7,209,6,18.4,13.21,0.00664
2020-07-27 07:11:00,7,209,7,45.5,13.74,0.026
2020-07-27 08:11:00,7,209,8,53.3,14.27,0.03207
2020-07-27 09:11:00,7,209,9,98.8,14.27,0.06943
2020-07-27 10:11:00,7,209,10,118.9,14.8,0.08636
2020-07-27 11:11:00,7,209,11,169.6,14.8,0.13007
2020-07-27 12:11:00,7,209,12,228.7,15.33,0.18076
2020-07-27 13:11:00,7,209,13,364.7,15.33,0.2991
2020-07-27 14:11:00,7,209,14,123.3,16.39,0.08948
2020-07-27 15:11:00,7,209,15,591.7,17.45,0.48606
2020-07-27 16:11:00,7,209,16,300.0,17.98,0.23868
2020-07-27 17:11:00,7,209,17,196.6,17.45,0.14607
2020-07-27 18:11:00,7,209,18,89.7,15.86,0.06138
2020-07-27 19:11:00,7,209,19,24.6,14.27,0.01068
2020-07-27 20:11:00,7,209,20,0.0,12.68,0.0
2020-07-27 21:11:00,7,209,21,0.0,12.15,0.0
2020-07-27 22:11:00,7,209,22,0.0,12.15,0.0
2020-07-27 23:11:00,7,209,23,0.0,11.61,0.0
2020-07-28 00:11:00,7,210,0,0.0,11.61,0.0
2020-07-28 01:11:00,7,210,1,0.0,11.61,0.0
2020-07-28 02:11:00,7,210,2,0.0,11.09,0.0
2020-07-28 03:11:00,7,210,3,0.0,11.09,0.0
2020-07-28 04:11:00,7,210,4,0.0,10.55,0.0
2020-07-28 05:11:00,7,210,5,34.1,10.02,0.01781
2020-07-28 06:11:00,7,210,6,118.1,10.55,0.06999
2020-07-28 07:11:00,7,210,7,316.4,11.61,0.24895
2020-07-28 08:11:00,7,210,8,530.8,12.68,0.44838
2020-07-28 09:11:00,7,210,9,737.8,13.74,0.62496
2020-07-28 10:11:00,7,210,10,942.5,14.27,0.78937
2020-07-28 11:11:00,7,210,11,997.6,14.8,0.82737
2020-07-28 12:11:00,7,210,12,1051.7,15.33,0.865
2020-07-28 13:11:00,7,210,13,606.7,15.33,0.50697
2020-07-28 14:11:00,7,210,14,464.3,15.33,0.38601
2020-07-28 15:11:00,7,210,15,467.0,15.33,0.38888
2020-07-28 16:11:00,7,210,16,147.8,15.33,0.11111
2020-07-28 17:11:00,7,210,17,182.1,15.33,0.13742
2020-07-28 18:11:00,7,210,18,89.7,14.8,0.06168
2020-07-28 19:11:00,7,210,19,38.1,14.27,0.02034
2020-07-28 20:11:00,7,210,20,0.0,13.21,0.0
2020-07-28 21:11:00,7,210,21,0.0,12.15,0.0
2020-07-28 22:11:00,7,210,22,0.0,11.61,0.0
2020-07-28 23:11:00,7,210,23,0.0,11.09,0.0
2020-07-29 00:11:00,7,211,0,0.0,10.55,0.0
2020-07-29 01:11:00,7,211,1,0.0,10.02,0.0
2020-07-29 02:11:00,7,211,2,0.0,10.02,0.0
2020-07-29 03:11:00,7,211,3,0.0,10.02,0.0
2020-07-29 04:11:00,7,211,4,0.0,9.49,0.0
2020-07-29 05:11:00,7,211,5,33.3,10.02,0.01721
2020-07-29 06:11:00,7,211,6,117.6,10.55,0.0678
2020-07-29 07:11:00,7,211,7,326.4,11.61,0.25536
2020-07-29 08:11:00,7,211,8,549.4,12.68,0.46036
2020-07-29 09:11:00,7,211,9,681.2,13.74,0.57023
2020-07-29 10:11:00,7,211,10,533.0,14.8,0.44254
2020-07-29 11:11:00,7,211,11,547.0,15.33,0.45219
2020-07-29 12:11:00,7,211,12,811.4,15.86,0.66412
2020-07-29 13:11:00,7,211,13,870.8,16.39,0.7096
2020-07-29 14:11:00,7,211,14,582.4,16.92,0.47822
2020-07-29 15:11:00,7,211,15,668.9,16.92,0.54808
2020-07-29 16:11:00,7,211,16,438.4,16.39,0.35294
2020-07-29 17:11:00,7,211,17,223.1,15.86,0.1639
2020-07-29 18:11:00,7,211,18,90.4,15.33,0.06202
2020-07-29 19:11:00,7,211,19,11.1,14.27,0.00242
2020-07-29 20:11:00,7,211,20,0.0,13.21,0.0
2020-07-29 21:11:00,7,211,21,0.0,12.15,0.0
2020-07-29 22:11:00,7,211,22,0.0,11.09,0.0
2020-07-29 23:11:00,7,211,23,0.0,10.02,0.0
2020-07-30 00:11:00,7,212,0,0.0,9.49,0.0
2020-07-30 01:11:00,7,212,1,0.0,8.96,0.0
2020-07-30 02:11:00,7,212,2,0.0,8.43,0.0
2020-07-30 03:11:00,7,212,3,0.0,8.43,0.0
2020-07-30 04:11:00,7,212,4,0.0,9.49,0.0
2020-07-30 05:11:00,7,212,5,20.6,10.02,0.00824
2020-07-30 06:11:00,7,212,6,25.4,10.55,0.01141
2020-07-30 07:11:00,7,212,7,204.0,11.09,0.15799
2020-07-30 08:11:00,7,212,8,215.0,11.61,0.17044
2020-07-30 09:11:00,7,212,9,342.0,12.68,0.27942
2020-07-30 10:11:00,7,212,10,192.3,12.68,0.15015
2020-07-30 11:11:00,7,212,11,181.0,13.21,0.14
2020-07-30 12:11:00,7,212,12,289.7,13.74,0.23309
2020-07-30 13:11:00,7,212,13,404.8,14.8,0.33016
2020-07-30 14:11:00,7,212,14,225.9,17.45,0.17575
2020-07-30 15:11:00,7,212,15,194.1,19.04,0.14763
2020-07-30 16:11:00,7,212,16,230.4,19.57,0.17697
2020-07-30 17:11:00,7,212,17,118.1,20.1,0.08276
2020-07-30 18:11:00,7,212,18,61.1,19.04,0.03724
2020-07-30 19:11:00,7,212,19,10.3,18.51,0.00194
2020-07-30 20:11:00,7,212,20,0.0,17.45,0.0
2020-07-30 21:11:00,7,212,21,0.0,15.86,0.0
2020-07-30 22:11:00,7,212,22,0.0,15.33,0.0
2020-07-30 23:11:00,7,212,23,0.0,15.33,0.0
2020-07-31 00:11:00,7,213,0,0.0,15.33,0.0
2020-07-31 01:11:00,7,213,1,0.0,14.8,0.0
2020-07-31 02:11:00,7,213,2,0.0,14.8,0.0
2020-07-31 03:11:00,7,213,3,0.0,14.8,0.0
2020-07-31 04:11:00,7,213,4,0.0,14.27,0.0
2020-07-31 05:11:00,7,213,5,12.7,14.27,0.00326
2020-07-31 06:11:00,7,213,6,112.0,15.33,0.06105
2020-07-31 07:11:00,7,213,7,312.9,17.45,0.23572
2020-07-31 08:11:00,7,213,8,528.5,18.51,0.42629
2020-07-31 09:11:00,7,213,9,761.9,20.1,0.61236
2020-07-31 10:11:00,7,213,10,894.2,21.69,0.70868
2020-07-31 11:11:00,7,213,11,981.7,23.28,0.76765
2020-07-31 12:11:00,7,213,12,1017.8,24.34,0.79118
2020-07-31 13:11:00,7,213,13,985.2,25.4,0.76609
2020-07-31 14:11:00,7,213,14,827.8,25.4,0.65158
2020-07-31 15:11:00,7,213,15,685.2,25.4,0.54223
2020-07-31 16:11:00,7,213,16,451.0,25.4,0.34838
2020-07-31 17:11:00,7,213,17,201.0,24.87,0.14265
2020-07-31 18:11:00,7,213,18,86.5,24.34,0.05614
2020-07-31 19:11:00,7,213,19,15.9,22.75,0.00481
2020-07-31 20:11:00,7,213,20,0.0,20.63,0.0
2020-07-31 21:11:00,7,213,21,0.0,19.04,0.0
2020-07-31 22:11:00,7,213,22,0.0,18.51,0.0
2020-07-31 23:11:00,7,213,23,0.0,18.51,0.0
2020-08-01 00:11:00,8,214,0,0.0,17.98,0.0
2020-08-01 01:11:00,8,214,1,0.0,17.45,0.0
2020-08-01 02:11:00,8,214,2,0.0,16.92,0.0
2020-08-01 03:11:00,8,214,3,0.0,16.39,0.0
2020-08-01 04:11:00,8,214,4,0.0,16.39,0.0
2020-08-01 05:11:00,8,214,5,29.4,16.39,0.01381
2020-08-01 06:11:00,8,214,6,111.0,16.39,0.05999
2020-08-01 07:11:00,8,214,7,223.0,16.92,0.16974
2020-08-01 08:11:00,8,214,8,345.8,17.45,0.27738
2020-08-01 09:11:00,8,214,9,421.7,17.98,0.3412
2020-08-01 10:11:00,8,214,10,123.3,18.51,0.08825
2020-08-01 11:11:00,8,214,11,693.3,18.51,0.55761
2020-08-01 12:11:00,8,214,12,826.8,18.51,0.65895
2020-08-01 13:11:00,8,214,13,416.9,19.04,0.33473
2020-08-01 14:11:00,8,214,14,182.7,19.04,0.13807
2020-08-01 15:11:00,8,214,15,268.8,19.04,0.2112
2020-08-01 16:11:00,8,214,16,174.5,18.51,0.13151
2020-08-01 17:11:00,8,214,17,156.1,17.98,0.11451
2020-08-01 18:11:00,8,214,18,50.8,17.45,0.02955
2020-08-01 19:11:00,8,214,19,25.4,16.92,0.01104
2020-08-01 20:11:00,8,214,20,0.0,15.86,0.0
2020-08-01 21:11:00,8,214,21,0.0,14.8,0.0
2020-08-01 22:11:00,8,214,22,0.0,14.27,0.0
2020-08-01 23:11:00,8,214,23,0.0,13.74,0.0
2020-08-02 00:11:00,8,215,0,0.0,13.21,0.0
2020-08-02 01:11:00,8,215,1,0.0,12.68,0.0
2020-08-02 02:11:00,8,215,2,0.0,12.68,0.0
2020-08-02 03:11:00,8,215,3,0.0,12.15,0.0
2020-08-02 04:11:00,8,215,4,0.0,12.15,0.0
2020-08-02 05:11:00,8,215,5,5.6,12.68,0.0
2020-08-02 06:11:00,8,215,6,78.0,12.68,0.05154
2020-08-02 07:11:00,8,215,7,277.8,13.21,0.21547
2020-08-02 08:11:00,8,215,8,509.5,14.27,0.41871
2020-08-02 09:11:00,8,215,9,611.3,15.33,0.50228
2020-08-02 10:11:00,8,215,10,522.8,16.39,0.4274
2020-08-02 11:11:00,8,215,11,544.2,16.92,0.44337
2020-08-02 12:11:00,8,215,12,710.1,16.92,0.57584
2020-08-02 13:11:00,8,215,13,257.9,17.45,0.20297
2020-08-02 14:11:00,8,215,14,709.4,17.45,0.5746
2020-08-02 15:11:00,8,215,15,544.9,17.45,0.44371
2020-08-02 16:11:00,8,215,16,443.6,17.45,0.35437
2020-08-02 17:11:00,8,215,17,182.9,16.39,0.13553
2020-08-02 18:11:00,8,215,18,83.3,15.86,0.05594
2020-08-02 19:11:00,8,215,19,31.7,15.33,0.01558
2020-08-02 20:11:00,8,215,20,0.0,14.27,0.0
2020-08-02 21:11:00,8,215,21,0.0,13.21,0.0
2020-08-02 22:11:00,8,215,22,0.0,12.68,0.0
2020-08-02 23:11:00,8,215,23,0.0,12.15,0.0
2020-08-03 00:11:00,8,216,0,0.0,11.61,0.0
2020-08-03 01:11:00,8,216,1,0.0,11.09,0.0
2020-08-03 02:11:00,8,216,2,0.0,11.09,0.0
2020-08-03 03:11:00,8,216,3,0.0,11.09,0.0
2020-08-03 04:11:00,8,216,4,0.0,10.55,0.0
2020-08-03 05:11:00,8,216,5,27.0,10.02,0.01259
2020-08-03 06:11:00,8,216,6,110.4,10.55,0.06108
2020-08-03 07:11:00,8,216,7,303.0,11.61,0.23583
2020-08-03 08:11:00,8,216,8,536.0,12.68,0.44269
2020-08-03 09:11:00,8,216,9,764.3,13.74,0.62392
2020-08-03 10:11:00,8,216,10,771.6,14.8,0.6261
2020-08-03 11:11:00,8,216,11,424.7,15.86,0.34555
2020-08-03 12:11:00,8,216,12,710.4,15.86,0.57524
2020-08-03 13:11:00,8,216,13,770.6,16.39,0.62237
2020-08-03 14:11:00,8,216,14,646.4,16.92,0.52478
2020-08-03 15:11:00,8,216,15,563.9,16.92,0.45887
2020-08-03 16:11:00,8,216,16,259.3,16.39,0.20445
2020-08-03 17:11:00,8,216,17,235.7,16.39,0.16362
2020-08-03 18:11:00,8,216,18,82.5,15.86,0.05524
2020-08-03 19:11:00,8,216,19,10.3,15.33,0.002
2020-08-03 20:11:00,8,216,20,0.0,14.27,0.0
2020-08-03 21:11:00,8,216,21,0.0,13.21,0.0
2020-08-03 22:11:00,8,216,22,0.0,12.15,0.0
2020-08-03 23:11:00,8,216,23,0.0,11.09,0.0
2020-08-04 00:11:00,8,217,0,0.0,10.55,0.0
2020-08-04 01:11:00,8,217,1,0.0,10.02,0.0
2020-08-04 02:11:00,8,217,2,0.0,9.49,0.0
2020-08-04 03:11:00,8,217,3,0.0,9.49,0.0
2020-08-04 04:11:00,8,217,4,0.0,9.49,0.0
2020-08-04 05:11:00,8,217,5,4.8,9.49,0.0
2020-08-04 06:11:00,8,217,6,42.8,10.55,0.02436
2020-08-04 07:11:00,8,217,7,142.4,12.15,0.10689
2020-08-04 08:11:00,8,217,8,70.8,12.68,0.04648
2020-08-04 09:11:00,8,217,9,101.4,12.68,0.07217
2020-08-04 10:11:00,8,217,10,127.6,12.68,0.09471
2020-08-04 11:11:00,8,217,11,123.3,12.68,0.09099
2020-08-04 12:11:00,8,217,12,125.0,13.21,0.09229
2020-08-04 13:11:00,8,217,13,132.0,14.8,0.0976
2020-08-04 14:11:00,8,217,14,107.5,15.33,0.07652
2020-08-04 15:11:00,8,217,15,86.5,14.8,0.05905
2020-08-04 16:11:00,8,217,16,58.6,15.33,0.03605
2020-08-04 17:11:00,8,217,17,43.7,16.39,0.02434
2020-08-04 18:11:00,8,217,18,13.5,17.45,0.00363
2020-08-04 19:11:00,8,217,19,4.0,17.45,0.0
2020-08-04 20:11:00,8,217,20,0.0,17.45,0.0
2020-08-04 21:11:00,8,217,21,0.0,16.92,0.0
2020-08-04 22:11:00,8,217,22,0.0,16.39,0.0
2020-08-04 23:11:00,8,217,23,0.0,16.39,0.0
2020-08-05 00:11:00,8,218,0,0.0,16.39,0.0
2020-08-05 01:11:00,8,218,1,0.0,16.39,0.0
2020-08-05 02:11:00,8,218,2,0.0,16.39,0.0
2020-08-05 03:11:00,8,218,3,0.0,16.39,0.0
2020-08-05 04:11:00,8,218,4,0.0,16.39,0.0
2020-08-05 05:11:00,8,218,5,5.6,16.92,0.0
2020-08-05 06:11:00,8,218,6,14.0,16.92,0.00392
2020-08-05 07:11:00,8,218,7,58.6,17.45,0.03565
2020-08-05 08:11:00,8,218,8,193.3,17.45,0.14829
2020-08-05 09:11:00,8,218,9,181.1,18.51,0.13742
2020-08-05 10:11:00,8,218,10,211.8,18.51,0.16364
2020-08-05 11:11:00,8,218,11,239.5,18.51,0.18746
2020-08-05 12:11:00,8,218,12,193.2,19.04,0.14753
2020-08-05 13:11:00,8,218,13,114.5,19.04,0.08092
2020-08-05 14:11:00,8,218,14,103.2,19.04,0.07144
2020-08-05 15:11:00,8,218,15,153.8,20.63,0.11319
2020-08-05 16:11:00,8,218,16,71.7,20.63,0.04538
2020-08-05 17:11:00,8,218,17,99.4,20.1,0.06783
2020-08-05 18:11:00,8,218,18,30.2,19.57,0.01412
2020-08-05 19:11:00,8,218,19,17.5,19.57,0.00585
2020-08-05 20:11:00,8,218,20,0.0,19.04,0.0
2020-08-05 21:11:00,8,218,21,0.0,18.51,0.0
2020-08-05 22:11:00,8,218,22,0.0,18.51,0.0
2020-08-05 23:11:00,8,218,23,0.0,17.98,0.0
2020-08-06 00:11:00,8,219,0,0.0,17.45,0.0
2020-08-06 01:11:00,8,219,1,0.0,17.45,0.0
2020-08-06 02:11:00,8,219,2,0.0,16.92,0.0
2020-08-06 03:11:00,8,219,3,0.0,16.92,0.0
2020-08-06 04:11:00,8,219,4,0.0,16.39,0.0
2020-08-06 05:11:00,8,219,5,23.8,15.33,0.01007
2020-08-06 06:11:00,8,219,6,104.6,15.33,0.05708
2020-08-06 07:11:00,8,219,7,298.5,16.39,0.22454
2020-08-06 08:11:00,8,219,8,526.8,17.45,0.41896
2020-08-06 09:11:00,8,219,9,664.0,18.51,0.52392
2020-08-06 10:11:00,8,219,10,416.0,19.57,0.32965
2020-08-06 11:11:00,8,219,11,516.3,20.63,0.40888
2020-08-06 12:11:00,8,219,12,464.7,21.69,0.36709
2020-08-06 13:11:00,8,219,13,427.1,22.22,0.33684
2020-08-06 14:11:00,8,219,14,678.5,22.22,0.53696
2020-08-06 15:11:00,8,219,15,455.3,22.22,0.36143
2020-08-06 16:11:00,8,219,16,280.9,21.69,0.21701
2020-08-06 17:11:00,8,219,17,187.0,21.16,0.13358
2020-08-06 18:11:00,8,219,18,56.3,20.63,0.03329
2020-08-06 19:11:00,8,219,19,17.5,20.1,0.00583
2020-08-06 20:11:00,8,219,20,0.0,19.04,0.0
2020-08-06 21:11:00,8,219,21,0.0,18.51,0.0
2020-08-06 22:11:00,8,219,22,0.0,18.51,0.0
2020-08-06 23:11:00,8,219,23,0.0,17.98,0.0
2020-08-07 00:11:00,8,220,0,0.0,17.45,0.0
2020-08-07 01:11:00,8,220,1,0.0,17.45,0.0
2020-08-07 02:11:00,8,220,2,0.0,16.39,0.0
2020-08-07 03:11:00,8,220,3,0.0,15.86,0.0
2020-08-07 04:11:00,8,220,4,0.0,15.33,0.0
2020-08-07 05:11:00,8,220,5,15.1,14.8,0.00459
2020-08-07 06:11:00,8,220,6,57.3,16.39,0.03455
2020-08-07 07:11:00,8,220,7,261.9,17.98,0.1968
2020-08-07 08:11:00,8,220,8,409.8,19.57,0.32628
2020-08-07 09:11:00,8,220,9,674.1,21.69,0.53718
2020-08-07 10:11:00,8,220,10,98.8,22.75,0.06652
2020-08-07 11:11:00,8,220,11,442.4,23.81,0.34847
2020-08-07 12:11:00,8,220,12,196.7,23.81,0.14635
2020-08-07 13:11:00,8,220,13,125.9,24.34,0.08791
2020-08-07 14:11:00,8,220,14,401.1,24.87,0.31343
2020-08-07 15:11:00,8,220,15,333.3,24.87,0.25831
2020-08-07 16:11:00,8,220,16,281.8,24.34,0.21503
2020-08-07 17:11:00,8,220,17,154.9,23.81,0.1094
2020-08-07 18:11:00,8,220,18,45.2,23.28,0.02453
2020-08-07 19:11:00,8,220,19,7.9,22.22,0.00082
2020-08-07 20:11:00,8,220,20,0.0,20.63,0.0
2020-08-07 21:11:00,8,220,21,0.0,19.04,0.0
2020-08-07 22:11:00,8,220,22,0.0,18.51,0.0
2020-08-07 23:11:00,8,220,23,0.0,17.98,0.0
2020-08-08 00:11:00,8,221,0,0.0,17.45,0.0
2020-08-08 01:11:00,8,221,1,0.0,17.45,0.0
2020-08-08 02:11:00,8,221,2,0.0,16.92,0.0
2020-08-08 03:11:00,8,221,3,0.0,16.92,0.0
2020-08-08 04:11:00,8,221,4,0.0,16.39,0.0
2020-08-08 05:11:00,8,221,5,21.4,15.86,0.00848
2020-08-08 06:11:00,8,221,6,105.2,15.86,0.05511
2020-08-08 07:11:00,8,221,7,308.1,15.33,0.23453
2020-08-08 08:11:00,8,221,8,541.8,15.86,0.44033
2020-08-08 09:11:00,8,221,9,765.9,16.39,0.6196
2020-08-08 10:11:00,8,221,10,904.7,16.92,0.72184
2020-08-08 11:11:00,8,221,11,986.0,17.45,0.77836
2020-08-08 12:11:00,8,221,12,1016.5,17.98,0.79894
2020-08-08 13:11:00,8,221,13,983.9,18.51,0.7767
2020-08-08 14:11:00,8,221,14,840.0,17.98,0.67439
2020-08-08 15:11:00,8,221,15,660.6,17.98,0.53535
2020-08-08 16:11:00,8,221,16,380.7,17.45,0.30354
2020-08-08 17:11:00,8,221,17,184.5,16.92,0.13467
2020-08-08 18:11:00,8,221,18,68.2,15.86,0.04363
2020-08-08 19:11:00,8,221,19,23.0,14.8,0.00957
2020-08-08 20:11:00,8,221,20,0.0,13.74,0.0
2020-08-08 21:11:00,8,221,21,0.0,12.68,0.0
2020-08-08 22:11:00,8,221,22,0.0,12.15,0.0
2020-08-08 23:11:00,8,221,23,0.0,12.15,0.0
2020-08-09 00:11:00,8,222,0,0.0,11.61,0.0
2020-08-09 01:11:00,8,222,1,0.0,12.15,0.0
2020-08-09 02:11:00,8,222,2,0.0,12.15,0.0
2020-08-09 03:11:00,8,222,3,0.0,12.15,0.0
2020-08-09 04:11:00,8,222,4,0.0,12.15,0.0
2020-08-09 05:11:00,8,222,5,7.9,12.15,0.00091
2020-08-09 06:11:00,8,222,6,65.6,13.21,0.04132
2020-08-09 07:11:00,8,222,7,172.9,13.74,0.1312
2020-08-09 08:11:00,8,222,8,237.6,14.27,0.18899
2020-08-09 09:11:00,8,222,9,210.2,15.33,0.16447
2020-08-09 10:11:00,8,222,10,374.6,16.39,0.30445
2020-08-09 11:11:00,8,222,11,681.2,16.92,0.55527
2020-08-09 12:11:00,8,222,12,829.9,17.45,0.67066
2020-08-09 13:11:00,8,222,13,817.7,17.45,0.66189
2020-08-09 14:11:00,8,222,14,557.0,16.92,0.45654
2020-08-09 15:11:00,8,222,15,308.4,16.92,0.24765
2020-08-09 16:11:00,8,222,16,324.4,16.92,0.25865
2020-08-09 17:11:00,8,222,17,134.5,15.86,0.09779
2020-08-09 18:11:00,8,222,18,71.4,15.33,0.04634
2020-08-09 19:11:00,8,222,19,9.5,14.8,0.00161
2020-08-09 20:11:00,8,222,20,0.0,14.27,0.0
2020-08-09 21:11:00,8,222,21,0.0,13.74,0.0
2020-08-09 22:11:00,8,222,22,0.0,13.74,0.0
2020-08-09 23:11:00,8,222,23,0.0,13.74,0.0
2020-08-10 00:11:00,8,223,0,0.0,13.21,0.0
2020-08-10 01:11:00,8,223,1,0.0,13.21,0.0
2020-08-10 02:11:00,8,223,2,0.0,12.68,0.0
2020-08-10 03:11:00,8,223,3,0.0,12.68,0.0
2020-08-10 04:11:00,8,223,4,0.0,12.68,0.0
2020-08-10 05:11:00,8,223,5,4.0,12.68,0.0
2020-08-10 06:11:00,8,223,6,95.4,13.74,0.05701
2020-08-10 07:11:00,8,223,7,220.1,14.8,0.16759
2020-08-10 08:11:00,8,223,8,300.0,15.86,0.23991
2020-08-10 09:11:00,8,223,9,630.7,17.45,0.51024
2020-08-10 10:11:00,8,223,10,449.1,18.51,0.36217
2020-08-10 11:11:00,8,223,11,471.6,19.04,0.37929
2020-08-10 12:11:00,8,223,12,889.5,19.57,0.69934
2020-08-10 13:11:00,8,223,13,888.6,20.1,0.69663
2020-08-10 14:11:00,8,223,14,526.5,20.1,0.42156
2020-08-10 15:11:00,8,223,15,618.8,19.57,0.498
2020-08-10 16:11:00,8,223,16,280.4,19.04,0.21948
2020-08-10 17:11:00,8,223,17,197.4,18.51,0.13947
2020-08-10 18:11:00,8,223,18,67.4,17.98,0.04252
2020-08-10 19:11:00,8,223,19,19.0,16.92,0.00692
2020-08-10 20:11:00,8,223,20,0.0,15.86,0.0
2020-08-10 21:11:00,8,223,21,0.0,15.33,0.0
2020-08-10 22:11:00,8,223,22,0.0,14.8,0.0
2020-08-10 23:11:00,8,223,23,0.0,14.27,0.0
2020-08-11 00:11:00,8,224,0,0.0,14.27,0.0
2020-08-11 01:11:00,8,224,1,0.0,13.74,0.0
2020-08-11 02:11:00,8,224,2,0.0,13.74,0.0
2020-08-11 03:11:00,8,224,3,0.0,13.74,0.0
2020-08-11 04:11:00,8,224,4,0.0,13.74,0.0
2020-08-11 05:11:00,8,224,5,3.2,13.74,0.0
2020-08-11 06:11:00,8,224,6,84.9,14.8,0.0529
2020-08-11 07:11:00,8,224,7,144.6,15.86,0.10627
2020-08-11 08:11:00,8,224,8,65.6,17.45,0.04109
2020-08-11 09:11:00,8,224,9,146.9,18.51,0.10761
2020-08-11 10:11:00,8,224,10,650.5,20.1,0.51004
2020-08-11 11:11:00,8,224,11,720.5,21.69,0.55988
2020-08-11 12:11:00,8,224,12,919.7,22.75,0.70031
2020-08-11 13:11:00,8,224,13,900.1,23.28,0.68991
2020-08-11 14:11:00,8,224,14,542.3,23.81,0.4263
2020-08-11 15:11:00,8,224,15,344.7,23.81,0.26815
2020-08-11 16:11:00,8,224,16,271.0,22.75,0.20725
2020-08-11 17:11:00,8,224,17,144.8,22.22,0.10188
2020-08-11 18:11:00,8,224,18,67.4,20.63,0.04191
2020-08-11 19:11:00,8,224,19,15.1,19.57,0.00446
2020-08-11 20:11:00,8,224,20,0.0,18.51,0.0
2020-08-11 21:11:00,8,224,21,0.0,17.98,0.0
2020-08-11 22:11:00,8,224,22,0.0,16.92,0.0
2020-08-11 23:11:00,8,224,23,0.0,16.39,0.0
2020-08-12 00:11:00,8,225,0,0.0,15.86,0.0
2020-08-12 01:11:00,8,225,1,0.0,15.33,0.0
2020-08-12 02:11:00,8,225,2,0.0,15.33,0.0
2020-08-12 03:11:00,8,225,3,0.0,15.33,0.0
2020-08-12 04:11:00,8,225,4,0.0,15.33,0.0
2020-08-12 05:11:00,8,225,5,16.7,15.33,0.00552
2020-08-12 06:11:00,8,225,6,52.9,15.86,0.03125
2020-08-12 07:11:00,8,225,7,103.8,16.92,0.07227
2020-08-12 08:11:00,8,225,8,194.9,17.98,0.14823
2020-08-12 09:11:00,8,225,9,177.7,19.57,0.13258
2020-08-12 10:11:00,8,225,10,289.4,21.16,0.22365
2020-08-12 11:11:00,8,225,11,413.8,22.22,0.32381
2020-08-12 12:11:00,8,225,12,977.9,22.75,0.74078
2020-08-12 13:11:00,8,225,13,939.5,23.28,0.71675
2020-08-12 14:11:00,8,225,14,767.4,23.28,0.59719
2020-08-12 15:11:00,8,225,15,314.4,22.75,0.24435
2020-08-12 16:11:00,8,225,16,262.0,22.22,0.20007
2020-08-12 17:11:00,8,225,17,216.5,21.16,0.14173
2020-08-12 18:11:00,8,225,18,54.8,20.63,0.03206
2020-08-12 19:11:00,8,225,19,2.4,19.57,0.0
2020-08-12 20:11:00,8,225,20,0.0,18.51,0.0
2020-08-12 21:11:00,8,225,21,0.0,17.45,0.0
2020-08-12 22:11:00,8,225,22,0.0,16.39,0.0
2020-08-12 23:11:00,8,225,23,0.0,16.39,0.0
2020-08-13 00:11:00,8,226,0,0.0,15.86,0.0
2020-08-13 01:11:00,8,226,1,0.0,15.86,0.0
2020-08-13 02:11:00,8,226,2,0.0,15.86,0.0
2020-08-13 03:11:00,8,226,3,0.0,15.86,0.0
2020-08-13 04:11:00,8,226,4,0.0,15.33,0.0
2020-08-13 05:11:00,8,226,5,3.2,15.33,0.0
2020-08-13 06:11:00,8,226,6,33.2,15.33,0.01664
2020-08-13 07:11:00,8,226,7,81.3,14.8,0.05461
2020-08-13 08:11:00,8,226,8,108.4,15.33,0.07714
2020-08-13 09:11:00,8,226,9,127.6,15.86,0.09325
2020-08-13 10:11:00,8,226,10,122.4,16.92,0.08837
2020-08-13 11:11:00,8,226,11,151.2,17.45,0.11257
2020-08-13 12:11:00,8,226,12,162.6,17.98,0.12191
2020-08-13 13:11:00,8,226,13,144.2,17.98,0.10633
2020-08-13 14:11:00,8,226,14,140.7,18.51,0.10315
2020-08-13 15:11:00,8,226,15,157.4,17.98,0.1175
2020-08-13 16:11:00,8,226,16,119.8,17.45,0.08593
2020-08-13 17:11:00,8,226,17,73.4,16.92,0.04766
2020-08-13 18:11:00,8,226,18,38.1,16.39,0.0201
2020-08-13 19:11:00,8,226,19,3.2,15.33,0.0
2020-08-13 20:11:00,8,226,20,0.0,14.8,0.0
2020-08-13 21:11:00,8,226,21,0.0,14.8,0.0
2020-08-13 22:11:00,8,226,22,0.0,14.8,0.0
2020-08-13 23:11:00,8,226,23,0.0,14.8,0.0
2020-08-14 00:11:00,8,227,0,0.0,14.8,0.0
2020-08-14 01:11:00,8,227,1,0.0,14.8,0.0
2020-08-14 02:11:00,8,227,2,0.0,14.8,0.0
2020-08-14 03:11:00,8,227,3,0.0,14.27,0.0
2020-08-14 04:11:00,8,227,4,0.0,14.27,0.0
2020-08-14 05:11:00,8,227,5,3.2,14.27,0.0
2020-08-14 06:11:00,8,227,6,44.6,14.8,0.02518
2020-08-14 07:11:00,8,227,7,62.9,14.27,0.03971
2020-08-14 08:11:00,8,227,8,120.6,14.8,0.08763
2020-08-14 09:11:00,8,227,9,164.9,15.86,0.12502
2020-08-14 10:11:00,8,227,10,159.1,16.39,0.11969
2020-08-14 11:11:00,8,227,11,213.1,17.45,0.16498
2020-08-14 12:11:00,8,227,12,197.6,17.98,0.15134
2020-08-14 13:11:00,8,227,13,217.1,18.51,0.16762
2020-08-14 14:11:00,8,227,14,174.8,17.98,0.13214
2020-08-14 15:11:00,8,227,15,199.2,17.98,0.15295
2020-08-14 16:11:00,8,227,16,148.3,17.45,0.10989
2020-08-14 17:11:00,8,227,17,49.0,16.92,0.02823
2020-08-14 18:11:00,8,227,18,54.8,16.39,0.03279
2020-08-14 19:11:00,8,227,19,1.6,14.8,0.0
2020-08-14 20:11:00,8,227,20,0.0,14.8,0.0
2020-08-14 21:11:00,8,227,21,0.0,14.27,0.0
2020-08-14 22:11:00,8,227,22,0.0,14.27,0.0
2020-08-14 23:11:00,8,227,23,0.0,14.27,0.0
2020-08-15 00:11:00,8,228,0,0.0,14.27,0.0
2020-08-15 01:11:00,8,228,1,0.0,13.74,0.0
2020-08-15 02:11:00,8,228,2,0.0,13.74,0.0
2020-08-15 03:11:00,8,228,3,0.0,14.27,0.0
2020-08-15 04:11:00,8,228,4,0.0,14.27,0.0
2020-08-15 05:11:00,8,228,5,2.4,14.27,0.0
2020-08-15 06:11:00,8,228,6,51.2,14.27,0.03016
2020-08-15 07:11:00,8,228,7,124.0,14.27,0.08999
2020-08-15 08:11:00,8,228,8,199.3,14.8,0.15492
2020-08-15 09:11:00,8,228,9,193.6,15.33,0.14959
2020-08-15 10:11:00,8,228,10,181.0,16.39,0.13787
2020-08-15 11:11:00,8,228,11,195.8,16.92,0.1501
2020-08-15 12:11:00,8,228,12,187.1,17.98,0.14207
2020-08-15 13:11:00,8,228,13,171.3,18.51,0.12856
2020-08-15 14:11:00,8,228,14,128.5,18.51,0.09261
2020-08-15 15:11:00,8,228,15,167.4,17.98,0.12571
2020-08-15 16:11:00,8,228,16,99.7,17.45,0.06899
2020-08-15 17:11:00,8,228,17,134.7,16.92,0.09648
2020-08-15 18:11:00,8,228,18,46.0,16.39,0.02605
2020-08-15 19:11:00,8,228,19,6.4,15.33,0.00024
2020-08-15 20:11:00,8,228,20,0.0,14.8,0.0
2020-08-15 21:11:00,8,228,21,0.0,14.27,0.0
2020-08-15 22:11:00,8,228,22,0.0,14.27,0.0
2020-08-15 23:11:00,8,228,23,0.0,13.74,0.0
2020-08-16 00:11:00,8,229,0,0.0,13.74,0.0
2020-08-16 01:11:00,8,229,1,0.0,13.74,0.0
2020-08-16 02:11:00,8,229,2,0.0,13.74,0.0
2020-08-16 03:11:00,8,229,3,0.0,13.74,0.0
2020-08-16 04:11:00,8,229,4,0.0,13.74,0.0
2020-08-16 05:11:00,8,229,5,1.6,13.74,0.0
2020-08-16 06:11:00,8,229,6,32.3,13.74,0.01616
2020-08-16 07:11:00,8,229,7,83.9,14.27,0.05689
2020-08-16 08:11:00,8,229,8,104.0,14.27,0.07374
2020-08-16 09:11:00,8,229,9,101.4,14.8,0.07138
2020-08-16 10:11:00,8,229,10,69.1,15.33,0.04445
2020-08-16 11:11:00,8,229,11,118.0,15.86,0.08502
2020-08-16 12:11:00,8,229,12,136.4,16.39,0.10032
2020-08-16 13:11:00,8,229,13,132.0,16.39,0.09662
2020-08-16 14:11:00,8,229,14,188.5,16.39,0.14483
2020-08-16 15:11:00,8,229,15,132.9,16.39,0.09734
2020-08-16 16:11:00,8,229,16,85.7,16.39,0.05776
2020-08-16 17:11:00,8,229,17,57.7,15.86,0.03522
2020-08-16 18:11:00,8,229,18,50.0,15.33,0.02925
2020-08-16 19:11:00,8,229,19,8.7,14.8,0.00124
2020-08-16 20:11:00,8,229,20,0.0,14.27,0.0
2020-08-16 21:11:00,8,229,21,0.0,14.27,0.0
2020-08-16 22:11:00,8,229,22,0.0,13.74,0.0
2020-08-16 23:11:00,8,229,23,0.0,13.74,0.0
2020-08-17 00:11:00,8,230,0,0.0,13.74,0.0
2020-08-17 01:11:00,8,230,1,0.0,13.21,0.0
2020-08-17 02:11:00,8,230,2,0.0,13.21,0.0
2020-08-17 03:11:00,8,230,3,0.0,13.21,0.0
2020-08-17 04:11:00,8,230,4,0.0,13.21,0.0
2020-08-17 05:11:00,8,230,5,7.1,13.74,0.00056
2020-08-17 06:11:00,8,230,6,32.3,13.74,0.01616
2020-08-17 07:11:00,8,230,7,73.4,13.21,0.04846
2020-08-17 08:11:00,8,230,8,90.0,13.21,0.06224
2020-08-17 09:11:00,8,230,9,97.0,13.74,0.06796
2020-08-17 10:11:00,8,230,10,179.2,14.27,0.13798
2020-08-17 11:11:00,8,230,11,233.5,14.8,0.1842
2020-08-17 12:11:00,8,230,12,318.9,15.86,0.25552
2020-08-17 13:11:00,8,230,13,437.1,16.92,0.35355
2020-08-17 14:11:00,8,230,14,211.5,17.98,0.16282
2020-08-17 15:11:00,8,230,15,381.5,18.51,0.30534
2020-08-17 16:11:00,8,230,16,229.7,19.57,0.17575
2020-08-17 17:11:00,8,230,17,160.1,19.57,0.11241
2020-08-17 18:11:00,8,230,18,42.0,19.04,0.02271
2020-08-17 19:11:00,8,230,19,7.1,18.51,0.00052
2020-08-17 20:11:00,8,230,20,0.0,17.45,0.0
2020-08-17 21:11:00,8,230,21,0.0,16.39,0.0
2020-08-17 22:11:00,8,230,22,0.0,16.39,0.0
2020-08-17 23:11:00,8,230,23,0.0,15.86,0.0
2020-08-18 00:11:00,8,231,0,0.0,15.33,0.0
2020-08-18 01:11:00,8,231,1,0.0,14.8,0.0
2020-08-18 02:11:00,8,231,2,0.0,14.27,0.0
2020-08-18 03:11:00,8,231,3,0.0,13.74,0.0
2020-08-18 04:11:00,8,231,4,0.0,13.21,0.0
2020-08-18 05:11:00,8,231,5,0.8,13.21,0.0
2020-08-18 06:11:00,8,231,6,63.0,13.74,0.03806
2020-08-18 07:11:00,8,231,7,120.1,15.33,0.08621
2020-08-18 08:11:00,8,231,8,222.0,16.39,0.17344
2020-08-18 09:11:00,8,231,9,360.2,17.98,0.29017
2020-08-18 10:11:00,8,231,10,197.2,18.51,0.1506
2020-08-18 11:11:00,8,231,11,160.8,18.51,0.11984
2020-08-18 12:11:00,8,231,12,347.5,18.51,0.27774
2020-08-18 13:11:00,8,231,13,261.2,18.51,0.20459
2020-08-18 14:11:00,8,231,14,104.9,18.51,0.07294
2020-08-18 15:11:00,8,231,15,187.1,18.51,0.14216
2020-08-18 16:11:00,8,231,16,222.0,18.51,0.17139
2020-08-18 17:11:00,8,231,17,127.5,18.51,0.08992
2020-08-18 18:11:00,8,231,18,18.2,17.98,0.00639
2020-08-18 19:11:00,8,231,19,0.0,16.92,0.0
2020-08-18 20:11:00,8,231,20,0.0,16.39,0.0
2020-08-18 21:11:00,8,231,21,0.0,15.86,0.0
2020-08-18 22:11:00,8,231,22,0.0,15.86,0.0
2020-08-18 23:11:00,8,231,23,0.0,15.33,0.0
2020-08-19 00:11:00,8,232,0,0.0,14.8,0.0
2020-08-19 01:11:00,8,232,1,0.0,14.8,0.0
2020-08-19 02:11:00,8,232,2,0.0,15.33,0.0
2020-08-19 03:11:00,8,232,3,0.0,14.8,0.0
2020-08-19 04:11:00,8,232,4,0.0,14.8,0.0
2020-08-19 05:11:00,8,232,5,0.0,14.27,0.0
2020-08-19 06:11:00,8,232,6,87.0,14.8,0.04704
2020-08-19 07:11:00,8,232,7,258.6,15.33,0.1954
2020-08-19 08:11:00,8,232,8,262.9,16.92,0.20631
2020-08-19 09:11:00,8,232,9,509.2,17.98,0.40963
2020-08-19 10:11:00,8,232,10,618.7,19.04,0.49732
2020-08-19 11:11:00,8,232,11,131.1,19.57,0.09436
2020-08-19 12:11:00,8,232,12,132.0,20.1,0.09488
2020-08-19 13:11:00,8,232,13,647.4,20.1,0.52176
2020-08-19 14:11:00,8,232,14,208.9,20.63,0.15932
2020-08-19 15:11:00,8,232,15,115.4,20.63,0.08094
2020-08-19 16:11:00,8,232,16,105.8,20.1,0.0732
2020-08-19 17:11:00,8,232,17,53.3,19.57,0.0312
2020-08-19 18:11:00,8,232,18,27.8,18.51,0.01256
2020-08-19 19:11:00,8,232,19,0.0,17.98,0.0
2020-08-19 20:11:00,8,232,20,0.0,17.45,0.0
2020-08-19 21:11:00,8,232,21,0.0,17.45,0.0
2020-08-19 22:11:00,8,232,22,0.0,17.45,0.0
2020-08-19 23:11:00,8,232,23,0.0,17.45,0.0
2020-08-20 00:11:00,8,233,0,0.0,17.45,0.0
2020-08-20 01:11:00,8,233,1,0.0,17.98,0.0
2020-08-20 02:11:00,8,233,2,0.0,17.98,0.0
2020-08-20 03:11:00,8,233,3,0.0,17.98,0.0
2020-08-20 04:11:00,8,233,4,0.0,17.98,0.0
2020-08-20 05:11:00,8,233,5,0.0,15.86,0.0
2020-08-20 06:11:00,8,233,6,90.5,15.33,0.04622
2020-08-20 07:11:00,8,233,7,299.2,16.39,0.22711
2020-08-20 08:11:00,8,233,8,435.3,16.92,0.35524
2020-08-20 09:11:00,8,233,9,646.6,17.98,0.52982
2020-08-20 10:11:00,8,233,10,773.4,18.51,0.628
2020-08-20 11:11:00,8,233,11,870.8,19.57,0.69844
2020-08-20 12:11:00,8,233,12,806.7,20.63,0.64871
2020-08-20 13:11:00,8,233,13,623.1,21.16,0.50394
2020-08-20 14:11:00,8,233,14,578.5,20.63,0.46933
2020-08-20 15:11:00,8,233,15,470.0,20.63,0.37953
2020-08-20 16:11:00,8,233,16,332.1,20.63,0.26046
2020-08-20 17:11:00,8,233,17,206.9,20.63,0.13286
2020-08-20 18:11:00,8,233,18,54.0,20.1,0.03158
2020-08-20 19:11:00,8,233,19,0.0,19.04,0.0
2020-08-20 20:11:00,8,233,20,0.0,18.51,0.0
2020-08-20 21:11:00,8,233,21,0.0,17.98,0.0
2020-08-20 22:11:00,8,233,22,0.0,17.45,0.0
2020-08-20 23:11:00,8,233,23,0.0,16.92,0.0
2020-08-21 00:11:00,8,234,0,0.0,16.39,0.0
2020-08-21 01:11:00,8,234,1,0.0,15.86,0.0
2020-08-21 02:11:00,8,234,2,0.0,15.33,0.0
2020-08-21 03:11:00,8,234,3,0.0,15.86,0.0
2020-08-21 04:11:00,8,234,4,0.0,15.86,0.0
2020-08-21 05:11:00,8,234,5,0.0,16.39,0.0
2020-08-21 06:11:00,8,234,6,64.4,16.39,0.03796
2020-08-21 07:11:00,8,234,7,206.4,16.39,0.15631
2020-08-21 08:11:00,8,234,8,341.9,16.92,0.27836
2020-08-21 09:11:00,8,234,9,277.7,16.92,0.22315
2020-08-21 10:11:00,8,234,10,337.1,17.45,0.27402
2020-08-21 11:11:00,8,234,11,666.6,18.51,0.55142
2020-08-21 12:11:00,8,234,12,334.2,18.51,0.27022
2020-08-21 13:11:00,8,234,13,574.3,18.51,0.47485
2020-08-21 14:11:00,8,234,14,387.0,18.51,0.31641
2020-08-21 15:11:00,8,234,15,124.1,19.04,0.08919
2020-08-21 16:11:00,8,234,16,69.1,18.51,0.04385
2020-08-21 17:11:00,8,234,17,36.7,18.51,0.0189
2020-08-21 18:11:00,8,234,18,23.8,17.98,0.00993
2020-08-21 19:11:00,8,234,19,0.0,17.45,0.0
2020-08-21 20:11:00,8,234,20,0.0,16.92,0.0
2020-08-21 21:11:00,8,234,21,0.0,16.39,0.0
2020-08-21 22:11:00,8,234,22,0.0,15.86,0.0
2020-08-21 23:11:00,8,234,23,0.0,15.86,0.0
2020-08-22 00:11:00,8,235,0,0.0,15.33,0.0
2020-08-22 01:11:00,8,235,1,0.0,14.8,0.0
2020-08-22 02:11:00,8,235,2,0.0,14.8,0.0
2020-08-22 03:11:00,8,235,3,0.0,14.27,0.0
2020-08-22 04:11:00,8,235,4,0.0,14.27,0.0
2020-08-22 05:11:00,8,235,5,0.0,14.27,0.0
2020-08-22 06:11:00,8,235,6,40.8,14.27,0.02218
2020-08-22 07:11:00,8,235,7,117.2,15.33,0.08406
2020-08-22 08:11:00,8,235,8,212.6,15.33,0.16686
2020-08-22 09:11:00,8,235,9,464.8,16.39,0.38471
2020-08-22 10:11:00,8,235,10,374.2,16.92,0.30592
2020-08-22 11:11:00,8,235,11,795.8,17.45,0.65253
2020-08-22 12:11:00,8,235,12,361.7,17.45,0.29385
2020-08-22 13:11:00,8,235,13,518.1,17.98,0.42604
2020-08-22 14:11:00,8,235,14,333.2,17.98,0.26906
2020-08-22 15:11:00,8,235,15,241.6,17.98,0.18999
2020-08-22 16:11:00,8,235,16,206.2,17.98,0.1588
2020-08-22 17:11:00,8,235,17,52.4,17.45,0.03088
2020-08-22 18:11:00,8,235,18,24.6,16.39,0.01055
2020-08-22 19:11:00,8,235,19,0.0,15.33,0.0
2020-08-22 20:11:00,8,235,20,0.0,14.27,0.0
2020-08-22 21:11:00,8,235,21,0.0,13.74,0.0
2020-08-22 22:11:00,8,235,22,0.0,13.21,0.0
2020-08-22 23:11:00,8,235,23,0.0,13.21,0.0
2020-08-23 00:11:00,8,236,0,0.0,12.68,0.0
2020-08-23 01:11:00,8,236,1,0.0,12.15,0.0
2020-08-23 02:11:00,8,236,2,0.0,12.15,0.0
2020-08-23 03:11:00,8,236,3,0.0,12.15,0.0
2020-08-23 04:11:00,8,236,4,0.0,12.15,0.0
2020-08-23 05:11:00,8,236,5,0.0,12.15,0.0
2020-08-23 06:11:00,8,236,6,20.1,12.68,0.00778
2020-08-23 07:11:00,8,236,7,92.6,13.74,0.06423
2020-08-23 08:11:00,8,236,8,102.3,14.8,0.07218
2020-08-23 09:11:00,8,236,9,75.2,15.33,0.04946
2020-08-23 10:11:00,8,236,10,146.0,16.39,0.10853
2020-08-23 11:11:00,8,236,11,249.3,16.39,0.19654
2020-08-23 12:11:00,8,236,12,226.0,16.39,0.17638
2020-08-23 13:11:00,8,236,13,122.4,16.39,0.08819
2020-08-23 14:11:00,8,236,14,53.3,15.86,0.03172
2020-08-23 15:11:00,8,236,15,278.4,15.33,0.22097
2020-08-23 16:11:00,8,236,16,67.3,14.8,0.04299
2020-08-23 17:11:00,8,236,17,117.0,14.27,0.08239
2020-08-23 18:11:00,8,236,18,30.9,13.74,0.01512
2020-08-23 19:11:00,8,236,19,0.0,13.74,0.0
2020-08-23 20:11:00,8,236,20,0.0,13.21,0.0
2020-08-23 21:11:00,8,236,21,0.0,13.21,0.0
2020-08-23 22:11:00,8,236,22,0.0,13.21,0.0
2020-08-23 23:11:00,8,236,23,0.0,12.68,0.0
2020-08-24 00:11:00,8,237,0,0.0,12.68,0.0
2020-08-24 01:11:00,8,237,1,0.0,12.68,0.0
2020-08-24 02:11:00,8,237,2,0.0,12.15,0.0
2020-08-24 03:11:00,8,237,3,0.0,12.15,0.0
2020-08-24 04:11:00,8,237,4,0.0,11.61,0.0
2020-08-24 05:11:00,8,237,5,0.0,11.61,0.0
2020-08-24 06:11:00,8,237,6,35.8,11.61,0.01891
2020-08-24 07:11:00,8,237,7,208.1,11.61,0.15935
2020-08-24 08:11:00,8,237,8,524.6,12.15,0.42865
2020-08-24 09:11:00,8,237,9,713.7,12.68,0.58104
2020-08-24 10:11:00,8,237,10,876.0,13.21,0.70303
2020-08-24 11:11:00,8,237,11,954.0,13.74,0.75475
2020-08-24 12:11:00,8,237,12,854.6,14.8,0.67817
2020-08-24 13:11:00,8,237,13,470.4,15.33,0.38167
2020-08-24 14:11:00,8,237,14,149.5,15.86,0.11123
2020-08-24 15:11:00,8,237,15,554.3,15.86,0.44558
2020-08-24 16:11:00,8,237,16,266.9,15.86,0.20832
2020-08-24 17:11:00,8,237,17,158.7,15.86,0.1102
2020-08-24 18:11:00,8,237,18,40.5,14.8,0.02203
2020-08-24 19:11:00,8,237,19,0.0,13.21,0.0
2020-08-24 20:11:00,8,237,20,0.0,12.15,0.0
2020-08-24 21:11:00,8,237,21,0.0,11.61,0.0
2020-08-24 22:11:00,8,237,22,0.0,11.61,0.0
2020-08-24 23:11:00,8,237,23,0.0,11.61,0.0
2020-08-25 00:11:00,8,238,0,0.0,11.61,0.0
2020-08-25 01:11:00,8,238,1,0.0,11.61,0.0
2020-08-25 02:11:00,8,238,2,0.0,12.15,0.0
2020-08-25 03:11:00,8,238,3,0.0,12.15,0.0
2020-08-25 04:11:00,8,238,4,0.0,12.68,0.0
2020-08-25 05:11:00,8,238,5,0.0,12.68,0.0
2020-08-25 06:11:00,8,238,6,43.3,13.21,0.02395
2020-08-25 07:11:00,8,238,7,21.8,13.21,0.0089
2020-08-25 08:11:00,8,238,8,69.9,13.74,0.04558
2020-08-25 09:11:00,8,238,9,67.3,13.74,0.04345
2020-08-25 10:11:00,8,238,10,111.9,14.27,0.08064
2020-08-25 11:11:00,8,238,11,141.6,14.8,0.10594
2020-08-25 12:11:00,8,238,12,90.0,14.8,0.06196
2020-08-25 13:11:00,8,238,13,167.0,14.8,0.12771
2020-08-25 14:11:00,8,238,14,174.6,16.92,0.13279
2020-08-25 15:11:00,8,238,15,139.9,18.51,0.10223
2020-08-25 16:11:00,8,238,16,128.5,17.45,0.09308
2020-08-25 17:11:00,8,238,17,120.8,16.39,0.08422
2020-08-25 18:11:00,8,238,18,36.5,15.86,0.01896
2020-08-25 19:11:00,8,238,19,0.0,15.33,0.0
2020-08-25 20:11:00,8,238,20,0.0,15.33,0.0
2020-08-25 21:11:00,8,238,21,0.0,14.8,0.0
2020-08-25 22:11:00,8,238,22,0.0,14.8,0.0
2020-08-25 23:11:00,8,238,23,0.0,14.8,0.0
2020-08-26 00:11:00,8,239,0,0.0,14.27,0.0
2020-08-26 01:11:00,8,239,1,0.0,14.27,0.0
2020-08-26 02:11:00,8,239,2,0.0,14.27,0.0
2020-08-26 03:11:00,8,239,3,0.0,13.74,0.0
2020-08-26 04:11:00,8,239,4,0.0,13.21,0.0
2020-08-26 05:11:00,8,239,5,0.0,13.21,0.0
2020-08-26 06:11:00,8,239,6,12.2,13.21,0.00304
2020-08-26 07:11:00,8,239,7,82.6,12.68,0.05632
2020-08-26 08:11:00,8,239,8,129.8,13.21,0.09649
2020-08-26 09:11:00,8,239,9,167.6,13.21,0.1292
2020-08-26 10:11:00,8,239,10,217.2,13.74,0.17237
2020-08-26 11:11:00,8,239,11,428.0,14.27,0.35483
2020-08-26 12:11:00,8,239,12,349.5,14.27,0.28619
2020-08-26 13:11:00,8,239,13,305.1,14.27,0.2471
2020-08-26 14:11:00,8,239,14,99.7,14.27,0.07001
2020-08-26 15:11:00,8,239,15,161.0,13.74,0.12247
2020-08-26 16:11:00,8,239,16,177.4,13.74,0.13601
2020-08-26 17:11:00,8,239,17,83.7,13.21,0.0566
2020-08-26 18:11:00,8,239,18,23.8,13.21,0.01019
2020-08-26 19:11:00,8,239,19,0.0,12.68,0.0
2020-08-26 20:11:00,8,239,20,0.0,12.15,0.0
2020-08-26 21:11:00,8,239,21,0.0,11.61,0.0
2020-08-26 22:11:00,8,239,22,0.0,11.61,0.0
2020-08-26 23:11:00,8,239,23,0.0,11.61,0.0
2020-08-27 00:11:00,8,240,0,0.0,11.61,0.0
2020-08-27 01:11:00,8,240,1,0.0,11.09,0.0
2020-08-27 02:11:00,8,240,2,0.0,11.09,0.0
2020-08-27 03:11:00,8,240,3,0.0,11.09,0.0
2020-08-27 04:11:00,8,240,4,0.0,11.09,0.0
2020-08-27 05:11:00,8,240,5,0.0,11.09,0.0
2020-08-27 06:11:00,8,240,6,14.9,11.61,0.00456
2020-08-27 07:11:00,8,240,7,28.0,11.61,0.01318
2020-08-27 08:11:00,8,240,8,68.2,12.68,0.04424
2020-08-27 09:11:00,8,240,9,163.2,13.74,0.12443
2020-08-27 10:11:00,8,240,10,394.6,14.8,0.32252
2020-08-27 11:11:00,8,240,11,94.4,15.33,0.06533
2020-08-27 12:11:00,8,240,12,268.4,15.86,0.214
2020-08-27 13:11:00,8,240,13,138.1,15.33,0.10242
2020-08-27 14:11:00,8,240,14,167.8,14.8,0.12837
2020-08-27 15:11:00,8,240,15,117.1,14.27,0.08501
2020-08-27 16:11:00,8,240,16,59.4,13.21,0.03712
2020-08-27 17:11:00,8,240,17,24.5,13.21,0.01066
2020-08-27 18:11:00,8,240,18,40.5,13.21,0.02223
2020-08-27 19:11:00,8,240,19,0.0,12.68,0.0
2020-08-27 20:11:00,8,240,20,0.0,12.68,0.0
2020-08-27 21:11:00,8,240,21,0.0,12.68,0.0
2020-08-27 22:11:00,8,240,22,0.0,12.68,0.0
2020-08-27 23:11:00,8,240,23,0.0,12.15,0.0
2020-08-28 00:11:00,8,241,0,0.0,12.15,0.0
2020-08-28 01:11:00,8,241,1,0.0,12.15,0.0
2020-08-28 02:11:00,8,241,2,0.0,12.15,0.0
2020-08-28 03:11:00,8,241,3,0.0,12.15,0.0
2020-08-28 04:11:00,8,241,4,0.0,12.15,0.0
2020-08-28 05:11:00,8,241,5,0.0,12.15,0.0
2020-08-28 06:11:00,8,241,6,9.6,11.61,0.00171
2020-08-28 07:11:00,8,241,7,45.5,11.61,0.02631
2020-08-28 08:11:00,8,241,8,175.5,12.15,0.13715
2020-08-28 09:11:00,8,241,9,321.8,12.68,0.26651
2020-08-28 10:11:00,8,241,10,454.4,13.21,0.38192
2020-08-28 11:11:00,8,241,11,376.0,13.74,0.31281
2020-08-28 12:11:00,8,241,12,232.2,13.21,0.18648
2020-08-28 13:11:00,8,241,13,212.2,12.68,0.16918
2020-08-28 14:11:00,8,241,14,143.4,12.68,0.1087
2020-08-28 15:11:00,8,241,15,166.0,12.68,0.12855
2020-08-28 16:11:00,8,241,16,178.6,12.68,0.13917
2020-08-28 17:11:00,8,241,17,48.1,12.15,0.0283
2020-08-28 18:11:00,8,241,18,23.8,11.61,0.0103
2020-08-28 19:11:00,8,241,19,0.0,11.09,0.0
2020-08-28 20:11:00,8,241,20,0.0,11.09,0.0
2020-08-28 21:11:00,8,241,21,0.0,11.09,0.0
2020-08-28 22:11:00,8,241,22,0.0,10.55,0.0
2020-08-28 23:11:00,8,241,23,0.0,10.55,0.0
2020-08-29 00:11:00,8,242,0,0.0,10.55,0.0
2020-08-29 01:11:00,8,242,1,0.0,10.55,0.0
2020-08-29 02:11:00,8,242,2,0.0,10.55,0.0
2020-08-29 03:11:00,8,242,3,0.0,10.55,0.0
2020-08-29 04:11:00,8,242,4,0.0,10.02,0.0
2020-08-29 05:11:00,8,242,5,0.0,10.02,0.0
2020-08-29 06:11:00,8,242,6,23.6,9.49,0.01029
2020-08-29 07:11:00,8,242,7,120.1,10.02,0.08861
2020-08-29 08:11:00,8,242,8,291.8,10.55,0.24278
2020-08-29 09:11:00,8,242,9,106.6,11.61,0.07729
2020-08-29 10:11:00,8,242,10,130.2,12.15,0.09754
2020-08-29 11:11:00,8,242,11,100.5,12.15,0.07182
2020-08-29 12:11:00,8,242,12,114.5,12.15,0.08385
2020-08-29 13:11:00,8,242,13,94.4,12.15,0.06655
2020-08-29 14:11:00,8,242,14,69.1,12.15,0.04525
2020-08-29 15:11:00,8,242,15,212.8,12.15,0.17027
2020-08-29 16:11:00,8,242,16,165.2,12.15,0.1277
2020-08-29 17:11:00,8,242,17,159.1,12.15,0.10876
2020-08-29 18:11:00,8,242,18,36.5,11.61,0.01943
2020-08-29 19:11:00,8,242,19,0.0,10.55,0.0
2020-08-29 20:11:00,8,242,20,0.0,10.55,0.0
2020-08-29 21:11:00,8,242,21,0.0,10.02,0.0
2020-08-29 22:11:00,8,242,22,0.0,10.02,0.0
2020-08-29 23:11:00,8,242,23,0.0,9.49,0.0
2020-08-30 00:11:00,8,243,0,0.0,9.49,0.0
2020-08-30 01:11:00,8,243,1,0.0,9.49,0.0
2020-08-30 02:11:00,8,243,2,0.0,9.49,0.0
2020-08-30 03:11:00,8,243,3,0.0,8.96,0.0
2020-08-30 04:11:00,8,243,4,0.0,8.96,0.0
2020-08-30 05:11:00,8,243,5,0.0,8.43,0.0
2020-08-30 06:11:00,8,243,6,46.2,8.43,0.02579
2020-08-30 07:11:00,8,243,7,135.8,9.49,0.10185
2020-08-30 08:11:00,8,243,8,275.1,10.55,0.22642
2020-08-30 09:11:00,8,243,9,462.5,11.09,0.38976
2020-08-30 10:11:00,8,243,10,177.4,12.15,0.13812
2020-08-30 11:11:00,8,243,11,295.6,12.68,0.24089
2020-08-30 12:11:00,8,243,12,194.8,13.21,0.15233
2020-08-30 13:11:00,8,243,13,742.7,13.74,0.60638
2020-08-30 14:11:00,8,243,14,372.3,13.74,0.30515
2020-08-30 15:11:00,8,243,15,513.0,13.74,0.42228
2020-08-30 16:11:00,8,243,16,391.2,13.21,0.31376
2020-08-30 17:11:00,8,243,17,150.8,12.68,0.1028
2020-08-30 18:11:00,8,243,18,30.9,12.15,0.01526
2020-08-30 19:11:00,8,243,19,0.0,11.61,0.0
2020-08-30 20:11:00,8,243,20,0.0,10.55,0.0
2020-08-30 21:11:00,8,243,21,0.0,10.55,0.0
2020-08-30 22:11:00,8,243,22,0.0,10.55,0.0
2020-08-30 23:11:00,8,243,23,0.0,10.02,0.0
2020-08-31 00:11:00,8,244,0,0.0,8.43,0.0
2020-08-31 01:11:00,8,244,1,0.0,8.43,0.0
2020-08-31 02:11:00,8,244,2,0.0,7.9,0.0
2020-08-31 03:11:00,8,244,3,0.0,8.43,0.0
2020-08-31 04:11:00,8,244,4,0.0,8.43,0.0
2020-08-31 05:11:00,8,244,5,0.0,7.9,0.0
2020-08-31 06:11:00,8,244,6,56.0,8.43,0.03077
2020-08-31 07:11:00,8,244,7,275.5,9.49,0.21372
2020-08-31 08:11:00,8,244,8,521.9,11.61,0.42569
2020-08-31 09:11:00,8,244,9,720.2,12.68,0.58173
2020-08-31 10:11:00,8,244,10,570.7,13.74,0.46366
2020-08-31 11:11:00,8,244,11,739.3,13.74,0.59134
2020-08-31 12:11:00,8,244,12,786.8,14.27,0.62755
2020-08-31 13:11:00,8,244,13,899.8,14.8,0.71013
2020-08-31 14:11:00,8,244,14,794.1,14.8,0.63767
2020-08-31 15:11:00,8,244,15,649.4,14.8,0.52827
2020-08-31 16:11:00,8,244,16,415.3,14.27,0.33043
2020-08-31 17:11:00,8,244,17,168.6,14.27,0.10886
2020-08-31 18:11:00,8,244,18,26.2,13.21,0.01182
2020-08-31 19:11:00,8,244,19,0.0,12.68,0.0
2020-08-31 20:11:00,8,244,20,0.0,12.15,0.0
2020-08-31 21:11:00,8,244,21,0.0,12.15,0.0
2020-08-31 22:11:00,8,244,22,0.0,11.61,0.0
2020-08-31 23:11:00,8,244,23,0.0,11.09,0.0
2020-09-01 00:11:00,9,245,0,0.0,10.55,0.0
2020-09-01 01:11:00,9,245,1,0.0,10.02,0.0
2020-09-01 02:11:00,9,245,2,0.0,9.49,0.0
2020-09-01 03:11:00,9,245,3,0.0,8.96,0.0
2020-09-01 04:11:00,9,245,4,0.0,8.43,0.0
2020-09-01 05:11:00,9,245,5,0.0,7.9,0.0
2020-09-01 06:11:00,9,245,6,73.8,7.9,0.03654
2020-09-01 07:11:00,9,245,7,282.1,9.49,0.2195
2020-09-01 08:11:00,9,245,8,506.5,12.15,0.41553
2020-09-01 09:11:00,9,245,9,723.5,13.74,0.588
2020-09-01 10:11:00,9,245,10,882.6,15.33,0.70425
2020-09-01 11:11:00,9,245,11,759.8,16.39,0.61067
2020-09-01 12:11:00,9,245,12,743.2,16.92,0.59547
2020-09-01 13:11:00,9,245,13,520.1,17.45,0.42044
2020-09-01 14:11:00,9,245,14,259.2,17.45,0.20391
2020-09-01 15:11:00,9,245,15,224.3,17.45,0.17437
2020-09-01 16:11:00,9,245,16,159.6,16.92,0.11921
2020-09-01 17:11:00,9,245,17,89.6,16.92,0.05963
2020-09-01 18:11:00,9,245,18,23.8,15.86,0.01004
2020-09-01 19:11:00,9,245,19,0.0,14.8,0.0
2020-09-01 20:11:00,9,245,20,0.0,14.27,0.0
2020-09-01 21:11:00,9,245,21,0.0,13.21,0.0
2020-09-01 22:11:00,9,245,22,0.0,12.15,0.0
2020-09-01 23:11:00,9,245,23,0.0,11.61,0.0
2020-09-02 00:11:00,9,246,0,0.0,11.61,0.0
2020-09-02 01:11:00,9,246,1,0.0,11.09,0.0
2020-09-02 02:11:00,9,246,2,0.0,10.55,0.0
2020-09-02 03:11:00,9,246,3,0.0,10.55,0.0
2020-09-02 04:11:00,9,246,4,0.0,10.02,0.0
2020-09-02 05:11:00,9,246,5,0.0,10.55,0.0
2020-09-02 06:11:00,9,246,6,48.0,11.09,0.02513
2020-09-02 07:11:00,9,246,7,143.9,12.15,0.10672
2020-09-02 08:11:00,9,246,8,287.7,13.74,0.23369
2020-09-02 09:11:00,9,246,9,655.0,15.33,0.54247
2020-09-02 10:11:00,9,246,10,416.5,15.86,0.34319
2020-09-02 11:11:00,9,246,11,220.3,16.92,0.17231
2020-09-02 12:11:00,9,246,12,137.2,17.45,0.10077
2020-09-02 13:11:00,9,246,13,187.0,16.92,0.14343
2020-09-02 14:11:00,9,246,14,164.2,15.86,0.12453
2020-09-02 15:11:00,9,246,15,137.0,15.33,0.1015
2020-09-02 16:11:00,9,246,16,37.6,14.8,0.01992
2020-09-02 17:11:00,9,246,17,26.2,14.27,0.01179
2020-09-02 18:11:00,9,246,18,24.6,14.27,0.01068
2020-09-02 19:11:00,9,246,19,0.0,14.27,0.0
2020-09-02 20:11:00,9,246,20,0.0,14.27,0.0
2020-09-02 21:11:00,9,246,21,0.0,14.8,0.0
2020-09-02 22:11:00,9,246,22,0.0,14.8,0.0
2020-09-02 23:11:00,9,246,23,0.0,15.33,0.0
2020-09-03 00:11:00,9,247,0,0.0,15.86,0.0
2020-09-03 01:11:00,9,247,1,0.0,16.39,0.0
2020-09-03 02:11:00,9,247,2,0.0,16.39,0.0
2020-09-03 03:11:00,9,247,3,0.0,16.92,0.0
2020-09-03 04:11:00,9,247,4,0.0,16.92,0.0
2020-09-03 05:11:00,9,247,5,0.0,16.39,0.0
2020-09-03 06:11:00,9,247,6,18.4,14.8,0.00658
2020-09-03 07:11:00,9,247,7,272.0,15.33,0.20806
2020-09-03 08:11:00,9,247,8,396.6,15.33,0.32588
2020-09-03 09:11:00,9,247,9,611.4,15.86,0.50782
2020-09-03 10:11:00,9,247,10,660.8,16.92,0.54711
2020-09-03 11:11:00,9,247,11,491.0,17.45,0.4054
2020-09-03 12:11:00,9,247,12,508.7,17.98,0.41916
2020-09-03 13:11:00,9,247,13,458.9,17.98,0.37705
2020-09-03 14:11:00,9,247,14,334.0,17.45,0.27087
2020-09-03 15:11:00,9,247,15,617.4,17.45,0.5096
2020-09-03 16:11:00,9,247,16,394.6,17.45,0.31338
2020-09-03 17:11:00,9,247,17,106.0,16.39,0.07106
2020-09-03 18:11:00,9,247,18,25.4,15.33,0.01115
2020-09-03 19:11:00,9,247,19,0.0,14.8,0.0
2020-09-03 20:11:00,9,247,20,0.0,14.27,0.0
2020-09-03 21:11:00,9,247,21,0.0,14.27,0.0
2020-09-03 22:11:00,9,247,22,0.0,13.74,0.0
2020-09-03 23:11:00,9,247,23,0.0,13.21,0.0
2020-09-04 00:11:00,9,248,0,0.0,12.15,0.0
2020-09-04 01:11:00,9,248,1,0.0,11.61,0.0
2020-09-04 02:11:00,9,248,2,0.0,11.61,0.0
2020-09-04 03:11:00,9,248,3,0.0,11.09,0.0
2020-09-04 04:11:00,9,248,4,0.0,11.09,0.0
2020-09-04 05:11:00,9,248,5,0.0,11.09,0.0
2020-09-04 06:11:00,9,248,6,38.2,11.09,0.01948
2020-09-04 07:11:00,9,248,7,189.3,12.15,0.14447
2020-09-04 08:11:00,9,248,8,284.6,13.21,0.23253
2020-09-04 09:11:00,9,248,9,312.7,14.27,0.25659
2020-09-04 10:11:00,9,248,10,597.6,14.8,0.50036
2020-09-04 11:11:00,9,248,11,677.6,15.33,0.56541
2020-09-04 12:11:00,9,248,12,535.7,14.8,0.44791
2020-09-04 13:11:00,9,248,13,560.0,15.33,0.46777
2020-09-04 14:11:00,9,248,14,341.6,15.33,0.28062
2020-09-04 15:11:00,9,248,15,292.7,15.33,0.23785
2020-09-04 16:11:00,9,248,16,146.6,15.33,0.10969
2020-09-04 17:11:00,9,248,17,109.6,14.8,0.07352
2020-09-04 18:11:00,9,248,18,23.0,13.74,0.00964
2020-09-04 19:11:00,9,248,19,0.0,13.21,0.0
2020-09-04 20:11:00,9,248,20,0.0,12.15,0.0
2020-09-04 21:11:00,9,248,21,0.0,11.61,0.0
2020-09-04 22:11:00,9,248,22,0.0,11.61,0.0
2020-09-04 23:11:00,9,248,23,0.0,11.09,0.0
2020-09-05 00:11:00,9,249,0,0.0,11.09,0.0
2020-09-05 01:11:00,9,249,1,0.0,10.55,0.0
2020-09-05 02:11:00,9,249,2,0.0,10.02,0.0
2020-09-05 03:11:00,9,249,3,0.0,10.02,0.0
2020-09-05 04:11:00,9,249,4,0.0,9.49,0.0
2020-09-05 05:11:00,9,249,5,0.0,9.49,0.0
2020-09-05 06:11:00,9,249,6,60.2,9.49,0.02993
2020-09-05 07:11:00,9,249,7,275.2,10.55,0.21579
2020-09-05 08:11:00,9,249,8,495.6,11.61,0.41914
2020-09-05 09:11:00,9,249,9,699.8,12.68,0.59306
2020-09-05 10:11:00,9,249,10,713.7,13.21,0.60211
2020-09-05 11:11:00,9,249,11,560.8,14.27,0.47012
2020-09-05 12:11:00,9,249,12,434.0,14.27,0.36169
2020-09-05 13:11:00,9,249,13,528.1,14.8,0.44179
2020-09-05 14:11:00,9,249,14,204.0,14.8,0.16017
2020-09-05 15:11:00,9,249,15,260.9,14.27,0.21062
2020-09-05 16:11:00,9,249,16,325.3,13.74,0.26135
2020-09-05 17:11:00,9,249,17,104.8,13.21,0.07032
2020-09-05 18:11:00,9,249,18,21.4,12.68,0.00864
2020-09-05 19:11:00,9,249,19,0.0,11.61,0.0
2020-09-05 20:11:00,9,249,20,0.0,11.09,0.0
2020-09-05 21:11:00,9,249,21,0.0,10.55,0.0
2020-09-05 22:11:00,9,249,22,0.0,10.55,0.0
2020-09-05 23:11:00,9,249,23,0.0,10.55,0.0
2020-09-06 00:11:00,9,250,0,0.0,11.09,0.0
2020-09-06 01:11:00,9,250,1,0.0,11.09,0.0
2020-09-06 02:11:00,9,250,2,0.0,11.09,0.0
2020-09-06 03:11:00,9,250,3,0.0,11.09,0.0
2020-09-06 04:11:00,9,250,4,0.0,11.09,0.0
2020-09-06 05:11:00,9,250,5,0.0,10.55,0.0
2020-09-06 06:11:00,9,250,6,8.7,10.55,0.0013
2020-09-06 07:11:00,9,250,7,123.0,11.09,0.08977
2020-09-06 08:11:00,9,250,8,103.1,12.15,0.07372
2020-09-06 09:11:00,9,250,9,147.8,12.68,0.11179
2020-09-06 10:11:00,9,250,10,189.0,13.21,0.14694
2020-09-06 11:11:00,9,250,11,202.0,13.21,0.15795
2020-09-06 12:11:00,9,250,12,401.8,13.21,0.32947
2020-09-06 13:11:00,9,250,13,409.0,13.21,0.33617
2020-09-06 14:11:00,9,250,14,268.2,13.74,0.21525
2020-09-06 15:11:00,9,250,15,548.2,13.21,0.45107
2020-09-06 16:11:00,9,250,16,334.9,13.21,0.26674
2020-09-06 17:11:00,9,250,17,76.1,12.68,0.04958
2020-09-06 18:11:00,9,250,18,11.1,12.15,0.00245
2020-09-06 19:11:00,9,250,19,0.0,11.61,0.0
2020-09-06 20:11:00,9,250,20,0.0,11.09,0.0
2020-09-06 21:11:00,9,250,21,0.0,10.55,0.0
2020-09-06 22:11:00,9,250,22,0.0,10.02,0.0
2020-09-06 23:11:00,9,250,23,0.0,10.55,0.0
2020-09-07 00:11:00,9,251,0,0.0,10.02,0.0
2020-09-07 01:11:00,9,251,1,0.0,10.02,0.0
2020-09-07 02:11:00,9,251,2,0.0,9.49,0.0
2020-09-07 03:11:00,9,251,3,0.0,10.02,0.0
2020-09-07 04:11:00,9,251,4,0.0,10.55,0.0
2020-09-07 05:11:00,9,251,5,0.0,11.09,0.0
2020-09-07 06:11:00,9,251,6,29.8,11.61,0.01344
2020-09-07 07:11:00,9,251,7,38.5,12.15,0.02085
2020-09-07 08:11:00,9,251,8,240.6,13.21,0.19409
2020-09-07 09:11:00,9,251,9,97.0,13.74,0.0682
2020-09-07 10:11:00,9,251,10,94.4,14.27,0.0658
2020-09-07 11:11:00,9,251,11,197.7,15.33,0.15453
2020-09-07 12:11:00,9,251,12,152.1,15.86,0.11441
2020-09-07 13:11:00,9,251,13,203.6,15.86,0.15911
2020-09-07 14:11:00,9,251,14,292.8,16.39,0.23711
2020-09-07 15:11:00,9,251,15,327.2,16.39,0.26697
2020-09-07 16:11:00,9,251,16,235.1,16.92,0.18274
2020-09-07 17:11:00,9,251,17,72.6,16.39,0.046
2020-09-07 18:11:00,9,251,18,5.6,16.39,0.0
2020-09-07 19:11:00,9,251,19,0.0,16.39,0.0
2020-09-07 20:11:00,9,251,20,0.0,16.39,0.0
2020-09-07 21:11:00,9,251,21,0.0,16.39,0.0
2020-09-07 22:11:00,9,251,22,0.0,16.39,0.0
2020-09-07 23:11:00,9,251,23,0.0,16.39,0.0
2020-09-08 00:11:00,9,252,0,0.0,16.39,0.0
2020-09-08 01:11:00,9,252,1,0.0,15.86,0.0
2020-09-08 02:11:00,9,252,2,0.0,15.33,0.0
2020-09-08 03:11:00,9,252,3,0.0,14.8,0.0
2020-09-08 04:11:00,9,252,4,0.0,14.27,0.0
2020-09-08 05:11:00,9,252,5,0.0,14.27,0.0
2020-09-08 06:11:00,9,252,6,27.0,13.74,0.01163
2020-09-08 07:11:00,9,252,7,192.6,15.86,0.1441
2020-09-08 08:11:00,9,252,8,120.8,16.92,0.08708
2020-09-08 09:11:00,9,252,9,156.7,17.45,0.11744
2020-09-08 10:11:00,9,252,10,469.1,18.51,0.38513
2020-09-08 11:11:00,9,252,11,392.4,19.57,0.3177
2020-09-08 12:11:00,9,252,12,832.0,19.57,0.67396
2020-09-08 13:11:00,9,252,13,750.2,20.1,0.61016
2020-09-08 14:11:00,9,252,14,386.7,20.1,0.31301
2020-09-08 15:11:00,9,252,15,70.8,20.1,0.04485
2020-09-08 16:11:00,9,252,16,131.4,19.04,0.09471
2020-09-08 17:11:00,9,252,17,73.6,18.51,0.04605
2020-09-08 18:11:00,9,252,18,12.7,18.51,0.00317
2020-09-08 19:11:00,9,252,19,0.0,18.51,0.0
2020-09-08 20:11:00,9,252,20,0.0,18.51,0.0
2020-09-08 21:11:00,9,252,21,0.0,18.51,0.0
2020-09-08 22:11:00,9,252,22,0.0,18.51,0.0
2020-09-08 23:11:00,9,252,23,0.0,18.51,0.0
2020-09-09 00:11:00,9,253,0,0.0,18.51,0.0
2020-09-09 01:11:00,9,253,1,0.0,18.51,0.0
2020-09-09 02:11:00,9,253,2,0.0,17.98,0.0
2020-09-09 03:11:00,9,253,3,0.0,17.98,0.0
2020-09-09 04:11:00,9,253,4,0.0,16.39,0.0
2020-09-09 05:11:00,9,253,5,0.0,14.27,0.0
2020-09-09 06:11:00,9,253,6,50.2,12.68,0.02192
2020-09-09 07:11:00,9,253,7,268.3,12.15,0.20888
2020-09-09 08:11:00,9,253,8,502.8,12.68,0.42291
2020-09-09 09:11:00,9,253,9,729.9,13.74,0.61372
2020-09-09 10:11:00,9,253,10,687.4,14.8,0.57536
2020-09-09 11:11:00,9,253,11,834.6,15.86,0.69067
2020-09-09 12:11:00,9,253,12,822.8,15.86,0.67986
2020-09-09 13:11:00,9,253,13,472.0,15.86,0.39179
2020-09-09 14:11:00,9,253,14,484.8,15.86,0.40315
2020-09-09 15:11:00,9,253,15,537.2,15.86,0.44703
2020-09-09 16:11:00,9,253,16,354.9,15.86,0.28257
2020-09-09 17:11:00,9,253,17,117.0,15.33,0.07419
2020-09-09 18:11:00,9,253,18,13.5,14.27,0.0037
2020-09-09 19:11:00,9,253,19,0.0,13.74,0.0
2020-09-09 20:11:00,9,253,20,0.0,12.68,0.0
2020-09-09 21:11:00,9,253,21,0.0,11.61,0.0
2020-09-09 22:11:00,9,253,22,0.0,10.55,0.0
2020-09-09 23:11:00,9,253,23,0.0,10.02,0.0
2020-09-10 00:11:00,9,254,0,0.0,9.49,0.0
2020-09-10 01:11:00,9,254,1,0.0,8.96,0.0
2020-09-10 02:11:00,9,254,2,0.0,8.43,0.0
2020-09-10 03:11:00,9,254,3,0.0,8.43,0.0
2020-09-10 04:11:00,9,254,4,0.0,7.9,0.0
2020-09-10 05:11:00,9,254,5,0.0,7.9,0.0
2020-09-10 06:11:00,9,254,6,42.0,7.9,0.01883
2020-09-10 07:11:00,9,254,7,268.3,8.43,0.2106
2020-09-10 08:11:00,9,254,8,479.3,10.55,0.3998
2020-09-10 09:11:00,9,254,9,691.7,12.15,0.57236
2020-09-10 10:11:00,9,254,10,732.7,13.21,0.60224
2020-09-10 11:11:00,9,254,11,415.1,13.74,0.34207
2020-09-10 12:11:00,9,254,12,352.2,13.74,0.2888
2020-09-10 13:11:00,9,254,13,181.0,14.27,0.13979
2020-09-10 14:11:00,9,254,14,236.2,14.27,0.18824
2020-09-10 15:11:00,9,254,15,136.1,13.74,0.10149
2020-09-10 16:11:00,9,254,16,89.7,13.21,0.06206
2020-09-10 17:11:00,9,254,17,45.5,12.68,0.02613
2020-09-10 18:11:00,9,254,18,3.2,12.15,0.0
2020-09-10 19:11:00,9,254,19,0.0,11.61,0.0
2020-09-10 20:11:00,9,254,20,0.0,11.61,0.0
2020-09-10 21:11:00,9,254,21,0.0,11.09,0.0
2020-09-10 22:11:00,9,254,22,0.0,11.09,0.0
2020-09-10 23:11:00,9,254,23,0.0,11.09,0.0
2020-09-11 00:11:00,9,255,0,0.0,11.09,0.0
2020-09-11 01:11:00,9,255,1,0.0,11.09,0.0
2020-09-11 02:11:00,9,255,2,0.0,11.09,0.0
2020-09-11 03:11:00,9,255,3,0.0,11.09,0.0
2020-09-11 04:11:00,9,255,4,0.0,11.61,0.0
2020-09-11 05:11:00,9,255,5,0.0,11.61,0.0
2020-09-11 06:11:00,9,255,6,19.7,11.61,0.00718
2020-09-11 07:11:00,9,255,7,42.8,12.15,0.02419
2020-09-11 08:11:00,9,255,8,208.7,12.68,0.16632
2020-09-11 09:11:00,9,255,9,627.1,13.74,0.52818
2020-09-11 10:11:00,9,255,10,333.7,14.8,0.27506
2020-09-11 11:11:00,9,255,11,227.5,15.86,0.18025
2020-09-11 12:11:00,9,255,12,179.3,16.39,0.13774
2020-09-11 13:11:00,9,255,13,131.1,15.86,0.09647
2020-09-11 14:11:00,9,255,14,223.1,15.33,0.17663
2020-09-11 15:11:00,9,255,15,250.6,15.33,0.2008
2020-09-11 16:11:00,9,255,16,133.7,15.33,0.0984
2020-09-11 17:11:00,9,255,17,60.6,14.8,0.03694
2020-09-11 18:11:00,9,255,18,8.7,14.27,0.00125
2020-09-11 19:11:00,9,255,19,0.0,14.27,0.0
2020-09-11 20:11:00,9,255,20,0.0,13.74,0.0
2020-09-11 21:11:00,9,255,21,0.0,13.74,0.0
2020-09-11 22:11:00,9,255,22,0.0,13.21,0.0
2020-09-11 23:11:00,9,255,23,0.0,12.68,0.0
2020-09-12 00:11:00,9,256,0,0.0,12.15,0.0
2020-09-12 01:11:00,9,256,1,0.0,11.61,0.0
2020-09-12 02:11:00,9,256,2,0.0,11.09,0.0
2020-09-12 03:11:00,9,256,3,0.0,10.55,0.0
2020-09-12 04:11:00,9,256,4,0.0,10.55,0.0
2020-09-12 05:11:00,9,256,5,0.0,10.02,0.0
2020-09-12 06:11:00,9,256,6,8.7,10.02,0.00131
2020-09-12 07:11:00,9,256,7,104.3,11.09,0.07427
2020-09-12 08:11:00,9,256,8,257.2,12.15,0.20975
2020-09-12 09:11:00,9,256,9,323.5,13.21,0.26811
2020-09-12 10:11:00,9,256,10,500.2,13.74,0.42015
2020-09-12 11:11:00,9,256,11,598.7,14.27,0.50165
2020-09-12 12:11:00,9,256,12,940.3,14.8,0.7765
2020-09-12 13:11:00,9,256,13,672.9,15.33,0.56162
2020-09-12 14:11:00,9,256,14,432.6,15.33,0.35948
2020-09-12 15:11:00,9,256,15,314.9,15.33,0.25673
2020-09-12 16:11:00,9,256,16,83.0,15.33,0.05596
2020-09-12 17:11:00,9,256,17,79.4,14.8,0.0496
2020-09-12 18:11:00,9,256,18,0.0,13.74,0.0
2020-09-12 19:11:00,9,256,19,0.0,13.21,0.0
2020-09-12 20:11:00,9,256,20,0.0,12.68,0.0
2020-09-12 21:11:00,9,256,21,0.0,13.21,0.0
2020-09-12 22:11:00,9,256,22,0.0,13.21,0.0
2020-09-12 23:11:00,9,256,23,0.0,13.21,0.0
2020-09-13 00:11:00,9,257,0,0.0,13.74,0.0
2020-09-13 01:11:00,9,257,1,0.0,14.8,0.0
2020-09-13 02:11:00,9,257,2,0.0,15.33,0.0
2020-09-13 03:11:00,9,257,3,0.0,15.33,0.0
2020-09-13 04:11:00,9,257,4,0.0,15.86,0.0
2020-09-13 05:11:00,9,257,5,0.0,15.86,0.0
2020-09-13 06:11:00,9,257,6,19.9,15.86,0.00707
2020-09-13 07:11:00,9,257,7,140.1,15.86,0.10179
2020-09-13 08:11:00,9,257,8,198.2,16.39,0.15461
2020-09-13 09:11:00,9,257,9,125.0,17.45,0.09056
2020-09-13 10:11:00,9,257,10,284.7,17.98,0.22887
2020-09-13 11:11:00,9,257,11,231.5,18.51,0.18157
2020-09-13 12:11:00,9,257,12,1026.9,18.51,0.83815
2020-09-13 13:11:00,9,257,13,939.0,19.04,0.76806
2020-09-13 14:11:00,9,257,14,760.5,19.04,0.62724
2020-09-13 15:11:00,9,257,15,554.5,19.04,0.45633
2020-09-13 16:11:00,9,257,16,340.4,18.51,0.26641
2020-09-13 17:11:00,9,257,17,107.3,18.51,0.06355
2020-09-13 18:11:00,9,257,18,0.0,17.45,0.0
2020-09-13 19:11:00,9,257,19,0.0,16.39,0.0
2020-09-13 20:11:00,9,257,20,0.0,15.86,0.0
2020-09-13 21:11:00,9,257,21,0.0,15.33,0.0
2020-09-13 22:11:00,9,257,22,0.0,14.8,0.0
2020-09-13 23:11:00,9,257,23,0.0,14.8,0.0
2020-09-14 00:11:00,9,258,0,0.0,14.27,0.0
2020-09-14 01:11:00,9,258,1,0.0,14.27,0.0
2020-09-14 02:11:00,9,258,2,0.0,13.74,0.0
2020-09-14 03:11:00,9,258,3,0.0,13.21,0.0
2020-09-14 04:11:00,9,258,4,0.0,12.68,0.0
2020-09-14 05:11:00,9,258,5,0.0,12.15,0.0
2020-09-14 06:11:00,9,258,6,26.6,12.15,0.01022
2020-09-14 07:11:00,9,258,7,186.5,12.68,0.14046
2020-09-14 08:11:00,9,258,8,439.8,14.8,0.35824
2020-09-14 09:11:00,9,258,9,678.4,16.92,0.54687
2020-09-14 10:11:00,9,258,10,794.8,17.98,0.63047
2020-09-14 11:11:00,9,258,11,935.8,19.04,0.7273
2020-09-14 12:11:00,9,258,12,992.6,20.1,0.76249
2020-09-14 13:11:00,9,258,13,874.8,21.16,0.67583
2020-09-14 14:11:00,9,258,14,720.8,21.69,0.56375
2020-09-14 15:11:00,9,258,15,457.6,21.69,0.36013
2020-09-14 16:11:00,9,258,16,248.2,21.16,0.18587
2020-09-14 17:11:00,9,258,17,81.0,20.63,0.04753
2020-09-14 18:11:00,9,258,18,0.0,19.04,0.0
2020-09-14 19:11:00,9,258,19,0.0,18.51,0.0
2020-09-14 20:11:00,9,258,20,0.0,16.92,0.0
2020-09-14 21:11:00,9,258,21,0.0,15.33,0.0
2020-09-14 22:11:00,9,258,22,0.0,14.8,0.0
2020-09-14 23:11:00,9,258,23,0.0,13.74,0.0
2020-09-15 00:11:00,9,259,0,0.0,13.21,0.0
2020-09-15 01:11:00,9,259,1,0.0,13.21,0.0
2020-09-15 02:11:00,9,259,2,0.0,13.21,0.0
2020-09-15 03:11:00,9,259,3,0.0,12.68,0.0
2020-09-15 04:11:00,9,259,4,0.0,12.15,0.0
2020-09-15 05:11:00,9,259,5,0.0,11.09,0.0
2020-09-15 06:11:00,9,259,6,17.5,10.02,0.00574
2020-09-15 07:11:00,9,259,7,155.9,11.61,0.11579
2020-09-15 08:11:00,9,259,8,155.6,15.33,0.11678
2020-09-15 09:11:00,9,259,9,563.8,17.45,0.45144
2020-09-15 10:11:00,9,259,10,710.4,19.04,0.55228
2020-09-15 11:11:00,9,259,11,864.9,20.1,0.64722
2020-09-15 12:11:00,9,259,12,782.4,21.16,0.59546
2020-09-15 13:11:00,9,259,13,612.3,21.69,0.47406
2020-09-15 14:11:00,9,259,14,555.8,22.22,0.43161
2020-09-15 15:11:00,9,259,15,476.1,22.22,0.37055
2020-09-15 16:11:00,9,259,16,151.8,22.22,0.10859
2020-09-15 17:11:00,9,259,17,38.5,21.16,0.01984
2020-09-15 18:11:00,9,259,18,0.0,20.1,0.0
2020-09-15 19:11:00,9,259,19,0.0,19.57,0.0
2020-09-15 20:11:00,9,259,20,0.0,17.98,0.0
2020-09-15 21:11:00,9,259,21,0.0,16.92,0.0
2020-09-15 22:11:00,9,259,22,0.0,16.39,0.0
2020-09-15 23:11:00,9,259,23,0.0,15.86,0.0
2020-09-16 00:11:00,9,260,0,0.0,15.33,0.0
2020-09-16 01:11:00,9,260,1,0.0,14.8,0.0
2020-09-16 02:11:00,9,260,2,0.0,14.8,0.0
2020-09-16 03:11:00,9,260,3,0.0,14.8,0.0
2020-09-16 04:11:00,9,260,4,0.0,13.74,0.0
2020-09-16 05:11:00,9,260,5,0.0,13.21,0.0
2020-09-16 06:11:00,9,260,6,5.2,12.68,0.0
2020-09-16 07:11:00,9,260,7,49.0,12.68,0.02888
2020-09-16 08:11:00,9,260,8,74.3,12.68,0.0494
2020-09-16 09:11:00,9,260,9,73.4,13.21,0.04855
2020-09-16 10:11:00,9,260,10,103.2,13.21,0.07351
2020-09-16 11:11:00,9,260,11,136.4,13.21,0.10203
2020-09-16 12:11:00,9,260,12,103.2,13.74,0.07333
2020-09-16 13:11:00,9,260,13,135.5,13.74,0.10101
2020-09-16 14:11:00,9,260,14,173.4,13.74,0.13394
2020-09-16 15:11:00,9,260,15,132.8,13.21,0.09896
2020-09-16 16:11:00,9,260,16,163.7,13.21,0.12426
2020-09-16 17:11:00,9,260,17,68.2,12.68,0.04083
2020-09-16 18:11:00,9,260,18,0.0,12.15,0.0
2020-09-16 19:11:00,9,260,19,0.0,11.61,0.0
2020-09-16 20:11:00,9,260,20,0.0,11.09,0.0
2020-09-16 21:11:00,9,260,21,0.0,10.55,0.0
2020-09-16 22:11:00,9,260,22,0.0,10.02,0.0
2020-09-16 23:11:00,9,260,23,0.0,10.02,0.0
2020-09-17 00:11:00,9,261,0,0.0,9.49,0.0
2020-09-17 01:11:00,9,261,1,0.0,9.49,0.0
2020-09-17 02:11:00,9,261,2,0.0,8.96,0.0
2020-09-17 03:11:00,9,261,3,0.0,8.43,0.0
2020-09-17 04:11:00,9,261,4,0.0,7.9,0.0
2020-09-17 05:11:00,9,261,5,0.0,9.49,0.0
2020-09-17 06:11:00,9,261,6,15.1,9.49,0.00428
2020-09-17 07:11:00,9,261,7,219.8,9.49,0.16936
2020-09-17 08:11:00,9,261,8,475.9,11.09,0.39498
2020-09-17 09:11:00,9,261,9,712.9,12.15,0.59046
2020-09-17 10:11:00,9,261,10,865.3,13.21,0.70494
2020-09-17 11:11:00,9,261,11,953.6,13.74,0.76443
2020-09-17 12:11:00,9,261,12,1033.0,14.8,0.81206
2020-09-17 13:11:00,9,261,13,888.4,15.86,0.70433
2020-09-17 14:11:00,9,261,14,775.3,15.86,0.62285
2020-09-17 15:11:00,9,261,15,550.8,15.86,0.44831
2020-09-17 16:11:00,9,261,16,323.7,15.33,0.2529
2020-09-17 17:11:00,9,261,17,90.9,14.27,0.05299
2020-09-17 18:11:00,9,261,18,0.0,13.21,0.0
2020-09-17 19:11:00,9,261,19,0.0,12.15,0.0
2020-09-17 20:11:00,9,261,20,0.0,11.09,0.0
2020-09-17 21:11:00,9,261,21,0.0,10.55,0.0
2020-09-17 22:11:00,9,261,22,0.0,10.02,0.0
2020-09-17 23:11:00,9,261,23,0.0,9.49,0.0
2020-09-18 00:11:00,9,262,0,0.0,8.43,0.0
2020-09-18 01:11:00,9,262,1,0.0,7.9,0.0
2020-09-18 02:11:00,9,262,2,0.0,8.43,0.0
2020-09-18 03:11:00,9,262,3,0.0,8.96,0.0
2020-09-18 04:11:00,9,262,4,0.0,8.96,0.0
2020-09-18 05:11:00,9,262,5,0.0,8.43,0.0
2020-09-18 06:11:00,9,262,6,19.7,7.9,0.00593
2020-09-18 07:11:00,9,262,7,161.0,7.9,0.12183
2020-09-18 08:11:00,9,262,8,437.0,9.49,0.36152
2020-09-18 09:11:00,9,262,9,638.4,11.09,0.52437
2020-09-18 10:11:00,9,262,10,848.7,12.68,0.68956
2020-09-18 11:11:00,9,262,11,944.6,13.74,0.76089
2020-09-18 12:11:00,9,262,12,1028.0,14.27,0.82468
2020-09-18 13:11:00,9,262,13,844.8,14.27,0.69123
2020-09-18 14:11:00,9,262,14,608.1,14.27,0.50455
2020-09-18 15:11:00,9,262,15,413.4,14.27,0.34098
2020-09-18 16:11:00,9,262,16,192.0,13.74,0.14745
2020-09-18 17:11:00,9,262,17,33.2,13.21,0.01684
2020-09-18 18:11:00,9,262,18,0.0,12.15,0.0
2020-09-18 19:11:00,9,262,19,0.0,11.09,0.0
2020-09-18 20:11:00,9,262,20,0.0,11.09,0.0
2020-09-18 21:11:00,9,262,21,0.0,10.55,0.0
2020-09-18 22:11:00,9,262,22,0.0,10.55,0.0
2020-09-18 23:11:00,9,262,23,0.0,10.55,0.0
2020-09-19 00:11:00,9,263,0,0.0,10.55,0.0
2020-09-19 01:11:00,9,263,1,0.0,10.55,0.0
2020-09-19 02:11:00,9,263,2,0.0,10.55,0.0
2020-09-19 03:11:00,9,263,3,0.0,10.55,0.0
2020-09-19 04:11:00,9,263,4,0.0,10.02,0.0
2020-09-19 05:11:00,9,263,5,0.0,10.02,0.0
2020-09-19 06:11:00,9,263,6,4.4,10.02,0.0
2020-09-19 07:11:00,9,263,7,107.2,10.55,0.0764
2020-09-19 08:11:00,9,263,8,207.0,11.61,0.16553
2020-09-19 09:11:00,9,263,9,281.9,12.68,0.23112
2020-09-19 10:11:00,9,263,10,252.2,13.21,0.2038
2020-09-19 11:11:00,9,263,11,546.0,14.27,0.45494
2020-09-19 12:11:00,9,263,12,511.0,14.27,0.42502
2020-09-19 13:11:00,9,263,13,439.6,14.8,0.36396
2020-09-19 14:11:00,9,263,14,349.1,14.8,0.28678
2020-09-19 15:11:00,9,263,15,235.6,14.8,0.18776
2020-09-19 16:11:00,9,263,16,145.9,14.27,0.10854
2020-09-19 17:11:00,9,263,17,43.7,13.74,0.02376
2020-09-19 18:11:00,9,263,18,0.0,12.68,0.0
2020-09-19 19:11:00,9,263,19,0.0,12.15,0.0
2020-09-19 20:11:00,9,263,20,0.0,12.15,0.0
2020-09-19 21:11:00,9,263,21,0.0,12.15,0.0
2020-09-19 22:11:00,9,263,22,0.0,12.68,0.0
2020-09-19 23:11:00,9,263,23,0.0,12.68,0.0
2020-09-20 00:11:00,9,264,0,0.0,12.68,0.0
2020-09-20 01:11:00,9,264,1,0.0,12.68,0.0
2020-09-20 02:11:00,9,264,2,0.0,12.68,0.0
2020-09-20 03:11:00,9,264,3,0.0,12.15,0.0
2020-09-20 04:11:00,9,264,4,0.0,12.15,0.0
2020-09-20 05:11:00,9,264,5,0.0,12.15,0.0
2020-09-20 06:11:00,9,264,6,3.5,12.15,0.0
2020-09-20 07:11:00,9,264,7,66.8,12.68,0.04278
2020-09-20 08:11:00,9,264,8,140.4,13.21,0.10555
2020-09-20 09:11:00,9,264,9,130.6,13.21,0.09684
2020-09-20 10:11:00,9,264,10,198.5,13.21,0.15587
2020-09-20 11:11:00,9,264,11,301.5,13.74,0.2452
2020-09-20 12:11:00,9,264,12,374.5,14.27,0.30719
2020-09-20 13:11:00,9,264,13,210.7,14.8,0.16499
2020-09-20 14:11:00,9,264,14,124.1,14.8,0.09048
2020-09-20 15:11:00,9,264,15,128.7,14.8,0.09438
2020-09-20 16:11:00,9,264,16,103.4,14.8,0.07264
2020-09-20 17:11:00,9,264,17,42.0,14.27,0.02239
2020-09-20 18:11:00,9,264,18,0.0,13.21,0.0
2020-09-20 19:11:00,9,264,19,0.0,12.68,0.0
2020-09-20 20:11:00,9,264,20,0.0,12.15,0.0
2020-09-20 21:11:00,9,264,21,0.0,11.61,0.0
2020-09-20 22:11:00,9,264,22,0.0,11.09,0.0
2020-09-20 23:11:00,9,264,23,0.0,10.55,0.0
2020-09-21 00:11:00,9,265,0,0.0,10.02,0.0
2020-09-21 01:11:00,9,265,1,0.0,8.96,0.0
2020-09-21 02:11:00,9,265,2,0.0,8.43,0.0
2020-09-21 03:11:00,9,265,3,0.0,7.9,0.0
2020-09-21 04:11:00,9,265,4,0.0,7.9,0.0
2020-09-21 05:11:00,9,265,5,0.0,7.37,0.0
2020-09-21 06:11:00,9,265,6,0.0,7.37,0.0
2020-09-21 07:11:00,9,265,7,213.0,7.37,0.16629
2020-09-21 08:11:00,9,265,8,462.2,7.9,0.39067
2020-09-21 09:11:00,9,265,9,681.6,10.55,0.56624
2020-09-21 10:11:00,9,265,10,844.0,13.21,0.68285
2020-09-21 11:11:00,9,265,11,988.6,15.33,0.78596
2020-09-21 12:11:00,9,265,12,966.1,16.92,0.7655
2020-09-21 13:11:00,9,265,13,870.5,17.98,0.6944
2020-09-21 14:11:00,9,265,14,751.4,18.51,0.60635
2020-09-21 15:11:00,9,265,15,500.4,18.51,0.40636
2020-09-21 16:11:00,9,265,16,307.4,18.51,0.23584
2020-09-21 17:11:00,9,265,17,84.7,17.45,0.04466
2020-09-21 18:11:00,9,265,18,0.0,15.33,0.0
2020-09-21 19:11:00,9,265,19,0.0,14.27,0.0
2020-09-21 20:11:00,9,265,20,0.0,13.21,0.0
2020-09-21 21:11:00,9,265,21,0.0,12.15,0.0
2020-09-21 22:11:00,9,265,22,0.0,11.61,0.0
2020-09-21 23:11:00,9,265,23,0.0,11.09,0.0
2020-09-22 00:11:00,9,266,0,0.0,10.55,0.0
2020-09-22 01:11:00,9,266,1,0.0,9.49,0.0
2020-09-22 02:11:00,9,266,2,0.0,8.96,0.0
2020-09-22 03:11:00,9,266,3,0.0,8.43,0.0
2020-09-22 04:11:00,9,266,4,0.0,8.96,0.0
2020-09-22 05:11:00,9,266,5,0.0,8.96,0.0
2020-09-22 06:11:00,9,266,6,0.0,9.49,0.0
2020-09-22 07:11:00,9,266,7,164.6,11.61,0.12318
2020-09-22 08:11:00,9,266,8,392.8,13.21,0.32556
2020-09-22 09:11:00,9,266,9,580.9,15.33,0.48335
2020-09-22 10:11:00,9,266,10,812.6,16.92,0.66683
2020-09-22 11:11:00,9,266,11,888.8,17.98,0.72363
2020-09-22 12:11:00,9,266,12,630.5,18.51,0.52155
2020-09-22 13:11:00,9,266,13,476.6,18.51,0.39219
2020-09-22 14:11:00,9,266,14,568.4,18.51,0.46891
2020-09-22 15:11:00,9,266,15,333.4,17.98,0.27023
2020-09-22 16:11:00,9,266,16,52.4,17.45,0.03089
2020-09-22 17:11:00,9,266,17,21.8,16.39,0.00874
2020-09-22 18:11:00,9,266,18,0.0,15.86,0.0
2020-09-22 19:11:00,9,266,19,0.0,15.33,0.0
2020-09-22 20:11:00,9,266,20,0.0,14.8,0.0
2020-09-22 21:11:00,9,266,21,0.0,14.27,0.0
2020-09-22 22:11:00,9,266,22,0.0,14.27,0.0
2020-09-22 23:11:00,9,266,23,0.0,14.27,0.0
2020-09-23 00:11:00,9,267,0,0.0,14.27,0.0
2020-09-23 01:11:00,9,267,1,0.0,14.27,0.0
2020-09-23 02:11:00,9,267,2,0.0,13.74,0.0
2020-09-23 03:11:00,9,267,3,0.0,13.21,0.0
2020-09-23 04:11:00,9,267,4,0.0,11.61,0.0
2020-09-23 05:11:00,9,267,5,0.0,11.09,0.0
2020-09-23 06:11:00,9,267,6,0.0,10.02,0.0
2020-09-23 07:11:00,9,267,7,22.7,10.02,0.00965
2020-09-23 08:11:00,9,267,8,24.5,10.02,0.01085
2020-09-23 09:11:00,9,267,9,57.7,10.55,0.03617
2020-09-23 10:11:00,9,267,10,83.0,10.55,0.05724
2020-09-23 11:11:00,9,267,11,187.5,10.55,0.14838
2020-09-23 12:11:00,9,267,12,97.9,10.02,0.07009
2020-09-23 13:11:00,9,267,13,91.8,10.55,0.06467
2020-09-23 14:11:00,9,267,14,137.4,10.55,0.10418
2020-09-23 15:11:00,9,267,15,44.6,10.02,0.02581
2020-09-23 16:11:00,9,267,16,56.0,10.02,0.03486
2020-09-23 17:11:00,9,267,17,24.5,9.49,0.01088
2020-09-23 18:11:00,9,267,18,0.0,8.96,0.0
2020-09-23 19:11:00,9,267,19,0.0,8.43,0.0
2020-09-23 20:11:00,9,267,20,0.0,8.43,0.0
2020-09-23 21:11:00,9,267,21,0.0,8.43,0.0
2020-09-23 22:11:00,9,267,22,0.0,8.43,0.0
2020-09-23 23:11:00,9,267,23,0.0,7.9,0.0
2020-09-24 00:11:00,9,268,0,0.0,7.9,0.0
2020-09-24 01:11:00,9,268,1,0.0,7.9,0.0
2020-09-24 02:11:00,9,268,2,0.0,7.9,0.0
2020-09-24 03:11:00,9,268,3,0.0,7.37,0.0
2020-09-24 04:11:00,9,268,4,0.0,6.84,0.0
2020-09-24 05:11:00,9,268,5,0.0,5.78,0.0
2020-09-24 06:11:00,9,268,6,0.0,4.72,0.0
2020-09-24 07:11:00,9,268,7,63.5,5.25,0.04151
2020-09-24 08:11:00,9,268,8,135.1,7.37,0.10316
2020-09-24 09:11:00,9,268,9,68.2,7.9,0.04529
2020-09-24 10:11:00,9,268,10,91.8,8.96,0.06502
2020-09-24 11:11:00,9,268,11,89.2,9.49,0.06265
2020-09-24 12:11:00,9,268,12,56.0,9.49,0.03494
2020-09-24 13:11:00,9,268,13,121.5,9.49,0.09063
2020-09-24 14:11:00,9,268,14,90.9,9.49,0.0642
2020-09-24 15:11:00,9,268,15,155.1,9.49,0.12052
2020-09-24 16:11:00,9,268,16,88.5,8.96,0.06206
2020-09-24 17:11:00,9,268,17,29.3,8.43,0.01407
2020-09-24 18:11:00,9,268,18,0.0,7.9,0.0
2020-09-24 19:11:00,9,268,19,0.0,7.9,0.0
2020-09-24 20:11:00,9,268,20,0.0,7.9,0.0
2020-09-24 21:11:00,9,268,21,0.0,7.9,0.0
2020-09-24 22:11:00,9,268,22,0.0,7.9,0.0
2020-09-24 23:11:00,9,268,23,0.0,7.9,0.0
2020-09-25 00:11:00,9,269,0,0.0,7.9,0.0
2020-09-25 01:11:00,9,269,1,0.0,7.9,0.0
2020-09-25 02:11:00,9,269,2,0.0,7.9,0.0
2020-09-25 03:11:00,9,269,3,0.0,7.9,0.0
2020-09-25 04:11:00,9,269,4,0.0,7.9,0.0
2020-09-25 05:11:00,9,269,5,0.0,7.9,0.0
2020-09-25 06:11:00,9,269,6,0.0,7.9,0.0
2020-09-25 07:11:00,9,269,7,266.0,7.9,0.21193
2020-09-25 08:11:00,9,269,8,510.4,8.43,0.44138
2020-09-25 09:11:00,9,269,9,562.5,9.49,0.48784
2020-09-25 10:11:00,9,269,10,566.4,10.02,0.49009
2020-09-25 11:11:00,9,269,11,550.3,10.55,0.47473
2020-09-25 12:11:00,9,269,12,595.6,11.09,0.5129
2020-09-25 13:11:00,9,269,13,655.2,11.09,0.56509
2020-09-25 14:11:00,9,269,14,427.6,10.55,0.36641
2020-09-25 15:11:00,9,269,15,97.9,10.02,0.07028
2020-09-25 16:11:00,9,269,16,63.8,9.49,0.04146
2020-09-25 17:11:00,9,269,17,36.4,8.96,0.01808
2020-09-25 18:11:00,9,269,18,0.0,8.96,0.0
2020-09-25 19:11:00,9,269,19,0.0,8.96,0.0
2020-09-25 20:11:00,9,269,20,0.0,8.43,0.0
2020-09-25 21:11:00,9,269,21,0.0,7.9,0.0
2020-09-25 22:11:00,9,269,22,0.0,7.9,0.0
2020-09-25 23:11:00,9,269,23,0.0,7.9,0.0
2020-09-26 00:11:00,9,270,0,0.0,7.37,0.0
2020-09-26 01:11:00,9,270,1,0.0,7.37,0.0
2020-09-26 02:11:00,9,270,2,0.0,7.37,0.0
2020-09-26 03:11:00,9,270,3,0.0,6.84,0.0
2020-09-26 04:11:00,9,270,4,0.0,6.84,0.0
2020-09-26 05:11:00,9,270,5,0.0,6.84,0.0
2020-09-26 06:11:00,9,270,6,0.0,7.37,0.0
2020-09-26 07:11:00,9,270,7,232.6,7.37,0.18387
2020-09-26 08:11:00,9,270,8,214.9,7.9,0.1764
2020-09-26 09:11:00,9,270,9,87.4,8.96,0.06155
2020-09-26 10:11:00,9,270,10,174.5,10.02,0.1381
2020-09-26 11:11:00,9,270,11,127.6,11.09,0.09577
2020-09-26 12:11:00,9,270,12,114.5,11.09,0.0843
2020-09-26 13:11:00,9,270,13,169.6,11.61,0.13256
2020-09-26 14:11:00,9,270,14,132.2,11.61,0.09957
2020-09-26 15:11:00,9,270,15,124.1,11.09,0.09277
2020-09-26 16:11:00,9,270,16,71.0,11.09,0.04696
2020-09-26 17:11:00,9,270,17,21.0,10.02,0.00849
2020-09-26 18:11:00,9,270,18,0.0,9.49,0.0
2020-09-26 19:11:00,9,270,19,0.0,9.49,0.0
2020-09-26 20:11:00,9,270,20,0.0,9.49,0.0
2020-09-26 21:11:00,9,270,21,0.0,9.49,0.0
2020-09-26 22:11:00,9,270,22,0.0,8.96,0.0
2020-09-26 23:11:00,9,270,23,0.0,8.96,0.0
2020-09-27 00:11:00,9,271,0,0.0,8.43,0.0
2020-09-27 01:11:00,9,271,1,0.0,8.43,0.0
2020-09-27 02:11:00,9,271,2,0.0,8.43,0.0
2020-09-27 03:11:00,9,271,3,0.0,8.43,0.0
2020-09-27 04:11:00,9,271,4,0.0,8.43,0.0
2020-09-27 05:11:00,9,271,5,0.0,8.43,0.0
2020-09-27 06:11:00,9,271,6,0.0,8.43,0.0
2020-09-27 07:11:00,9,271,7,43.8,7.9,0.0254
2020-09-27 08:11:00,9,271,8,92.2,8.43,0.06586
2020-09-27 09:11:00,9,271,9,63.8,8.96,0.04155
2020-09-27 10:11:00,9,271,10,131.1,10.02,0.09901
2020-09-27 11:11:00,9,271,11,139.9,10.02,0.10664
2020-09-27 12:11:00,9,271,12,101.4,10.55,0.07293
2020-09-27 13:11:00,9,271,13,124.1,11.09,0.09231
2020-09-27 14:11:00,9,271,14,203.9,11.09,0.16272
2020-09-27 15:11:00,9,271,15,416.3,11.09,0.34781
2020-09-27 16:11:00,9,271,16,274.9,10.55,0.21559
2020-09-27 17:11:00,9,271,17,41.2,10.55,0.01872
2020-09-27 18:11:00,9,271,18,0.0,9.49,0.0
2020-09-27 19:11:00,9,271,19,0.0,8.96,0.0
2020-09-27 20:11:00,9,271,20,0.0,7.9,0.0
2020-09-27 21:11:00,9,271,21,0.0,7.9,0.0
2020-09-27 22:11:00,9,271,22,0.0,7.9,0.0
2020-09-27 23:11:00,9,271,23,0.0,6.31,0.0
2020-09-28 00:11:00,9,272,0,0.0,5.25,0.0
2020-09-28 01:11:00,9,272,1,0.0,5.25,0.0
2020-09-28 02:11:00,9,272,2,0.0,4.72,0.0
2020-09-28 03:11:00,9,272,3,0.0,4.72,0.0
2020-09-28 04:11:00,9,272,4,0.0,4.19,0.0
2020-09-28 05:11:00,9,272,5,0.0,4.19,0.0
2020-09-28 06:11:00,9,272,6,0.0,3.66,0.0
2020-09-28 07:11:00,9,272,7,86.6,4.19,0.06074
2020-09-28 08:11:00,9,272,8,137.5,6.31,0.10629
2020-09-28 09:11:00,9,272,9,322.1,8.43,0.26893
2020-09-28 10:11:00,9,272,10,284.1,10.55,0.23251
2020-09-28 11:11:00,9,272,11,134.6,12.15,0.10048
2020-09-28 12:11:00,9,272,12,156.8,13.74,0.11888
2020-09-28 13:11:00,9,272,13,133.8,15.33,0.09839
2020-09-28 14:11:00,9,272,14,214.0,16.39,0.16729
2020-09-28 15:11:00,9,272,15,291.4,16.39,0.23358
2020-09-28 16:11:00,9,272,16,152.7,15.86,0.11155
2020-09-28 17:11:00,9,272,17,15.7,15.33,0.00497
2020-09-28 18:11:00,9,272,18,0.0,14.27,0.0
2020-09-28 19:11:00,9,272,19,0.0,13.74,0.0
2020-09-28 20:11:00,9,272,20,0.0,13.74,0.0
2020-09-28 21:11:00,9,272,21,0.0,13.21,0.0
2020-09-28 22:11:00,9,272,22,0.0,12.68,0.0
2020-09-28 23:11:00,9,272,23,0.0,11.61,0.0
2020-09-29 00:11:00,9,273,0,0.0,11.09,0.0
2020-09-29 01:11:00,9,273,1,0.0,10.55,0.0
2020-09-29 02:11:00,9,273,2,0.0,9.49,0.0
2020-09-29 03:11:00,9,273,3,0.0,8.96,0.0
2020-09-29 04:11:00,9,273,4,0.0,8.43,0.0
2020-09-29 05:11:00,9,273,5,0.0,7.9,0.0
2020-09-29 06:11:00,9,273,6,0.0,7.37,0.0
2020-09-29 07:11:00,9,273,7,177.0,6.84,0.13603
2020-09-29 08:11:00,9,273,8,443.3,7.9,0.37533
2020-09-29 09:11:00,9,273,9,640.5,8.96,0.53846
2020-09-29 10:11:00,9,273,10,836.5,10.55,0.68403
2020-09-29 11:11:00,9,273,11,913.6,11.61,0.73276
2020-09-29 12:11:00,9,273,12,911.0,12.68,0.72186
2020-09-29 13:11:00,9,273,13,822.2,13.21,0.65448
2020-09-29 14:11:00,9,273,14,701.1,13.74,0.56554
2020-09-29 15:11:00,9,273,15,495.3,13.74,0.40288
2020-09-29 16:11:00,9,273,16,252.9,13.74,0.19262
2020-09-29 17:11:00,9,273,17,44.9,12.68,0.01853
2020-09-29 18:11:00,9,273,18,0.0,11.09,0.0
2020-09-29 19:11:00,9,273,19,0.0,9.49,0.0
2020-09-29 20:11:00,9,273,20,0.0,8.96,0.0
2020-09-29 21:11:00,9,273,21,0.0,8.43,0.0
2020-09-29 22:11:00,9,273,22,0.0,8.43,0.0
2020-09-29 23:11:00,9,273,23,0.0,8.43,0.0
2020-09-30 00:11:00,9,274,0,0.0,8.43,0.0
2020-09-30 01:11:00,9,274,1,0.0,8.43,0.0
2020-09-30 02:11:00,9,274,2,0.0,8.43,0.0
2020-09-30 03:11:00,9,274,3,0.0,8.43,0.0
2020-09-30 04:11:00,9,274,4,0.0,8.43,0.0
2020-09-30 05:11:00,9,274,5,0.0,8.43,0.0
2020-09-30 06:11:00,9,274,6,0.0,8.43,0.0
2020-09-30 07:11:00,9,274,7,24.5,8.96,0.01092
2020-09-30 08:11:00,9,274,8,42.0,10.02,0.02378
2020-09-30 09:11:00,9,274,9,89.2,10.55,0.06249
2020-09-30 10:11:00,9,274,10,130.7,11.09,0.0983
2020-09-30 11:11:00,9,274,11,320.7,11.61,0.26704
2020-09-30 12:11:00,9,274,12,246.7,12.15,0.20066
2020-09-30 13:11:00,9,274,13,169.4,12.15,0.13177
2020-09-30 14:11:00,9,274,14,97.9,12.15,0.06946
2020-09-30 15:11:00,9,274,15,36.7,12.68,0.01949
2020-09-30 16:11:00,9,274,16,35.8,12.68,0.01883
2020-09-30 17:11:00,9,274,17,6.1,12.15,0.00017
2020-09-30 18:11:00,9,274,18,0.0,12.15,0.0
2020-09-30 19:11:00,9,274,19,0.0,12.15,0.0
2020-09-30 20:11:00,9,274,20,0.0,11.61,0.0
2020-09-30 21:11:00,9,274,21,0.0,11.61,0.0
2020-09-30 22:11:00,9,274,22,0.0,11.61,0.0
2020-09-30 23:11:00,9,274,23,0.0,11.09,0.0
2020-10-01 00:11:00,10,275,0,0.0,11.09,0.0
2020-10-01 01:11:00,10,275,1,0.0,10.55,0.0
2020-10-01 02:11:00,10,275,2,0.0,10.02,0.0
2020-10-01 03:11:00,10,275,3,0.0,9.49,0.0
2020-10-01 04:11:00,10,275,4,0.0,8.96,0.0
2020-10-01 05:11:00,10,275,5,0.0,8.96,0.0
2020-10-01 06:11:00,10,275,6,0.0,8.43,0.0
2020-10-01 07:11:00,10,275,7,217.2,8.43,0.16884
2020-10-01 08:11:00,10,275,8,468.9,8.43,0.39822
2020-10-01 09:11:00,10,275,9,687.6,9.49,0.58257
2020-10-01 10:11:00,10,275,10,830.4,10.55,0.69541
2020-10-01 11:11:00,10,275,11,867.8,11.09,0.71937
2020-10-01 12:11:00,10,275,12,748.2,11.09,0.62541
2020-10-01 13:11:00,10,275,13,581.8,11.61,0.48875
2020-10-01 14:11:00,10,275,14,704.9,11.61,0.58625
2020-10-01 15:11:00,10,275,15,208.7,11.61,0.16603
2020-10-01 16:11:00,10,275,16,60.9,11.61,0.03837
2020-10-01 17:11:00,10,275,17,4.4,11.09,0.0
2020-10-01 18:11:00,10,275,18,0.0,10.02,0.0
2020-10-01 19:11:00,10,275,19,0.0,10.55,0.0
2020-10-01 20:11:00,10,275,20,0.0,9.49,0.0
2020-10-01 21:11:00,10,275,21,0.0,8.43,0.0
2020-10-01 22:11:00,10,275,22,0.0,7.9,0.0
2020-10-01 23:11:00,10,275,23,0.0,6.84,0.0
2020-10-02 00:11:00,10,276,0,0.0,6.31,0.0
2020-10-02 01:11:00,10,276,1,0.0,6.31,0.0
2020-10-02 02:11:00,10,276,2,0.0,6.84,0.0
2020-10-02 03:11:00,10,276,3,0.0,5.78,0.0
2020-10-02 04:11:00,10,276,4,0.0,4.19,0.0
2020-10-02 05:11:00,10,276,5,0.0,4.19,0.0
2020-10-02 06:11:00,10,276,6,0.0,4.72,0.0
2020-10-02 07:11:00,10,276,7,119.4,5.25,0.08778
2020-10-02 08:11:00,10,276,8,179.0,7.9,0.1428
2020-10-02 09:11:00,10,276,9,246.0,10.02,0.20126
2020-10-02 10:11:00,10,276,10,255.6,11.61,0.20877
2020-10-02 11:11:00,10,276,11,342.3,12.15,0.28517
2020-10-02 12:11:00,10,276,12,330.6,12.15,0.2743
2020-10-02 13:11:00,10,276,13,216.3,12.68,0.17265
2020-10-02 14:11:00,10,276,14,224.2,12.15,0.18064
2020-10-02 15:11:00,10,276,15,188.9,12.15,0.1492
2020-10-02 16:11:00,10,276,16,73.7,11.61,0.04871
2020-10-02 17:11:00,10,276,17,9.6,11.09,0.00171
2020-10-02 18:11:00,10,276,18,0.0,10.55,0.0
2020-10-02 19:11:00,10,276,19,0.0,10.55,0.0
2020-10-02 20:11:00,10,276,20,0.0,10.02,0.0
2020-10-02 21:11:00,10,276,21,0.0,10.02,0.0
2020-10-02 22:11:00,10,276,22,0.0,10.02,0.0
2020-10-02 23:11:00,10,276,23,0.0,9.49,0.0
2020-10-03 00:11:00,10,277,0,0.0,10.02,0.0
2020-10-03 01:11:00,10,277,1,0.0,10.02,0.0
2020-10-03 02:11:00,10,277,2,0.0,10.02,0.0
2020-10-03 03:11:00,10,277,3,0.0,10.02,0.0
2020-10-03 04:11:00,10,277,4,0.0,10.55,0.0
2020-10-03 05:11:00,10,277,5,0.0,10.55,0.0
2020-10-03 06:11:00,10,277,6,0.0,10.55,0.0
2020-10-03 07:11:00,10,277,7,42.6,10.55,0.02397
2020-10-03 08:11:00,10,277,8,25.4,10.55,0.01142
2020-10-03 09:11:00,10,277,9,26.2,11.09,0.012
2020-10-03 10:11:00,10,277,10,76.0,11.09,0.05119
2020-10-03 11:11:00,10,277,11,47.2,11.61,0.02764
2020-10-03 12:11:00,10,277,12,64.7,12.15,0.04155
2020-10-03 13:11:00,10,277,13,51.6,11.61,0.03107
2020-10-03 14:11:00,10,277,14,71.7,11.61,0.04738
2020-10-03 15:11:00,10,277,15,47.2,12.15,0.02754
2020-10-03 16:11:00,10,277,16,36.7,12.15,0.01951
2020-10-03 17:11:00,10,277,17,1.8,12.15,0.0
2020-10-03 18:11:00,10,277,18,0.0,12.15,0.0
2020-10-03 19:11:00,10,277,19,0.0,12.15,0.0
2020-10-03 20:11:00,10,277,20,0.0,12.15,0.0
2020-10-03 21:11:00,10,277,21,0.0,12.15,0.0
2020-10-03 22:11:00,10,277,22,0.0,12.68,0.0
2020-10-03 23:11:00,10,277,23,0.0,12.68,0.0
2020-10-04 00:11:00,10,278,0,0.0,12.68,0.0
2020-10-04 01:11:00,10,278,1,0.0,12.15,0.0
2020-10-04 02:11:00,10,278,2,0.0,12.15,0.0
2020-10-04 03:11:00,10,278,3,0.0,11.61,0.0
2020-10-04 04:11:00,10,278,4,0.0,11.09,0.0
2020-10-04 05:11:00,10,278,5,0.0,11.09,0.0
2020-10-04 06:11:00,10,278,6,0.0,10.55,0.0
2020-10-04 07:11:00,10,278,7,130.2,10.02,0.09464
2020-10-04 08:11:00,10,278,8,132.1,10.55,0.09993
2020-10-04 09:11:00,10,278,9,272.3,11.61,0.22424
2020-10-04 10:11:00,10,278,10,389.0,12.68,0.32552
2020-10-04 11:11:00,10,278,11,127.6,13.21,0.09443
2020-10-04 12:11:00,10,278,12,221.3,13.21,0.17665
2020-10-04 13:11:00,10,278,13,105.8,13.21,0.07571
2020-10-04 14:11:00,10,278,14,134.3,13.21,0.10031
2020-10-04 15:11:00,10,278,15,79.6,12.68,0.05374
2020-10-04 16:11:00,10,278,16,52.9,11.61,0.03209
2020-10-04 17:11:00,10,278,17,9.5,11.09,0.00167
2020-10-04 18:11:00,10,278,18,0.0,10.55,0.0
2020-10-04 19:11:00,10,278,19,0.0,10.02,0.0
2020-10-04 20:11:00,10,278,20,0.0,10.02,0.0
2020-10-04 21:11:00,10,278,21,0.0,10.55,0.0
2020-10-04 22:11:00,10,278,22,0.0,10.02,0.0
2020-10-04 23:11:00,10,278,23,0.0,10.02,0.0
2020-10-05 00:11:00,10,279,0,0.0,10.55,0.0
2020-10-05 01:11:00,10,279,1,0.0,10.02,0.0
2020-10-05 02:11:00,10,279,2,0.0,10.02,0.0
2020-10-05 03:11:00,10,279,3,0.0,10.02,0.0
2020-10-05 04:11:00,10,279,4,0.0,10.02,0.0
2020-10-05 05:11:00,10,279,5,0.0,10.02,0.0
2020-10-05 06:11:00,10,279,6,0.0,9.49,0.0
2020-10-05 07:11:00,10,279,7,54.4,10.02,0.03293
2020-10-05 08:11:00,10,279,8,76.3,10.02,0.05175
2020-10-05 09:11:00,10,279,9,62.1,11.09,0.0396
2020-10-05 10:11:00,10,279,10,357.0,11.61,0.29638
2020-10-05 11:11:00,10,279,11,61.2,12.15,0.03868
2020-10-05 12:11:00,10,279,12,143.9,12.68,0.10844
2020-10-05 13:11:00,10,279,13,430.6,13.21,0.35804
2020-10-05 14:11:00,10,279,14,291.6,13.21,0.23854
2020-10-05 15:11:00,10,279,15,188.8,13.21,0.14802
2020-10-05 16:11:00,10,279,16,37.6,12.68,0.02013
2020-10-05 17:11:00,10,279,17,0.0,12.15,0.0
2020-10-05 18:11:00,10,279,18,0.0,11.09,0.0
2020-10-05 19:11:00,10,279,19,0.0,10.55,0.0
2020-10-05 20:11:00,10,279,20,0.0,10.02,0.0
2020-10-05 21:11:00,10,279,21,0.0,10.02,0.0
2020-10-05 22:11:00,10,279,22,0.0,10.02,0.0
2020-10-05 23:11:00,10,279,23,0.0,10.02,0.0
2020-10-06 00:11:00,10,280,0,0.0,9.49,0.0
2020-10-06 01:11:00,10,280,1,0.0,9.49,0.0
2020-10-06 02:11:00,10,280,2,0.0,9.49,0.0
2020-10-06 03:11:00,10,280,3,0.0,9.49,0.0
2020-10-06 04:11:00,10,280,4,0.0,9.49,0.0
2020-10-06 05:11:00,10,280,5,0.0,9.49,0.0
2020-10-06 06:11:00,10,280,6,0.0,8.96,0.0
2020-10-06 07:11:00,10,280,7,88.5,9.49,0.06038
2020-10-06 08:11:00,10,280,8,357.0,9.49,0.2998
2020-10-06 09:11:00,10,280,9,636.4,10.55,0.53925
2020-10-06 10:11:00,10,280,10,701.1,11.61,0.58869
2020-10-06 11:11:00,10,280,11,834.9,12.15,0.69101
2020-10-06 12:11:00,10,280,12,843.1,12.68,0.69502
2020-10-06 13:11:00,10,280,13,778.7,13.21,0.64531
2020-10-06 14:11:00,10,280,14,668.0,13.74,0.55694
2020-10-06 15:11:00,10,280,15,473.2,13.74,0.39288
2020-10-06 16:11:00,10,280,16,190.7,13.21,0.14257
2020-10-06 17:11:00,10,280,17,0.0,12.15,0.0
2020-10-06 18:11:00,10,280,18,0.0,11.09,0.0
2020-10-06 19:11:00,10,280,19,0.0,10.55,0.0
2020-10-06 20:11:00,10,280,20,0.0,10.02,0.0
2020-10-06 21:11:00,10,280,21,0.0,10.02,0.0
2020-10-06 22:11:00,10,280,22,0.0,10.02,0.0
2020-10-06 23:11:00,10,280,23,0.0,10.02,0.0
2020-10-07 00:11:00,10,281,0,0.0,10.02,0.0
2020-10-07 01:11:00,10,281,1,0.0,9.49,0.0
2020-10-07 02:11:00,10,281,2,0.0,9.49,0.0
2020-10-07 03:11:00,10,281,3,0.0,9.49,0.0
2020-10-07 04:11:00,10,281,4,0.0,9.49,0.0
2020-10-07 05:11:00,10,281,5,0.0,9.49,0.0
2020-10-07 06:11:00,10,281,6,0.0,9.49,0.0
2020-10-07 07:11:00,10,281,7,121.7,9.49,0.08804
2020-10-07 08:11:00,10,281,8,408.5,10.02,0.34757
2020-10-07 09:11:00,10,281,9,642.9,10.55,0.55414
2020-10-07 10:11:00,10,281,10,557.3,11.61,0.47829
2020-10-07 11:11:00,10,281,11,428.0,12.15,0.36343
2020-10-07 12:11:00,10,281,12,515.4,13.21,0.43761
2020-10-07 13:11:00,10,281,13,330.2,13.21,0.27467
2020-10-07 14:11:00,10,281,14,542.6,13.21,0.4593
2020-10-07 15:11:00,10,281,15,381.8,12.68,0.31865
2020-10-07 16:11:00,10,281,16,81.9,12.15,0.05474
2020-10-07 17:11:00,10,281,17,0.0,11.09,0.0
2020-10-07 18:11:00,10,281,18,0.0,10.55,0.0
2020-10-07 19:11:00,10,281,19,0.0,10.02,0.0
2020-10-07 20:11:00,10,281,20,0.0,10.02,0.0
2020-10-07 21:11:00,10,281,21,0.0,9.49,0.0
2020-10-07 22:11:00,10,281,22,0.0,9.49,0.0
2020-10-07 23:11:00,10,281,23,0.0,8.96,0.0
2020-10-08 00:11:00,10,282,0,0.0,8.96,0.0
2020-10-08 01:11:00,10,282,1,0.0,8.43,0.0
2020-10-08 02:11:00,10,282,2,0.0,8.43,0.0
2020-10-08 03:11:00,10,282,3,0.0,8.43,0.0
2020-10-08 04:11:00,10,282,4,0.0,7.9,0.0
2020-10-08 05:11:00,10,282,5,0.0,7.9,0.0
2020-10-08 06:11:00,10,282,6,0.0,7.9,0.0
2020-10-08 07:11:00,10,282,7,42.3,7.9,0.02384
2020-10-08 08:11:00,10,282,8,410.7,7.9,0.34891
2020-10-08 09:11:00,10,282,9,655.7,8.43,0.5562
2020-10-08 10:11:00,10,282,10,797.6,8.96,0.66839
2020-10-08 11:11:00,10,282,11,789.9,10.55,0.65904
2020-10-08 12:11:00,10,282,12,595.8,11.61,0.5017
2020-10-08 13:11:00,10,282,13,356.6,12.15,0.29805
2020-10-08 14:11:00,10,282,14,216.0,12.15,0.17341
2020-10-08 15:11:00,10,282,15,335.8,12.15,0.27819
2020-10-08 16:11:00,10,282,16,202.6,11.61,0.15287
2020-10-08 17:11:00,10,282,17,0.0,10.55,0.0
2020-10-08 18:11:00,10,282,18,0.0,9.49,0.0
2020-10-08 19:11:00,10,282,19,0.0,8.43,0.0
2020-10-08 20:11:00,10,282,20,0.0,7.9,0.0
2020-10-08 21:11:00,10,282,21,0.0,7.37,0.0
2020-10-08 22:11:00,10,282,22,0.0,6.84,0.0
2020-10-08 23:11:00,10,282,23,0.0,6.84,0.0
2020-10-09 00:11:00,10,283,0,0.0,7.37,0.0
2020-10-09 01:11:00,10,283,1,0.0,7.9,0.0
2020-10-09 02:11:00,10,283,2,0.0,7.9,0.0
2020-10-09 03:11:00,10,283,3,0.0,7.9,0.0
2020-10-09 04:11:00,10,283,4,0.0,8.43,0.0
2020-10-09 05:11:00,10,283,5,0.0,8.43,0.0
2020-10-09 06:11:00,10,283,6,0.0,8.43,0.0
2020-10-09 07:11:00,10,283,7,95.1,8.43,0.06597
2020-10-09 08:11:00,10,283,8,132.8,8.43,0.10184
2020-10-09 09:11:00,10,283,9,123.6,8.43,0.09337
2020-10-09 10:11:00,10,283,10,372.0,8.96,0.31757
2020-10-09 11:11:00,10,283,11,631.4,9.49,0.54258
2020-10-09 12:11:00,10,283,12,743.9,10.02,0.63582
2020-10-09 13:11:00,10,283,13,534.7,10.55,0.45861
2020-10-09 14:11:00,10,283,14,434.9,10.55,0.37147
2020-10-09 15:11:00,10,283,15,407.3,10.02,0.34553
2020-10-09 16:11:00,10,283,16,207.4,9.49,0.15846
2020-10-09 17:11:00,10,283,17,0.0,8.43,0.0
2020-10-09 18:11:00,10,283,18,0.0,7.9,0.0
2020-10-09 19:11:00,10,283,19,0.0,7.37,0.0
2020-10-09 20:11:00,10,283,20,0.0,6.84,0.0
2020-10-09 21:11:00,10,283,21,0.0,6.84,0.0
2020-10-09 22:11:00,10,283,22,0.0,6.31,0.0
2020-10-09 23:11:00,10,283,23,0.0,6.31,0.0
2020-10-10 00:11:00,10,284,0,0.0,5.78,0.0
2020-10-10 01:11:00,10,284,1,0.0,5.25,0.0
2020-10-10 02:11:00,10,284,2,0.0,5.78,0.0
2020-10-10 03:11:00,10,284,3,0.0,6.31,0.0
2020-10-10 04:11:00,10,284,4,0.0,6.84,0.0
2020-10-10 05:11:00,10,284,5,0.0,6.84,0.0
2020-10-10 06:11:00,10,284,6,0.0,7.37,0.0
2020-10-10 07:11:00,10,284,7,45.8,7.37,0.02653
2020-10-10 08:11:00,10,284,8,95.0,7.9,0.06859
2020-10-10 09:11:00,10,284,9,156.8,8.43,0.12333
2020-10-10 10:11:00,10,284,10,135.4,9.49,0.10328
2020-10-10 11:11:00,10,284,11,235.4,10.02,0.19285
2020-10-10 12:11:00,10,284,12,344.6,10.55,0.29004
2020-10-10 13:11:00,10,284,13,118.0,10.55,0.08733
2020-10-10 14:11:00,10,284,14,232.8,11.09,0.18947
2020-10-10 15:11:00,10,284,15,212.4,11.09,0.17059
2020-10-10 16:11:00,10,284,16,204.7,10.55,0.15439
2020-10-10 17:11:00,10,284,17,0.0,9.49,0.0
2020-10-10 18:11:00,10,284,18,0.0,8.96,0.0
2020-10-10 19:11:00,10,284,19,0.0,8.96,0.0
2020-10-10 20:11:00,10,284,20,0.0,8.43,0.0
2020-10-10 21:11:00,10,284,21,0.0,7.9,0.0
2020-10-10 22:11:00,10,284,22,0.0,7.9,0.0
2020-10-10 23:11:00,10,284,23,0.0,7.9,0.0
2020-10-11 00:11:00,10,285,0,0.0,7.9,0.0
2020-10-11 01:11:00,10,285,1,0.0,7.9,0.0
2020-10-11 02:11:00,10,285,2,0.0,7.9,0.0
2020-10-11 03:11:00,10,285,3,0.0,7.9,0.0
2020-10-11 04:11:00,10,285,4,0.0,7.37,0.0
2020-10-11 05:11:00,10,285,5,0.0,7.37,0.0
2020-10-11 06:11:00,10,285,6,0.0,7.37,0.0
2020-10-11 07:11:00,10,285,7,79.7,7.9,0.05321
2020-10-11 08:11:00,10,285,8,166.4,7.9,0.13238
2020-10-11 09:11:00,10,285,9,116.9,8.96,0.08723
2020-10-11 10:11:00,10,285,10,138.9,9.49,0.10641
2020-10-11 11:11:00,10,285,11,96.2,10.02,0.06868
2020-10-11 12:11:00,10,285,12,0.0,10.55,0.0
2020-10-11 13:11:00,10,285,13,235.8,10.55,0.19253
2020-10-11 14:11:00,10,285,14,106.4,10.55,0.0773
2020-10-11 15:11:00,10,285,15,134.9,10.55,0.10233
2020-10-11 16:11:00,10,285,16,96.0,10.55,0.06588
2020-10-11 17:11:00,10,285,17,0.0,10.02,0.0
2020-10-11 18:11:00,10,285,18,0.0,8.96,0.0
2020-10-11 19:11:00,10,285,19,0.0,8.96,0.0
2020-10-11 20:11:00,10,285,20,0.0,7.9,0.0
2020-10-11 21:11:00,10,285,21,0.0,7.9,0.0
2020-10-11 22:11:00,10,285,22,0.0,7.9,0.0
2020-10-11 23:11:00,10,285,23,0.0,7.9,0.0
2020-10-12 00:11:00,10,286,0,0.0,7.37,0.0
2020-10-12 01:11:00,10,286,1,0.0,7.37,0.0
2020-10-12 02:11:00,10,286,2,0.0,7.37,0.0
2020-10-12 03:11:00,10,286,3,0.0,7.37,0.0
2020-10-12 04:11:00,10,286,4,0.0,6.84,0.0
2020-10-12 05:11:00,10,286,5,0.0,6.84,0.0
2020-10-12 06:11:00,10,286,6,0.0,6.31,0.0
2020-10-12 07:11:00,10,286,7,6.1,7.9,0.00019
2020-10-12 08:11:00,10,286,8,17.5,7.9,0.0063
2020-10-12 09:11:00,10,286,9,73.4,8.96,0.04948
2020-10-12 10:11:00,10,286,10,70.8,9.49,0.04717
2020-10-12 11:11:00,10,286,11,141.4,9.49,0.10811
2020-10-12 12:11:00,10,286,12,56.8,9.49,0.03567
2020-10-12 13:11:00,10,286,13,47.2,9.49,0.02795
2020-10-12 14:11:00,10,286,14,25.4,8.96,0.01153
2020-10-12 15:11:00,10,286,15,43.7,9.49,0.02519
2020-10-12 16:11:00,10,286,16,65.4,9.49,0.04161
2020-10-12 17:11:00,10,286,17,0.0,10.02,0.0
2020-10-12 18:11:00,10,286,18,0.0,10.02,0.0
2020-10-12 19:11:00,10,286,19,0.0,9.49,0.0
2020-10-12 20:11:00,10,286,20,0.0,8.96,0.0
2020-10-12 21:11:00,10,286,21,0.0,8.43,0.0
2020-10-12 22:11:00,10,286,22,0.0,7.9,0.0
2020-10-12 23:11:00,10,286,23,0.0,7.9,0.0
2020-10-13 00:11:00,10,287,0,0.0,7.37,0.0
2020-10-13 01:11:00,10,287,1,0.0,7.37,0.0
2020-10-13 02:11:00,10,287,2,0.0,6.84,0.0
2020-10-13 03:11:00,10,287,3,0.0,6.84,0.0
2020-10-13 04:11:00,10,287,4,0.0,6.31,0.0
2020-10-13 05:11:00,10,287,5,0.0,6.84,0.0
2020-10-13 06:11:00,10,287,6,0.0,6.84,0.0
2020-10-13 07:11:00,10,287,7,16.6,6.84,0.00579
2020-10-13 08:11:00,10,287,8,27.1,7.9,0.01284
2020-10-13 09:11:00,10,287,9,69.1,8.43,0.04605
2020-10-13 10:11:00,10,287,10,79.6,8.96,0.0548
2020-10-13 11:11:00,10,287,11,153.6,9.49,0.11957
2020-10-13 12:11:00,10,287,12,195.8,10.02,0.15735
2020-10-13 13:11:00,10,287,13,90.0,10.02,0.06348
2020-10-13 14:11:00,10,287,14,49.0,10.02,0.0293
2020-10-13 15:11:00,10,287,15,50.7,10.02,0.03069
2020-10-13 16:11:00,10,287,16,18.4,10.02,0.00678
2020-10-13 17:11:00,10,287,17,0.0,10.02,0.0
2020-10-13 18:11:00,10,287,18,0.0,10.02,0.0
2020-10-13 19:11:00,10,287,19,0.0,10.02,0.0
2020-10-13 20:11:00,10,287,20,0.0,9.49,0.0
2020-10-13 21:11:00,10,287,21,0.0,10.02,0.0
2020-10-13 22:11:00,10,287,22,0.0,10.02,0.0
2020-10-13 23:11:00,10,287,23,0.0,10.02,0.0
2020-10-14 00:11:00,10,288,0,0.0,9.49,0.0
2020-10-14 01:11:00,10,288,1,0.0,9.49,0.0
2020-10-14 02:11:00,10,288,2,0.0,8.96,0.0
2020-10-14 03:11:00,10,288,3,0.0,8.96,0.0
2020-10-14 04:11:00,10,288,4,0.0,8.96,0.0
2020-10-14 05:11:00,10,288,5,0.0,8.96,0.0
2020-10-14 06:11:00,10,288,6,0.0,8.96,0.0
2020-10-14 07:11:00,10,288,7,55.4,9.49,0.03334
2020-10-14 08:11:00,10,288,8,249.4,10.02,0.20462
2020-10-14 09:11:00,10,288,9,107.5,11.09,0.07814
2020-10-14 10:11:00,10,288,10,510.2,11.61,0.43141
2020-10-14 11:11:00,10,288,11,49.8,12.15,0.02963
2020-10-14 12:11:00,10,288,12,37.6,11.09,0.02031
2020-10-14 13:11:00,10,288,13,105.8,11.61,0.07627
2020-10-14 14:11:00,10,288,14,90.0,11.09,0.06304
2020-10-14 15:11:00,10,288,15,111.0,11.09,0.08119
2020-10-14 16:11:00,10,288,16,58.5,10.55,0.03589
2020-10-14 17:11:00,10,288,17,0.0,9.49,0.0
2020-10-14 18:11:00,10,288,18,0.0,8.96,0.0
2020-10-14 19:11:00,10,288,19,0.0,8.96,0.0
2020-10-14 20:11:00,10,288,20,0.0,8.43,0.0
2020-10-14 21:11:00,10,288,21,0.0,7.9,0.0
2020-10-14 22:11:00,10,288,22,0.0,7.9,0.0
2020-10-14 23:11:00,10,288,23,0.0,7.9,0.0
2020-10-15 00:11:00,10,289,0,0.0,7.9,0.0
2020-10-15 01:11:00,10,289,1,0.0,7.9,0.0
2020-10-15 02:11:00,10,289,2,0.0,7.9,0.0
2020-10-15 03:11:00,10,289,3,0.0,7.9,0.0
2020-10-15 04:11:00,10,289,4,0.0,7.9,0.0
2020-10-15 05:11:00,10,289,5,0.0,7.9,0.0
2020-10-15 06:11:00,10,289,6,0.0,7.9,0.0
2020-10-15 07:11:00,10,289,7,22.2,7.9,0.00926
2020-10-15 08:11:00,10,289,8,305.8,7.9,0.25739
2020-10-15 09:11:00,10,289,9,69.1,8.96,0.04587
2020-10-15 10:11:00,10,289,10,46.3,9.49,0.02726
2020-10-15 11:11:00,10,289,11,118.0,9.49,0.08773
2020-10-15 12:11:00,10,289,12,83.0,10.02,0.0574
2020-10-15 13:11:00,10,289,13,79.6,10.02,0.05444
2020-10-15 14:11:00,10,289,14,52.4,10.02,0.03205
2020-10-15 15:11:00,10,289,15,224.4,10.02,0.18208
2020-10-15 16:11:00,10,289,16,159.8,9.49,0.11709
2020-10-15 17:11:00,10,289,17,0.0,8.96,0.0
2020-10-15 18:11:00,10,289,18,0.0,7.9,0.0
2020-10-15 19:11:00,10,289,19,0.0,7.9,0.0
2020-10-15 20:11:00,10,289,20,0.0,7.9,0.0
2020-10-15 21:11:00,10,289,21,0.0,7.9,0.0
2020-10-15 22:11:00,10,289,22,0.0,7.9,0.0
2020-10-15 23:11:00,10,289,23,0.0,7.37,0.0
2020-10-16 00:11:00,10,290,0,0.0,7.37,0.0
2020-10-16 01:11:00,10,290,1,0.0,7.37,0.0
2020-10-16 02:11:00,10,290,2,0.0,6.84,0.0
2020-10-16 03:11:00,10,290,3,0.0,7.37,0.0
2020-10-16 04:11:00,10,290,4,0.0,7.37,0.0
2020-10-16 05:11:00,10,290,5,0.0,6.84,0.0
2020-10-16 06:11:00,10,290,6,0.0,6.84,0.0
2020-10-16 07:11:00,10,290,7,5.2,6.84,0.0
2020-10-16 08:11:00,10,290,8,109.4,7.9,0.08104
2020-10-16 09:11:00,10,290,9,58.6,8.96,0.03713
2020-10-16 10:11:00,10,290,10,137.0,10.02,0.10407
2020-10-16 11:11:00,10,290,11,256.4,10.55,0.21004
2020-10-16 12:11:00,10,290,12,277.2,11.09,0.2277
2020-10-16 13:11:00,10,290,13,298.0,11.09,0.24627
2020-10-16 14:11:00,10,290,14,262.9,11.09,0.21574
2020-10-16 15:11:00,10,290,15,314.2,10.55,0.25988
2020-10-16 16:11:00,10,290,16,101.1,10.02,0.0691
2020-10-16 17:11:00,10,290,17,0.0,9.49,0.0
2020-10-16 18:11:00,10,290,18,0.0,8.43,0.0
2020-10-16 19:11:00,10,290,19,0.0,8.43,0.0
2020-10-16 20:11:00,10,290,20,0.0,8.43,0.0
2020-10-16 21:11:00,10,290,21,0.0,8.43,0.0
2020-10-16 22:11:00,10,290,22,0.0,7.9,0.0
2020-10-16 23:11:00,10,290,23,0.0,8.43,0.0
2020-10-17 00:11:00,10,291,0,0.0,8.43,0.0
2020-10-17 01:11:00,10,291,1,0.0,8.43,0.0
2020-10-17 02:11:00,10,291,2,0.0,8.43,0.0
2020-10-17 03:11:00,10,291,3,0.0,8.96,0.0
2020-10-17 04:11:00,10,291,4,0.0,8.96,0.0
2020-10-17 05:11:00,10,291,5,0.0,8.96,0.0
2020-10-17 06:11:00,10,291,6,0.0,8.96,0.0
2020-10-17 07:11:00,10,291,7,5.2,8.96,0.0
2020-10-17 08:11:00,10,291,8,55.2,9.49,0.03436
2020-10-17 09:11:00,10,291,9,66.4,10.55,0.04334
2020-10-17 10:11:00,10,291,10,78.7,10.55,0.05358
2020-10-17 11:11:00,10,291,11,56.8,11.09,0.0354
2020-10-17 12:11:00,10,291,12,73.4,11.61,0.04891
2020-10-17 13:11:00,10,291,13,131.9,11.61,0.09908
2020-10-17 14:11:00,10,291,14,50.7,11.09,0.03049
2020-10-17 15:11:00,10,291,15,51.6,10.55,0.03127
2020-10-17 16:11:00,10,291,16,36.9,10.55,0.01946
2020-10-17 17:11:00,10,291,17,0.0,9.49,0.0
2020-10-17 18:11:00,10,291,18,0.0,8.96,0.0
2020-10-17 19:11:00,10,291,19,0.0,8.96,0.0
2020-10-17 20:11:00,10,291,20,0.0,8.96,0.0
2020-10-17 21:11:00,10,291,21,0.0,8.96,0.0
2020-10-17 22:11:00,10,291,22,0.0,8.43,0.0
2020-10-17 23:11:00,10,291,23,0.0,8.43,0.0
2020-10-18 00:11:00,10,292,0,0.0,7.9,0.0
2020-10-18 01:11:00,10,292,1,0.0,7.9,0.0
2020-10-18 02:11:00,10,292,2,0.0,7.9,0.0
2020-10-18 03:11:00,10,292,3,0.0,7.9,0.0
2020-10-18 04:11:00,10,292,4,0.0,7.37,0.0
2020-10-18 05:11:00,10,292,5,0.0,7.37,0.0
2020-10-18 06:11:00,10,292,6,0.0,7.37,0.0
2020-10-18 07:11:00,10,292,7,27.9,7.37,0.01295
2020-10-18 08:11:00,10,292,8,162.6,7.37,0.12873
2020-10-18 09:11:00,10,292,9,166.3,7.9,0.13164
2020-10-18 10:11:00,10,292,10,222.2,8.43,0.18057
2020-10-18 11:11:00,10,292,11,142.7,8.96,0.10922
2020-10-18 12:11:00,10,292,12,119.7,9.49,0.08892
2020-10-18 13:11:00,10,292,13,78.7,9.49,0.05373
2020-10-18 14:11:00,10,292,14,46.3,10.02,0.02715
2020-10-18 15:11:00,10,292,15,50.7,9.49,0.03067
2020-10-18 16:11:00,10,292,16,40.2,9.49,0.02183
2020-10-18 17:11:00,10,292,17,0.0,8.96,0.0
2020-10-18 18:11:00,10,292,18,0.0,8.43,0.0
2020-10-18 19:11:00,10,292,19,0.0,8.43,0.0
2020-10-18 20:11:00,10,292,20,0.0,8.43,0.0
2020-10-18 21:11:00,10,292,21,0.0,8.43,0.0
2020-10-18 22:11:00,10,292,22,0.0,8.43,0.0
2020-10-18 23:11:00,10,292,23,0.0,8.43,0.0
2020-10-19 00:11:00,10,293,0,0.0,7.9,0.0
2020-10-19 01:11:00,10,293,1,0.0,7.9,0.0
2020-10-19 02:11:00,10,293,2,0.0,7.9,0.0
2020-10-19 03:11:00,10,293,3,0.0,8.43,0.0
2020-10-19 04:11:00,10,293,4,0.0,8.96,0.0
2020-10-19 05:11:00,10,293,5,0.0,8.43,0.0
2020-10-19 06:11:00,10,293,6,0.0,8.43,0.0
2020-10-19 07:11:00,10,293,7,2.6,8.43,0.0
2020-10-19 08:11:00,10,293,8,42.0,8.96,0.0239
2020-10-19 09:11:00,10,293,9,121.1,9.49,0.09102
2020-10-19 10:11:00,10,293,10,92.7,10.55,0.06542
2020-10-19 11:11:00,10,293,11,196.0,11.09,0.15649
2020-10-19 12:11:00,10,293,12,254.0,11.61,0.20825
2020-10-19 13:11:00,10,293,13,99.7,12.15,0.07091
2020-10-19 14:11:00,10,293,14,99.0,12.15,0.07043
2020-10-19 15:11:00,10,293,15,42.0,11.61,0.02358
2020-10-19 16:11:00,10,293,16,15.7,11.61,0.00509
2020-10-19 17:11:00,10,293,17,0.0,11.09,0.0
2020-10-19 18:11:00,10,293,18,0.0,10.55,0.0
2020-10-19 19:11:00,10,293,19,0.0,10.55,0.0
2020-10-19 20:11:00,10,293,20,0.0,10.55,0.0
2020-10-19 21:11:00,10,293,21,0.0,10.02,0.0
2020-10-19 22:11:00,10,293,22,0.0,9.49,0.0
2020-10-19 23:11:00,10,293,23,0.0,9.49,0.0
2020-10-20 00:11:00,10,294,0,0.0,8.96,0.0
2020-10-20 01:11:00,10,294,1,0.0,8.96,0.0
2020-10-20 02:11:00,10,294,2,0.0,8.96,0.0
2020-10-20 03:11:00,10,294,3,0.0,8.96,0.0
2020-10-20 04:11:00,10,294,4,0.0,8.96,0.0
2020-10-20 05:11:00,10,294,5,0.0,8.96,0.0
2020-10-20 06:11:00,10,294,6,0.0,9.49,0.0
2020-10-20 07:11:00,10,294,7,1.8,9.49,0.0
2020-10-20 08:11:00,10,294,8,10.5,10.02,0.00217
2020-10-20 09:11:00,10,294,9,258.6,11.09,0.21326
2020-10-20 10:11:00,10,294,10,696.9,12.68,0.58077
2020-10-20 11:11:00,10,294,11,430.0,14.27,0.35896
2020-10-20 12:11:00,10,294,12,593.1,15.33,0.49337
2020-10-20 13:11:00,10,294,13,555.9,15.86,0.46172
2020-10-20 14:11:00,10,294,14,483.3,15.86,0.39977
2020-10-20 15:11:00,10,294,15,304.3,15.86,0.24591
2020-10-20 16:11:00,10,294,16,92.9,14.8,0.06019
2020-10-20 17:11:00,10,294,17,0.0,13.74,0.0
2020-10-20 18:11:00,10,294,18,0.0,13.21,0.0
2020-10-20 19:11:00,10,294,19,0.0,13.21,0.0
2020-10-20 20:11:00,10,294,20,0.0,12.68,0.0
2020-10-20 21:11:00,10,294,21,0.0,12.15,0.0
2020-10-20 22:11:00,10,294,22,0.0,12.15,0.0
2020-10-20 23:11:00,10,294,23,0.0,11.61,0.0
2020-10-21 00:11:00,10,295,0,0.0,11.09,0.0
2020-10-21 01:11:00,10,295,1,0.0,11.09,0.0
2020-10-21 02:11:00,10,295,2,0.0,11.09,0.0
2020-10-21 03:11:00,10,295,3,0.0,11.09,0.0
2020-10-21 04:11:00,10,295,4,0.0,11.61,0.0
2020-10-21 05:11:00,10,295,5,0.0,11.61,0.0
2020-10-21 06:11:00,10,295,6,0.0,11.61,0.0
2020-10-21 07:11:00,10,295,7,5.2,11.61,0.0
2020-10-21 08:11:00,10,295,8,99.2,12.15,0.07094
2020-10-21 09:11:00,10,295,9,26.2,12.68,0.01189
2020-10-21 10:11:00,10,295,10,186.2,13.21,0.14577
2020-10-21 11:11:00,10,295,11,205.0,13.74,0.16158
2020-10-21 12:11:00,10,295,12,367.1,14.27,0.30206
2020-10-21 13:11:00,10,295,13,228.3,14.27,0.18169
2020-10-21 14:11:00,10,295,14,79.6,14.8,0.05305
2020-10-21 15:11:00,10,295,15,81.2,14.27,0.05463
2020-10-21 16:11:00,10,295,16,14.0,13.74,0.004
2020-10-21 17:11:00,10,295,17,0.0,13.21,0.0
2020-10-21 18:11:00,10,295,18,0.0,12.15,0.0
2020-10-21 19:11:00,10,295,19,0.0,11.61,0.0
2020-10-21 20:11:00,10,295,20,0.0,11.61,0.0
2020-10-21 21:11:00,10,295,21,0.0,11.09,0.0
2020-10-21 22:11:00,10,295,22,0.0,10.55,0.0
2020-10-21 23:11:00,10,295,23,0.0,10.55,0.0
2020-10-22 00:11:00,10,296,0,0.0,10.02,0.0
2020-10-22 01:11:00,10,296,1,0.0,9.49,0.0
2020-10-22 02:11:00,10,296,2,0.0,8.96,0.0
2020-10-22 03:11:00,10,296,3,0.0,8.96,0.0
2020-10-22 04:11:00,10,296,4,0.0,9.49,0.0
2020-10-22 05:11:00,10,296,5,0.0,10.02,0.0
2020-10-22 06:11:00,10,296,6,0.0,10.02,0.0
2020-10-22 07:11:00,10,296,7,0.0,10.55,0.0
2020-10-22 08:11:00,10,296,8,105.0,10.55,0.07663
2020-10-22 09:11:00,10,296,9,371.7,11.09,0.31461
2020-10-22 10:11:00,10,296,10,410.9,11.61,0.34814
2020-10-22 11:11:00,10,296,11,195.2,11.61,0.15569
2020-10-22 12:11:00,10,296,12,194.0,12.15,0.15402
2020-10-22 13:11:00,10,296,13,101.5,12.15,0.07254
2020-10-22 14:11:00,10,296,14,72.6,11.61,0.0482
2020-10-22 15:11:00,10,296,15,99.2,11.61,0.07086
2020-10-22 16:11:00,10,296,16,23.6,10.55,0.00999
2020-10-22 17:11:00,10,296,17,0.0,10.02,0.0
2020-10-22 18:11:00,10,296,18,0.0,10.02,0.0
2020-10-22 19:11:00,10,296,19,0.0,9.49,0.0
2020-10-22 20:11:00,10,296,20,0.0,8.96,0.0
2020-10-22 21:11:00,10,296,21,0.0,8.43,0.0
2020-10-22 22:11:00,10,296,22,0.0,7.9,0.0
2020-10-22 23:11:00,10,296,23,0.0,7.9,0.0
2020-10-23 00:11:00,10,297,0,0.0,7.37,0.0
2020-10-23 01:11:00,10,297,1,0.0,6.84,0.0
2020-10-23 02:11:00,10,297,2,0.0,6.31,0.0
2020-10-23 03:11:00,10,297,3,0.0,5.78,0.0
2020-10-23 04:11:00,10,297,4,0.0,5.78,0.0
2020-10-23 05:11:00,10,297,5,0.0,5.78,0.0
2020-10-23 06:11:00,10,297,6,0.0,5.78,0.0
2020-10-23 07:11:00,10,297,7,0.0,5.78,0.0
2020-10-23 08:11:00,10,297,8,103.6,6.31,0.07699
2020-10-23 09:11:00,10,297,9,31.5,7.37,0.01607
2020-10-23 10:11:00,10,297,10,55.1,7.9,0.03453
2020-10-23 11:11:00,10,297,11,111.2,7.9,0.0825
2020-10-23 12:11:00,10,297,12,104.0,8.43,0.07596
2020-10-23 13:11:00,10,297,13,203.7,9.49,0.16471
2020-10-23 14:11:00,10,297,14,77.8,9.49,0.05308
2020-10-23 15:11:00,10,297,15,170.4,9.49,0.13435
2020-10-23 16:11:00,10,297,16,29.5,8.96,0.01396
2020-10-23 17:11:00,10,297,17,0.0,7.9,0.0
2020-10-23 18:11:00,10,297,18,0.0,7.37,0.0
2020-10-23 19:11:00,10,297,19,0.0,7.37,0.0
2020-10-23 20:11:00,10,297,20,0.0,6.84,0.0
2020-10-23 21:11:00,10,297,21,0.0,6.31,0.0
2020-10-23 22:11:00,10,297,22,0.0,5.78,0.0
2020-10-23 23:11:00,10,297,23,0.0,6.31,0.0
2020-10-24 00:11:00,10,298,0,0.0,6.31,0.0
2020-10-24 01:11:00,10,298,1,0.0,6.84,0.0
2020-10-24 02:11:00,10,298,2,0.0,6.84,0.0
2020-10-24 03:11:00,10,298,3,0.0,7.37,0.0
2020-10-24 04:11:00,10,298,4,0.0,7.37,0.0
2020-10-24 05:11:00,10,298,5,0.0,7.9,0.0
2020-10-24 06:11:00,10,298,6,0.0,7.9,0.0
2020-10-24 07:11:00,10,298,7,0.0,8.43,0.0
2020-10-24 08:11:00,10,298,8,34.1,9.49,0.01785
2020-10-24 09:11:00,10,298,9,112.6,10.55,0.08343
2020-10-24 10:11:00,10,298,10,97.4,11.61,0.06939
2020-10-24 11:11:00,10,298,11,52.4,12.15,0.03175
2020-10-24 12:11:00,10,298,12,85.7,12.15,0.05907
2020-10-24 13:11:00,10,298,13,52.4,11.61,0.03181
2020-10-24 14:11:00,10,298,14,84.2,11.09,0.05813
2020-10-24 15:11:00,10,298,15,35.0,10.55,0.01838
2020-10-24 16:11:00,10,298,16,7.9,9.49,0.00091
2020-10-24 17:11:00,10,298,17,0.0,8.96,0.0
2020-10-24 18:11:00,10,298,18,0.0,8.43,0.0
2020-10-24 19:11:00,10,298,19,0.0,7.9,0.0
2020-10-24 20:11:00,10,298,20,0.0,7.37,0.0
2020-10-24 21:11:00,10,298,21,0.0,7.37,0.0
2020-10-24 22:11:00,10,298,22,0.0,7.9,0.0
2020-10-24 23:11:00,10,298,23,0.0,7.9,0.0
2020-10-25 00:11:00,10,299,0,0.0,7.9,0.0
2020-10-25 01:11:00,10,299,1,0.0,7.37,0.0
2020-10-25 02:11:00,10,299,2,0.0,6.84,0.0
2020-10-25 03:11:00,10,299,3,0.0,6.84,0.0
2020-10-25 04:11:00,10,299,4,0.0,6.84,0.0
2020-10-25 05:11:00,10,299,5,0.0,6.84,0.0
2020-10-25 06:11:00,10,299,6,0.0,6.84,0.0
2020-10-25 07:11:00,10,299,7,0.0,6.84,0.0
2020-10-25 08:11:00,10,299,8,242.4,7.37,0.20239
2020-10-25 09:11:00,10,299,9,465.2,7.9,0.40424
2020-10-25 10:11:00,10,299,10,278.6,8.43,0.23492
2020-10-25 11:11:00,10,299,11,310.6,9.49,0.26326
2020-10-25 12:11:00,10,299,12,642.6,10.02,0.55566
2020-10-25 13:11:00,10,299,13,635.6,10.02,0.54858
2020-10-25 14:11:00,10,299,14,540.8,10.02,0.46544
2020-10-25 15:11:00,10,299,15,347.3,10.02,0.29128
2020-10-25 16:11:00,10,299,16,16.7,9.49,0.00572
2020-10-25 17:11:00,10,299,17,0.0,8.43,0.0
2020-10-25 18:11:00,10,299,18,0.0,7.9,0.0
2020-10-25 19:11:00,10,299,19,0.0,7.9,0.0
2020-10-25 20:11:00,10,299,20,0.0,7.37,0.0
2020-10-25 21:11:00,10,299,21,0.0,7.37,0.0
2020-10-25 22:11:00,10,299,22,0.0,7.37,0.0
2020-10-25 23:11:00,10,299,23,0.0,6.84,0.0
2020-10-26 00:11:00,10,300,0,0.0,6.84,0.0
2020-10-26 01:11:00,10,300,1,0.0,6.84,0.0
2020-10-26 02:11:00,10,300,2,0.0,6.84,0.0
2020-10-26 03:11:00,10,300,3,0.0,6.84,0.0
2020-10-26 04:11:00,10,300,4,0.0,6.84,0.0
2020-10-26 05:11:00,10,300,5,0.0,6.84,0.0
2020-10-26 06:11:00,10,300,6,0.0,7.37,0.0
2020-10-26 07:11:00,10,300,7,0.0,6.84,0.0
2020-10-26 08:11:00,10,300,8,63.6,7.37,0.0419
2020-10-26 09:11:00,10,300,9,333.4,7.9,0.28447
2020-10-26 10:11:00,10,300,10,154.4,8.43,0.12128
2020-10-26 11:11:00,10,300,11,455.2,10.02,0.38998
2020-10-26 12:11:00,10,300,12,582.6,10.55,0.50023
2020-10-26 13:11:00,10,300,13,176.4,10.55,0.14001
2020-10-26 14:11:00,10,300,14,300.7,10.55,0.25286
2020-10-26 15:11:00,10,300,15,279.4,10.02,0.23174
2020-10-26 16:11:00,10,300,16,13.5,9.49,0.00382
2020-10-26 17:11:00,10,300,17,0.0,8.96,0.0
2020-10-26 18:11:00,10,300,18,0.0,8.43,0.0
2020-10-26 19:11:00,10,300,19,0.0,8.43,0.0
2020-10-26 20:11:00,10,300,20,0.0,8.43,0.0
2020-10-26 21:11:00,10,300,21,0.0,7.9,0.0
2020-10-26 22:11:00,10,300,22,0.0,7.9,0.0
2020-10-26 23:11:00,10,300,23,0.0,7.9,0.0
2020-10-27 00:11:00,10,301,0,0.0,7.9,0.0
2020-10-27 01:11:00,10,301,1,0.0,7.9,0.0
2020-10-27 02:11:00,10,301,2,0.0,7.9,0.0
2020-10-27 03:11:00,10,301,3,0.0,7.9,0.0
2020-10-27 04:11:00,10,301,4,0.0,7.37,0.0
2020-10-27 05:11:00,10,301,5,0.0,7.37,0.0
2020-10-27 06:11:00,10,301,6,0.0,6.84,0.0
2020-10-27 07:11:00,10,301,7,0.0,6.31,0.0
2020-10-27 08:11:00,10,301,8,97.1,6.31,0.07115
2020-10-27 09:11:00,10,301,9,62.9,7.37,0.04109
2020-10-27 10:11:00,10,301,10,43.7,7.9,0.0254
2020-10-27 11:11:00,10,301,11,184.7,8.43,0.14834
2020-10-27 12:11:00,10,301,12,187.2,7.9,0.151
2020-10-27 13:11:00,10,301,13,80.4,7.9,0.05578
2020-10-27 14:11:00,10,301,14,18.4,7.9,0.00686
2020-10-27 15:11:00,10,301,15,14.9,7.9,0.00468
2020-10-27 16:11:00,10,301,16,3.2,7.9,0.0
2020-10-27 17:11:00,10,301,17,0.0,8.96,0.0
2020-10-27 18:11:00,10,301,18,0.0,8.96,0.0
2020-10-27 19:11:00,10,301,19,0.0,7.9,0.0
2020-10-27 20:11:00,10,301,20,0.0,7.9,0.0
2020-10-27 21:11:00,10,301,21,0.0,7.37,0.0
2020-10-27 22:11:00,10,301,22,0.0,7.37,0.0
2020-10-27 23:11:00,10,301,23,0.0,7.37,0.0
2020-10-28 00:11:00,10,302,0,0.0,7.37,0.0
2020-10-28 01:11:00,10,302,1,0.0,7.9,0.0
2020-10-28 02:11:00,10,302,2,0.0,7.9,0.0
2020-10-28 03:11:00,10,302,3,0.0,7.9,0.0
2020-10-28 04:11:00,10,302,4,0.0,7.9,0.0
2020-10-28 05:11:00,10,302,5,0.0,7.9,0.0
2020-10-28 06:11:00,10,302,6,0.0,7.9,0.0
2020-10-28 07:11:00,10,302,7,0.0,7.9,0.0
2020-10-28 08:11:00,10,302,8,28.0,7.9,0.01347
2020-10-28 09:11:00,10,302,9,68.3,7.9,0.04563
2020-10-28 10:11:00,10,302,10,117.1,8.43,0.08784
2020-10-28 11:11:00,10,302,11,115.3,8.96,0.08592
2020-10-28 12:11:00,10,302,12,126.1,8.96,0.09545
2020-10-28 13:11:00,10,302,13,148.3,8.96,0.11561
2020-10-28 14:11:00,10,302,14,153.0,8.96,0.11997
2020-10-28 15:11:00,10,302,15,88.1,8.96,0.06222
2020-10-28 16:11:00,10,302,16,2.4,8.43,0.0
2020-10-28 17:11:00,10,302,17,0.0,7.9,0.0
2020-10-28 18:11:00,10,302,18,0.0,7.9,0.0
2020-10-28 19:11:00,10,302,19,0.0,7.37,0.0
2020-10-28 20:11:00,10,302,20,0.0,7.37,0.0
2020-10-28 21:11:00,10,302,21,0.0,7.37,0.0
2020-10-28 22:11:00,10,302,22,0.0,6.84,0.0
2020-10-28 23:11:00,10,302,23,0.0,6.84,0.0
2020-10-29 00:11:00,10,303,0,0.0,7.37,0.0
2020-10-29 01:11:00,10,303,1,0.0,7.37,0.0
2020-10-29 02:11:00,10,303,2,0.0,7.9,0.0
2020-10-29 03:11:00,10,303,3,0.0,7.37,0.0
2020-10-29 04:11:00,10,303,4,0.0,6.84,0.0
2020-10-29 05:11:00,10,303,5,0.0,6.84,0.0
2020-10-29 06:11:00,10,303,6,0.0,6.84,0.0
2020-10-29 07:11:00,10,303,7,0.0,6.84,0.0
2020-10-29 08:11:00,10,303,8,22.7,7.37,0.0098
2020-10-29 09:11:00,10,303,9,55.1,7.9,0.03452
2020-10-29 10:11:00,10,303,10,71.7,8.43,0.04818
2020-10-29 11:11:00,10,303,11,63.8,8.43,0.04164
2020-10-29 12:11:00,10,303,12,90.0,8.43,0.06387
2020-10-29 13:11:00,10,303,13,95.7,8.43,0.06881
2020-10-29 14:11:00,10,303,14,71.3,8.96,0.04787
2020-10-29 15:11:00,10,303,15,69.9,10.02,0.04646
2020-10-29 16:11:00,10,303,16,4.0,11.61,0.0
2020-10-29 17:11:00,10,303,17,0.0,12.68,0.0
2020-10-29 18:11:00,10,303,18,0.0,12.68,0.0
2020-10-29 19:11:00,10,303,19,0.0,13.21,0.0
2020-10-29 20:11:00,10,303,20,0.0,13.21,0.0
2020-10-29 21:11:00,10,303,21,0.0,13.21,0.0
2020-10-29 22:11:00,10,303,22,0.0,13.21,0.0
2020-10-29 23:11:00,10,303,23,0.0,13.74,0.0
2020-10-30 00:11:00,10,304,0,0.0,13.74,0.0
2020-10-30 01:11:00,10,304,1,0.0,13.74,0.0
2020-10-30 02:11:00,10,304,2,0.0,14.27,0.0
2020-10-30 03:11:00,10,304,3,0.0,14.27,0.0
2020-10-30 04:11:00,10,304,4,0.0,14.27,0.0
2020-10-30 05:11:00,10,304,5,0.0,13.74,0.0
2020-10-30 06:11:00,10,304,6,0.0,12.68,0.0
2020-10-30 07:11:00,10,304,7,0.0,12.68,0.0
2020-10-30 08:11:00,10,304,8,9.6,12.68,0.00169
2020-10-30 09:11:00,10,304,9,28.0,12.68,0.01311
2020-10-30 10:11:00,10,304,10,76.0,12.68,0.05072
2020-10-30 11:11:00,10,304,11,69.1,12.15,0.0451
2020-10-30 12:11:00,10,304,12,91.8,11.61,0.06424
2020-10-30 13:11:00,10,304,13,45.5,11.61,0.02626
2020-10-30 14:11:00,10,304,14,326.8,11.61,0.27201
2020-10-30 15:11:00,10,304,15,46.7,11.09,0.02734
2020-10-30 16:11:00,10,304,16,0.0,10.55,0.0
2020-10-30 17:11:00,10,304,17,0.0,9.49,0.0
2020-10-30 18:11:00,10,304,18,0.0,8.43,0.0
2020-10-30 19:11:00,10,304,19,0.0,7.9,0.0
2020-10-30 20:11:00,10,304,20,0.0,7.37,0.0
2020-10-30 21:11:00,10,304,21,0.0,6.31,0.0
2020-10-30 22:11:00,10,304,22,0.0,5.25,0.0
2020-10-30 23:11:00,10,304,23,0.0,4.19,0.0
2020-10-31 00:11:00,10,305,0,0.0,4.19,0.0
2020-10-31 01:11:00,10,305,1,0.0,4.72,0.0
2020-10-31 02:11:00,10,305,2,0.0,5.78,0.0
2020-10-31 03:11:00,10,305,3,0.0,7.37,0.0
2020-10-31 04:11:00,10,305,4,0.0,7.9,0.0
2020-10-31 05:11:00,10,305,5,0.0,9.49,0.0
2020-10-31 06:11:00,10,305,6,0.0,11.09,0.0
2020-10-31 07:11:00,10,305,7,0.0,12.15,0.0
2020-10-31 08:11:00,10,305,8,21.0,12.68,0.00836
2020-10-31 09:11:00,10,305,9,25.4,12.68,0.0113
2020-10-31 10:11:00,10,305,10,21.0,12.68,0.00836
2020-10-31 11:11:00,10,305,11,58.6,13.21,0.03649
2020-10-31 12:11:00,10,305,12,49.8,13.74,0.02945
2020-10-31 13:11:00,10,305,13,94.0,13.74,0.06585
2020-10-31 14:11:00,10,305,14,291.4,12.68,0.24343
2020-10-31 15:11:00,10,305,15,258.4,11.09,0.21252
2020-10-31 16:11:00,10,305,16,0.0,10.55,0.0
2020-10-31 17:11:00,10,305,17,0.0,10.02,0.0
2020-10-31 18:11:00,10,305,18,0.0,9.49,0.0
2020-10-31 19:11:00,10,305,19,0.0,9.49,0.0
2020-10-31 20:11:00,10,305,20,0.0,8.96,0.0
2020-10-31 21:11:00,10,305,21,0.0,8.96,0.0
2020-10-31 22:11:00,10,305,22,0.0,8.96,0.0
2020-10-31 23:11:00,10,305,23,0.0,8.43,0.0
2020-11-01 00:11:00,11,306,0,0.0,8.43,0.0
2020-11-01 01:11:00,11,306,1,0.0,7.9,0.0
2020-11-01 02:11:00,11,306,2,0.0,7.9,0.0
2020-11-01 03:11:00,11,306,3,0.0,7.9,0.0
2020-11-01 04:11:00,11,306,4,0.0,7.9,0.0
2020-11-01 05:11:00,11,306,5,0.0,7.9,0.0
2020-11-01 06:11:00,11,306,6,0.0,7.9,0.0
2020-11-01 07:11:00,11,306,7,0.0,8.43,0.0
2020-11-01 08:11:00,11,306,8,43.9,9.49,0.02553
2020-11-01 09:11:00,11,306,9,37.6,11.09,0.02032
2020-11-01 10:11:00,11,306,10,340.8,11.61,0.28898
2020-11-01 11:11:00,11,306,11,633.6,11.09,0.54761
2020-11-01 12:11:00,11,306,12,419.1,11.09,0.35958
2020-11-01 13:11:00,11,306,13,64.7,11.61,0.04177
2020-11-01 14:11:00,11,306,14,31.5,11.61,0.01572
2020-11-01 15:11:00,11,306,15,21.0,11.61,0.00841
2020-11-01 16:11:00,11,306,16,0.0,11.09,0.0
2020-11-01 17:11:00,11,306,17,0.0,11.09,0.0
2020-11-01 18:11:00,11,306,18,0.0,11.09,0.0
2020-11-01 19:11:00,11,306,19,0.0,10.55,0.0
2020-11-01 20:11:00,11,306,20,0.0,12.68,0.0
2020-11-01 21:11:00,11,306,21,0.0,14.8,0.0
2020-11-01 22:11:00,11,306,22,0.0,15.33,0.0
2020-11-01 23:11:00,11,306,23,0.0,15.33,0.0
2020-11-02 00:11:00,11,307,0,0.0,14.8,0.0
2020-11-02 01:11:00,11,307,1,0.0,13.21,0.0
2020-11-02 02:11:00,11,307,2,0.0,11.61,0.0
2020-11-02 03:11:00,11,307,3,0.0,10.55,0.0
2020-11-02 04:11:00,11,307,4,0.0,10.02,0.0
2020-11-02 05:11:00,11,307,5,0.0,9.49,0.0
2020-11-02 06:11:00,11,307,6,0.0,8.96,0.0
2020-11-02 07:11:00,11,307,7,0.0,8.96,0.0
2020-11-02 08:11:00,11,307,8,267.0,8.43,0.22322
2020-11-02 09:11:00,11,307,9,193.5,8.96,0.15752
2020-11-02 10:11:00,11,307,10,495.2,8.96,0.42722
2020-11-02 11:11:00,11,307,11,81.3,9.49,0.05614
2020-11-02 12:11:00,11,307,12,116.2,9.49,0.08658
2020-11-02 13:11:00,11,307,13,493.8,9.49,0.42771
2020-11-02 14:11:00,11,307,14,78.6,9.49,0.054
2020-11-02 15:11:00,11,307,15,8.7,8.96,0.00132
2020-11-02 16:11:00,11,307,16,0.0,8.43,0.0
2020-11-02 17:11:00,11,307,17,0.0,7.9,0.0
2020-11-02 18:11:00,11,307,18,0.0,7.9,0.0
2020-11-02 19:11:00,11,307,19,0.0,7.9,0.0
2020-11-02 20:11:00,11,307,20,0.0,7.9,0.0
2020-11-02 21:11:00,11,307,21,0.0,7.37,0.0
2020-11-02 22:11:00,11,307,22,0.0,7.37,0.0
2020-11-02 23:11:00,11,307,23,0.0,5.78,0.0
2020-11-03 00:11:00,11,308,0,0.0,5.78,0.0
2020-11-03 01:11:00,11,308,1,0.0,6.31,0.0
2020-11-03 02:11:00,11,308,2,0.0,6.31,0.0
2020-11-03 03:11:00,11,308,3,0.0,5.78,0.0
2020-11-03 04:11:00,11,308,4,0.0,5.25,0.0
2020-11-03 05:11:00,11,308,5,0.0,5.25,0.0
2020-11-03 06:11:00,11,308,6,0.0,5.25,0.0
2020-11-03 07:11:00,11,308,7,0.0,5.25,0.0
2020-11-03 08:11:00,11,308,8,195.0,5.25,0.16021
2020-11-03 09:11:00,11,308,9,352.9,5.78,0.30373
2020-11-03 10:11:00,11,308,10,432.5,6.84,0.37281
2020-11-03 11:11:00,11,308,11,182.4,7.37,0.14731
2020-11-03 12:11:00,11,308,12,788.3,7.9,0.67172
2020-11-03 13:11:00,11,308,13,443.2,7.9,0.38252
2020-11-03 14:11:00,11,308,14,537.6,7.9,0.46421
2020-11-03 15:11:00,11,308,15,210.4,7.9,0.17113
2020-11-03 16:11:00,11,308,16,0.0,7.37,0.0
2020-11-03 17:11:00,11,308,17,0.0,6.84,0.0
2020-11-03 18:11:00,11,308,18,0.0,6.31,0.0
2020-11-03 19:11:00,11,308,19,0.0,5.25,0.0
2020-11-03 20:11:00,11,308,20,0.0,5.25,0.0
2020-11-03 21:11:00,11,308,21,0.0,4.72,0.0
2020-11-03 22:11:00,11,308,22,0.0,4.72,0.0
2020-11-03 23:11:00,11,308,23,0.0,4.72,0.0
2020-11-04 00:11:00,11,309,0,0.0,4.19,0.0
2020-11-04 01:11:00,11,309,1,0.0,4.19,0.0
2020-11-04 02:11:00,11,309,2,0.0,4.72,0.0
2020-11-04 03:11:00,11,309,3,0.0,4.72,0.0
2020-11-04 04:11:00,11,309,4,0.0,4.72,0.0
2020-11-04 05:11:00,11,309,5,0.0,4.72,0.0
2020-11-04 06:11:00,11,309,6,0.0,4.72,0.0
2020-11-04 07:11:00,11,309,7,0.0,5.25,0.0
2020-11-04 08:11:00,11,309,8,191.8,5.25,0.15746
2020-11-04 09:11:00,11,309,9,440.6,5.78,0.38315
2020-11-04 10:11:00,11,309,10,645.2,7.37,0.55438
2020-11-04 11:11:00,11,309,11,735.7,7.9,0.62709
2020-11-04 12:11:00,11,309,12,744.2,8.96,0.63037
2020-11-04 13:11:00,11,309,13,663.0,8.96,0.56308
2020-11-04 14:11:00,11,309,14,509.7,9.49,0.43302
2020-11-04 15:11:00,11,309,15,283.8,8.96,0.23373
2020-11-04 16:11:00,11,309,16,0.0,7.9,0.0
2020-11-04 17:11:00,11,309,17,0.0,6.84,0.0
2020-11-04 18:11:00,11,309,18,0.0,6.31,0.0
2020-11-04 19:11:00,11,309,19,0.0,6.31,0.0
2020-11-04 20:11:00,11,309,20,0.0,6.31,0.0
2020-11-04 21:11:00,11,309,21,0.0,6.31,0.0
2020-11-04 22:11:00,11,309,22,0.0,6.84,0.0
2020-11-04 23:11:00,11,309,23,0.0,7.37,0.0
2020-11-05 00:11:00,11,310,0,0.0,7.37,0.0
2020-11-05 01:11:00,11,310,1,0.0,7.37,0.0
2020-11-05 02:11:00,11,310,2,0.0,7.37,0.0
2020-11-05 03:11:00,11,310,3,0.0,7.9,0.0
2020-11-05 04:11:00,11,310,4,0.0,7.9,0.0
2020-11-05 05:11:00,11,310,5,0.0,7.9,0.0
2020-11-05 06:11:00,11,310,6,0.0,7.9,0.0
2020-11-05 07:11:00,11,310,7,0.0,8.43,0.0
2020-11-05 08:11:00,11,310,8,16.6,8.43,0.00573
2020-11-05 09:11:00,11,310,9,278.3,8.96,0.23433
2020-11-05 10:11:00,11,310,10,222.8,9.49,0.18296
2020-11-05 11:11:00,11,310,11,666.2,10.02,0.56313
2020-11-05 12:11:00,11,310,12,277.2,11.09,0.22969
2020-11-05 13:11:00,11,310,13,232.2,11.09,0.18951
2020-11-05 14:11:00,11,310,14,193.1,11.61,0.15423
2020-11-05 15:11:00,11,310,15,164.4,11.09,0.12784
2020-11-05 16:11:00,11,310,16,0.0,11.09,0.0
2020-11-05 17:11:00,11,310,17,0.0,10.55,0.0
2020-11-05 18:11:00,11,310,18,0.0,10.02,0.0
2020-11-05 19:11:00,11,310,19,0.0,9.49,0.0
2020-11-05 20:11:00,11,310,20,0.0,9.49,0.0
2020-11-05 21:11:00,11,310,21,0.0,8.96,0.0
2020-11-05 22:11:00,11,310,22,0.0,8.43,0.0
2020-11-05 23:11:00,11,310,23,0.0,7.9,0.0
2020-11-06 00:11:00,11,311,0,0.0,7.9,0.0
2020-11-06 01:11:00,11,311,1,0.0,7.37,0.0
2020-11-06 02:11:00,11,311,2,0.0,6.31,0.0
2020-11-06 03:11:00,11,311,3,0.0,5.78,0.0
2020-11-06 04:11:00,11,311,4,0.0,5.25,0.0
2020-11-06 05:11:00,11,311,5,0.0,5.25,0.0
2020-11-06 06:11:00,11,311,6,0.0,5.25,0.0
2020-11-06 07:11:00,11,311,7,0.0,5.78,0.0
2020-11-06 08:11:00,11,311,8,47.2,5.78,0.02864
2020-11-06 09:11:00,11,311,9,98.1,6.84,0.07174
2020-11-06 10:11:00,11,311,10,62.1,7.37,0.0403
2020-11-06 11:11:00,11,311,11,101.2,7.9,0.07367
2020-11-06 12:11:00,11,311,12,150.6,7.9,0.11764
2020-11-06 13:11:00,11,311,13,590.8,8.43,0.50102
2020-11-06 14:11:00,11,311,14,456.5,8.96,0.38779
2020-11-06 15:11:00,11,311,15,279.5,8.96,0.23012
2020-11-06 16:11:00,11,311,16,0.0,7.9,0.0
2020-11-06 17:11:00,11,311,17,0.0,6.84,0.0
2020-11-06 18:11:00,11,311,18,0.0,6.31,0.0
2020-11-06 19:11:00,11,311,19,0.0,6.31,0.0
2020-11-06 20:11:00,11,311,20,0.0,5.78,0.0
2020-11-06 21:11:00,11,311,21,0.0,5.25,0.0
2020-11-06 22:11:00,11,311,22,0.0,5.25,0.0
2020-11-06 23:11:00,11,311,23,0.0,4.72,0.0
2020-11-07 00:11:00,11,312,0,0.0,4.19,0.0
2020-11-07 01:11:00,11,312,1,0.0,3.66,0.0
2020-11-07 02:11:00,11,312,2,0.0,2.6,0.0
2020-11-07 03:11:00,11,312,3,0.0,2.07,0.0
2020-11-07 04:11:00,11,312,4,0.0,1.01,0.0
2020-11-07 05:11:00,11,312,5,0.0,1.01,0.0
2020-11-07 06:11:00,11,312,6,0.0,0.48,0.0
2020-11-07 07:11:00,11,312,7,0.0,1.01,0.0
2020-11-07 08:11:00,11,312,8,37.2,1.54,0.02109
2020-11-07 09:11:00,11,312,9,98.0,3.13,0.07301
2020-11-07 10:11:00,11,312,10,322.7,4.19,0.2765
2020-11-07 11:11:00,11,312,11,757.7,5.25,0.63596
2020-11-07 12:11:00,11,312,12,758.2,6.31,0.63676
2020-11-07 13:11:00,11,312,13,688.8,7.37,0.57985
2020-11-07 14:11:00,11,312,14,488.2,7.9,0.41514
2020-11-07 15:11:00,11,312,15,256.1,7.9,0.21011
2020-11-07 16:11:00,11,312,16,0.0,7.37,0.0
2020-11-07 17:11:00,11,312,17,0.0,6.84,0.0
2020-11-07 18:11:00,11,312,18,0.0,6.31,0.0
2020-11-07 19:11:00,11,312,19,0.0,6.31,0.0
2020-11-07 20:11:00,11,312,20,0.0,6.31,0.0
2020-11-07 21:11:00,11,312,21,0.0,6.31,0.0
2020-11-07 22:11:00,11,312,22,0.0,6.31,0.0
2020-11-07 23:11:00,11,312,23,0.0,6.31,0.0
2020-11-08 00:11:00,11,313,0,0.0,6.31,0.0
2020-11-08 01:11:00,11,313,1,0.0,6.31,0.0
2020-11-08 02:11:00,11,313,2,0.0,6.84,0.0
2020-11-08 03:11:00,11,313,3,0.0,7.37,0.0
2020-11-08 04:11:00,11,313,4,0.0,7.37,0.0
2020-11-08 05:11:00,11,313,5,0.0,7.9,0.0
2020-11-08 06:11:00,11,313,6,0.0,7.9,0.0
2020-11-08 07:11:00,11,313,7,0.0,7.9,0.0
2020-11-08 08:11:00,11,313,8,35.0,7.9,0.01884
2020-11-08 09:11:00,11,313,9,25.4,8.43,0.01156
2020-11-08 10:11:00,11,313,10,17.5,8.96,0.00626
2020-11-08 11:11:00,11,313,11,42.8,9.49,0.0245
2020-11-08 12:11:00,11,313,12,28.8,10.02,0.01393
2020-11-08 13:11:00,11,313,13,28.8,10.55,0.01389
2020-11-08 14:11:00,11,313,14,150.8,11.09,0.11686
2020-11-08 15:11:00,11,313,15,47.9,11.09,0.02826
2020-11-08 16:11:00,11,313,16,0.0,10.55,0.0
2020-11-08 17:11:00,11,313,17,0.0,10.02,0.0
2020-11-08 18:11:00,11,313,18,0.0,9.49,0.0
2020-11-08 19:11:00,11,313,19,0.0,9.49,0.0
2020-11-08 20:11:00,11,313,20,0.0,9.49,0.0
2020-11-08 21:11:00,11,313,21,0.0,9.49,0.0
2020-11-08 22:11:00,11,313,22,0.0,9.49,0.0
2020-11-08 23:11:00,11,313,23,0.0,9.49,0.0
2020-11-09 00:11:00,11,314,0,0.0,9.49,0.0
2020-11-09 01:11:00,11,314,1,0.0,9.49,0.0
2020-11-09 02:11:00,11,314,2,0.0,9.49,0.0
2020-11-09 03:11:00,11,314,3,0.0,9.49,0.0
2020-11-09 04:11:00,11,314,4,0.0,9.49,0.0
2020-11-09 05:11:00,11,314,5,0.0,9.49,0.0
2020-11-09 06:11:00,11,314,6,0.0,9.49,0.0
2020-11-09 07:11:00,11,314,7,0.0,9.49,0.0
2020-11-09 08:11:00,11,314,8,7.9,9.49,0.00091
2020-11-09 09:11:00,11,314,9,14.9,10.02,0.00461
2020-11-09 10:11:00,11,314,10,84.7,10.55,0.05876
2020-11-09 11:11:00,11,314,11,159.8,11.61,0.12437
2020-11-09 12:11:00,11,314,12,135.0,12.15,0.10191
2020-11-09 13:11:00,11,314,13,125.3,12.15,0.09346
2020-11-09 14:11:00,11,314,14,164.8,12.68,0.12832
2020-11-09 15:11:00,11,314,15,137.1,12.68,0.10285
2020-11-09 16:11:00,11,314,16,0.0,11.61,0.0
2020-11-09 17:11:00,11,314,17,0.0,10.55,0.0
2020-11-09 18:11:00,11,314,18,0.0,10.02,0.0
2020-11-09 19:11:00,11,314,19,0.0,10.02,0.0
2020-11-09 20:11:00,11,314,20,0.0,10.02,0.0
2020-11-09 21:11:00,11,314,21,0.0,9.49,0.0
2020-11-09 22:11:00,11,314,22,0.0,9.49,0.0
2020-11-09 23:11:00,11,314,23,0.0,9.49,0.0
2020-11-10 00:11:00,11,315,0,0.0,9.49,0.0
2020-11-10 01:11:00,11,315,1,0.0,10.02,0.0
2020-11-10 02:11:00,11,315,2,0.0,10.02,0.0
2020-11-10 03:11:00,11,315,3,0.0,10.02,0.0
2020-11-10 04:11:00,11,315,4,0.0,10.02,0.0
2020-11-10 05:11:00,11,315,5,0.0,10.02,0.0
2020-11-10 06:11:00,11,315,6,0.0,10.55,0.0
2020-11-10 07:11:00,11,315,7,0.0,10.55,0.0
2020-11-10 08:11:00,11,315,8,9.6,10.55,0.00172
2020-11-10 09:11:00,11,315,9,304.6,10.55,0.25435
2020-11-10 10:11:00,11,315,10,125.6,10.55,0.09473
2020-11-10 11:11:00,11,315,11,138.2,11.09,0.10534
2020-11-10 12:11:00,11,315,12,613.9,11.61,0.51744
2020-11-10 13:11:00,11,315,13,378.2,12.15,0.31777
2020-11-10 14:11:00,11,315,14,103.7,12.15,0.07494
2020-11-10 15:11:00,11,315,15,73.8,12.15,0.04914
2020-11-10 16:11:00,11,315,16,0.0,11.61,0.0
2020-11-10 17:11:00,11,315,17,0.0,11.61,0.0
2020-11-10 18:11:00,11,315,18,0.0,11.09,0.0
2020-11-10 19:11:00,11,315,19,0.0,10.55,0.0
2020-11-10 20:11:00,11,315,20,0.0,10.55,0.0
2020-11-10 21:11:00,11,315,21,0.0,10.55,0.0
2020-11-10 22:11:00,11,315,22,0.0,10.02,0.0
2020-11-10 23:11:00,11,315,23,0.0,9.49,0.0
2020-11-11 00:11:00,11,316,0,0.0,8.96,0.0
2020-11-11 01:11:00,11,316,1,0.0,8.43,0.0
2020-11-11 02:11:00,11,316,2,0.0,7.9,0.0
2020-11-11 03:11:00,11,316,3,0.0,7.9,0.0
2020-11-11 04:11:00,11,316,4,0.0,7.9,0.0
2020-11-11 05:11:00,11,316,5,0.0,7.9,0.0
2020-11-11 06:11:00,11,316,6,0.0,7.9,0.0
2020-11-11 07:11:00,11,316,7,0.0,7.9,0.0
2020-11-11 08:11:00,11,316,8,7.9,7.9,0.00093
2020-11-11 09:11:00,11,316,9,29.7,8.96,0.01466
2020-11-11 10:11:00,11,316,10,57.7,9.49,0.03642
2020-11-11 11:11:00,11,316,11,70.8,10.02,0.04717
2020-11-11 12:11:00,11,316,12,45.5,10.55,0.02645
2020-11-11 13:11:00,11,316,13,39.3,11.61,0.02158
2020-11-11 14:11:00,11,316,14,43.7,11.61,0.02494
2020-11-11 15:11:00,11,316,15,12.2,11.61,0.00307
2020-11-11 16:11:00,11,316,16,0.0,11.61,0.0
2020-11-11 17:11:00,11,316,17,0.0,11.61,0.0
2020-11-11 18:11:00,11,316,18,0.0,11.09,0.0
2020-11-11 19:11:00,11,316,19,0.0,10.55,0.0
2020-11-11 20:11:00,11,316,20,0.0,10.55,0.0
2020-11-11 21:11:00,11,316,21,0.0,10.55,0.0
2020-11-11 22:11:00,11,316,22,0.0,10.55,0.0
2020-11-11 23:11:00,11,316,23,0.0,10.55,0.0
2020-11-12 00:11:00,11,317,0,0.0,10.55,0.0
2020-11-12 01:11:00,11,317,1,0.0,10.55,0.0
2020-11-12 02:11:00,11,317,2,0.0,10.55,0.0
2020-11-12 03:11:00,11,317,3,0.0,10.02,0.0
2020-11-12 04:11:00,11,317,4,0.0,9.49,0.0
2020-11-12 05:11:00,11,317,5,0.0,9.49,0.0
2020-11-12 06:11:00,11,317,6,0.0,9.49,0.0
2020-11-12 07:11:00,11,317,7,0.0,8.96,0.0
2020-11-12 08:11:00,11,317,8,84.9,8.96,0.05997
2020-11-12 09:11:00,11,317,9,428.9,8.96,0.37074
2020-11-12 10:11:00,11,317,10,499.8,8.96,0.43192
2020-11-12 11:11:00,11,317,11,490.0,9.49,0.42236
2020-11-12 12:11:00,11,317,12,708.9,10.02,0.60574
2020-11-12 13:11:00,11,317,13,143.2,10.02,0.11084
2020-11-12 14:11:00,11,317,14,376.6,10.02,0.32019
2020-11-12 15:11:00,11,317,15,14.9,9.49,0.00463
2020-11-12 16:11:00,11,317,16,0.0,8.96,0.0
2020-11-12 17:11:00,11,317,17,0.0,8.43,0.0
2020-11-12 18:11:00,11,317,18,0.0,8.43,0.0
2020-11-12 19:11:00,11,317,19,0.0,8.96,0.0
2020-11-12 20:11:00,11,317,20,0.0,8.96,0.0
2020-11-12 21:11:00,11,317,21,0.0,8.96,0.0
2020-11-12 22:11:00,11,317,22,0.0,8.96,0.0
2020-11-12 23:11:00,11,317,23,0.0,8.96,0.0
2020-11-13 00:11:00,11,318,0,0.0,9.49,0.0
2020-11-13 01:11:00,11,318,1,0.0,9.49,0.0
2020-11-13 02:11:00,11,318,2,0.0,9.49,0.0
2020-11-13 03:11:00,11,318,3,0.0,9.49,0.0
2020-11-13 04:11:00,11,318,4,0.0,9.49,0.0
2020-11-13 05:11:00,11,318,5,0.0,9.49,0.0
2020-11-13 06:11:00,11,318,6,0.0,10.02,0.0
2020-11-13 07:11:00,11,318,7,0.0,9.49,0.0
2020-11-13 08:11:00,11,318,8,2.6,7.9,0.0
2020-11-13 09:11:00,11,318,9,435.9,7.37,0.37794
2020-11-13 10:11:00,11,318,10,588.2,7.9,0.51025
2020-11-13 11:11:00,11,318,11,735.7,8.43,0.63053
2020-11-13 12:11:00,11,318,12,713.2,8.96,0.61301
2020-11-13 13:11:00,11,318,13,653.8,8.96,0.56426
2020-11-13 14:11:00,11,318,14,423.2,8.96,0.36451
2020-11-13 15:11:00,11,318,15,269.1,8.43,0.22321
2020-11-13 16:11:00,11,318,16,0.0,7.9,0.0
2020-11-13 17:11:00,11,318,17,0.0,7.9,0.0
2020-11-13 18:11:00,11,318,18,0.0,7.37,0.0
2020-11-13 19:11:00,11,318,19,0.0,7.9,0.0
2020-11-13 20:11:00,11,318,20,0.0,7.37,0.0
2020-11-13 21:11:00,11,318,21,0.0,7.37,0.0
2020-11-13 22:11:00,11,318,22,0.0,6.84,0.0
2020-11-13 23:11:00,11,318,23,0.0,7.37,0.0
2020-11-14 00:11:00,11,319,0,0.0,7.37,0.0
2020-11-14 01:11:00,11,319,1,0.0,7.37,0.0
2020-11-14 02:11:00,11,319,2,0.0,7.9,0.0
2020-11-14 03:11:00,11,319,3,0.0,7.9,0.0
2020-11-14 04:11:00,11,319,4,0.0,7.9,0.0
2020-11-14 05:11:00,11,319,5,0.0,7.9,0.0
2020-11-14 06:11:00,11,319,6,0.0,7.9,0.0
2020-11-14 07:11:00,11,319,7,0.0,7.9,0.0
2020-11-14 08:11:00,11,319,8,4.4,7.37,0.0
2020-11-14 09:11:00,11,319,9,35.0,7.9,0.01865
2020-11-14 10:11:00,11,319,10,33.2,7.9,0.01733
2020-11-14 11:11:00,11,319,11,49.8,7.9,0.03028
2020-11-14 12:11:00,11,319,12,34.1,8.43,0.01793
2020-11-14 13:11:00,11,319,13,84.6,8.96,0.05919
2020-11-14 14:11:00,11,319,14,20.1,10.02,0.0079
2020-11-14 15:11:00,11,319,15,7.0,11.61,0.00052
2020-11-14 16:11:00,11,319,16,0.0,12.68,0.0
2020-11-14 17:11:00,11,319,17,0.0,12.68,0.0
2020-11-14 18:11:00,11,319,18,0.0,12.15,0.0
2020-11-14 19:11:00,11,319,19,0.0,12.68,0.0
2020-11-14 20:11:00,11,319,20,0.0,12.68,0.0
2020-11-14 21:11:00,11,319,21,0.0,11.61,0.0
2020-11-14 22:11:00,11,319,22,0.0,10.55,0.0
2020-11-14 23:11:00,11,319,23,0.0,10.02,0.0
2020-11-15 00:11:00,11,320,0,0.0,10.02,0.0
2020-11-15 01:11:00,11,320,1,0.0,9.49,0.0
2020-11-15 02:11:00,11,320,2,0.0,9.49,0.0
2020-11-15 03:11:00,11,320,3,0.0,9.49,0.0
2020-11-15 04:11:00,11,320,4,0.0,9.49,0.0
2020-11-15 05:11:00,11,320,5,0.0,9.49,0.0
2020-11-15 06:11:00,11,320,6,0.0,9.49,0.0
2020-11-15 07:11:00,11,320,7,0.0,9.49,0.0
2020-11-15 08:11:00,11,320,8,9.6,9.49,0.00174
2020-11-15 09:11:00,11,320,9,152.2,9.49,0.12008
2020-11-15 10:11:00,11,320,10,33.2,10.02,0.01714
2020-11-15 11:11:00,11,320,11,30.6,10.55,0.01517
2020-11-15 12:11:00,11,320,12,58.6,10.02,0.03705
2020-11-15 13:11:00,11,320,13,411.3,8.96,0.35505
2020-11-15 14:11:00,11,320,14,171.5,8.43,0.13784
2020-11-15 15:11:00,11,320,15,52.2,7.9,0.03233
2020-11-15 16:11:00,11,320,16,0.0,7.9,0.0
2020-11-15 17:11:00,11,320,17,0.0,7.37,0.0
2020-11-15 18:11:00,11,320,18,0.0,7.37,0.0
2020-11-15 19:11:00,11,320,19,0.0,7.37,0.0
2020-11-15 20:11:00,11,320,20,0.0,7.37,0.0
2020-11-15 21:11:00,11,320,21,0.0,7.9,0.0
2020-11-15 22:11:00,11,320,22,0.0,7.9,0.0
2020-11-15 23:11:00,11,320,23,0.0,7.9,0.0
2020-11-16 00:11:00,11,321,0,0.0,8.43,0.0
2020-11-16 01:11:00,11,321,1,0.0,8.43,0.0
2020-11-16 02:11:00,11,321,2,0.0,8.96,0.0
2020-11-16 03:11:00,11,321,3,0.0,9.49,0.0
2020-11-16 04:11:00,11,321,4,0.0,9.49,0.0
2020-11-16 05:11:00,11,321,5,0.0,9.49,0.0
2020-11-16 06:11:00,11,321,6,0.0,9.49,0.0
2020-11-16 07:11:00,11,321,7,0.0,8.96,0.0
2020-11-16 08:11:00,11,321,8,48.4,8.96,0.0293
2020-11-16 09:11:00,11,321,9,312.5,8.43,0.26793
2020-11-16 10:11:00,11,321,10,500.9,8.43,0.43685
2020-11-16 11:11:00,11,321,11,632.5,8.43,0.55086
2020-11-16 12:11:00,11,321,12,381.8,8.96,0.32903
2020-11-16 13:11:00,11,321,13,109.0,8.96,0.08079
2020-11-16 14:11:00,11,321,14,62.3,8.96,0.04051
2020-11-16 15:11:00,11,321,15,4.4,8.43,0.0
2020-11-16 16:11:00,11,321,16,0.0,8.43,0.0
2020-11-16 17:11:00,11,321,17,0.0,8.43,0.0
2020-11-16 18:11:00,11,321,18,0.0,8.43,0.0
2020-11-16 19:11:00,11,321,19,0.0,8.96,0.0
2020-11-16 20:11:00,11,321,20,0.0,9.49,0.0
2020-11-16 21:11:00,11,321,21,0.0,10.02,0.0
2020-11-16 22:11:00,11,321,22,0.0,10.55,0.0
2020-11-16 23:11:00,11,321,23,0.0,11.09,0.0
2020-11-17 00:11:00,11,322,0,0.0,12.15,0.0
2020-11-17 01:11:00,11,322,1,0.0,12.68,0.0
2020-11-17 02:11:00,11,322,2,0.0,13.21,0.0
2020-11-17 03:11:00,11,322,3,0.0,13.21,0.0
2020-11-17 04:11:00,11,322,4,0.0,12.68,0.0
2020-11-17 05:11:00,11,322,5,0.0,12.68,0.0
2020-11-17 06:11:00,11,322,6,0.0,12.68,0.0
2020-11-17 07:11:00,11,322,7,0.0,12.68,0.0
2020-11-17 08:11:00,11,322,8,1.8,13.21,0.0
2020-11-17 09:11:00,11,322,9,216.3,13.21,0.17561
2020-11-17 10:11:00,11,322,10,113.2,13.21,0.08314
2020-11-17 11:11:00,11,322,11,371.9,13.74,0.3136
2020-11-17 12:11:00,11,322,12,378.2,13.74,0.31936
2020-11-17 13:11:00,11,322,13,179.2,14.27,0.1411
2020-11-17 14:11:00,11,322,14,154.1,14.27,0.11896
2020-11-17 15:11:00,11,322,15,74.4,13.74,0.04937
2020-11-17 16:11:00,11,322,16,0.0,13.74,0.0
2020-11-17 17:11:00,11,322,17,0.0,13.74,0.0
2020-11-17 18:11:00,11,322,18,0.0,13.74,0.0
2020-11-17 19:11:00,11,322,19,0.0,13.74,0.0
2020-11-17 20:11:00,11,322,20,0.0,13.74,0.0
2020-11-17 21:11:00,11,322,21,0.0,13.74,0.0
2020-11-17 22:11:00,11,322,22,0.0,13.21,0.0
2020-11-17 23:11:00,11,322,23,0.0,13.21,0.0
2020-11-18 00:11:00,11,323,0,0.0,12.68,0.0
2020-11-18 01:11:00,11,323,1,0.0,12.15,0.0
2020-11-18 02:11:00,11,323,2,0.0,11.61,0.0
2020-11-18 03:11:00,11,323,3,0.0,11.61,0.0
2020-11-18 04:11:00,11,323,4,0.0,11.61,0.0
2020-11-18 05:11:00,11,323,5,0.0,11.61,0.0
2020-11-18 06:11:00,11,323,6,0.0,11.61,0.0
2020-11-18 07:11:00,11,323,7,0.0,11.09,0.0
2020-11-18 08:11:00,11,323,8,0.0,11.61,0.0
2020-11-18 09:11:00,11,323,9,7.9,12.15,0.00089
2020-11-18 10:11:00,11,323,10,22.7,12.68,0.00952
2020-11-18 11:11:00,11,323,11,144.2,13.21,0.11051
2020-11-18 12:11:00,11,323,12,170.4,13.74,0.13355
2020-11-18 13:11:00,11,323,13,129.7,13.74,0.09742
2020-11-18 14:11:00,11,323,14,96.9,13.21,0.06906
2020-11-18 15:11:00,11,323,15,68.0,11.09,0.04472
2020-11-18 16:11:00,11,323,16,0.0,9.49,0.0
2020-11-18 17:11:00,11,323,17,0.0,8.43,0.0
2020-11-18 18:11:00,11,323,18,0.0,7.9,0.0
2020-11-18 19:11:00,11,323,19,0.0,7.9,0.0
2020-11-18 20:11:00,11,323,20,0.0,7.9,0.0
2020-11-18 21:11:00,11,323,21,0.0,7.9,0.0
2020-11-18 22:11:00,11,323,22,0.0,7.9,0.0
2020-11-18 23:11:00,11,323,23,0.0,7.9,0.0
2020-11-19 00:11:00,11,324,0,0.0,7.9,0.0
2020-11-19 01:11:00,11,324,1,0.0,7.37,0.0
2020-11-19 02:11:00,11,324,2,0.0,7.37,0.0
2020-11-19 03:11:00,11,324,3,0.0,7.37,0.0
2020-11-19 04:11:00,11,324,4,0.0,6.84,0.0
2020-11-19 05:11:00,11,324,5,0.0,6.31,0.0
2020-11-19 06:11:00,11,324,6,0.0,5.78,0.0
2020-11-19 07:11:00,11,324,7,0.0,5.25,0.0
2020-11-19 08:11:00,11,324,8,0.0,4.72,0.0
2020-11-19 09:11:00,11,324,9,390.2,4.19,0.34243
2020-11-19 10:11:00,11,324,10,553.8,4.72,0.48597
2020-11-19 11:11:00,11,324,11,712.7,4.72,0.62435
2020-11-19 12:11:00,11,324,12,675.9,5.25,0.59191
2020-11-19 13:11:00,11,324,13,618.1,5.25,0.54105
2020-11-19 14:11:00,11,324,14,420.6,5.25,0.36656
2020-11-19 15:11:00,11,324,15,19.0,4.72,0.00744
2020-11-19 16:11:00,11,324,16,0.0,3.66,0.0
2020-11-19 17:11:00,11,324,17,0.0,3.13,0.0
2020-11-19 18:11:00,11,324,18,0.0,2.6,0.0
2020-11-19 19:11:00,11,324,19,0.0,2.6,0.0
2020-11-19 20:11:00,11,324,20,0.0,2.6,0.0
2020-11-19 21:11:00,11,324,21,0.0,2.07,0.0
2020-11-19 22:11:00,11,324,22,0.0,2.07,0.0
2020-11-19 23:11:00,11,324,23,0.0,1.54,0.0
2020-11-20 00:11:00,11,325,0,0.0,1.54,0.0
2020-11-20 01:11:00,11,325,1,0.0,1.54,0.0
2020-11-20 02:11:00,11,325,2,0.0,1.01,0.0
2020-11-20 03:11:00,11,325,3,0.0,1.01,0.0
2020-11-20 04:11:00,11,325,4,0.0,1.01,0.0
2020-11-20 05:11:00,11,325,5,0.0,1.54,0.0
2020-11-20 06:11:00,11,325,6,0.0,2.6,0.0
2020-11-20 07:11:00,11,325,7,0.0,3.66,0.0
2020-11-20 08:11:00,11,325,8,0.0,4.72,0.0
2020-11-20 09:11:00,11,325,9,37.5,5.25,0.02096
2020-11-20 10:11:00,11,325,10,31.5,5.78,0.01621
2020-11-20 11:11:00,11,325,11,24.5,6.84,0.01105
2020-11-20 12:11:00,11,325,12,145.0,7.9,0.11359
2020-11-20 13:11:00,11,325,13,27.1,7.9,0.01284
2020-11-20 14:11:00,11,325,14,70.2,8.43,0.04741
2020-11-20 15:11:00,11,325,15,18.2,8.96,0.00674
2020-11-20 16:11:00,11,325,16,0.0,9.49,0.0
2020-11-20 17:11:00,11,325,17,0.0,10.02,0.0
2020-11-20 18:11:00,11,325,18,0.0,10.55,0.0
2020-11-20 19:11:00,11,325,19,0.0,11.09,0.0
2020-11-20 20:11:00,11,325,20,0.0,11.09,0.0
2020-11-20 21:11:00,11,325,21,0.0,11.09,0.0
2020-11-20 22:11:00,11,325,22,0.0,11.09,0.0
2020-11-20 23:11:00,11,325,23,0.0,11.09,0.0
2020-11-21 00:11:00,11,326,0,0.0,11.09,0.0
2020-11-21 01:11:00,11,326,1,0.0,11.09,0.0
2020-11-21 02:11:00,11,326,2,0.0,11.09,0.0
2020-11-21 03:11:00,11,326,3,0.0,11.09,0.0
2020-11-21 04:11:00,11,326,4,0.0,11.09,0.0
2020-11-21 05:11:00,11,326,5,0.0,11.09,0.0
2020-11-21 06:11:00,11,326,6,0.0,11.09,0.0
2020-11-21 07:11:00,11,326,7,0.0,11.09,0.0
2020-11-21 08:11:00,11,326,8,0.0,10.55,0.0
2020-11-21 09:11:00,11,326,9,88.4,10.55,0.06292
2020-11-21 10:11:00,11,326,10,51.6,10.55,0.0313
2020-11-21 11:11:00,11,326,11,184.8,10.55,0.14836
2020-11-21 12:11:00,11,326,12,636.8,10.55,0.54588
2020-11-21 13:11:00,11,326,13,359.7,10.02,0.30731
2020-11-21 14:11:00,11,326,14,148.0,10.02,0.11571
2020-11-21 15:11:00,11,326,15,18.2,9.49,0.00672
2020-11-21 16:11:00,11,326,16,0.0,8.43,0.0
2020-11-21 17:11:00,11,326,17,0.0,7.9,0.0
2020-11-21 18:11:00,11,326,18,0.0,7.9,0.0
2020-11-21 19:11:00,11,326,19,0.0,7.9,0.0
2020-11-21 20:11:00,11,326,20,0.0,7.37,0.0
2020-11-21 21:11:00,11,326,21,0.0,7.37,0.0
2020-11-21 22:11:00,11,326,22,0.0,7.37,0.0
2020-11-21 23:11:00,11,326,23,0.0,6.84,0.0
2020-11-22 00:11:00,11,327,0,0.0,6.31,0.0
2020-11-22 01:11:00,11,327,1,0.0,6.31,0.0
2020-11-22 02:11:00,11,327,2,0.0,5.78,0.0
2020-11-22 03:11:00,11,327,3,0.0,5.78,0.0
2020-11-22 04:11:00,11,327,4,0.0,5.25,0.0
2020-11-22 05:11:00,11,327,5,0.0,5.25,0.0
2020-11-22 06:11:00,11,327,6,0.0,5.25,0.0
2020-11-22 07:11:00,11,327,7,0.0,5.25,0.0
2020-11-22 08:11:00,11,327,8,0.0,4.72,0.0
2020-11-22 09:11:00,11,327,9,317.5,5.25,0.27454
2020-11-22 10:11:00,11,327,10,559.9,5.78,0.48828
2020-11-22 11:11:00,11,327,11,606.6,6.84,0.52694
2020-11-22 12:11:00,11,327,12,628.8,7.37,0.54517
2020-11-22 13:11:00,11,327,13,561.6,7.37,0.48841
2020-11-22 14:11:00,11,327,14,356.5,7.37,0.3065
2020-11-22 15:11:00,11,327,15,18.2,6.84,0.00683
2020-11-22 16:11:00,11,327,16,0.0,5.78,0.0
2020-11-22 17:11:00,11,327,17,0.0,5.25,0.0
2020-11-22 18:11:00,11,327,18,0.0,5.25,0.0
2020-11-22 19:11:00,11,327,19,0.0,4.72,0.0
2020-11-22 20:11:00,11,327,20,0.0,4.72,0.0
2020-11-22 21:11:00,11,327,21,0.0,4.72,0.0
2020-11-22 22:11:00,11,327,22,0.0,4.72,0.0
2020-11-22 23:11:00,11,327,23,0.0,4.19,0.0
2020-11-23 00:11:00,11,328,0,0.0,4.19,0.0
2020-11-23 01:11:00,11,328,1,0.0,4.19,0.0
2020-11-23 02:11:00,11,328,2,0.0,4.19,0.0
2020-11-23 03:11:00,11,328,3,0.0,4.72,0.0
2020-11-23 04:11:00,11,328,4,0.0,4.72,0.0
2020-11-23 05:11:00,11,328,5,0.0,4.72,0.0
2020-11-23 06:11:00,11,328,6,0.0,4.72,0.0
2020-11-23 07:11:00,11,328,7,0.0,4.72,0.0
2020-11-23 08:11:00,11,328,8,0.0,4.72,0.0
2020-11-23 09:11:00,11,328,9,24.5,5.25,0.01114
2020-11-23 10:11:00,11,328,10,37.6,5.78,0.02088
2020-11-23 11:11:00,11,328,11,79.4,6.84,0.05541
2020-11-23 12:11:00,11,328,12,48.1,7.37,0.02897
2020-11-23 13:11:00,11,328,13,46.3,7.9,0.0275
2020-11-23 14:11:00,11,328,14,19.2,7.9,0.00743
2020-11-23 15:11:00,11,328,15,14.3,7.9,0.00433
2020-11-23 16:11:00,11,328,16,0.0,7.9,0.0
2020-11-23 17:11:00,11,328,17,0.0,7.9,0.0
2020-11-23 18:11:00,11,328,18,0.0,8.43,0.0
2020-11-23 19:11:00,11,328,19,0.0,9.49,0.0
2020-11-23 20:11:00,11,328,20,0.0,10.02,0.0
2020-11-23 21:11:00,11,328,21,0.0,10.55,0.0
2020-11-23 22:11:00,11,328,22,0.0,11.09,0.0
2020-11-23 23:11:00,11,328,23,0.0,11.09,0.0
2020-11-24 00:11:00,11,329,0,0.0,11.09,0.0
2020-11-24 01:11:00,11,329,1,0.0,11.09,0.0
2020-11-24 02:11:00,11,329,2,0.0,11.09,0.0
2020-11-24 03:11:00,11,329,3,0.0,11.09,0.0
2020-11-24 04:11:00,11,329,4,0.0,11.09,0.0
2020-11-24 05:11:00,11,329,5,0.0,11.09,0.0
2020-11-24 06:11:00,11,329,6,0.0,10.55,0.0
2020-11-24 07:11:00,11,329,7,0.0,10.55,0.0
2020-11-24 08:11:00,11,329,8,0.0,10.55,0.0
2020-11-24 09:11:00,11,329,9,71.7,10.55,0.04851
2020-11-24 10:11:00,11,329,10,25.4,11.09,0.0114
2020-11-24 11:11:00,11,329,11,31.5,11.09,0.01576
2020-11-24 12:11:00,11,329,12,340.2,11.09,0.28865
2020-11-24 13:11:00,11,329,13,105.8,10.55,0.07762
2020-11-24 14:11:00,11,329,14,137.4,10.02,0.10631
2020-11-24 15:11:00,11,329,15,14.3,10.02,0.00427
2020-11-24 16:11:00,11,329,16,0.0,9.49,0.0
2020-11-24 17:11:00,11,329,17,0.0,9.49,0.0
2020-11-24 18:11:00,11,329,18,0.0,9.49,0.0
2020-11-24 19:11:00,11,329,19,0.0,10.02,0.0
2020-11-24 20:11:00,11,329,20,0.0,10.02,0.0
2020-11-24 21:11:00,11,329,21,0.0,10.55,0.0
2020-11-24 22:11:00,11,329,22,0.0,10.55,0.0
2020-11-24 23:11:00,11,329,23,0.0,10.55,0.0
2020-11-25 00:11:00,11,330,0,0.0,10.55,0.0
2020-11-25 01:11:00,11,330,1,0.0,10.55,0.0
2020-11-25 02:11:00,11,330,2,0.0,10.02,0.0
2020-11-25 03:11:00,11,330,3,0.0,9.49,0.0
2020-11-25 04:11:00,11,330,4,0.0,8.43,0.0
2020-11-25 05:11:00,11,330,5,0.0,7.9,0.0
2020-11-25 06:11:00,11,330,6,0.0,7.37,0.0
2020-11-25 07:11:00,11,330,7,0.0,6.84,0.0
2020-11-25 08:11:00,11,330,8,0.0,6.84,0.0
2020-11-25 09:11:00,11,330,9,10.5,6.31,0.00223
2020-11-25 10:11:00,11,330,10,28.0,6.84,0.01354
2020-11-25 11:11:00,11,330,11,69.9,7.37,0.04704
2020-11-25 12:11:00,11,330,12,88.9,7.9,0.06331
2020-11-25 13:11:00,11,330,13,562.2,7.9,0.48299
2020-11-25 14:11:00,11,330,14,370.6,7.9,0.31674
2020-11-25 15:11:00,11,330,15,15.1,7.9,0.0048
2020-11-25 16:11:00,11,330,16,0.0,6.84,0.0
2020-11-25 17:11:00,11,330,17,0.0,5.78,0.0
2020-11-25 18:11:00,11,330,18,0.0,5.25,0.0
2020-11-25 19:11:00,11,330,19,0.0,4.72,0.0
2020-11-25 20:11:00,11,330,20,0.0,4.72,0.0
2020-11-25 21:11:00,11,330,21,0.0,4.19,0.0
2020-11-25 22:11:00,11,330,22,0.0,4.19,0.0
2020-11-25 23:11:00,11,330,23,0.0,4.19,0.0
2020-11-26 00:11:00,11,331,0,0.0,3.66,0.0
2020-11-26 01:11:00,11,331,1,0.0,4.19,0.0
2020-11-26 02:11:00,11,331,2,0.0,4.19,0.0
2020-11-26 03:11:00,11,331,3,0.0,4.19,0.0
2020-11-26 04:11:00,11,331,4,0.0,4.19,0.0
2020-11-26 05:11:00,11,331,5,0.0,4.19,0.0
2020-11-26 06:11:00,11,331,6,0.0,4.19,0.0
2020-11-26 07:11:00,11,331,7,0.0,4.19,0.0
2020-11-26 08:11:00,11,331,8,0.0,3.66,0.0
2020-11-26 09:11:00,11,331,9,17.5,4.19,0.00644
2020-11-26 10:11:00,11,331,10,47.2,4.72,0.0286
2020-11-26 11:11:00,11,331,11,67.3,5.25,0.04533
2020-11-26 12:11:00,11,331,12,50.7,5.78,0.03129
2020-11-26 13:11:00,11,331,13,38.5,6.31,0.02148
2020-11-26 14:11:00,11,331,14,20.1,6.31,0.00807
2020-11-26 15:11:00,11,331,15,5.6,5.78,0.0
2020-11-26 16:11:00,11,331,16,0.0,5.25,0.0
2020-11-26 17:11:00,11,331,17,0.0,4.19,0.0
2020-11-26 18:11:00,11,331,18,0.0,3.66,0.0
2020-11-26 19:11:00,11,331,19,0.0,3.13,0.0
2020-11-26 20:11:00,11,331,20,0.0,3.13,0.0
2020-11-26 21:11:00,11,331,21,0.0,2.6,0.0
2020-11-26 22:11:00,11,331,22,0.0,2.6,0.0
2020-11-26 23:11:00,11,331,23,0.0,2.6,0.0
2020-11-27 00:11:00,11,332,0,0.0,2.6,0.0
2020-11-27 01:11:00,11,332,1,0.0,2.07,0.0
2020-11-27 02:11:00,11,332,2,0.0,2.07,0.0
2020-11-27 03:11:00,11,332,3,0.0,2.07,0.0
2020-11-27 04:11:00,11,332,4,0.0,2.07,0.0
2020-11-27 05:11:00,11,332,5,0.0,2.07,0.0
2020-11-27 06:11:00,11,332,6,0.0,1.54,0.0
2020-11-27 07:11:00,11,332,7,0.0,3.13,0.0
2020-11-27 08:11:00,11,332,8,0.0,3.66,0.0
2020-11-27 09:11:00,11,332,9,12.2,3.66,0.00325
2020-11-27 10:11:00,11,332,10,28.0,4.19,0.01372
2020-11-27 11:11:00,11,332,11,49.8,4.72,0.0307
2020-11-27 12:11:00,11,332,12,73.4,5.78,0.05023
2020-11-27 13:11:00,11,332,13,37.6,6.31,0.02077
2020-11-27 14:11:00,11,332,14,20.1,6.31,0.00807
2020-11-27 15:11:00,11,332,15,9.5,5.78,0.00174
2020-11-27 16:11:00,11,332,16,0.0,4.72,0.0
2020-11-27 17:11:00,11,332,17,0.0,3.13,0.0
2020-11-27 18:11:00,11,332,18,0.0,2.07,0.0
2020-11-27 19:11:00,11,332,19,0.0,2.6,0.0
2020-11-27 20:11:00,11,332,20,0.0,2.07,0.0
2020-11-27 21:11:00,11,332,21,0.0,1.54,0.0
2020-11-27 22:11:00,11,332,22,0.0,1.01,0.0
2020-11-27 23:11:00,11,332,23,0.0,0.48,0.0
2020-11-28 00:11:00,11,333,0,0.0,-0.04,0.0
2020-11-28 01:11:00,11,333,1,0.0,-0.57,0.0
2020-11-28 02:11:00,11,333,2,0.0,-1.1,0.0
2020-11-28 03:11:00,11,333,3,0.0,-1.1,0.0
2020-11-28 04:11:00,11,333,4,0.0,-1.63,0.0
2020-11-28 05:11:00,11,333,5,0.0,-1.1,0.0
2020-11-28 06:11:00,11,333,6,0.0,-0.57,0.0
2020-11-28 07:11:00,11,333,7,0.0,1.54,0.0
2020-11-28 08:11:00,11,333,8,0.0,2.6,0.0
2020-11-28 09:11:00,11,333,9,200.2,3.13,0.1665
2020-11-28 10:11:00,11,333,10,406.7,3.13,0.35119
2020-11-28 11:11:00,11,333,11,128.6,4.19,0.10008
2020-11-28 12:11:00,11,333,12,28.0,5.25,0.01364
2020-11-28 13:11:00,11,333,13,138.5,5.78,0.10856
2020-11-28 14:11:00,11,333,14,13.1,6.31,0.00369
2020-11-28 15:11:00,11,333,15,1.6,6.31,0.0
2020-11-28 16:11:00,11,333,16,0.0,6.31,0.0
2020-11-28 17:11:00,11,333,17,0.0,6.31,0.0
2020-11-28 18:11:00,11,333,18,0.0,6.31,0.0
2020-11-28 19:11:00,11,333,19,0.0,6.31,0.0
2020-11-28 20:11:00,11,333,20,0.0,6.84,0.0
2020-11-28 21:11:00,11,333,21,0.0,6.84,0.0
2020-11-28 22:11:00,11,333,22,0.0,6.84,0.0
2020-11-28 23:11:00,11,333,23,0.0,6.84,0.0
2020-11-29 00:11:00,11,334,0,0.0,6.84,0.0
2020-11-29 01:11:00,11,334,1,0.0,7.37,0.0
2020-11-29 02:11:00,11,334,2,0.0,7.37,0.0
2020-11-29 03:11:00,11,334,3,0.0,6.84,0.0
2020-11-29 04:11:00,11,334,4,0.0,6.84,0.0
2020-11-29 05:11:00,11,334,5,0.0,6.84,0.0
2020-11-29 06:11:00,11,334,6,0.0,6.84,0.0
2020-11-29 07:11:00,11,334,7,0.0,6.31,0.0
2020-11-29 08:11:00,11,334,8,0.0,6.31,0.0
2020-11-29 09:11:00,11,334,9,17.5,6.84,0.00633
2020-11-29 10:11:00,11,334,10,255.3,7.37,0.21329
2020-11-29 11:11:00,11,334,11,51.6,7.9,0.03164
2020-11-29 12:11:00,11,334,12,54.2,7.9,0.03377
2020-11-29 13:11:00,11,334,13,42.8,8.43,0.02462
2020-11-29 14:11:00,11,334,14,34.1,8.43,0.01791
2020-11-29 15:11:00,11,334,15,6.4,8.43,0.00028
2020-11-29 16:11:00,11,334,16,0.0,7.9,0.0
2020-11-29 17:11:00,11,334,17,0.0,7.9,0.0
2020-11-29 18:11:00,11,334,18,0.0,7.37,0.0
2020-11-29 19:11:00,11,334,19,0.0,7.37,0.0
2020-11-29 20:11:00,11,334,20,0.0,7.37,0.0
2020-11-29 21:11:00,11,334,21,0.0,7.37,0.0
2020-11-29 22:11:00,11,334,22,0.0,7.37,0.0
2020-11-29 23:11:00,11,334,23,0.0,7.37,0.0
2020-11-30 00:11:00,11,335,0,0.0,7.9,0.0
2020-11-30 01:11:00,11,335,1,0.0,7.9,0.0
2020-11-30 02:11:00,11,335,2,0.0,7.9,0.0
2020-11-30 03:11:00,11,335,3,0.0,7.37,0.0
2020-11-30 04:11:00,11,335,4,0.0,7.37,0.0
2020-11-30 05:11:00,11,335,5,0.0,7.9,0.0
2020-11-30 06:11:00,11,335,6,0.0,7.37,0.0
2020-11-30 07:11:00,11,335,7,0.0,7.9,0.0
2020-11-30 08:11:00,11,335,8,0.0,7.37,0.0
2020-11-30 09:11:00,11,335,9,54.5,7.9,0.03462
2020-11-30 10:11:00,11,335,10,92.9,7.9,0.06747
2020-11-30 11:11:00,11,335,11,132.9,7.9,0.10319
2020-11-30 12:11:00,11,335,12,487.7,8.43,0.4251
2020-11-30 13:11:00,11,335,13,427.3,8.96,0.3705
2020-11-30 14:11:00,11,335,14,374.0,8.96,0.32181
2020-11-30 15:11:00,11,335,15,9.5,8.43,0.0017
2020-11-30 16:11:00,11,335,16,0.0,7.37,0.0
2020-11-30 17:11:00,11,335,17,0.0,6.84,0.0
2020-11-30 18:11:00,11,335,18,0.0,6.31,0.0
2020-11-30 19:11:00,11,335,19,0.0,5.78,0.0
2020-11-30 20:11:00,11,335,20,0.0,5.25,0.0
2020-11-30 21:11:00,11,335,21,0.0,5.25,0.0
2020-11-30 22:11:00,11,335,22,0.0,5.25,0.0
2020-11-30 23:11:00,11,335,23,0.0,4.72,0.0
2020-12-01 00:11:00,12,336,0,0.0,4.72,0.0
2020-12-01 01:11:00,12,336,1,0.0,4.19,0.0
2020-12-01 02:11:00,12,336,2,0.0,4.19,0.0
2020-12-01 03:11:00,12,336,3,0.0,4.19,0.0
2020-12-01 04:11:00,12,336,4,0.0,4.19,0.0
2020-12-01 05:11:00,12,336,5,0.0,4.19,0.0
2020-12-01 06:11:00,12,336,6,0.0,4.19,0.0
2020-12-01 07:11:00,12,336,7,0.0,3.13,0.0
2020-12-01 08:11:00,12,336,8,0.0,3.13,0.0
2020-12-01 09:11:00,12,336,9,251.6,3.13,0.21608
2020-12-01 10:11:00,12,336,10,483.5,3.66,0.42423
2020-12-01 11:11:00,12,336,11,510.1,4.72,0.44407
2020-12-01 12:11:00,12,336,12,521.7,5.25,0.45206
2020-12-01 13:11:00,12,336,13,527.7,5.78,0.45534
2020-12-01 14:11:00,12,336,14,385.1,5.78,0.33077
2020-12-01 15:11:00,12,336,15,9.5,5.25,0.00175
2020-12-01 16:11:00,12,336,16,0.0,4.19,0.0
2020-12-01 17:11:00,12,336,17,0.0,3.66,0.0
2020-12-01 18:11:00,12,336,18,0.0,3.13,0.0
2020-12-01 19:11:00,12,336,19,0.0,3.13,0.0
2020-12-01 20:11:00,12,336,20,0.0,3.66,0.0
2020-12-01 21:11:00,12,336,21,0.0,3.66,0.0
2020-12-01 22:11:00,12,336,22,0.0,3.66,0.0
2020-12-01 23:11:00,12,336,23,0.0,3.66,0.0
2020-12-02 00:11:00,12,337,0,0.0,4.19,0.0
2020-12-02 01:11:00,12,337,1,0.0,4.19,0.0
2020-12-02 02:11:00,12,337,2,0.0,4.72,0.0
2020-12-02 03:11:00,12,337,3,0.0,5.25,0.0
2020-12-02 04:11:00,12,337,4,0.0,5.25,0.0
2020-12-02 05:11:00,12,337,5,0.0,5.78,0.0
2020-12-02 06:11:00,12,337,6,0.0,6.31,0.0
2020-12-02 07:11:00,12,337,7,0.0,6.84,0.0
2020-12-02 08:11:00,12,337,8,0.0,7.37,0.0
2020-12-02 09:11:00,12,337,9,72.8,7.37,0.05025
2020-12-02 10:11:00,12,337,10,395.2,7.9,0.34019
2020-12-02 11:11:00,12,337,11,433.2,7.9,0.3742
2020-12-02 12:11:00,12,337,12,557.4,7.9,0.48215
2020-12-02 13:11:00,12,337,13,294.4,7.37,0.25097
2020-12-02 14:11:00,12,337,14,272.6,6.84,0.23145
2020-12-02 15:11:00,12,337,15,10.3,5.78,0.00215
2020-12-02 16:11:00,12,337,16,0.0,4.72,0.0
2020-12-02 17:11:00,12,337,17,0.0,4.19,0.0
2020-12-02 18:11:00,12,337,18,0.0,3.66,0.0
2020-12-02 19:11:00,12,337,19,0.0,3.66,0.0
2020-12-02 20:11:00,12,337,20,0.0,3.66,0.0
2020-12-02 21:11:00,12,337,21,0.0,3.13,0.0
2020-12-02 22:11:00,12,337,22,0.0,3.13,0.0
2020-12-02 23:11:00,12,337,23,0.0,3.13,0.0
2020-12-03 00:11:00,12,338,0,0.0,3.13,0.0
2020-12-03 01:11:00,12,338,1,0.0,3.13,0.0
2020-12-03 02:11:00,12,338,2,0.0,2.6,0.0
2020-12-03 03:11:00,12,338,3,0.0,2.6,0.0
2020-12-03 04:11:00,12,338,4,0.0,2.6,0.0
2020-12-03 05:11:00,12,338,5,0.0,2.6,0.0
2020-12-03 06:11:00,12,338,6,0.0,2.6,0.0
2020-12-03 07:11:00,12,338,7,0.0,2.6,0.0
2020-12-03 08:11:00,12,338,8,0.0,2.6,0.0
2020-12-03 09:11:00,12,338,9,9.6,2.6,0.00184
2020-12-03 10:11:00,12,338,10,34.1,2.6,0.01848
2020-12-03 11:11:00,12,338,11,150.3,3.13,0.12111
2020-12-03 12:11:00,12,338,12,75.7,3.13,0.05309
2020-12-03 13:11:00,12,338,13,88.7,2.6,0.06484
2020-12-03 14:11:00,12,338,14,52.3,2.6,0.03333
2020-12-03 15:11:00,12,338,15,4.0,2.6,0.0
2020-12-03 16:11:00,12,338,16,0.0,2.6,0.0
2020-12-03 17:11:00,12,338,17,0.0,2.6,0.0
2020-12-03 18:11:00,12,338,18,0.0,3.13,0.0
2020-12-03 19:11:00,12,338,19,0.0,3.66,0.0
2020-12-03 20:11:00,12,338,20,0.0,3.66,0.0
2020-12-03 21:11:00,12,338,21,0.0,3.66,0.0
2020-12-03 22:11:00,12,338,22,0.0,3.13,0.0
2020-12-03 23:11:00,12,338,23,0.0,2.6,0.0
2020-12-04 00:11:00,12,339,0,0.0,2.07,0.0
2020-12-04 01:11:00,12,339,1,0.0,2.07,0.0
2020-12-04 02:11:00,12,339,2,0.0,2.07,0.0
2020-12-04 03:11:00,12,339,3,0.0,2.07,0.0
2020-12-04 04:11:00,12,339,4,0.0,2.07,0.0
2020-12-04 05:11:00,12,339,5,0.0,2.07,0.0
2020-12-04 06:11:00,12,339,6,0.0,2.6,0.0
2020-12-04 07:11:00,12,339,7,0.0,2.6,0.0
2020-12-04 08:11:00,12,339,8,0.0,3.13,0.0
2020-12-04 09:11:00,12,339,9,14.9,3.66,0.0048
2020-12-04 10:11:00,12,339,10,21.8,5.25,0.00931
2020-12-04 11:11:00,12,339,11,37.6,5.78,0.02088
2020-12-04 12:11:00,12,339,12,43.7,5.78,0.0257
2020-12-04 13:11:00,12,339,13,22.7,6.31,0.00986
2020-12-04 14:11:00,12,339,14,73.0,6.31,0.05052
2020-12-04 15:11:00,12,339,15,6.4,6.31,0.00029
2020-12-04 16:11:00,12,339,16,0.0,5.78,0.0
2020-12-04 17:11:00,12,339,17,0.0,5.25,0.0
2020-12-04 18:11:00,12,339,18,0.0,4.72,0.0
2020-12-04 19:11:00,12,339,19,0.0,4.72,0.0
2020-12-04 20:11:00,12,339,20,0.0,4.72,0.0
2020-12-04 21:11:00,12,339,21,0.0,4.72,0.0
2020-12-04 22:11:00,12,339,22,0.0,4.72,0.0
2020-12-04 23:11:00,12,339,23,0.0,5.25,0.0
2020-12-05 00:11:00,12,340,0,0.0,4.72,0.0
2020-12-05 01:11:00,12,340,1,0.0,4.19,0.0
2020-12-05 02:11:00,12,340,2,0.0,4.19,0.0
2020-12-05 03:11:00,12,340,3,0.0,4.19,0.0
2020-12-05 04:11:00,12,340,4,0.0,4.19,0.0
2020-12-05 05:11:00,12,340,5,0.0,3.66,0.0
2020-12-05 06:11:00,12,340,6,0.0,3.66,0.0
2020-12-05 07:11:00,12,340,7,0.0,3.66,0.0
2020-12-05 08:11:00,12,340,8,0.0,3.13,0.0
2020-12-05 09:11:00,12,340,9,51.8,2.6,0.03327
2020-12-05 10:11:00,12,340,10,213.3,3.66,0.17933
2020-12-05 11:11:00,12,340,11,401.2,5.25,0.34694
2020-12-05 12:11:00,12,340,12,249.8,5.78,0.21047
2020-12-05 13:11:00,12,340,13,150.8,6.31,0.11989
2020-12-05 14:11:00,12,340,14,150.3,6.31,0.11958
2020-12-05 15:11:00,12,340,15,1.6,5.78,0.0
2020-12-05 16:11:00,12,340,16,0.0,4.72,0.0
2020-12-05 17:11:00,12,340,17,0.0,4.19,0.0
2020-12-05 18:11:00,12,340,18,0.0,3.66,0.0
2020-12-05 19:11:00,12,340,19,0.0,3.66,0.0
2020-12-05 20:11:00,12,340,20,0.0,3.13,0.0
2020-12-05 21:11:00,12,340,21,0.0,3.66,0.0
2020-12-05 22:11:00,12,340,22,0.0,3.66,0.0
2020-12-05 23:11:00,12,340,23,0.0,4.19,0.0
2020-12-06 00:11:00,12,341,0,0.0,4.19,0.0
2020-12-06 01:11:00,12,341,1,0.0,4.72,0.0
2020-12-06 02:11:00,12,341,2,0.0,4.72,0.0
2020-12-06 03:11:00,12,341,3,0.0,4.72,0.0
2020-12-06 04:11:00,12,341,4,0.0,5.25,0.0
2020-12-06 05:11:00,12,341,5,0.0,5.25,0.0
2020-12-06 06:11:00,12,341,6,0.0,5.25,0.0
2020-12-06 07:11:00,12,341,7,0.0,5.25,0.0
2020-12-06 08:11:00,12,341,8,0.0,5.25,0.0
2020-12-06 09:11:00,12,341,9,15.7,5.25,0.00529
2020-12-06 10:11:00,12,341,10,110.1,5.25,0.08375
2020-12-06 11:11:00,12,341,11,64.4,5.78,0.04279
2020-12-06 12:11:00,12,341,12,128.1,6.31,0.09916
2020-12-06 13:11:00,12,341,13,107.9,6.31,0.08105
2020-12-06 14:11:00,12,341,14,16.6,6.31,0.0058
2020-12-06 15:11:00,12,341,15,0.0,5.78,0.0
2020-12-06 16:11:00,12,341,16,0.0,5.25,0.0
2020-12-06 17:11:00,12,341,17,0.0,4.19,0.0
2020-12-06 18:11:00,12,341,18,0.0,3.66,0.0
2020-12-06 19:11:00,12,341,19,0.0,3.13,0.0
2020-12-06 20:11:00,12,341,20,0.0,3.13,0.0
2020-12-06 21:11:00,12,341,21,0.0,3.13,0.0
2020-12-06 22:11:00,12,341,22,0.0,3.13,0.0
2020-12-06 23:11:00,12,341,23,0.0,2.6,0.0
2020-12-07 00:11:00,12,342,0,0.0,3.13,0.0
2020-12-07 01:11:00,12,342,1,0.0,3.13,0.0
2020-12-07 02:11:00,12,342,2,0.0,2.6,0.0
2020-12-07 03:11:00,12,342,3,0.0,2.6,0.0
2020-12-07 04:11:00,12,342,4,0.0,2.6,0.0
2020-12-07 05:11:00,12,342,5,0.0,2.6,0.0
2020-12-07 06:11:00,12,342,6,0.0,2.6,0.0
2020-12-07 07:11:00,12,342,7,0.0,2.6,0.0
2020-12-07 08:11:00,12,342,8,0.0,2.6,0.0
2020-12-07 09:11:00,12,342,9,71.6,3.13,0.05035
2020-12-07 10:11:00,12,342,10,190.6,3.66,0.15857
2020-12-07 11:11:00,12,342,11,184.6,4.72,0.15193
2020-12-07 12:11:00,12,342,12,127.6,5.25,0.09927
2020-12-07 13:11:00,12,342,13,42.0,5.25,0.02436
2020-12-07 14:11:00,12,342,14,12.2,5.25,0.00321
2020-12-07 15:11:00,12,342,15,0.0,4.72,0.0
2020-12-07 16:11:00,12,342,16,0.0,4.19,0.0
2020-12-07 17:11:00,12,342,17,0.0,4.19,0.0
2020-12-07 18:11:00,12,342,18,0.0,3.66,0.0
2020-12-07 19:11:00,12,342,19,0.0,3.66,0.0
2020-12-07 20:11:00,12,342,20,0.0,3.13,0.0
2020-12-07 21:11:00,12,342,21,0.0,2.6,0.0
2020-12-07 22:11:00,12,342,22,0.0,2.6,0.0
2020-12-07 23:11:00,12,342,23,0.0,2.6,0.0
2020-12-08 00:11:00,12,343,0,0.0,2.6,0.0
2020-12-08 01:11:00,12,343,1,0.0,2.6,0.0
2020-12-08 02:11:00,12,343,2,0.0,3.13,0.0
2020-12-08 03:11:00,12,343,3,0.0,3.13,0.0
2020-12-08 04:11:00,12,343,4,0.0,3.66,0.0
2020-12-08 05:11:00,12,343,5,0.0,3.66,0.0
2020-12-08 06:11:00,12,343,6,0.0,4.19,0.0
2020-12-08 07:11:00,12,343,7,0.0,4.19,0.0
2020-12-08 08:11:00,12,343,8,0.0,4.72,0.0
2020-12-08 09:11:00,12,343,9,122.3,4.72,0.09562
2020-12-08 10:11:00,12,343,10,49.8,4.72,0.03085
2020-12-08 11:11:00,12,343,11,35.0,5.25,0.0189
2020-12-08 12:11:00,12,343,12,27.1,5.25,0.01302
2020-12-08 13:11:00,12,343,13,26.2,5.25,0.01238
2020-12-08 14:11:00,12,343,14,16.6,5.78,0.00582
2020-12-08 15:11:00,12,343,15,0.0,5.25,0.0
2020-12-08 16:11:00,12,343,16,0.0,5.25,0.0
2020-12-08 17:11:00,12,343,17,0.0,4.72,0.0
2020-12-08 18:11:00,12,343,18,0.0,4.19,0.0
2020-12-08 19:11:00,12,343,19,0.0,5.25,0.0
2020-12-08 20:11:00,12,343,20,0.0,5.25,0.0
2020-12-08 21:11:00,12,343,21,0.0,5.25,0.0
2020-12-08 22:11:00,12,343,22,0.0,5.25,0.0
2020-12-08 23:11:00,12,343,23,0.0,5.25,0.0
2020-12-09 00:11:00,12,344,0,0.0,5.25,0.0
2020-12-09 01:11:00,12,344,1,0.0,5.25,0.0
2020-12-09 02:11:00,12,344,2,0.0,5.25,0.0
2020-12-09 03:11:00,12,344,3,0.0,5.25,0.0
2020-12-09 04:11:00,12,344,4,0.0,4.72,0.0
2020-12-09 05:11:00,12,344,5,0.0,4.72,0.0
2020-12-09 06:11:00,12,344,6,0.0,4.72,0.0
2020-12-09 07:11:00,12,344,7,0.0,5.25,0.0
2020-12-09 08:11:00,12,344,8,0.0,5.25,0.0
2020-12-09 09:11:00,12,344,9,4.4,5.25,0.0
2020-12-09 10:11:00,12,344,10,145.8,5.25,0.11605
2020-12-09 11:11:00,12,344,11,300.2,5.78,0.25511
2020-12-09 12:11:00,12,344,12,450.7,5.78,0.38561
2020-12-09 13:11:00,12,344,13,125.1,6.31,0.09631
2020-12-09 14:11:00,12,344,14,20.1,6.31,0.00807
2020-12-09 15:11:00,12,344,15,0.0,5.78,0.0
2020-12-09 16:11:00,12,344,16,0.0,4.72,0.0
2020-12-09 17:11:00,12,344,17,0.0,4.19,0.0
2020-12-09 18:11:00,12,344,18,0.0,3.66,0.0
2020-12-09 19:11:00,12,344,19,0.0,3.66,0.0
2020-12-09 20:11:00,12,344,20,0.0,3.13,0.0
2020-12-09 21:11:00,12,344,21,0.0,3.13,0.0
2020-12-09 22:11:00,12,344,22,0.0,3.13,0.0
2020-12-09 23:11:00,12,344,23,0.0,2.6,0.0
2020-12-10 00:11:00,12,345,0,0.0,2.6,0.0
2020-12-10 01:11:00,12,345,1,0.0,2.07,0.0
2020-12-10 02:11:00,12,345,2,0.0,2.07,0.0
2020-12-10 03:11:00,12,345,3,0.0,2.07,0.0
2020-12-10 04:11:00,12,345,4,0.0,1.54,0.0
2020-12-10 05:11:00,12,345,5,0.0,1.54,0.0
2020-12-10 06:11:00,12,345,6,0.0,2.07,0.0
2020-12-10 07:11:00,12,345,7,0.0,3.66,0.0
2020-12-10 08:11:00,12,345,8,0.0,3.66,0.0
2020-12-10 09:11:00,12,345,9,40.5,4.19,0.02374
2020-12-10 10:11:00,12,345,10,402.1,4.72,0.3516
2020-12-10 11:11:00,12,345,11,33.2,4.72,0.01762
2020-12-10 12:11:00,12,345,12,16.6,5.25,0.00584
2020-12-10 13:11:00,12,345,13,21.0,5.25,0.00872
2020-12-10 14:11:00,12,345,14,30.6,5.25,0.0156
2020-12-10 15:11:00,12,345,15,0.0,5.25,0.0
2020-12-10 16:11:00,12,345,16,0.0,4.72,0.0
2020-12-10 17:11:00,12,345,17,0.0,4.72,0.0
2020-12-10 18:11:00,12,345,18,0.0,4.72,0.0
2020-12-10 19:11:00,12,345,19,0.0,4.19,0.0
2020-12-10 20:11:00,12,345,20,0.0,4.19,0.0
2020-12-10 21:11:00,12,345,21,0.0,4.72,0.0
2020-12-10 22:11:00,12,345,22,0.0,4.72,0.0
2020-12-10 23:11:00,12,345,23,0.0,4.72,0.0
2020-12-11 00:11:00,12,346,0,0.0,4.72,0.0
2020-12-11 01:11:00,12,346,1,0.0,5.25,0.0
2020-12-11 02:11:00,12,346,2,0.0,5.25,0.0
2020-12-11 03:11:00,12,346,3,0.0,5.25,0.0
2020-12-11 04:11:00,12,346,4,0.0,5.25,0.0
2020-12-11 05:11:00,12,346,5,0.0,5.25,0.0
2020-12-11 06:11:00,12,346,6,0.0,5.78,0.0
2020-12-11 07:11:00,12,346,7,0.0,5.78,0.0
2020-12-11 08:11:00,12,346,8,0.0,5.78,0.0
2020-12-11 09:11:00,12,346,9,3.5,6.31,0.0
2020-12-11 10:11:00,12,346,10,10.5,6.31,0.00223
2020-12-11 11:11:00,12,346,11,21.8,6.84,0.00923
2020-12-11 12:11:00,12,346,12,30.6,6.84,0.01546
2020-12-11 13:11:00,12,346,13,28.0,7.37,0.01349
2020-12-11 14:11:00,12,346,14,297.4,7.37,0.25111
2020-12-11 15:11:00,12,346,15,0.0,7.37,0.0
2020-12-11 16:11:00,12,346,16,0.0,6.84,0.0
2020-12-11 17:11:00,12,346,17,0.0,6.84,0.0
2020-12-11 18:11:00,12,346,18,0.0,6.84,0.0
2020-12-11 19:11:00,12,346,19,0.0,7.37,0.0
2020-12-11 20:11:00,12,346,20,0.0,7.37,0.0
2020-12-11 21:11:00,12,346,21,0.0,6.84,0.0
2020-12-11 22:11:00,12,346,22,0.0,6.84,0.0
2020-12-11 23:11:00,12,346,23,0.0,6.84,0.0
2020-12-12 00:11:00,12,347,0,0.0,6.84,0.0
2020-12-12 01:11:00,12,347,1,0.0,6.84,0.0
2020-12-12 02:11:00,12,347,2,0.0,6.84,0.0
2020-12-12 03:11:00,12,347,3,0.0,6.84,0.0
2020-12-12 04:11:00,12,347,4,0.0,6.31,0.0
2020-12-12 05:11:00,12,347,5,0.0,5.78,0.0
2020-12-12 06:11:00,12,347,6,0.0,5.78,0.0
2020-12-12 07:11:00,12,347,7,0.0,6.31,0.0
2020-12-12 08:11:00,12,347,8,0.0,6.31,0.0
2020-12-12 09:11:00,12,347,9,4.4,6.31,0.0
2020-12-12 10:11:00,12,347,10,14.0,6.84,0.00418
2020-12-12 11:11:00,12,347,11,25.4,6.84,0.01165
2020-12-12 12:11:00,12,347,12,51.6,7.37,0.03171
2020-12-12 13:11:00,12,347,13,16.6,7.37,0.00576
2020-12-12 14:11:00,12,347,14,66.2,7.37,0.04435
2020-12-12 15:11:00,12,347,15,0.0,7.37,0.0
2020-12-12 16:11:00,12,347,16,0.0,6.84,0.0
2020-12-12 17:11:00,12,347,17,0.0,6.84,0.0
2020-12-12 18:11:00,12,347,18,0.0,6.31,0.0
2020-12-12 19:11:00,12,347,19,0.0,6.31,0.0
2020-12-12 20:11:00,12,347,20,0.0,5.78,0.0
2020-12-12 21:11:00,12,347,21,0.0,5.25,0.0
2020-12-12 22:11:00,12,347,22,0.0,5.25,0.0
2020-12-12 23:11:00,12,347,23,0.0,4.72,0.0
2020-12-13 00:11:00,12,348,0,0.0,4.72,0.0
2020-12-13 01:11:00,12,348,1,0.0,3.66,0.0
2020-12-13 02:11:00,12,348,2,0.0,3.66,0.0
2020-12-13 03:11:00,12,348,3,0.0,3.66,0.0
2020-12-13 04:11:00,12,348,4,0.0,3.13,0.0
2020-12-13 05:11:00,12,348,5,0.0,2.6,0.0
2020-12-13 06:11:00,12,348,6,0.0,3.13,0.0
2020-12-13 07:11:00,12,348,7,0.0,3.13,0.0
2020-12-13 08:11:00,12,348,8,0.0,3.13,0.0
2020-12-13 09:11:00,12,348,9,10.5,3.13,0.00229
2020-12-13 10:11:00,12,348,10,72.4,3.66,0.05069
2020-12-13 11:11:00,12,348,11,49.0,4.19,0.03016
2020-12-13 12:11:00,12,348,12,16.6,4.19,0.00588
2020-12-13 13:11:00,12,348,13,15.7,4.19,0.00533
2020-12-13 14:11:00,12,348,14,11.4,4.72,0.00274
2020-12-13 15:11:00,12,348,15,0.0,4.72,0.0
2020-12-13 16:11:00,12,348,16,0.0,5.78,0.0
2020-12-13 17:11:00,12,348,17,0.0,6.31,0.0
2020-12-13 18:11:00,12,348,18,0.0,7.37,0.0
2020-12-13 19:11:00,12,348,19,0.0,7.9,0.0
2020-12-13 20:11:00,12,348,20,0.0,7.9,0.0
2020-12-13 21:11:00,12,348,21,0.0,8.43,0.0
2020-12-13 22:11:00,12,348,22,0.0,8.43,0.0
2020-12-13 23:11:00,12,348,23,0.0,8.96,0.0
2020-12-14 00:11:00,12,349,0,0.0,8.96,0.0
2020-12-14 01:11:00,12,349,1,0.0,8.96,0.0
2020-12-14 02:11:00,12,349,2,0.0,8.43,0.0
2020-12-14 03:11:00,12,349,3,0.0,7.9,0.0
2020-12-14 04:11:00,12,349,4,0.0,7.9,0.0
2020-12-14 05:11:00,12,349,5,0.0,7.9,0.0
2020-12-14 06:11:00,12,349,6,0.0,7.9,0.0
2020-12-14 07:11:00,12,349,7,0.0,7.9,0.0
2020-12-14 08:11:00,12,349,8,0.0,7.9,0.0
2020-12-14 09:11:00,12,349,9,86.6,7.9,0.0625
2020-12-14 10:11:00,12,349,10,283.9,7.9,0.24241
2020-12-14 11:11:00,12,349,11,490.1,7.9,0.42772
2020-12-14 12:11:00,12,349,12,460.4,8.43,0.40047
2020-12-14 13:11:00,12,349,13,277.6,8.43,0.23563
2020-12-14 14:11:00,12,349,14,387.6,8.43,0.33417
2020-12-14 15:11:00,12,349,15,0.0,7.9,0.0
2020-12-14 16:11:00,12,349,16,0.0,7.9,0.0
2020-12-14 17:11:00,12,349,17,0.0,7.37,0.0
2020-12-14 18:11:00,12,349,18,0.0,7.37,0.0
2020-12-14 19:11:00,12,349,19,0.0,6.84,0.0
2020-12-14 20:11:00,12,349,20,0.0,6.84,0.0
2020-12-14 21:11:00,12,349,21,0.0,6.31,0.0
2020-12-14 22:11:00,12,349,22,0.0,5.78,0.0
2020-12-14 23:11:00,12,349,23,0.0,5.78,0.0
2020-12-15 00:11:00,12,350,0,0.0,5.25,0.0
2020-12-15 01:11:00,12,350,1,0.0,5.25,0.0
2020-12-15 02:11:00,12,350,2,0.0,5.25,0.0
2020-12-15 03:11:00,12,350,3,0.0,5.25,0.0
2020-12-15 04:11:00,12,350,4,0.0,5.25,0.0
2020-12-15 05:11:00,12,350,5,0.0,5.25,0.0
2020-12-15 06:11:00,12,350,6,0.0,5.78,0.0
2020-12-15 07:11:00,12,350,7,0.0,5.25,0.0
2020-12-15 08:11:00,12,350,8,0.0,4.72,0.0
2020-12-15 09:11:00,12,350,9,64.0,4.72,0.04352
2020-12-15 10:11:00,12,350,10,453.5,5.25,0.39709
2020-12-15 11:11:00,12,350,11,637.8,6.31,0.55374
2020-12-15 12:11:00,12,350,12,620.9,6.84,0.53673
2020-12-15 13:11:00,12,350,13,393.8,7.37,0.34045
2020-12-15 14:11:00,12,350,14,253.1,7.37,0.21302
2020-12-15 15:11:00,12,350,15,0.0,6.84,0.0
2020-12-15 16:11:00,12,350,16,0.0,6.31,0.0
2020-12-15 17:11:00,12,350,17,0.0,6.31,0.0
2020-12-15 18:11:00,12,350,18,0.0,5.78,0.0
2020-12-15 19:11:00,12,350,19,0.0,5.78,0.0
2020-12-15 20:11:00,12,350,20,0.0,6.31,0.0
2020-12-15 21:11:00,12,350,21,0.0,5.78,0.0
2020-12-15 22:11:00,12,350,22,0.0,5.25,0.0
2020-12-15 23:11:00,12,350,23,0.0,5.25,0.0
2020-12-16 00:11:00,12,351,0,0.0,4.72,0.0
2020-12-16 01:11:00,12,351,1,0.0,4.72,0.0
2020-12-16 02:11:00,12,351,2,0.0,4.72,0.0
2020-12-16 03:11:00,12,351,3,0.0,4.72,0.0
2020-12-16 04:11:00,12,351,4,0.0,5.25,0.0
2020-12-16 05:11:00,12,351,5,0.0,5.78,0.0
2020-12-16 06:11:00,12,351,6,0.0,6.31,0.0
2020-12-16 07:11:00,12,351,7,0.0,7.37,0.0
2020-12-16 08:11:00,12,351,8,0.0,7.37,0.0
2020-12-16 09:11:00,12,351,9,5.2,7.9,0.0
2020-12-16 10:11:00,12,351,10,34.1,7.9,0.018
2020-12-16 11:11:00,12,351,11,38.5,7.9,0.02134
2020-12-16 12:11:00,12,351,12,49.0,7.9,0.02961
2020-12-16 13:11:00,12,351,13,61.3,7.9,0.03997
2020-12-16 14:11:00,12,351,14,18.4,7.9,0.00686
2020-12-16 15:11:00,12,351,15,0.0,7.9,0.0
2020-12-16 16:11:00,12,351,16,0.0,7.9,0.0
2020-12-16 17:11:00,12,351,17,0.0,7.9,0.0
2020-12-16 18:11:00,12,351,18,0.0,7.9,0.0
2020-12-16 19:11:00,12,351,19,0.0,7.37,0.0
2020-12-16 20:11:00,12,351,20,0.0,6.84,0.0
2020-12-16 21:11:00,12,351,21,0.0,6.84,0.0
2020-12-16 22:11:00,12,351,22,0.0,6.31,0.0
2020-12-16 23:11:00,12,351,23,0.0,6.31,0.0
2020-12-17 00:11:00,12,352,0,0.0,6.31,0.0
2020-12-17 01:11:00,12,352,1,0.0,6.31,0.0
2020-12-17 02:11:00,12,352,2,0.0,6.31,0.0
2020-12-17 03:11:00,12,352,3,0.0,6.31,0.0
2020-12-17 04:11:00,12,352,4,0.0,6.31,0.0
2020-12-17 05:11:00,12,352,5,0.0,6.31,0.0
2020-12-17 06:11:00,12,352,6,0.0,5.78,0.0
2020-12-17 07:11:00,12,352,7,0.0,6.31,0.0
2020-12-17 08:11:00,12,352,8,0.0,6.31,0.0
2020-12-17 09:11:00,12,352,9,89.8,6.84,0.06559
2020-12-17 10:11:00,12,352,10,462.6,6.84,0.40286
2020-12-17 11:11:00,12,352,11,604.6,7.37,0.52484
2020-12-17 12:11:00,12,352,12,612.9,7.9,0.53058
2020-12-17 13:11:00,12,352,13,295.2,7.9,0.25156
2020-12-17 14:11:00,12,352,14,242.2,7.9,0.20309
2020-12-17 15:11:00,12,352,15,0.0,7.9,0.0
2020-12-17 16:11:00,12,352,16,0.0,7.37,0.0
2020-12-17 17:11:00,12,352,17,0.0,7.37,0.0
2020-12-17 18:11:00,12,352,18,0.0,7.9,0.0
2020-12-17 19:11:00,12,352,19,0.0,7.9,0.0
2020-12-17 20:11:00,12,352,20,0.0,7.9,0.0
2020-12-17 21:11:00,12,352,21,0.0,7.9,0.0
2020-12-17 22:11:00,12,352,22,0.0,8.43,0.0
2020-12-17 23:11:00,12,352,23,0.0,8.43,0.0
2020-12-18 00:11:00,12,353,0,0.0,8.96,0.0
2020-12-18 01:11:00,12,353,1,0.0,9.49,0.0
2020-12-18 02:11:00,12,353,2,0.0,9.49,0.0
2020-12-18 03:11:00,12,353,3,0.0,10.02,0.0
2020-12-18 04:11:00,12,353,4,0.0,10.02,0.0
2020-12-18 05:11:00,12,353,5,0.0,10.55,0.0
2020-12-18 06:11:00,12,353,6,0.0,10.55,0.0
2020-12-18 07:11:00,12,353,7,0.0,11.09,0.0
2020-12-18 08:11:00,12,353,8,0.0,11.09,0.0
2020-12-18 09:11:00,12,353,9,4.4,10.55,0.0
2020-12-18 10:11:00,12,353,10,10.5,11.09,0.00215
2020-12-18 11:11:00,12,353,11,22.7,11.61,0.00957
2020-12-18 12:11:00,12,353,12,186.6,11.61,0.14989
2020-12-18 13:11:00,12,353,13,40.2,11.09,0.02231
2020-12-18 14:11:00,12,353,14,23.6,11.61,0.01017
2020-12-18 15:11:00,12,353,15,0.0,12.15,0.0
2020-12-18 16:11:00,12,353,16,0.0,12.15,0.0
2020-12-18 17:11:00,12,353,17,0.0,12.15,0.0
2020-12-18 18:11:00,12,353,18,0.0,12.15,0.0
2020-12-18 19:11:00,12,353,19,0.0,12.15,0.0
2020-12-18 20:11:00,12,353,20,0.0,11.61,0.0
2020-12-18 21:11:00,12,353,21,0.0,11.09,0.0
2020-12-18 22:11:00,12,353,22,0.0,11.09,0.0
2020-12-18 23:11:00,12,353,23,0.0,11.61,0.0
2020-12-19 00:11:00,12,354,0,0.0,11.61,0.0
2020-12-19 01:11:00,12,354,1,0.0,11.09,0.0
2020-12-19 02:11:00,12,354,2,0.0,11.09,0.0
2020-12-19 03:11:00,12,354,3,0.0,10.55,0.0
2020-12-19 04:11:00,12,354,4,0.0,10.55,0.0
2020-12-19 05:11:00,12,354,5,0.0,10.02,0.0
2020-12-19 06:11:00,12,354,6,0.0,9.49,0.0
2020-12-19 07:11:00,12,354,7,0.0,8.96,0.0
2020-12-19 08:11:00,12,354,8,0.0,8.96,0.0
2020-12-19 09:11:00,12,354,9,126.4,8.43,0.09786
2020-12-19 10:11:00,12,354,10,42.4,8.43,0.0245
2020-12-19 11:11:00,12,354,11,39.3,8.43,0.02194
2020-12-19 12:11:00,12,354,12,561.5,8.43,0.48869
2020-12-19 13:11:00,12,354,13,566.7,8.43,0.4946
2020-12-19 14:11:00,12,354,14,353.9,8.43,0.30516
2020-12-19 15:11:00,12,354,15,0.0,7.9,0.0
2020-12-19 16:11:00,12,354,16,0.0,7.9,0.0
2020-12-19 17:11:00,12,354,17,0.0,7.9,0.0
2020-12-19 18:11:00,12,354,18,0.0,7.37,0.0
2020-12-19 19:11:00,12,354,19,0.0,7.9,0.0
2020-12-19 20:11:00,12,354,20,0.0,7.37,0.0
2020-12-19 21:11:00,12,354,21,0.0,6.84,0.0
2020-12-19 22:11:00,12,354,22,0.0,6.84,0.0
2020-12-19 23:11:00,12,354,23,0.0,6.84,0.0
2020-12-20 00:11:00,12,355,0,0.0,6.84,0.0
2020-12-20 01:11:00,12,355,1,0.0,6.84,0.0
2020-12-20 02:11:00,12,355,2,0.0,6.84,0.0
2020-12-20 03:11:00,12,355,3,0.0,6.84,0.0
2020-12-20 04:11:00,12,355,4,0.0,6.84,0.0
2020-12-20 05:11:00,12,355,5,0.0,6.31,0.0
2020-12-20 06:11:00,12,355,6,0.0,6.31,0.0
2020-12-20 07:11:00,12,355,7,0.0,6.84,0.0
2020-12-20 08:11:00,12,355,8,0.0,6.84,0.0
2020-12-20 09:11:00,12,355,9,103.4,6.84,0.07776
2020-12-20 10:11:00,12,355,10,538.4,6.84,0.46932
2020-12-20 11:11:00,12,355,11,538.6,7.37,0.46849
2020-12-20 12:11:00,12,355,12,698.6,7.37,0.60353
2020-12-20 13:11:00,12,355,13,56.9,7.37,0.0363
2020-12-20 14:11:00,12,355,14,17.5,7.37,0.00632
2020-12-20 15:11:00,12,355,15,0.0,6.84,0.0
2020-12-20 16:11:00,12,355,16,0.0,6.31,0.0
2020-12-20 17:11:00,12,355,17,0.0,5.78,0.0
2020-12-20 18:11:00,12,355,18,0.0,5.78,0.0
2020-12-20 19:11:00,12,355,19,0.0,5.78,0.0
2020-12-20 20:11:00,12,355,20,0.0,5.78,0.0
2020-12-20 21:11:00,12,355,21,0.0,5.25,0.0
2020-12-20 22:11:00,12,355,22,0.0,5.25,0.0
2020-12-20 23:11:00,12,355,23,0.0,5.25,0.0
2020-12-21 00:11:00,12,356,0,0.0,5.25,0.0
2020-12-21 01:11:00,12,356,1,0.0,5.25,0.0
2020-12-21 02:11:00,12,356,2,0.0,5.25,0.0
2020-12-21 03:11:00,12,356,3,0.0,5.25,0.0
2020-12-21 04:11:00,12,356,4,0.0,5.25,0.0
2020-12-21 05:11:00,12,356,5,0.0,4.72,0.0
2020-12-21 06:11:00,12,356,6,0.0,4.19,0.0
2020-12-21 07:11:00,12,356,7,0.0,4.72,0.0
2020-12-21 08:11:00,12,356,8,0.0,4.19,0.0
2020-12-21 09:11:00,12,356,9,6.1,4.19,0.00022
2020-12-21 10:11:00,12,356,10,32.3,4.72,0.01695
2020-12-21 11:11:00,12,356,11,88.9,5.25,0.06446
2020-12-21 12:11:00,12,356,12,13.1,5.25,0.00371
2020-12-21 13:11:00,12,356,13,41.1,5.78,0.02357
2020-12-21 14:11:00,12,356,14,267.5,6.31,0.22552
2020-12-21 15:11:00,12,356,15,0.0,6.31,0.0
2020-12-21 16:11:00,12,356,16,0.0,6.31,0.0
2020-12-21 17:11:00,12,356,17,0.0,6.31,0.0
2020-12-21 18:11:00,12,356,18,0.0,6.31,0.0
2020-12-21 19:11:00,12,356,19,0.0,6.31,0.0
2020-12-21 20:11:00,12,356,20,0.0,6.31,0.0
2020-12-21 21:11:00,12,356,21,0.0,6.84,0.0
2020-12-21 22:11:00,12,356,22,0.0,6.84,0.0
2020-12-21 23:11:00,12,356,23,0.0,6.31,0.0
2020-12-22 00:11:00,12,357,0,0.0,5.78,0.0
2020-12-22 01:11:00,12,357,1,0.0,4.72,0.0
2020-12-22 02:11:00,12,357,2,0.0,3.66,0.0
2020-12-22 03:11:00,12,357,3,0.0,3.13,0.0
2020-12-22 04:11:00,12,357,4,0.0,3.13,0.0
2020-12-22 05:11:00,12,357,5,0.0,3.13,0.0
2020-12-22 06:11:00,12,357,6,0.0,3.13,0.0
2020-12-22 07:11:00,12,357,7,0.0,2.6,0.0
2020-12-22 08:11:00,12,357,8,0.0,2.6,0.0
2020-12-22 09:11:00,12,357,9,116.9,2.6,0.09174
2020-12-22 10:11:00,12,357,10,280.2,3.66,0.2424
2020-12-22 11:11:00,12,357,11,227.6,4.72,0.19237
2020-12-22 12:11:00,12,357,12,420.1,5.78,0.36589
2020-12-22 13:11:00,12,357,13,413.4,6.31,0.35907
2020-12-22 14:11:00,12,357,14,263.3,6.31,0.22325
2020-12-22 15:11:00,12,357,15,0.0,5.25,0.0
2020-12-22 16:11:00,12,357,16,0.0,4.19,0.0
2020-12-22 17:11:00,12,357,17,0.0,3.66,0.0
2020-12-22 18:11:00,12,357,18,0.0,2.6,0.0
2020-12-22 19:11:00,12,357,19,0.0,2.07,0.0
2020-12-22 20:11:00,12,357,20,0.0,1.01,0.0
2020-12-22 21:11:00,12,357,21,0.0,0.48,0.0
2020-12-22 22:11:00,12,357,22,0.0,0.48,0.0
2020-12-22 23:11:00,12,357,23,0.0,1.54,0.0
2020-12-23 00:11:00,12,358,0,0.0,1.54,0.0
2020-12-23 01:11:00,12,358,1,0.0,1.54,0.0
2020-12-23 02:11:00,12,358,2,0.0,2.07,0.0
2020-12-23 03:11:00,12,358,3,0.0,2.6,0.0
2020-12-23 04:11:00,12,358,4,0.0,2.6,0.0
2020-12-23 05:11:00,12,358,5,0.0,3.13,0.0
2020-12-23 06:11:00,12,358,6,0.0,3.13,0.0
2020-12-23 07:11:00,12,358,7,0.0,4.72,0.0
2020-12-23 08:11:00,12,358,8,0.0,4.72,0.0
2020-12-23 09:11:00,12,358,9,7.9,4.72,0.00096
2020-12-23 10:11:00,12,358,10,62.6,4.72,0.04186
2020-12-23 11:11:00,12,358,11,20.1,5.25,0.00813
2020-12-23 12:11:00,12,358,12,13.1,5.25,0.00371
2020-12-23 13:11:00,12,358,13,53.4,5.25,0.03371
2020-12-23 14:11:00,12,358,14,25.4,5.25,0.01177
2020-12-23 15:11:00,12,358,15,0.0,5.25,0.0
2020-12-23 16:11:00,12,358,16,0.0,5.25,0.0
2020-12-23 17:11:00,12,358,17,0.0,5.25,0.0
2020-12-23 18:11:00,12,358,18,0.0,5.25,0.0
2020-12-23 19:11:00,12,358,19,0.0,5.25,0.0
2020-12-23 20:11:00,12,358,20,0.0,5.25,0.0
2020-12-23 21:11:00,12,358,21,0.0,4.72,0.0
2020-12-23 22:11:00,12,358,22,0.0,4.72,0.0
2020-12-23 23:11:00,12,358,23,0.0,4.19,0.0
2020-12-24 00:11:00,12,359,0,0.0,3.66,0.0
2020-12-24 01:11:00,12,359,1,0.0,3.66,0.0
2020-12-24 02:11:00,12,359,2,0.0,2.6,0.0
2020-12-24 03:11:00,12,359,3,0.0,2.07,0.0
2020-12-24 04:11:00,12,359,4,0.0,1.54,0.0
2020-12-24 05:11:00,12,359,5,0.0,1.01,0.0
2020-12-24 06:11:00,12,359,6,0.0,1.01,0.0
2020-12-24 07:11:00,12,359,7,0.0,1.01,0.0
2020-12-24 08:11:00,12,359,8,0.0,1.01,0.0
2020-12-24 09:11:00,12,359,9,66.1,1.54,0.04611
2020-12-24 10:11:00,12,359,10,178.0,2.07,0.14922
2020-12-24 11:11:00,12,359,11,389.5,3.13,0.34572
2020-12-24 12:11:00,12,359,12,703.9,3.66,0.62178
2020-12-24 13:11:00,12,359,13,80.3,3.13,0.05761
2020-12-24 14:11:00,12,359,14,7.9,3.13,0.00098
2020-12-24 15:11:00,12,359,15,0.0,2.6,0.0
2020-12-24 16:11:00,12,359,16,0.0,2.6,0.0
2020-12-24 17:11:00,12,359,17,0.0,2.07,0.0
2020-12-24 18:11:00,12,359,18,0.0,2.07,0.0
2020-12-24 19:11:00,12,359,19,0.0,1.54,0.0
2020-12-24 20:11:00,12,359,20,0.0,1.54,0.0
2020-12-24 21:11:00,12,359,21,0.0,1.54,0.0
2020-12-24 22:11:00,12,359,22,0.0,1.01,0.0
2020-12-24 23:11:00,12,359,23,0.0,0.48,0.0
2020-12-25 00:11:00,12,360,0,0.0,0.48,0.0
2020-12-25 01:11:00,12,360,1,0.0,-0.04,0.0
2020-12-25 02:11:00,12,360,2,0.0,-0.04,0.0
2020-12-25 03:11:00,12,360,3,0.0,-0.04,0.0
2020-12-25 04:11:00,12,360,4,0.0,-0.04,0.0
2020-12-25 05:11:00,12,360,5,0.0,-0.04,0.0
2020-12-25 06:11:00,12,360,6,0.0,-0.57,0.0
2020-12-25 07:11:00,12,360,7,0.0,-1.1,0.0
2020-12-25 08:11:00,12,360,8,0.0,-1.1,0.0
2020-12-25 09:11:00,12,360,9,92.1,-1.1,0.07028
2020-12-25 10:11:00,12,360,10,258.6,-0.57,0.22658
2020-12-25 11:11:00,12,360,11,647.0,0.48,0.57351
2020-12-25 12:11:00,12,360,12,468.8,1.54,0.41525
2020-12-25 13:11:00,12,360,13,168.7,2.6,0.13908
2020-12-25 14:11:00,12,360,14,72.9,3.13,0.05127
2020-12-25 15:11:00,12,360,15,7.1,3.13,0.00065
2020-12-25 16:11:00,12,360,16,0.0,3.66,0.0
2020-12-25 17:11:00,12,360,17,0.0,3.66,0.0
2020-12-25 18:11:00,12,360,18,0.0,3.13,0.0
2020-12-25 19:11:00,12,360,19,0.0,4.19,0.0
2020-12-25 20:11:00,12,360,20,0.0,4.72,0.0
2020-12-25 21:11:00,12,360,21,0.0,5.25,0.0
2020-12-25 22:11:00,12,360,22,0.0,5.78,0.0
2020-12-25 23:11:00,12,360,23,0.0,6.31,0.0
2020-12-26 00:11:00,12,361,0,0.0,6.31,0.0
2020-12-26 01:11:00,12,361,1,0.0,6.31,0.0
2020-12-26 02:11:00,12,361,2,0.0,6.84,0.0
2020-12-26 03:11:00,12,361,3,0.0,7.37,0.0
2020-12-26 04:11:00,12,361,4,0.0,7.37,0.0
2020-12-26 05:11:00,12,361,5,0.0,6.84,0.0
2020-12-26 06:11:00,12,361,6,0.0,6.31,0.0
2020-12-26 07:11:00,12,361,7,0.0,5.78,0.0
2020-12-26 08:11:00,12,361,8,0.0,5.78,0.0
2020-12-26 09:11:00,12,361,9,24.0,5.78,0.01099
2020-12-26 10:11:00,12,361,10,203.6,5.78,0.17044
2020-12-26 11:11:00,12,361,11,102.9,6.31,0.07694
2020-12-26 12:11:00,12,361,12,59.2,6.31,0.03841
2020-12-26 13:11:00,12,361,13,137.2,6.31,0.10838
2020-12-26 14:11:00,12,361,14,160.6,6.84,0.12974
2020-12-26 15:11:00,12,361,15,8.7,6.31,0.00134
2020-12-26 16:11:00,12,361,16,0.0,6.31,0.0
2020-12-26 17:11:00,12,361,17,0.0,6.31,0.0
2020-12-26 18:11:00,12,361,18,0.0,5.78,0.0
2020-12-26 19:11:00,12,361,19,0.0,5.78,0.0
2020-12-26 20:11:00,12,361,20,0.0,5.78,0.0
2020-12-26 21:11:00,12,361,21,0.0,5.78,0.0
2020-12-26 22:11:00,12,361,22,0.0,6.31,0.0
2020-12-26 23:11:00,12,361,23,0.0,6.31,0.0
2020-12-27 00:11:00,12,362,0,0.0,5.78,0.0
2020-12-27 01:11:00,12,362,1,0.0,5.78,0.0
2020-12-27 02:11:00,12,362,2,0.0,5.78,0.0
2020-12-27 03:11:00,12,362,3,0.0,4.72,0.0
2020-12-27 04:11:00,12,362,4,0.0,3.13,0.0
2020-12-27 05:11:00,12,362,5,0.0,2.07,0.0
2020-12-27 06:11:00,12,362,6,0.0,1.54,0.0
2020-12-27 07:11:00,12,362,7,0.0,2.07,0.0
2020-12-27 08:11:00,12,362,8,0.0,1.54,0.0
2020-12-27 09:11:00,12,362,9,93.8,1.54,0.07102
2020-12-27 10:11:00,12,362,10,440.2,2.07,0.39367
2020-12-27 11:11:00,12,362,11,665.2,3.13,0.59081
2020-12-27 12:11:00,12,362,12,641.8,3.66,0.56968
2020-12-27 13:11:00,12,362,13,593.7,3.66,0.52569
2020-12-27 14:11:00,12,362,14,203.0,3.66,0.17089
2020-12-27 15:11:00,12,362,15,10.3,3.13,0.00219
2020-12-27 16:11:00,12,362,16,0.0,2.6,0.0
2020-12-27 17:11:00,12,362,17,0.0,2.07,0.0
2020-12-27 18:11:00,12,362,18,0.0,2.07,0.0
2020-12-27 19:11:00,12,362,19,0.0,2.07,0.0
2020-12-27 20:11:00,12,362,20,0.0,1.54,0.0
2020-12-27 21:11:00,12,362,21,0.0,1.54,0.0
2020-12-27 22:11:00,12,362,22,0.0,1.54,0.0
2020-12-27 23:11:00,12,362,23,0.0,1.01,0.0
2020-12-28 00:11:00,12,363,0,0.0,0.48,0.0
2020-12-28 01:11:00,12,363,1,0.0,-0.04,0.0
2020-12-28 02:11:00,12,363,2,0.0,-0.04,0.0
2020-12-28 03:11:00,12,363,3,0.0,-0.57,0.0
2020-12-28 04:11:00,12,363,4,0.0,-1.63,0.0
2020-12-28 05:11:00,12,363,5,0.0,-0.04,0.0
2020-12-28 06:11:00,12,363,6,0.0,-0.57,0.0
2020-12-28 07:11:00,12,363,7,0.0,0.48,0.0
2020-12-28 08:11:00,12,363,8,0.0,-0.57,0.0
2020-12-28 09:11:00,12,363,9,93.7,-0.57,0.07136
2020-12-28 10:11:00,12,363,10,368.4,0.48,0.32427
2020-12-28 11:11:00,12,363,11,99.0,2.07,0.07451
2020-12-28 12:11:00,12,363,12,109.1,3.13,0.08317
2020-12-28 13:11:00,12,363,13,128.7,3.13,0.10121
2020-12-28 14:11:00,12,363,14,90.4,3.13,0.0666
2020-12-28 15:11:00,12,363,15,8.7,3.13,0.00138
2020-12-28 16:11:00,12,363,16,0.0,2.6,0.0
2020-12-28 17:11:00,12,363,17,0.0,1.54,0.0
2020-12-28 18:11:00,12,363,18,0.0,1.01,0.0
2020-12-28 19:11:00,12,363,19,0.0,1.01,0.0
2020-12-28 20:11:00,12,363,20,0.0,1.01,0.0
2020-12-28 21:11:00,12,363,21,0.0,1.01,0.0
2020-12-28 22:11:00,12,363,22,0.0,1.01,0.0
2020-12-28 23:11:00,12,363,23,0.0,1.01,0.0
2020-12-29 00:11:00,12,364,0,0.0,1.01,0.0
2020-12-29 01:11:00,12,364,1,0.0,1.54,0.0
2020-12-29 02:11:00,12,364,2,0.0,1.54,0.0
2020-12-29 03:11:00,12,364,3,0.0,1.54,0.0
2020-12-29 04:11:00,12,364,4,0.0,1.54,0.0
2020-12-29 05:11:00,12,364,5,0.0,1.54,0.0
2020-12-29 06:11:00,12,364,6,0.0,1.54,0.0
2020-12-29 07:11:00,12,364,7,0.0,2.07,0.0
2020-12-29 08:11:00,12,364,8,0.0,2.07,0.0
2020-12-29 09:11:00,12,364,9,26.8,2.6,0.01321
2020-12-29 10:11:00,12,364,10,279.5,2.6,0.24293
2020-12-29 11:11:00,12,364,11,661.0,3.13,0.58167
2020-12-29 12:11:00,12,364,12,429.2,3.66,0.3786
2020-12-29 13:11:00,12,364,13,42.0,3.66,0.02457
2020-12-29 14:11:00,12,364,14,233.0,3.66,0.19845
2020-12-29 15:11:00,12,364,15,8.7,3.66,0.00138
2020-12-29 16:11:00,12,364,16,0.0,3.13,0.0
2020-12-29 17:11:00,12,364,17,0.0,3.13,0.0
2020-12-29 18:11:00,12,364,18,0.0,2.6,0.0
2020-12-29 19:11:00,12,364,19,0.0,1.54,0.0
2020-12-29 20:11:00,12,364,20,0.0,1.54,0.0
2020-12-29 21:11:00,12,364,21,0.0,1.01,0.0
2020-12-29 22:11:00,12,364,22,0.0,0.48,0.0
2020-12-29 23:11:00,12,364,23,0.0,0.48,0.0
2020-12-30 00:11:00,12,365,0,0.0,0.48,0.0
2020-12-30 01:11:00,12,365,1,0.0,-0.04,0.0
2020-12-30 02:11:00,12,365,2,0.0,-0.04,0.0
2020-12-30 03:11:00,12,365,3,0.0,-0.57,0.0
2020-12-30 04:11:00,12,365,4,0.0,-0.57,0.0
2020-12-30 05:11:00,12,365,5,0.0,-1.1,0.0
2020-12-30 06:11:00,12,365,6,0.0,-1.63,0.0
2020-12-30 07:11:00,12,365,7,0.0,-1.1,0.0
2020-12-30 08:11:00,12,365,8,0.0,-1.1,0.0
2020-12-30 09:11:00,12,365,9,276.9,-1.63,0.2444
2020-12-30 10:11:00,12,365,10,557.8,-1.1,0.49915
2020-12-30 11:11:00,12,365,11,686.3,-0.57,0.60626
2020-12-30 12:11:00,12,365,12,736.9,0.48,0.64578
2020-12-30 13:11:00,12,365,13,611.0,1.01,0.53904
2020-12-30 14:11:00,12,365,14,421.6,0.48,0.37374
2020-12-30 15:11:00,12,365,15,9.5,-0.04,0.00183
2020-12-30 16:11:00,12,365,16,0.0,-1.1,0.0
2020-12-30 17:11:00,12,365,17,0.0,-2.16,0.0
2020-12-30 18:11:00,12,365,18,0.0,-2.69,0.0
2020-12-30 19:11:00,12,365,19,0.0,-2.69,0.0
2020-12-30 20:11:00,12,365,20,0.0,-2.16,0.0
2020-12-30 21:11:00,12,365,21,0.0,-2.16,0.0
2020-12-30 22:11:00,12,365,22,0.0,-1.63,0.0
2020-12-30 23:11:00,12,365,23,0.0,-1.1,0.0
