datetime,month,day_of_year,hour,GHI_Wm2,T_amb_C,pv_kWh_per_kWp
2020-01-01 00:11:00,1,1,0,0.0,6.31,0.0
2020-01-01 01:11:00,1,1,1,0.0,6.31,0.0
2020-01-01 02:11:00,1,1,2,0.0,5.78,0.0
2020-01-01 03:11:00,1,1,3,0.0,5.78,0.0
2020-01-01 04:11:00,1,1,4,0.0,5.25,0.0
2020-01-01 05:11:00,1,1,5,0.0,4.72,0.0
2020-01-01 06:11:00,1,1,6,0.0,4.72,0.0
2020-01-01 07:11:00,1,1,7,0.0,4.72,0.0
2020-01-01 08:11:00,1,1,8,0.0,4.19,0.0
2020-01-01 09:11:00,1,1,9,14.3,4.19,0.00443
2020-01-01 10:11:00,1,1,10,34.8,4.19,0.01886
2020-01-01 11:11:00,1,1,11,49.1,4.72,0.03012
2020-01-01 12:11:00,1,1,12,76.2,4.72,0.05303
2020-01-01 13:11:00,1,1,13,60.7,5.25,0.03961
2020-01-01 14:11:00,1,1,14,31.2,5.25,0.01606
2020-01-01 15:11:00,1,1,15,14.3,5.78,0.00439
2020-01-01 16:11:00,1,1,16,0.0,5.78,0.0
2020-01-01 17:11:00,1,1,17,0.0,5.78,0.0
2020-01-01 18:11:00,1,1,18,0.0,5.78,0.0
2020-01-01 19:11:00,1,1,19,0.0,6.31,0.0
2020-01-01 20:11:00,1,1,20,0.0,6.31,0.0
2020-01-01 21:11:00,1,1,21,0.0,6.84,0.0
2020-01-01 22:11:00,1,1,22,0.0,6.84,0.0
2020-01-01 23:11:00,1,1,23,0.0,6.84,0.0
2020-01-02 00:11:00,1,2,0,0.0,6.84,0.0
2020-01-02 01:11:00,1,2,1,0.0,7.37,0.0
2020-01-02 02:11:00,1,2,2,0.0,7.37,0.0
2020-01-02 03:11:00,1,2,3,0.0,7.37,0.0
2020-01-02 04:11:00,1,2,4,0.0,7.37,0.0
2020-01-02 05:11:00,1,2,5,0.0,7.37,0.0
2020-01-02 06:11:00,1,2,6,0.0,7.37,0.0
2020-01-02 07:11:00,1,2,7,0.0,7.37,0.0
2020-01-02 08:11:00,1,2,8,0.0,7.9,0.0
2020-01-02 09:11:00,1,2,9,18.7,7.9,0.00711
2020-01-02 10:11:00,1,2,10,11.6,7.9,0.0028
2020-01-02 11:11:00,1,2,11,96.8,8.43,0.0702
2020-01-02 12:11:00,1,2,12,63.4,8.43,0.04129
2020-01-02 13:11:00,1,2,13,51.8,8.96,0.03169
2020-01-02 14:11:00,1,2,14,34.8,8.96,0.01843
2020-01-02 15:11:00,1,2,15,6.2,8.96,0.00024
2020-01-02 16:11:00,1,2,16,0.0,8.96,0.0
2020-01-02 17:11:00,1,2,17,0.0,8.96,0.0
2020-01-02 18:11:00,1,2,18,0.0,8.96,0.0
2020-01-02 19:11:00,1,2,19,0.0,8.96,0.0
2020-01-02 20:11:00,1,2,20,0.0,8.96,0.0
2020-01-02 21:11:00,1,2,21,0.0,9.49,0.0
2020-01-02 22:11:00,1,2,22,0.0,9.49,0.0
2020-01-02 23:11:00,1,2,23,0.0,9.49,0.0
2020-01-03 00:11:00,1,3,0,0.0,9.49,0.0
2020-01-03 01:11:00,1,3,1,0.0,10.02,0.0
2020-01-03 02:11:00,1,3,2,0.0,9.49,0.0
2020-01-03 03:11:00,1,3,3,0.0,9.49,0.0
2020-01-03 04:11:00,1,3,4,0.0,9.49,0.0
2020-01-03 05:11:00,1,3,5,0.0,9.49,0.0
2020-01-03 06:11:00,1,3,6,0.0,8.96,0.0
2020-01-03 07:11:00,1,3,7,0.0,8.43,0.0
2020-01-03 08:11:00,1,3,8,0.0,7.37,0.0
2020-01-03 09:11:00,1,3,9,6.2,6.84,0.00025
2020-01-03 10:11:00,1,3,10,47.3,6.31,0.02849
2020-01-03 11:11:00,1,3,11,669.0,6.84,0.58152
2020-01-03 12:11:00,1,3,12,655.0,6.84,0.56808
2020-01-03 13:11:00,1,3,13,443.7,7.37,0.38577
2020-01-03 14:11:00,1,3,14,148.5,7.37,0.11733
2020-01-03 15:11:00,1,3,15,226.6,7.37,0.18581
2020-01-03 16:11:00,1,3,16,0.0,6.31,0.0
2020-01-03 17:11:00,1,3,17,0.0,5.25,0.0
2020-01-03 18:11:00,1,3,18,0.0,4.72,0.0
2020-01-03 19:11:00,1,3,19,0.0,4.19,0.0
2020-01-03 20:11:00,1,3,20,0.0,4.19,0.0
2020-01-03 21:11:00,1,3,21,0.0,3.66,0.0
2020-01-03 22:11:00,1,3,22,0.0,3.66,0.0
2020-01-03 23:11:00,1,3,23,0.0,4.19,0.0
2020-01-04 00:11:00,1,4,0,0.0,4.72,0.0
2020-01-04 01:11:00,1,4,1,0.0,4.72,0.0
2020-01-04 02:11:00,1,4,2,0.0,4.72,0.0
2020-01-04 03:11:00,1,4,3,0.0,5.25,0.0
2020-01-04 04:11:00,1,4,4,0.0,5.25,0.0
2020-01-04 05:11:00,1,4,5,0.0,5.25,0.0
2020-01-04 06:11:00,1,4,6,0.0,5.25,0.0
2020-01-04 07:11:00,1,4,7,0.0,5.25,0.0
2020-01-04 08:11:00,1,4,8,0.0,5.25,0.0
2020-01-04 09:11:00,1,4,9,8.0,5.25,0.00103
2020-01-04 10:11:00,1,4,10,55.9,5.78,0.0357
2020-01-04 11:11:00,1,4,11,181.9,6.84,0.14787
2020-01-04 12:11:00,1,4,12,660.5,7.37,0.5672
2020-01-04 13:11:00,1,4,13,332.7,7.9,0.28445
2020-01-04 14:11:00,1,4,14,71.5,7.9,0.04841
2020-01-04 15:11:00,1,4,15,14.3,7.9,0.00433
2020-01-04 16:11:00,1,4,16,0.0,7.37,0.0
2020-01-04 17:11:00,1,4,17,0.0,6.31,0.0
2020-01-04 18:11:00,1,4,18,0.0,5.78,0.0
2020-01-04 19:11:00,1,4,19,0.0,5.25,0.0
2020-01-04 20:11:00,1,4,20,0.0,4.72,0.0
2020-01-04 21:11:00,1,4,21,0.0,4.72,0.0
2020-01-04 22:11:00,1,4,22,0.0,4.19,0.0
2020-01-04 23:11:00,1,4,23,0.0,4.19,0.0
2020-01-05 00:11:00,1,5,0,0.0,3.66,0.0
2020-01-05 01:11:00,1,5,1,0.0,3.66,0.0
2020-01-05 02:11:00,1,5,2,0.0,3.66,0.0
2020-01-05 03:11:00,1,5,3,0.0,4.19,0.0
2020-01-05 04:11:00,1,5,4,0.0,5.25,0.0
2020-01-05 05:11:00,1,5,5,0.0,5.78,0.0
2020-01-05 06:11:00,1,5,6,0.0,5.78,0.0
2020-01-05 07:11:00,1,5,7,0.0,6.84,0.0
2020-01-05 08:11:00,1,5,8,0.0,6.84,0.0
2020-01-05 09:11:00,1,5,9,52.0,6.84,0.03261
2020-01-05 10:11:00,1,5,10,74.2,7.37,0.05098
2020-01-05 11:11:00,1,5,11,110.6,7.9,0.08255
2020-01-05 12:11:00,1,5,12,147.7,7.9,0.11602
2020-01-05 13:11:00,1,5,13,94.5,7.9,0.06826
2020-01-05 14:11:00,1,5,14,147.6,7.9,0.11611
2020-01-05 15:11:00,1,5,15,61.3,7.9,0.03972
2020-01-05 16:11:00,1,5,16,0.0,7.37,0.0
2020-01-05 17:11:00,1,5,17,0.0,6.84,0.0
2020-01-05 18:11:00,1,5,18,0.0,6.84,0.0
2020-01-05 19:11:00,1,5,19,0.0,6.84,0.0
2020-01-05 20:11:00,1,5,20,0.0,6.84,0.0
2020-01-05 21:11:00,1,5,21,0.0,6.31,0.0
2020-01-05 22:11:00,1,5,22,0.0,5.78,0.0
2020-01-05 23:11:00,1,5,23,0.0,5.78,0.0
2020-01-06 00:11:00,1,6,0,0.0,5.78,0.0
2020-01-06 01:11:00,1,6,1,0.0,5.78,0.0
2020-01-06 02:11:00,1,6,2,0.0,5.78,0.0
2020-01-06 03:11:00,1,6,3,0.0,5.78,0.0
2020-01-06 04:11:00,1,6,4,0.0,6.31,0.0
2020-01-06 05:11:00,1,6,5,0.0,6.31,0.0
2020-01-06 06:11:00,1,6,6,0.0,6.31,0.0
2020-01-06 07:11:00,1,6,7,0.0,6.31,0.0
2020-01-06 08:11:00,1,6,8,0.0,6.31,0.0
2020-01-06 09:11:00,1,6,9,13.4,5.78,0.00386
2020-01-06 10:11:00,1,6,10,25.9,6.31,0.01208
2020-01-06 11:11:00,1,6,11,28.6,6.31,0.01401
2020-01-06 12:11:00,1,6,12,36.6,6.84,0.02
2020-01-06 13:11:00,1,6,13,18.7,7.9,0.00711
2020-01-06 14:11:00,1,6,14,180.6,7.9,0.14672
2020-01-06 15:11:00,1,6,15,8.9,7.9,0.00142
2020-01-06 16:11:00,1,6,16,0.0,8.43,0.0
2020-01-06 17:11:00,1,6,17,0.0,8.43,0.0
2020-01-06 18:11:00,1,6,18,0.0,7.9,0.0
2020-01-06 19:11:00,1,6,19,0.0,7.9,0.0
2020-01-06 20:11:00,1,6,20,0.0,6.84,0.0
2020-01-06 21:11:00,1,6,21,0.0,5.78,0.0
2020-01-06 22:11:00,1,6,22,0.0,5.25,0.0
2020-01-06 23:11:00,1,6,23,0.0,4.72,0.0
2020-01-07 00:11:00,1,7,0,0.0,4.19,0.0
2020-01-07 01:11:00,1,7,1,0.0,4.19,0.0
2020-01-07 02:11:00,1,7,2,0.0,4.19,0.0
2020-01-07 03:11:00,1,7,3,0.0,4.19,0.0
2020-01-07 04:11:00,1,7,4,0.0,4.72,0.0
2020-01-07 05:11:00,1,7,5,0.0,5.25,0.0
2020-01-07 06:11:00,1,7,6,0.0,5.78,0.0
2020-01-07 07:11:00,1,7,7,0.0,7.37,0.0
2020-01-07 08:11:00,1,7,8,0.0,7.37,0.0
2020-01-07 09:11:00,1,7,9,4.5,7.37,0.0
2020-01-07 10:11:00,1,7,10,17.0,7.9,0.00597
2020-01-07 11:11:00,1,7,11,50.9,8.43,0.03106
2020-01-07 12:11:00,1,7,12,39.3,8.96,0.02182
2020-01-07 13:11:00,1,7,13,56.2,9.49,0.03522
2020-01-07 14:11:00,1,7,14,11.6,10.02,0.00276
2020-01-07 15:11:00,1,7,15,10.7,10.55,0.00228
2020-01-07 16:11:00,1,7,16,0.0,11.09,0.0
2020-01-07 17:11:00,1,7,17,0.0,11.61,0.0
2020-01-07 18:11:00,1,7,18,0.0,12.15,0.0
2020-01-07 19:11:00,1,7,19,0.0,12.15,0.0
2020-01-07 20:11:00,1,7,20,0.0,12.15,0.0
2020-01-07 21:11:00,1,7,21,0.0,12.15,0.0
2020-01-07 22:11:00,1,7,22,0.0,12.15,0.0
2020-01-07 23:11:00,1,7,23,0.0,12.15,0.0
2020-01-08 00:11:00,1,8,0,0.0,12.15,0.0
2020-01-08 01:11:00,1,8,1,0.0,12.15,0.0
2020-01-08 02:11:00,1,8,2,0.0,11.61,0.0
2020-01-08 03:11:00,1,8,3,0.0,11.09,0.0
2020-01-08 04:11:00,1,8,4,0.0,10.55,0.0
2020-01-08 05:11:00,1,8,5,0.0,9.49,0.0
2020-01-08 06:11:00,1,8,6,0.0,9.49,0.0
2020-01-08 07:11:00,1,8,7,0.0,10.02,0.0
2020-01-08 08:11:00,1,8,8,0.0,9.49,0.0
2020-01-08 09:11:00,1,8,9,10.7,9.49,0.00229
2020-01-08 10:11:00,1,8,10,25.9,9.49,0.01186
2020-01-08 11:11:00,1,8,11,103.9,9.49,0.07592
2020-01-08 12:11:00,1,8,12,165.4,9.49,0.13092
2020-01-08 13:11:00,1,8,13,153.6,9.49,0.12028
2020-01-08 14:11:00,1,8,14,47.3,9.49,0.028
2020-01-08 15:11:00,1,8,15,18.7,8.96,0.00706
2020-01-08 16:11:00,1,8,16,0.0,7.9,0.0
2020-01-08 17:11:00,1,8,17,0.0,7.9,0.0
2020-01-08 18:11:00,1,8,18,0.0,7.9,0.0
2020-01-08 19:11:00,1,8,19,0.0,7.9,0.0
2020-01-08 20:11:00,1,8,20,0.0,7.9,0.0
2020-01-08 21:11:00,1,8,21,0.0,7.9,0.0
2020-01-08 22:11:00,1,8,22,0.0,7.37,0.0
2020-01-08 23:11:00,1,8,23,0.0,7.9,0.0
2020-01-09 00:11:00,1,9,0,0.0,7.9,0.0
2020-01-09 01:11:00,1,9,1,0.0,8.43,0.0
2020-01-09 02:11:00,1,9,2,0.0,10.02,0.0
2020-01-09 03:11:00,1,9,3,0.0,11.09,0.0
2020-01-09 04:11:00,1,9,4,0.0,11.09,0.0
2020-01-09 05:11:00,1,9,5,0.0,11.09,0.0
2020-01-09 06:11:00,1,9,6,0.0,10.55,0.0
2020-01-09 07:11:00,1,9,7,0.0,10.55,0.0
2020-01-09 08:11:00,1,9,8,0.0,9.49,0.0
2020-01-09 09:11:00,1,9,9,23.2,8.96,0.01004
2020-01-09 10:11:00,1,9,10,42.8,8.43,0.02467
2020-01-09 11:11:00,1,9,11,64.3,8.43,0.04203
2020-01-09 12:11:00,1,9,12,104.6,8.43,0.07696
2020-01-09 13:11:00,1,9,13,184.0,8.43,0.14862
2020-01-09 14:11:00,1,9,14,405.4,8.43,0.34593
2020-01-09 15:11:00,1,9,15,19.6,7.9,0.00768
2020-01-09 16:11:00,1,9,16,0.0,7.9,0.0
2020-01-09 17:11:00,1,9,17,0.0,7.37,0.0
2020-01-09 18:11:00,1,9,18,0.0,6.84,0.0
2020-01-09 19:11:00,1,9,19,0.0,6.84,0.0
2020-01-09 20:11:00,1,9,20,0.0,6.31,0.0
2020-01-09 21:11:00,1,9,21,0.0,5.78,0.0
2020-01-09 22:11:00,1,9,22,0.0,5.78,0.0
2020-01-09 23:11:00,1,9,23,0.0,5.25,0.0
2020-01-10 00:11:00,1,10,0,0.0,5.25,0.0
2020-01-10 01:11:00,1,10,1,0.0,5.25,0.0
2020-01-10 02:11:00,1,10,2,0.0,5.25,0.0
2020-01-10 03:11:00,1,10,3,0.0,5.25,0.0
2020-01-10 04:11:00,1,10,4,0.0,4.72,0.0
2020-01-10 05:11:00,1,10,5,0.0,4.72,0.0
2020-01-10 06:11:00,1,10,6,0.0,4.19,0.0
2020-01-10 07:11:00,1,10,7,0.0,3.66,0.0
2020-01-10 08:11:00,1,10,8,0.0,3.13,0.0
2020-01-10 09:11:00,1,10,9,225.4,3.13,0.19071
2020-01-10 10:11:00,1,10,10,509.8,3.66,0.44394
2020-01-10 11:11:00,1,10,11,611.0,5.25,0.52652
2020-01-10 12:11:00,1,10,12,351.4,6.31,0.30215
2020-01-10 13:11:00,1,10,13,127.0,6.31,0.09773
2020-01-10 14:11:00,1,10,14,115.4,6.84,0.08726
2020-01-10 15:11:00,1,10,15,256.8,6.84,0.21278
2020-01-10 16:11:00,1,10,16,0.0,6.84,0.0
2020-01-10 17:11:00,1,10,17,0.0,6.31,0.0
2020-01-10 18:11:00,1,10,18,0.0,5.78,0.0
2020-01-10 19:11:00,1,10,19,0.0,4.72,0.0
2020-01-10 20:11:00,1,10,20,0.0,4.19,0.0
2020-01-10 21:11:00,1,10,21,0.0,4.72,0.0
2020-01-10 22:11:00,1,10,22,0.0,4.72,0.0
2020-01-10 23:11:00,1,10,23,0.0,5.25,0.0
2020-01-11 00:11:00,1,11,0,0.0,5.78,0.0
2020-01-11 01:11:00,1,11,1,0.0,5.78,0.0
2020-01-11 02:11:00,1,11,2,0.0,6.31,0.0
2020-01-11 03:11:00,1,11,3,0.0,6.84,0.0
2020-01-11 04:11:00,1,11,4,0.0,7.37,0.0
2020-01-11 05:11:00,1,11,5,0.0,7.37,0.0
2020-01-11 06:11:00,1,11,6,0.0,7.9,0.0
2020-01-11 07:11:00,1,11,7,0.0,7.9,0.0
2020-01-11 08:11:00,1,11,8,0.0,8.43,0.0
2020-01-11 09:11:00,1,11,9,210.4,8.43,0.17421
2020-01-11 10:11:00,1,11,10,258.2,8.96,0.2178
2020-01-11 11:11:00,1,11,11,71.8,8.96,0.04835
2020-01-11 12:11:00,1,11,12,29.4,9.49,0.01442
2020-01-11 13:11:00,1,11,13,17.8,9.49,0.00647
2020-01-11 14:11:00,1,11,14,44.6,10.02,0.02587
2020-01-11 15:11:00,1,11,15,25.9,10.02,0.01184
2020-01-11 16:11:00,1,11,16,0.0,10.02,0.0
2020-01-11 17:11:00,1,11,17,0.0,10.02,0.0
2020-01-11 18:11:00,1,11,18,0.0,10.55,0.0
2020-01-11 19:11:00,1,11,19,0.0,10.02,0.0
2020-01-11 20:11:00,1,11,20,0.0,10.02,0.0
2020-01-11 21:11:00,1,11,21,0.0,10.02,0.0
2020-01-11 22:11:00,1,11,22,0.0,10.02,0.0
2020-01-11 23:11:00,1,11,23,0.0,10.02,0.0
2020-01-12 00:11:00,1,12,0,0.0,9.49,0.0
2020-01-12 01:11:00,1,12,1,0.0,9.49,0.0
2020-01-12 02:11:00,1,12,2,0.0,9.49,0.0
2020-01-12 03:11:00,1,12,3,0.0,9.49,0.0
2020-01-12 04:11:00,1,12,4,0.0,9.49,0.0
2020-01-12 05:11:00,1,12,5,0.0,9.49,0.0
2020-01-12 06:11:00,1,12,6,0.0,9.49,0.0
2020-01-12 07:11:00,1,12,7,0.0,9.49,0.0
2020-01-12 08:11:00,1,12,8,0.0,8.43,0.0
2020-01-12 09:11:00,1,12,9,104.2,7.9,0.07764
2020-01-12 10:11:00,1,12,10,17.8,7.9,0.00653
2020-01-12 11:11:00,1,12,11,250.3,7.9,0.21077
2020-01-12 12:11:00,1,12,12,221.8,7.9,0.18408
2020-01-12 13:11:00,1,12,13,374.6,7.9,0.3232
2020-01-12 14:11:00,1,12,14,202.9,7.9,0.16639
2020-01-12 15:11:00,1,12,15,308.8,7.37,0.25953
2020-01-12 16:11:00,1,12,16,0.0,6.84,0.0
2020-01-12 17:11:00,1,12,17,0.0,6.31,0.0
2020-01-12 18:11:00,1,12,18,0.0,5.78,0.0
2020-01-12 19:11:00,1,12,19,0.0,5.78,0.0
2020-01-12 20:11:00,1,12,20,0.0,5.25,0.0
2020-01-12 21:11:00,1,12,21,0.0,5.25,0.0
2020-01-12 22:11:00,1,12,22,0.0,5.25,0.0
2020-01-12 23:11:00,1,12,23,0.0,5.25,0.0
2020-01-13 00:11:00,1,13,0,0.0,5.25,0.0
2020-01-13 01:11:00,1,13,1,0.0,5.25,0.0
2020-01-13 02:11:00,1,13,2,0.0,5.25,0.0
2020-01-13 03:11:00,1,13,3,0.0,5.25,0.0
2020-01-13 04:11:00,1,13,4,0.0,5.25,0.0
2020-01-13 05:11:00,1,13,5,0.0,5.25,0.0
2020-01-13 06:11:00,1,13,6,0.0,5.25,0.0
2020-01-13 07:11:00,1,13,7,0.0,5.25,0.0
2020-01-13 08:11:00,1,13,8,0.0,4.72,0.0
2020-01-13 09:11:00,1,13,9,35.8,5.25,0.0197
2020-01-13 10:11:00,1,13,10,51.8,6.31,0.03212
2020-01-13 11:11:00,1,13,11,33.0,7.37,0.01723
2020-01-13 12:11:00,1,13,12,322.2,7.9,0.27654
2020-01-13 13:11:00,1,13,13,60.7,8.43,0.03911
2020-01-13 14:11:00,1,13,14,57.5,8.43,0.03655
2020-01-13 15:11:00,1,13,15,21.4,8.43,0.00886
2020-01-13 16:11:00,1,13,16,0.0,8.43,0.0
2020-01-13 17:11:00,1,13,17,0.0,8.43,0.0
2020-01-13 18:11:00,1,13,18,0.0,8.96,0.0
2020-01-13 19:11:00,1,13,19,0.0,9.49,0.0
2020-01-13 20:11:00,1,13,20,0.0,8.43,0.0
2020-01-13 21:11:00,1,13,21,0.0,7.37,0.0
2020-01-13 22:11:00,1,13,22,0.0,6.84,0.0
2020-01-13 23:11:00,1,13,23,0.0,6.84,0.0
2020-01-14 00:11:00,1,14,0,0.0,6.84,0.0
2020-01-14 01:11:00,1,14,1,0.0,6.84,0.0
2020-01-14 02:11:00,1,14,2,0.0,6.84,0.0
2020-01-14 03:11:00,1,14,3,0.0,6.31,0.0
2020-01-14 04:11:00,1,14,4,0.0,5.78,0.0
2020-01-14 05:11:00,1,14,5,0.0,5.25,0.0
2020-01-14 06:11:00,1,14,6,0.0,5.25,0.0
2020-01-14 07:11:00,1,14,7,0.0,5.78,0.0
2020-01-14 08:11:00,1,14,8,0.0,6.31,0.0
2020-01-14 09:11:00,1,14,9,327.6,6.84,0.28211
2020-01-14 10:11:00,1,14,10,166.8,7.9,0.13423
2020-01-14 11:11:00,1,14,11,101.5,7.9,0.07453
2020-01-14 12:11:00,1,14,12,85.7,8.43,0.06034
2020-01-14 13:11:00,1,14,13,59.8,8.96,0.03828
2020-01-14 14:11:00,1,14,14,49.1,10.55,0.02934
2020-01-14 15:11:00,1,14,15,42.5,12.15,0.02402
2020-01-14 16:11:00,1,14,16,0.0,12.68,0.0
2020-01-14 17:11:00,1,14,17,0.0,12.68,0.0
2020-01-14 18:11:00,1,14,18,0.0,12.68,0.0
2020-01-14 19:11:00,1,14,19,0.0,11.61,0.0
2020-01-14 20:11:00,1,14,20,0.0,11.09,0.0
2020-01-14 21:11:00,1,14,21,0.0,9.49,0.0
2020-01-14 22:11:00,1,14,22,0.0,8.43,0.0
2020-01-14 23:11:00,1,14,23,0.0,7.9,0.0
2020-01-15 00:11:00,1,15,0,0.0,7.9,0.0
2020-01-15 01:11:00,1,15,1,0.0,7.37,0.0
2020-01-15 02:11:00,1,15,2,0.0,6.84,0.0
2020-01-15 03:11:00,1,15,3,0.0,6.84,0.0
2020-01-15 04:11:00,1,15,4,0.0,6.31,0.0
2020-01-15 05:11:00,1,15,5,0.0,6.31,0.0
2020-01-15 06:11:00,1,15,6,0.0,5.78,0.0
2020-01-15 07:11:00,1,15,7,0.0,5.78,0.0
2020-01-15 08:11:00,1,15,8,0.0,5.78,0.0
2020-01-15 09:11:00,1,15,9,35.5,5.78,0.01939
2020-01-15 10:11:00,1,15,10,62.6,6.31,0.04115
2020-01-15 11:11:00,1,15,11,712.9,6.84,0.61769
2020-01-15 12:11:00,1,15,12,704.2,7.9,0.60876
2020-01-15 13:11:00,1,15,13,321.4,7.9,0.2749
2020-01-15 14:11:00,1,15,14,45.5,7.9,0.02685
2020-01-15 15:11:00,1,15,15,340.6,7.9,0.28864
2020-01-15 16:11:00,1,15,16,0.0,7.37,0.0
2020-01-15 17:11:00,1,15,17,0.0,6.84,0.0
2020-01-15 18:11:00,1,15,18,0.0,6.31,0.0
2020-01-15 19:11:00,1,15,19,0.0,6.31,0.0
2020-01-15 20:11:00,1,15,20,0.0,5.78,0.0
2020-01-15 21:11:00,1,15,21,0.0,5.78,0.0
2020-01-15 22:11:00,1,15,22,0.0,5.78,0.0
2020-01-15 23:11:00,1,15,23,0.0,5.25,0.0
2020-01-16 00:11:00,1,16,0,0.0,5.25,0.0
2020-01-16 01:11:00,1,16,1,0.0,5.25,0.0
2020-01-16 02:11:00,1,16,2,0.0,5.25,0.0
2020-01-16 03:11:00,1,16,3,0.0,5.25,0.0
2020-01-16 04:11:00,1,16,4,0.0,5.78,0.0
2020-01-16 05:11:00,1,16,5,0.0,6.31,0.0
2020-01-16 06:11:00,1,16,6,0.0,6.31,0.0
2020-01-16 07:11:00,1,16,7,0.0,6.31,0.0
2020-01-16 08:11:00,1,16,8,0.0,6.31,0.0
2020-01-16 09:11:00,1,16,9,145.7,6.84,0.11568
2020-01-16 10:11:00,1,16,10,90.9,7.37,0.06559
2020-01-16 11:11:00,1,16,11,107.8,7.9,0.08008
2020-01-16 12:11:00,1,16,12,75.0,8.96,0.05091
2020-01-16 13:11:00,1,16,13,38.4,8.96,0.02115
2020-01-16 14:11:00,1,16,14,49.1,9.49,0.02949
2020-01-16 15:11:00,1,16,15,20.5,9.49,0.00821
2020-01-16 16:11:00,1,16,16,0.0,10.02,0.0
2020-01-16 17:11:00,1,16,17,0.0,10.55,0.0
2020-01-16 18:11:00,1,16,18,0.0,10.55,0.0
2020-01-16 19:11:00,1,16,19,0.0,10.55,0.0
2020-01-16 20:11:00,1,16,20,0.0,10.55,0.0
2020-01-16 21:11:00,1,16,21,0.0,10.02,0.0
2020-01-16 22:11:00,1,16,22,0.0,9.49,0.0
2020-01-16 23:11:00,1,16,23,0.0,8.43,0.0
2020-01-17 00:11:00,1,17,0,0.0,7.9,0.0
2020-01-17 01:11:00,1,17,1,0.0,7.9,0.0
2020-01-17 02:11:00,1,17,2,0.0,7.37,0.0
2020-01-17 03:11:00,1,17,3,0.0,7.37,0.0
2020-01-17 04:11:00,1,17,4,0.0,7.37,0.0
2020-01-17 05:11:00,1,17,5,0.0,7.37,0.0
2020-01-17 06:11:00,1,17,6,0.0,7.37,0.0
2020-01-17 07:11:00,1,17,7,0.0,7.9,0.0
2020-01-17 08:11:00,1,17,8,0.0,7.37,0.0
2020-01-17 09:11:00,1,17,9,38.0,6.84,0.02116
2020-01-17 10:11:00,1,17,10,36.6,6.84,0.01999
2020-01-17 11:11:00,1,17,11,27.7,6.31,0.01336
2020-01-17 12:11:00,1,17,12,112.6,5.25,0.08523
2020-01-17 13:11:00,1,17,13,129.1,5.25,0.10026
2020-01-17 14:11:00,1,17,14,182.3,5.78,0.14903
2020-01-17 15:11:00,1,17,15,314.2,5.78,0.26693
2020-01-17 16:11:00,1,17,16,0.0,5.25,0.0
2020-01-17 17:11:00,1,17,17,0.0,4.72,0.0
2020-01-17 18:11:00,1,17,18,0.0,4.19,0.0
2020-01-17 19:11:00,1,17,19,0.0,3.66,0.0
2020-01-17 20:11:00,1,17,20,0.0,3.13,0.0
2020-01-17 21:11:00,1,17,21,0.0,3.13,0.0
2020-01-17 22:11:00,1,17,22,0.0,3.13,0.0
2020-01-17 23:11:00,1,17,23,0.0,3.13,0.0
2020-01-18 00:11:00,1,18,0,0.0,3.13,0.0
2020-01-18 01:11:00,1,18,1,0.0,2.6,0.0
2020-01-18 02:11:00,1,18,2,0.0,2.6,0.0
2020-01-18 03:11:00,1,18,3,0.0,2.07,0.0
2020-01-18 04:11:00,1,18,4,0.0,1.54,0.0
2020-01-18 05:11:00,1,18,5,0.0,1.54,0.0
2020-01-18 06:11:00,1,18,6,0.0,1.01,0.0
2020-01-18 07:11:00,1,18,7,0.0,1.01,0.0
2020-01-18 08:11:00,1,18,8,0.0,1.01,0.0
2020-01-18 09:11:00,1,18,9,407.9,1.01,0.35992
2020-01-18 10:11:00,1,18,10,638.0,2.07,0.55738
2020-01-18 11:11:00,1,18,11,734.1,4.19,0.63207
2020-01-18 12:11:00,1,18,12,765.9,5.25,0.65682
2020-01-18 13:11:00,1,18,13,419.0,5.78,0.36362
2020-01-18 14:11:00,1,18,14,457.3,5.78,0.39676
2020-01-18 15:11:00,1,18,15,288.0,5.78,0.24239
2020-01-18 16:11:00,1,18,16,0.0,4.72,0.0
2020-01-18 17:11:00,1,18,17,0.0,3.13,0.0
2020-01-18 18:11:00,1,18,18,0.0,2.6,0.0
2020-01-18 19:11:00,1,18,19,0.0,2.6,0.0
2020-01-18 20:11:00,1,18,20,0.0,2.6,0.0
2020-01-18 21:11:00,1,18,21,0.0,2.6,0.0
2020-01-18 22:11:00,1,18,22,0.0,2.6,0.0
2020-01-18 23:11:00,1,18,23,0.0,2.07,0.0
2020-01-19 00:11:00,1,19,0,0.0,1.54,0.0
2020-01-19 01:11:00,1,19,1,0.0,1.54,0.0
2020-01-19 02:11:00,1,19,2,0.0,0.48,0.0
2020-01-19 03:11:00,1,19,3,0.0,-0.04,0.0
2020-01-19 04:11:00,1,19,4,0.0,-0.57,0.0
2020-01-19 05:11:00,1,19,5,0.0,-1.63,0.0
2020-01-19 06:11:00,1,19,6,0.0,-2.16,0.0
2020-01-19 07:11:00,1,19,7,0.0,-2.69,0.0
2020-01-19 08:11:00,1,19,8,0.0,-2.69,0.0
2020-01-19 09:11:00,1,19,9,366.4,-2.16,0.3258
2020-01-19 10:11:00,1,19,10,580.3,-0.04,0.50985
2020-01-19 11:11:00,1,19,11,708.6,2.6,0.60972
2020-01-19 12:11:00,1,19,12,676.8,4.19,0.57935
2020-01-19 13:11:00,1,19,13,419.9,5.25,0.36117
2020-01-19 14:11:00,1,19,14,367.3,5.78,0.31408
2020-01-19 15:11:00,1,19,15,243.6,5.78,0.20156
2020-01-19 16:11:00,1,19,16,0.0,4.72,0.0
2020-01-19 17:11:00,1,19,17,0.0,2.6,0.0
2020-01-19 18:11:00,1,19,18,0.0,1.01,0.0
2020-01-19 19:11:00,1,19,19,0.0,-0.57,0.0
2020-01-19 20:11:00,1,19,20,0.0,-1.1,0.0
2020-01-19 21:11:00,1,19,21,0.0,-1.63,0.0
2020-01-19 22:11:00,1,19,22,0.0,-2.16,0.0
2020-01-19 23:11:00,1,19,23,0.0,-2.16,0.0
2020-01-20 00:11:00,1,20,0,0.0,-2.69,0.0
2020-01-20 01:11:00,1,20,1,0.0,-2.69,0.0
2020-01-20 02:11:00,1,20,2,0.0,-2.69,0.0
2020-01-20 03:11:00,1,20,3,0.0,-2.69,0.0
2020-01-20 04:11:00,1,20,4,0.0,-2.69,0.0
2020-01-20 05:11:00,1,20,5,0.0,-2.69,0.0
2020-01-20 06:11:00,1,20,6,0.0,-2.69,0.0
2020-01-20 07:11:00,1,20,7,0.0,-2.69,0.0
2020-01-20 08:11:00,1,20,8,0.0,-2.69,0.0
2020-01-20 09:11:00,1,20,9,404.2,-2.69,0.36039
2020-01-20 10:11:00,1,20,10,555.6,0.48,0.48753
2020-01-20 11:11:00,1,20,11,623.8,3.13,0.53935
2020-01-20 12:11:00,1,20,12,716.2,4.72,0.61204
2020-01-20 13:11:00,1,20,13,476.5,5.78,0.41051
2020-01-20 14:11:00,1,20,14,516.1,6.31,0.44254
2020-01-20 15:11:00,1,20,15,335.0,5.78,0.28275
2020-01-20 16:11:00,1,20,16,0.0,4.72,0.0
2020-01-20 17:11:00,1,20,17,0.0,2.6,0.0
2020-01-20 18:11:00,1,20,18,0.0,2.07,0.0
2020-01-20 19:11:00,1,20,19,0.0,1.54,0.0
2020-01-20 20:11:00,1,20,20,0.0,1.01,0.0
2020-01-20 21:11:00,1,20,21,0.0,0.48,0.0
2020-01-20 22:11:00,1,20,22,0.0,-0.04,0.0
2020-01-20 23:11:00,1,20,23,0.0,-0.57,0.0
2020-01-21 00:11:00,1,21,0,0.0,-1.1,0.0
2020-01-21 01:11:00,1,21,1,0.0,-1.63,0.0
2020-01-21 02:11:00,1,21,2,0.0,-1.63,0.0
2020-01-21 03:11:00,1,21,3,0.0,-2.16,0.0
2020-01-21 04:11:00,1,21,4,0.0,-2.16,0.0
2020-01-21 05:11:00,1,21,5,0.0,-2.16,0.0
2020-01-21 06:11:00,1,21,6,0.0,-2.16,0.0
2020-01-21 07:11:00,1,21,7,0.0,-1.63,0.0
2020-01-21 08:11:00,1,21,8,0.0,-0.57,0.0
2020-01-21 09:11:00,1,21,9,56.3,-0.04,0.03722
2020-01-21 10:11:00,1,21,10,103.0,2.07,0.07774
2020-01-21 11:11:00,1,21,11,275.0,4.19,0.23383
2020-01-21 12:11:00,1,21,12,742.2,5.25,0.62905
2020-01-21 13:11:00,1,21,13,615.0,6.31,0.5253
2020-01-21 14:11:00,1,21,14,456.0,6.31,0.39202
2020-01-21 15:11:00,1,21,15,97.8,6.31,0.07142
2020-01-21 16:11:00,1,21,16,0.0,5.25,0.0
2020-01-21 17:11:00,1,21,17,0.0,4.72,0.0
2020-01-21 18:11:00,1,21,18,0.0,3.66,0.0
2020-01-21 19:11:00,1,21,19,0.0,3.66,0.0
2020-01-21 20:11:00,1,21,20,0.0,3.13,0.0
2020-01-21 21:11:00,1,21,21,0.0,3.13,0.0
2020-01-21 22:11:00,1,21,22,0.0,3.66,0.0
2020-01-21 23:11:00,1,21,23,0.0,4.19,0.0
2020-01-22 00:11:00,1,22,0,0.0,4.19,0.0
2020-01-22 01:11:00,1,22,1,0.0,4.19,0.0
2020-01-22 02:11:00,1,22,2,0.0,4.72,0.0
2020-01-22 03:11:00,1,22,3,0.0,4.72,0.0
2020-01-22 04:11:00,1,22,4,0.0,5.25,0.0
2020-01-22 05:11:00,1,22,5,0.0,5.25,0.0
2020-01-22 06:11:00,1,22,6,0.0,5.25,0.0
2020-01-22 07:11:00,1,22,7,0.0,5.78,0.0
2020-01-22 08:11:00,1,22,8,0.0,5.78,0.0
2020-01-22 09:11:00,1,22,9,25.9,6.31,0.01206
2020-01-22 10:11:00,1,22,10,55.3,6.84,0.03486
2020-01-22 11:11:00,1,22,11,68.7,7.37,0.04585
2020-01-22 12:11:00,1,22,12,57.1,7.9,0.03612
2020-01-22 13:11:00,1,22,13,75.0,7.9,0.05096
2020-01-22 14:11:00,1,22,14,107.5,8.43,0.07923
2020-01-22 15:11:00,1,22,15,135.6,8.43,0.10385
2020-01-22 16:11:00,1,22,16,0.0,7.9,0.0
2020-01-22 17:11:00,1,22,17,0.0,7.9,0.0
2020-01-22 18:11:00,1,22,18,0.0,7.37,0.0
2020-01-22 19:11:00,1,22,19,0.0,6.84,0.0
2020-01-22 20:11:00,1,22,20,0.0,6.31,0.0
2020-01-22 21:11:00,1,22,21,0.0,6.84,0.0
2020-01-22 22:11:00,1,22,22,0.0,6.84,0.0
2020-01-22 23:11:00,1,22,23,0.0,6.84,0.0
2020-01-23 00:11:00,1,23,0,0.0,6.84,0.0
2020-01-23 01:11:00,1,23,1,0.0,6.31,0.0
2020-01-23 02:11:00,1,23,2,0.0,6.31,0.0
2020-01-23 03:11:00,1,23,3,0.0,5.78,0.0
2020-01-23 04:11:00,1,23,4,0.0,5.78,0.0
2020-01-23 05:11:00,1,23,5,0.0,5.78,0.0
2020-01-23 06:11:00,1,23,6,0.0,5.78,0.0
2020-01-23 07:11:00,1,23,7,0.0,5.78,0.0
2020-01-23 08:11:00,1,23,8,0.0,5.78,0.0
2020-01-23 09:11:00,1,23,9,31.2,5.78,0.016
2020-01-23 10:11:00,1,23,10,45.5,5.78,0.02705
2020-01-23 11:11:00,1,23,11,35.7,6.31,0.01932
2020-01-23 12:11:00,1,23,12,49.1,6.31,0.02985
2020-01-23 13:11:00,1,23,13,60.7,6.84,0.03924
2020-01-23 14:11:00,1,23,14,39.3,6.84,0.02201
2020-01-23 15:11:00,1,23,15,34.8,6.84,0.01859
2020-01-23 16:11:00,1,23,16,0.0,6.84,0.0
2020-01-23 17:11:00,1,23,17,0.0,6.31,0.0
2020-01-23 18:11:00,1,23,18,0.0,6.31,0.0
2020-01-23 19:11:00,1,23,19,0.0,6.31,0.0
2020-01-23 20:11:00,1,23,20,0.0,6.31,0.0
2020-01-23 21:11:00,1,23,21,0.0,5.78,0.0
2020-01-23 22:11:00,1,23,22,0.0,5.78,0.0
2020-01-23 23:11:00,1,23,23,0.0,5.78,0.0
2020-01-24 00:11:00,1,24,0,0.0,5.78,0.0
2020-01-24 01:11:00,1,24,1,0.0,5.78,0.0
2020-01-24 02:11:00,1,24,2,0.0,5.78,0.0
2020-01-24 03:11:00,1,24,3,0.0,5.78,0.0
2020-01-24 04:11:00,1,24,4,0.0,5.78,0.0
2020-01-24 05:11:00,1,24,5,0.0,5.78,0.0
2020-01-24 06:11:00,1,24,6,0.0,5.25,0.0
2020-01-24 07:11:00,1,24,7,0.0,5.78,0.0
2020-01-24 08:11:00,1,24,8,0.0,5.78,0.0
2020-01-24 09:11:00,1,24,9,59.6,5.78,0.03891
2020-01-24 10:11:00,1,24,10,33.9,6.31,0.01797
2020-01-24 11:11:00,1,24,11,42.8,6.84,0.02481
2020-01-24 12:11:00,1,24,12,74.1,6.84,0.05051
2020-01-24 13:11:00,1,24,13,58.0,7.37,0.03695
2020-01-24 14:11:00,1,24,14,36.6,7.37,0.0199
2020-01-24 15:11:00,1,24,15,30.4,7.37,0.01521
2020-01-24 16:11:00,1,24,16,0.0,7.37,0.0
2020-01-24 17:11:00,1,24,17,0.0,6.84,0.0
2020-01-24 18:11:00,1,24,18,0.0,6.84,0.0
2020-01-24 19:11:00,1,24,19,0.0,6.31,0.0
2020-01-24 20:11:00,1,24,20,0.0,6.31,0.0
2020-01-24 21:11:00,1,24,21,0.0,6.31,0.0
2020-01-24 22:11:00,1,24,22,0.0,6.31,0.0
2020-01-24 23:11:00,1,24,23,0.0,5.78,0.0
2020-01-25 00:11:00,1,25,0,0.0,5.78,0.0
2020-01-25 01:11:00,1,25,1,0.0,5.78,0.0
2020-01-25 02:11:00,1,25,2,0.0,5.78,0.0
2020-01-25 03:11:00,1,25,3,0.0,5.78,0.0
2020-01-25 04:11:00,1,25,4,0.0,5.25,0.0
2020-01-25 05:11:00,1,25,5,0.0,5.25,0.0
2020-01-25 06:11:00,1,25,6,0.0,5.25,0.0
2020-01-25 07:11:00,1,25,7,0.0,5.25,0.0
2020-01-25 08:11:00,1,25,8,0.0,5.25,0.0
2020-01-25 09:11:00,1,25,9,25.9,4.72,0.01217
2020-01-25 10:11:00,1,25,10,38.4,5.25,0.02153
2020-01-25 11:11:00,1,25,11,43.7,5.78,0.02569
2020-01-25 12:11:00,1,25,12,72.3,5.78,0.04934
2020-01-25 13:11:00,1,25,13,64.3,6.31,0.04242
2020-01-25 14:11:00,1,25,14,35.7,6.31,0.01935
2020-01-25 15:11:00,1,25,15,25.9,6.84,0.01203
2020-01-25 16:11:00,1,25,16,2.7,6.84,0.0
2020-01-25 17:11:00,1,25,17,0.0,6.84,0.0
2020-01-25 18:11:00,1,25,18,0.0,6.31,0.0
2020-01-25 19:11:00,1,25,19,0.0,6.31,0.0
2020-01-25 20:11:00,1,25,20,0.0,6.31,0.0
2020-01-25 21:11:00,1,25,21,0.0,6.31,0.0
2020-01-25 22:11:00,1,25,22,0.0,6.31,0.0
2020-01-25 23:11:00,1,25,23,0.0,6.31,0.0
2020-01-26 00:11:00,1,26,0,0.0,6.84,0.0
2020-01-26 01:11:00,1,26,1,0.0,6.84,0.0
2020-01-26 02:11:00,1,26,2,0.0,7.37,0.0
2020-01-26 03:11:00,1,26,3,0.0,7.37,0.0
2020-01-26 04:11:00,1,26,4,0.0,7.37,0.0
2020-01-26 05:11:00,1,26,5,0.0,7.37,0.0
2020-01-26 06:11:00,1,26,6,0.0,7.37,0.0
2020-01-26 07:11:00,1,26,7,0.0,7.37,0.0
2020-01-26 08:11:00,1,26,8,0.0,6.84,0.0
2020-01-26 09:11:00,1,26,9,182.3,6.84,0.14882
2020-01-26 10:11:00,1,26,10,125.8,7.37,0.09657
2020-01-26 11:11:00,1,26,11,176.2,7.9,0.14213
2020-01-26 12:11:00,1,26,12,44.6,8.43,0.02608
2020-01-26 13:11:00,1,26,13,58.0,8.43,0.03688
2020-01-26 14:11:00,1,26,14,51.8,8.43,0.03178
2020-01-26 15:11:00,1,26,15,23.2,8.43,0.01007
2020-01-26 16:11:00,1,26,16,5.4,8.43,0.0
2020-01-26 17:11:00,1,26,17,0.0,7.9,0.0
2020-01-26 18:11:00,1,26,18,0.0,7.9,0.0
2020-01-26 19:11:00,1,26,19,0.0,7.9,0.0
2020-01-26 20:11:00,1,26,20,0.0,7.37,0.0
2020-01-26 21:11:00,1,26,21,0.0,5.78,0.0
2020-01-26 22:11:00,1,26,22,0.0,5.25,0.0
2020-01-26 23:11:00,1,26,23,0.0,4.72,0.0
2020-01-27 00:11:00,1,27,0,0.0,4.72,0.0
2020-01-27 01:11:00,1,27,1,0.0,5.25,0.0
2020-01-27 02:11:00,1,27,2,0.0,5.25,0.0
2020-01-27 03:11:00,1,27,3,0.0,5.78,0.0
2020-01-27 04:11:00,1,27,4,0.0,5.78,0.0
2020-01-27 05:11:00,1,27,5,0.0,5.78,0.0
2020-01-27 06:11:00,1,27,6,0.0,5.78,0.0
2020-01-27 07:11:00,1,27,7,0.0,5.25,0.0
2020-01-27 08:11:00,1,27,8,0.0,4.72,0.0
2020-01-27 09:11:00,1,27,9,438.5,4.72,0.38322
2020-01-27 10:11:00,1,27,10,663.8,5.78,0.57403
2020-01-27 11:11:00,1,27,11,518.2,6.84,0.45146
2020-01-27 12:11:00,1,27,12,453.3,7.37,0.3933
2020-01-27 13:11:00,1,27,13,359.3,7.37,0.30859
2020-01-27 14:11:00,1,27,14,126.3,7.37,0.09647
2020-01-27 15:11:00,1,27,15,71.1,6.84,0.04822
2020-01-27 16:11:00,1,27,16,2.7,6.31,0.0
2020-01-27 17:11:00,1,27,17,0.0,5.25,0.0
2020-01-27 18:11:00,1,27,18,0.0,5.25,0.0
2020-01-27 19:11:00,1,27,19,0.0,5.78,0.0
2020-01-27 20:11:00,1,27,20,0.0,5.78,0.0
2020-01-27 21:11:00,1,27,21,0.0,5.25,0.0
2020-01-27 22:11:00,1,27,22,0.0,5.25,0.0
2020-01-27 23:11:00,1,27,23,0.0,4.72,0.0
2020-01-28 00:11:00,1,28,0,0.0,4.19,0.0
2020-01-28 01:11:00,1,28,1,0.0,3.66,0.0
2020-01-28 02:11:00,1,28,2,0.0,3.66,0.0
2020-01-28 03:11:00,1,28,3,0.0,3.13,0.0
2020-01-28 04:11:00,1,28,4,0.0,2.6,0.0
2020-01-28 05:11:00,1,28,5,0.0,2.07,0.0
2020-01-28 06:11:00,1,28,6,0.0,1.01,0.0
2020-01-28 07:11:00,1,28,7,0.0,1.01,0.0
2020-01-28 08:11:00,1,28,8,0.0,0.48,0.0
2020-01-28 09:11:00,1,28,9,415.0,1.01,0.36922
2020-01-28 10:11:00,1,28,10,670.4,2.07,0.59246
2020-01-28 11:11:00,1,28,11,826.8,3.66,0.72345
2020-01-28 12:11:00,1,28,12,807.3,5.25,0.70483
2020-01-28 13:11:00,1,28,13,564.9,5.78,0.49824
2020-01-28 14:11:00,1,28,14,433.0,5.78,0.37973
2020-01-28 15:11:00,1,28,15,433.4,5.78,0.37555
2020-01-28 16:11:00,1,28,16,19.9,5.25,0.00773
2020-01-28 17:11:00,1,28,17,0.0,4.19,0.0
2020-01-28 18:11:00,1,28,18,0.0,3.66,0.0
2020-01-28 19:11:00,1,28,19,0.0,3.13,0.0
2020-01-28 20:11:00,1,28,20,0.0,2.6,0.0
2020-01-28 21:11:00,1,28,21,0.0,2.6,0.0
2020-01-28 22:11:00,1,28,22,0.0,2.07,0.0
2020-01-28 23:11:00,1,28,23,0.0,2.07,0.0
2020-01-29 00:11:00,1,29,0,0.0,2.07,0.0
2020-01-29 01:11:00,1,29,1,0.0,2.07,0.0
2020-01-29 02:11:00,1,29,2,0.0,2.07,0.0
2020-01-29 03:11:00,1,29,3,0.0,2.07,0.0
2020-01-29 04:11:00,1,29,4,0.0,2.07,0.0
2020-01-29 05:11:00,1,29,5,0.0,2.07,0.0
2020-01-29 06:11:00,1,29,6,0.0,2.07,0.0
2020-01-29 07:11:00,1,29,7,0.0,2.6,0.0
2020-01-29 08:11:00,1,29,8,0.0,2.6,0.0
2020-01-29 09:11:00,1,29,9,451.8,3.13,0.39904
2020-01-29 10:11:00,1,29,10,650.3,4.72,0.56813
2020-01-29 11:11:00,1,29,11,783.0,5.78,0.67813
2020-01-29 12:11:00,1,29,12,720.5,7.37,0.6256
2020-01-29 13:11:00,1,29,13,142.4,7.9,0.11082
2020-01-29 14:11:00,1,29,14,380.8,7.9,0.3276
2020-01-29 15:11:00,1,29,15,304.6,7.9,0.25703
2020-01-29 16:11:00,1,29,16,21.3,7.9,0.00858
2020-01-29 17:11:00,1,29,17,0.0,7.9,0.0
2020-01-29 18:11:00,1,29,18,0.0,7.37,0.0
2020-01-29 19:11:00,1,29,19,0.0,7.9,0.0
2020-01-29 20:11:00,1,29,20,0.0,7.37,0.0
2020-01-29 21:11:00,1,29,21,0.0,7.37,0.0
2020-01-29 22:11:00,1,29,22,0.0,7.9,0.0
2020-01-29 23:11:00,1,29,23,0.0,7.9,0.0
2020-01-30 00:11:00,1,30,0,0.0,7.37,0.0
2020-01-30 01:11:00,1,30,1,0.0,6.84,0.0
2020-01-30 02:11:00,1,30,2,0.0,6.31,0.0
2020-01-30 03:11:00,1,30,3,0.0,5.78,0.0
2020-01-30 04:11:00,1,30,4,0.0,5.78,0.0
2020-01-30 05:11:00,1,30,5,0.0,5.78,0.0
2020-01-30 06:11:00,1,30,6,0.0,5.78,0.0
2020-01-30 07:11:00,1,30,7,0.0,6.31,0.0
2020-01-30 08:11:00,1,30,8,0.0,6.84,0.0
2020-01-30 09:11:00,1,30,9,53.8,7.37,0.03377
2020-01-30 10:11:00,1,30,10,114.4,7.9,0.08589
2020-01-30 11:11:00,1,30,11,133.3,7.9,0.10243
2020-01-30 12:11:00,1,30,12,84.8,8.43,0.05928
2020-01-30 13:11:00,1,30,13,59.8,8.96,0.03819
2020-01-30 14:11:00,1,30,14,42.0,9.49,0.02382
2020-01-30 15:11:00,1,30,15,119.7,10.02,0.08965
2020-01-30 16:11:00,1,30,16,10.7,10.55,0.00228
2020-01-30 17:11:00,1,30,17,0.0,10.55,0.0
2020-01-30 18:11:00,1,30,18,0.0,10.55,0.0
2020-01-30 19:11:00,1,30,19,0.0,10.02,0.0
2020-01-30 20:11:00,1,30,20,0.0,10.02,0.0
2020-01-30 21:11:00,1,30,21,0.0,9.49,0.0
2020-01-30 22:11:00,1,30,22,0.0,8.96,0.0
2020-01-30 23:11:00,1,30,23,0.0,8.43,0.0
2020-01-31 00:11:00,1,31,0,0.0,7.9,0.0
2020-01-31 01:11:00,1,31,1,0.0,7.9,0.0
2020-01-31 02:11:00,1,31,2,0.0,7.37,0.0
2020-01-31 03:11:00,1,31,3,0.0,7.37,0.0
2020-01-31 04:11:00,1,31,4,0.0,7.9,0.0
2020-01-31 05:11:00,1,31,5,0.0,7.9,0.0
2020-01-31 06:11:00,1,31,6,0.0,8.96,0.0
2020-01-31 07:11:00,1,31,7,0.0,9.49,0.0
2020-01-31 08:11:00,1,31,8,0.0,10.02,0.0
2020-01-31 09:11:00,1,31,9,94.1,10.02,0.06768
2020-01-31 10:11:00,1,31,10,119.6,10.02,0.0898
2020-01-31 11:11:00,1,31,11,89.8,9.49,0.06345
2020-01-31 12:11:00,1,31,12,80.3,9.49,0.05531
2020-01-31 13:11:00,1,31,13,90.2,9.49,0.06372
2020-01-31 14:11:00,1,31,14,26.8,10.02,0.01246
2020-01-31 15:11:00,1,31,15,37.5,10.02,0.02034
2020-01-31 16:11:00,1,31,16,28.9,10.02,0.01355
2020-01-31 17:11:00,1,31,17,0.0,10.02,0.0
2020-01-31 18:11:00,1,31,18,0.0,10.55,0.0
2020-01-31 19:11:00,1,31,19,0.0,10.55,0.0
2020-01-31 20:11:00,1,31,20,0.0,10.55,0.0
2020-01-31 21:11:00,1,31,21,0.0,10.02,0.0
2020-01-31 22:11:00,1,31,22,0.0,9.49,0.0
2020-01-31 23:11:00,1,31,23,0.0,9.49,0.0
2020-02-01 00:11:00,2,32,0,0.0,9.49,0.0
2020-02-01 01:11:00,2,32,1,0.0,10.02,0.0
2020-02-01 02:11:00,2,32,2,0.0,10.02,0.0
2020-02-01 03:11:00,2,32,3,0.0,10.02,0.0
2020-02-01 04:11:00,2,32,4,0.0,10.02,0.0
2020-02-01 05:11:00,2,32,5,0.0,9.49,0.0
2020-02-01 06:11:00,2,32,6,0.0,8.96,0.0
2020-02-01 07:11:00,2,32,7,0.0,8.43,0.0
2020-02-01 08:11:00,2,32,8,0.0,7.9,0.0
2020-02-01 09:11:00,2,32,9,477.4,7.9,0.41564
2020-02-01 10:11:00,2,32,10,644.8,8.43,0.56198
2020-02-01 11:11:00,2,32,11,761.0,8.96,0.66214
2020-02-01 12:11:00,2,32,12,94.6,9.49,0.06761
2020-02-01 13:11:00,2,32,13,86.6,9.49,0.06069
2020-02-01 14:11:00,2,32,14,435.8,9.49,0.37646
2020-02-01 15:11:00,2,32,15,374.3,9.49,0.31894
2020-02-01 16:11:00,2,32,16,38.3,8.96,0.02048
2020-02-01 17:11:00,2,32,17,0.0,8.43,0.0
2020-02-01 18:11:00,2,32,18,0.0,8.43,0.0
2020-02-01 19:11:00,2,32,19,0.0,7.9,0.0
2020-02-01 20:11:00,2,32,20,0.0,7.37,0.0
2020-02-01 21:11:00,2,32,21,0.0,6.84,0.0
2020-02-01 22:11:00,2,32,22,0.0,6.84,0.0
2020-02-01 23:11:00,2,32,23,0.0,6.31,0.0
2020-02-02 00:11:00,2,33,0,0.0,6.31,0.0
2020-02-02 01:11:00,2,33,1,0.0,6.31,0.0
2020-02-02 02:11:00,2,33,2,0.0,6.31,0.0
2020-02-02 03:11:00,2,33,3,0.0,5.78,0.0
2020-02-02 04:11:00,2,33,4,0.0,5.78,0.0
2020-02-02 05:11:00,2,33,5,0.0,5.25,0.0
2020-02-02 06:11:00,2,33,6,0.0,5.78,0.0
2020-02-02 07:11:00,2,33,7,0.0,5.78,0.0
2020-02-02 08:11:00,2,33,8,2.7,6.84,0.0
2020-02-02 09:11:00,2,33,9,113.6,8.43,0.08534
2020-02-02 10:11:00,2,33,10,153.2,9.49,0.12018
2020-02-02 11:11:00,2,33,11,407.4,10.02,0.34913
2020-02-02 12:11:00,2,33,12,648.7,11.09,0.55518
2020-02-02 13:11:00,2,33,13,464.4,11.61,0.39629
2020-02-02 14:11:00,2,33,14,659.4,11.61,0.56312
2020-02-02 15:11:00,2,33,15,123.9,11.09,0.09287
2020-02-02 16:11:00,2,33,16,11.6,10.55,0.00275
2020-02-02 17:11:00,2,33,17,0.0,10.02,0.0
2020-02-02 18:11:00,2,33,18,0.0,9.49,0.0
2020-02-02 19:11:00,2,33,19,0.0,9.49,0.0
2020-02-02 20:11:00,2,33,20,0.0,8.96,0.0
2020-02-02 21:11:00,2,33,21,0.0,8.96,0.0
2020-02-02 22:11:00,2,33,22,0.0,8.96,0.0
2020-02-02 23:11:00,2,33,23,0.0,8.43,0.0
2020-02-03 00:11:00,2,34,0,0.0,8.43,0.0
2020-02-03 01:11:00,2,34,1,0.0,8.96,0.0
2020-02-03 02:11:00,2,34,2,0.0,8.96,0.0
2020-02-03 03:11:00,2,34,3,0.0,8.43,0.0
2020-02-03 04:11:00,2,34,4,0.0,7.9,0.0
2020-02-03 05:11:00,2,34,5,0.0,7.9,0.0
2020-02-03 06:11:00,2,34,6,0.0,7.37,0.0
2020-02-03 07:11:00,2,34,7,0.0,6.84,0.0
2020-02-03 08:11:00,2,34,8,5.4,6.84,0.0
2020-02-03 09:11:00,2,34,9,297.3,7.37,0.25287
2020-02-03 10:11:00,2,34,10,582.8,7.9,0.50295
2020-02-03 11:11:00,2,34,11,560.5,8.43,0.48479
2020-02-03 12:11:00,2,34,12,229.2,8.43,0.18928
2020-02-03 13:11:00,2,34,13,359.8,8.43,0.30798
2020-02-03 14:11:00,2,34,14,83.3,7.9,0.0583
2020-02-03 15:11:00,2,34,15,74.4,7.9,0.05079
2020-02-03 16:11:00,2,34,16,31.0,7.9,0.01533
2020-02-03 17:11:00,2,34,17,0.0,6.84,0.0
2020-02-03 18:11:00,2,34,18,0.0,5.78,0.0
2020-02-03 19:11:00,2,34,19,0.0,5.78,0.0
2020-02-03 20:11:00,2,34,20,0.0,4.72,0.0
2020-02-03 21:11:00,2,34,21,0.0,4.19,0.0
2020-02-03 22:11:00,2,34,22,0.0,4.19,0.0
2020-02-03 23:11:00,2,34,23,0.0,3.66,0.0
2020-02-04 00:11:00,2,35,0,0.0,3.66,0.0
2020-02-04 01:11:00,2,35,1,0.0,3.66,0.0
2020-02-04 02:11:00,2,35,2,0.0,3.66,0.0
2020-02-04 03:11:00,2,35,3,0.0,3.66,0.0
2020-02-04 04:11:00,2,35,4,0.0,3.66,0.0
2020-02-04 05:11:00,2,35,5,0.0,3.66,0.0
2020-02-04 06:11:00,2,35,6,0.0,3.66,0.0
2020-02-04 07:11:00,2,35,7,0.0,4.19,0.0
2020-02-04 08:11:00,2,35,8,9.8,4.19,0.00192
2020-02-04 09:11:00,2,35,9,323.2,4.72,0.28154
2020-02-04 10:11:00,2,35,10,313.8,5.78,0.27072
2020-02-04 11:11:00,2,35,11,249.0,6.84,0.20943
2020-02-04 12:11:00,2,35,12,721.7,7.37,0.62679
2020-02-04 13:11:00,2,35,13,181.5,7.9,0.14636
2020-02-04 14:11:00,2,35,14,57.1,8.43,0.03616
2020-02-04 15:11:00,2,35,15,50.0,8.43,0.03034
2020-02-04 16:11:00,2,35,16,99.2,8.43,0.06911
2020-02-04 17:11:00,2,35,17,0.0,7.9,0.0
2020-02-04 18:11:00,2,35,18,0.0,7.37,0.0
2020-02-04 19:11:00,2,35,19,0.0,6.84,0.0
2020-02-04 20:11:00,2,35,20,0.0,6.31,0.0
2020-02-04 21:11:00,2,35,21,0.0,5.78,0.0
2020-02-04 22:11:00,2,35,22,0.0,5.25,0.0
2020-02-04 23:11:00,2,35,23,0.0,4.19,0.0
2020-02-05 00:11:00,2,36,0,0.0,3.66,0.0
2020-02-05 01:11:00,2,36,1,0.0,3.13,0.0
2020-02-05 02:11:00,2,36,2,0.0,2.07,0.0
2020-02-05 03:11:00,2,36,3,0.0,2.07,0.0
2020-02-05 04:11:00,2,36,4,0.0,1.54,0.0
2020-02-05 05:11:00,2,36,5,0.0,1.54,0.0
2020-02-05 06:11:00,2,36,6,0.0,0.48,0.0
2020-02-05 07:11:00,2,36,7,0.0,1.54,0.0
2020-02-05 08:11:00,2,36,8,4.5,2.07,0.0
2020-02-05 09:11:00,2,36,9,295.1,3.66,0.25113
2020-02-05 10:11:00,2,36,10,631.8,4.72,0.53978
2020-02-05 11:11:00,2,36,11,816.5,5.78,0.68427
2020-02-05 12:11:00,2,36,12,596.0,6.84,0.50679
2020-02-05 13:11:00,2,36,13,452.9,7.9,0.38546
2020-02-05 14:11:00,2,36,14,248.0,7.9,0.20544
2020-02-05 15:11:00,2,36,15,152.8,7.9,0.11955
2020-02-05 16:11:00,2,36,16,107.4,7.37,0.07609
2020-02-05 17:11:00,2,36,17,0.0,6.31,0.0
2020-02-05 18:11:00,2,36,18,0.0,5.25,0.0
2020-02-05 19:11:00,2,36,19,0.0,4.19,0.0
2020-02-05 20:11:00,2,36,20,0.0,3.13,0.0
2020-02-05 21:11:00,2,36,21,0.0,2.07,0.0
2020-02-05 22:11:00,2,36,22,0.0,1.54,0.0
2020-02-05 23:11:00,2,36,23,0.0,0.48,0.0
2020-02-06 00:11:00,2,37,0,0.0,-0.04,0.0
2020-02-06 01:11:00,2,37,1,0.0,-0.57,0.0
2020-02-06 02:11:00,2,37,2,0.0,-1.1,0.0
2020-02-06 03:11:00,2,37,3,0.0,-1.1,0.0
2020-02-06 04:11:00,2,37,4,0.0,-1.63,0.0
2020-02-06 05:11:00,2,37,5,0.0,-2.16,0.0
2020-02-06 06:11:00,2,37,6,0.0,-2.16,0.0
2020-02-06 07:11:00,2,37,7,0.0,-2.69,0.0
2020-02-06 08:11:00,2,37,8,22.1,-2.69,0.00989
2020-02-06 09:11:00,2,37,9,466.8,-1.1,0.4101
2020-02-06 10:11:00,2,37,10,696.8,1.01,0.59506
2020-02-06 11:11:00,2,37,11,821.8,2.6,0.68425
2020-02-06 12:11:00,2,37,12,887.8,3.66,0.72733
2020-02-06 13:11:00,2,37,13,832.9,4.72,0.68733
2020-02-06 14:11:00,2,37,14,688.0,5.25,0.57755
2020-02-06 15:11:00,2,37,15,480.4,5.78,0.40666
2020-02-06 16:11:00,2,37,16,213.1,5.25,0.16647
2020-02-06 17:11:00,2,37,17,0.0,4.72,0.0
2020-02-06 18:11:00,2,37,18,0.0,4.19,0.0
2020-02-06 19:11:00,2,37,19,0.0,2.6,0.0
2020-02-06 20:11:00,2,37,20,0.0,2.07,0.0
2020-02-06 21:11:00,2,37,21,0.0,1.54,0.0
2020-02-06 22:11:00,2,37,22,0.0,1.01,0.0
2020-02-06 23:11:00,2,37,23,0.0,0.48,0.0
2020-02-07 00:11:00,2,38,0,0.0,0.48,0.0
2020-02-07 01:11:00,2,38,1,0.0,-0.04,0.0
2020-02-07 02:11:00,2,38,2,0.0,-0.04,0.0
2020-02-07 03:11:00,2,38,3,0.0,-0.04,0.0
2020-02-07 04:11:00,2,38,4,0.0,-0.04,0.0
2020-02-07 05:11:00,2,38,5,0.0,-0.04,0.0
2020-02-07 06:11:00,2,38,6,0.0,-0.04,0.0
2020-02-07 07:11:00,2,38,7,0.0,-0.04,0.0
2020-02-07 08:11:00,2,38,8,9.8,-0.04,0.00198
2020-02-07 09:11:00,2,38,9,303.2,1.01,0.26513
2020-02-07 10:11:00,2,38,10,683.4,2.6,0.59955
2020-02-07 11:11:00,2,38,11,641.3,4.72,0.56011
2020-02-07 12:11:00,2,38,12,860.3,6.31,0.73853
2020-02-07 13:11:00,2,38,13,526.5,7.37,0.45785
2020-02-07 14:11:00,2,38,14,441.2,7.9,0.38133
2020-02-07 15:11:00,2,38,15,285.4,7.9,0.23996
2020-02-07 16:11:00,2,38,16,44.1,7.37,0.02539
2020-02-07 17:11:00,2,38,17,0.0,6.31,0.0
2020-02-07 18:11:00,2,38,18,0.0,6.31,0.0
2020-02-07 19:11:00,2,38,19,0.0,6.84,0.0
2020-02-07 20:11:00,2,38,20,0.0,7.37,0.0
2020-02-07 21:11:00,2,38,21,0.0,7.9,0.0
2020-02-07 22:11:00,2,38,22,0.0,8.43,0.0
2020-02-07 23:11:00,2,38,23,0.0,8.96,0.0
2020-02-08 00:11:00,2,39,0,0.0,9.49,0.0
2020-02-08 01:11:00,2,39,1,0.0,9.49,0.0
2020-02-08 02:11:00,2,39,2,0.0,9.49,0.0
2020-02-08 03:11:00,2,39,3,0.0,8.96,0.0
2020-02-08 04:11:00,2,39,4,0.0,7.9,0.0
2020-02-08 05:11:00,2,39,5,0.0,6.84,0.0
2020-02-08 06:11:00,2,39,6,0.0,5.78,0.0
2020-02-08 07:11:00,2,39,7,0.0,5.78,0.0
2020-02-08 08:11:00,2,39,8,8.9,4.72,0.00146
2020-02-08 09:11:00,2,39,9,261.2,5.25,0.22165
2020-02-08 10:11:00,2,39,10,332.2,6.31,0.28456
2020-02-08 11:11:00,2,39,11,837.1,6.84,0.71604
2020-02-08 12:11:00,2,39,12,831.1,7.9,0.71754
2020-02-08 13:11:00,2,39,13,788.4,8.43,0.68144
2020-02-08 14:11:00,2,39,14,219.7,8.96,0.18067
2020-02-08 15:11:00,2,39,15,480.7,8.96,0.41249
2020-02-08 16:11:00,2,39,16,216.4,8.43,0.16919
2020-02-08 17:11:00,2,39,17,0.0,7.9,0.0
2020-02-08 18:11:00,2,39,18,0.0,7.9,0.0
2020-02-08 19:11:00,2,39,19,0.0,7.37,0.0
2020-02-08 20:11:00,2,39,20,0.0,7.37,0.0
2020-02-08 21:11:00,2,39,21,0.0,7.9,0.0
2020-02-08 22:11:00,2,39,22,0.0,7.9,0.0
2020-02-08 23:11:00,2,39,23,0.0,7.9,0.0
2020-02-09 00:11:00,2,40,0,0.0,7.9,0.0
2020-02-09 01:11:00,2,40,1,0.0,7.9,0.0
2020-02-09 02:11:00,2,40,2,0.0,7.9,0.0
2020-02-09 03:11:00,2,40,3,0.0,8.43,0.0
2020-02-09 04:11:00,2,40,4,0.0,8.96,0.0
2020-02-09 05:11:00,2,40,5,0.0,9.49,0.0
2020-02-09 06:11:00,2,40,6,0.0,10.02,0.0
2020-02-09 07:11:00,2,40,7,0.0,10.02,0.0
2020-02-09 08:11:00,2,40,8,8.9,10.55,0.00139
2020-02-09 09:11:00,2,40,9,50.0,11.09,0.02998
2020-02-09 10:11:00,2,40,10,82.6,12.15,0.05674
2020-02-09 11:11:00,2,40,11,26.8,12.68,0.01229
2020-02-09 12:11:00,2,40,12,160.1,12.15,0.12463
2020-02-09 13:11:00,2,40,13,146.0,12.15,0.11204
2020-02-09 14:11:00,2,40,14,23.2,12.15,0.00987
2020-02-09 15:11:00,2,40,15,109.7,11.61,0.08038
2020-02-09 16:11:00,2,40,16,43.9,11.09,0.02483
2020-02-09 17:11:00,2,40,17,0.0,10.02,0.0
2020-02-09 18:11:00,2,40,18,0.0,9.49,0.0
2020-02-09 19:11:00,2,40,19,0.0,9.49,0.0
2020-02-09 20:11:00,2,40,20,0.0,8.43,0.0
2020-02-09 21:11:00,2,40,21,0.0,8.43,0.0
2020-02-09 22:11:00,2,40,22,0.0,7.9,0.0
2020-02-09 23:11:00,2,40,23,0.0,7.9,0.0
2020-02-10 00:11:00,2,41,0,0.0,7.9,0.0
2020-02-10 01:11:00,2,41,1,0.0,6.84,0.0
2020-02-10 02:11:00,2,41,2,0.0,6.31,0.0
2020-02-10 03:11:00,2,41,3,0.0,5.78,0.0
2020-02-10 04:11:00,2,41,4,0.0,5.25,0.0
2020-02-10 05:11:00,2,41,5,0.0,5.25,0.0
2020-02-10 06:11:00,2,41,6,0.0,4.72,0.0
2020-02-10 07:11:00,2,41,7,0.0,4.72,0.0
2020-02-10 08:11:00,2,41,8,15.2,4.72,0.00496
2020-02-10 09:11:00,2,41,9,473.8,5.25,0.41853
2020-02-10 10:11:00,2,41,10,744.9,6.31,0.65085
2020-02-10 11:11:00,2,41,11,211.6,7.37,0.17485
2020-02-10 12:11:00,2,41,12,64.3,6.84,0.04241
2020-02-10 13:11:00,2,41,13,786.5,6.31,0.68659
2020-02-10 14:11:00,2,41,14,289.9,6.31,0.24829
2020-02-10 15:11:00,2,41,15,142.9,5.25,0.11298
2020-02-10 16:11:00,2,41,16,155.4,5.78,0.11936
2020-02-10 17:11:00,2,41,17,0.0,4.72,0.0
2020-02-10 18:11:00,2,41,18,0.0,4.19,0.0
2020-02-10 19:11:00,2,41,19,0.0,3.13,0.0
2020-02-10 20:11:00,2,41,20,0.0,3.13,0.0
2020-02-10 21:11:00,2,41,21,0.0,2.6,0.0
2020-02-10 22:11:00,2,41,22,0.0,2.6,0.0
2020-02-10 23:11:00,2,41,23,0.0,2.6,0.0
2020-02-11 00:11:00,2,42,0,0.0,2.6,0.0
2020-02-11 01:11:00,2,42,1,0.0,2.6,0.0
2020-02-11 02:11:00,2,42,2,0.0,2.6,0.0
2020-02-11 03:11:00,2,42,3,0.0,2.6,0.0
2020-02-11 04:11:00,2,42,4,0.0,2.6,0.0
2020-02-11 05:11:00,2,42,5,0.0,2.6,0.0
2020-02-11 06:11:00,2,42,6,0.0,2.6,0.0
2020-02-11 07:11:00,2,42,7,0.0,2.6,0.0
2020-02-11 08:11:00,2,42,8,213.7,2.6,0.17805
2020-02-11 09:11:00,2,42,9,526.6,3.13,0.4694
2020-02-11 10:11:00,2,42,10,266.2,4.19,0.22887
2020-02-11 11:11:00,2,42,11,827.3,4.72,0.73114
2020-02-11 12:11:00,2,42,12,718.5,5.25,0.63708
2020-02-11 13:11:00,2,42,13,215.5,5.25,0.17995
2020-02-11 14:11:00,2,42,14,656.7,5.25,0.58229
2020-02-11 15:11:00,2,42,15,451.1,5.25,0.39559
2020-02-11 16:11:00,2,42,16,231.5,5.25,0.186
2020-02-11 17:11:00,2,42,17,0.0,4.19,0.0
2020-02-11 18:11:00,2,42,18,0.0,3.66,0.0
2020-02-11 19:11:00,2,42,19,0.0,3.66,0.0
2020-02-11 20:11:00,2,42,20,0.0,3.13,0.0
2020-02-11 21:11:00,2,42,21,0.0,3.13,0.0
2020-02-11 22:11:00,2,42,22,0.0,2.6,0.0
2020-02-11 23:11:00,2,42,23,0.0,2.6,0.0
2020-02-12 00:11:00,2,43,0,0.0,2.6,0.0
2020-02-12 01:11:00,2,43,1,0.0,2.07,0.0
2020-02-12 02:11:00,2,43,2,0.0,2.07,0.0
2020-02-12 03:11:00,2,43,3,0.0,2.07,0.0
2020-02-12 04:11:00,2,43,4,0.0,2.07,0.0
2020-02-12 05:11:00,2,43,5,0.0,1.54,0.0
2020-02-12 06:11:00,2,43,6,0.0,1.54,0.0
2020-02-12 07:11:00,2,43,7,0.0,1.54,0.0
2020-02-12 08:11:00,2,43,8,226.2,1.54,0.19
2020-02-12 09:11:00,2,43,9,562.0,2.6,0.49941
2020-02-12 10:11:00,2,43,10,743.4,4.19,0.65144
2020-02-12 11:11:00,2,43,11,570.6,5.25,0.50215
2020-02-12 12:11:00,2,43,12,536.8,6.31,0.47021
2020-02-12 13:11:00,2,43,13,792.9,6.84,0.68813
2020-02-12 14:11:00,2,43,14,737.9,7.37,0.64098
2020-02-12 15:11:00,2,43,15,500.2,7.37,0.43256
2020-02-12 16:11:00,2,43,16,264.9,6.31,0.2126
2020-02-12 17:11:00,2,43,17,0.0,5.25,0.0
2020-02-12 18:11:00,2,43,18,0.0,4.19,0.0
2020-02-12 19:11:00,2,43,19,0.0,3.66,0.0
2020-02-12 20:11:00,2,43,20,0.0,3.13,0.0
2020-02-12 21:11:00,2,43,21,0.0,3.13,0.0
2020-02-12 22:11:00,2,43,22,0.0,3.13,0.0
2020-02-12 23:11:00,2,43,23,0.0,3.13,0.0
2020-02-13 00:11:00,2,44,0,0.0,4.19,0.0
2020-02-13 01:11:00,2,44,1,0.0,4.72,0.0
2020-02-13 02:11:00,2,44,2,0.0,5.25,0.0
2020-02-13 03:11:00,2,44,3,0.0,5.25,0.0
2020-02-13 04:11:00,2,44,4,0.0,4.72,0.0
2020-02-13 05:11:00,2,44,5,0.0,4.72,0.0
2020-02-13 06:11:00,2,44,6,0.0,5.78,0.0
2020-02-13 07:11:00,2,44,7,0.0,5.78,0.0
2020-02-13 08:11:00,2,44,8,158.3,4.72,0.12583
2020-02-13 09:11:00,2,44,9,95.9,4.72,0.07063
2020-02-13 10:11:00,2,44,10,559.1,5.78,0.48595
2020-02-13 11:11:00,2,44,11,652.5,6.84,0.56341
2020-02-13 12:11:00,2,44,12,563.9,7.9,0.48642
2020-02-13 13:11:00,2,44,13,829.5,7.9,0.70936
2020-02-13 14:11:00,2,44,14,46.4,7.9,0.02756
2020-02-13 15:11:00,2,44,15,76.0,7.9,0.05202
2020-02-13 16:11:00,2,44,16,193.7,7.9,0.15096
2020-02-13 17:11:00,2,44,17,0.0,7.37,0.0
2020-02-13 18:11:00,2,44,18,0.0,6.84,0.0
2020-02-13 19:11:00,2,44,19,0.0,6.31,0.0
2020-02-13 20:11:00,2,44,20,0.0,6.31,0.0
2020-02-13 21:11:00,2,44,21,0.0,5.78,0.0
2020-02-13 22:11:00,2,44,22,0.0,5.78,0.0
2020-02-13 23:11:00,2,44,23,0.0,5.25,0.0
2020-02-14 00:11:00,2,45,0,0.0,5.25,0.0
2020-02-14 01:11:00,2,45,1,0.0,4.72,0.0
2020-02-14 02:11:00,2,45,2,0.0,4.19,0.0
2020-02-14 03:11:00,2,45,3,0.0,4.19,0.0
2020-02-14 04:11:00,2,45,4,0.0,4.19,0.0
2020-02-14 05:11:00,2,45,5,0.0,3.66,0.0
2020-02-14 06:11:00,2,45,6,0.0,3.66,0.0
2020-02-14 07:11:00,2,45,7,0.0,2.6,0.0
2020-02-14 08:11:00,2,45,8,243.0,2.6,0.20385
2020-02-14 09:11:00,2,45,9,181.6,3.66,0.14957
2020-02-14 10:11:00,2,45,10,459.9,5.78,0.40135
2020-02-14 11:11:00,2,45,11,109.8,7.9,0.08132
2020-02-14 12:11:00,2,45,12,324.7,8.43,0.2767
2020-02-14 13:11:00,2,45,13,208.0,10.02,0.16873
2020-02-14 14:11:00,2,45,14,143.5,10.02,0.11063
2020-02-14 15:11:00,2,45,15,39.3,10.02,0.02171
2020-02-14 16:11:00,2,45,16,42.6,10.02,0.02416
2020-02-14 17:11:00,2,45,17,0.0,10.02,0.0
2020-02-14 18:11:00,2,45,18,0.0,10.02,0.0
2020-02-14 19:11:00,2,45,19,0.0,9.49,0.0
2020-02-14 20:11:00,2,45,20,0.0,9.49,0.0
2020-02-14 21:11:00,2,45,21,0.0,8.96,0.0
2020-02-14 22:11:00,2,45,22,0.0,8.96,0.0
2020-02-14 23:11:00,2,45,23,0.0,8.96,0.0
2020-02-15 00:11:00,2,46,0,0.0,8.96,0.0
2020-02-15 01:11:00,2,46,1,0.0,8.96,0.0
2020-02-15 02:11:00,2,46,2,0.0,8.96,0.0
2020-02-15 03:11:00,2,46,3,0.0,8.96,0.0
2020-02-15 04:11:00,2,46,4,0.0,8.96,0.0
2020-02-15 05:11:00,2,46,5,0.0,8.96,0.0
2020-02-15 06:11:00,2,46,6,0.0,9.49,0.0
2020-02-15 07:11:00,2,46,7,0.0,10.02,0.0
2020-02-15 08:11:00,2,46,8,5.4,10.02,0.0
2020-02-15 09:11:00,2,46,9,33.0,10.02,0.017
2020-02-15 10:11:00,2,46,10,56.2,10.02,0.03516
2020-02-15 11:11:00,2,46,11,51.8,10.55,0.03147
2020-02-15 12:11:00,2,46,12,64.3,10.55,0.04165
2020-02-15 13:11:00,2,46,13,110.7,10.55,0.08121
2020-02-15 14:11:00,2,46,14,88.4,10.55,0.06195
2020-02-15 15:11:00,2,46,15,33.0,10.55,0.01696
2020-02-15 16:11:00,2,46,16,46.5,11.09,0.02706
2020-02-15 17:11:00,2,46,17,0.0,11.09,0.0
2020-02-15 18:11:00,2,46,18,0.0,11.61,0.0
2020-02-15 19:11:00,2,46,19,0.0,12.15,0.0
2020-02-15 20:11:00,2,46,20,0.0,12.68,0.0
2020-02-15 21:11:00,2,46,21,0.0,12.68,0.0
2020-02-15 22:11:00,2,46,22,0.0,12.15,0.0
2020-02-15 23:11:00,2,46,23,0.0,12.15,0.0
2020-02-16 00:11:00,2,47,0,0.0,12.15,0.0
2020-02-16 01:11:00,2,47,1,0.0,12.15,0.0
2020-02-16 02:11:00,2,47,2,0.0,12.15,0.0
2020-02-16 03:11:00,2,47,3,0.0,12.15,0.0
2020-02-16 04:11:00,2,47,4,0.0,12.15,0.0
2020-02-16 05:11:00,2,47,5,0.0,11.61,0.0
2020-02-16 06:11:00,2,47,6,0.0,11.09,0.0
2020-02-16 07:11:00,2,47,7,0.0,10.02,0.0
2020-02-16 08:11:00,2,47,8,79.2,8.96,0.05452
2020-02-16 09:11:00,2,47,9,59.8,8.96,0.03826
2020-02-16 10:11:00,2,47,10,88.4,8.43,0.06253
2020-02-16 11:11:00,2,47,11,49.1,7.9,0.02972
2020-02-16 12:11:00,2,47,12,132.0,7.37,0.10132
2020-02-16 13:11:00,2,47,13,87.5,6.84,0.06223
2020-02-16 14:11:00,2,47,14,75.0,6.31,0.05162
2020-02-16 15:11:00,2,47,15,323.1,6.31,0.27742
2020-02-16 16:11:00,2,47,16,251.2,6.84,0.20269
2020-02-16 17:11:00,2,47,17,0.0,6.31,0.0
2020-02-16 18:11:00,2,47,18,0.0,5.78,0.0
2020-02-16 19:11:00,2,47,19,0.0,6.84,0.0
2020-02-16 20:11:00,2,47,20,0.0,6.31,0.0
2020-02-16 21:11:00,2,47,21,0.0,5.78,0.0
2020-02-16 22:11:00,2,47,22,0.0,5.25,0.0
2020-02-16 23:11:00,2,47,23,0.0,5.25,0.0
2020-02-17 00:11:00,2,48,0,0.0,5.25,0.0
2020-02-17 01:11:00,2,48,1,0.0,5.25,0.0
2020-02-17 02:11:00,2,48,2,0.0,5.25,0.0
2020-02-17 03:11:00,2,48,3,0.0,5.25,0.0
2020-02-17 04:11:00,2,48,4,0.0,5.25,0.0
2020-02-17 05:11:00,2,48,5,0.0,4.72,0.0
2020-02-17 06:11:00,2,48,6,0.0,4.72,0.0
2020-02-17 07:11:00,2,48,7,0.0,4.72,0.0
2020-02-17 08:11:00,2,48,8,282.2,5.25,0.23848
2020-02-17 09:11:00,2,48,9,568.2,5.78,0.49888
2020-02-17 10:11:00,2,48,10,208.3,6.84,0.17189
2020-02-17 11:11:00,2,48,11,596.8,7.9,0.52218
2020-02-17 12:11:00,2,48,12,444.1,8.43,0.38476
2020-02-17 13:11:00,2,48,13,831.2,8.96,0.71804
2020-02-17 14:11:00,2,48,14,408.4,8.96,0.35228
2020-02-17 15:11:00,2,48,15,480.3,8.96,0.41368
2020-02-17 16:11:00,2,48,16,258.7,7.9,0.20783
2020-02-17 17:11:00,2,48,17,0.0,7.37,0.0
2020-02-17 18:11:00,2,48,18,0.0,6.84,0.0
2020-02-17 19:11:00,2,48,19,0.0,6.31,0.0
2020-02-17 20:11:00,2,48,20,0.0,5.78,0.0
2020-02-17 21:11:00,2,48,21,0.0,5.25,0.0
2020-02-17 22:11:00,2,48,22,0.0,4.72,0.0
2020-02-17 23:11:00,2,48,23,0.0,4.19,0.0
2020-02-18 00:11:00,2,49,0,0.0,4.19,0.0
2020-02-18 01:11:00,2,49,1,0.0,3.66,0.0
2020-02-18 02:11:00,2,49,2,0.0,3.66,0.0
2020-02-18 03:11:00,2,49,3,0.0,3.13,0.0
2020-02-18 04:11:00,2,49,4,0.0,3.13,0.0
2020-02-18 05:11:00,2,49,5,0.0,3.13,0.0
2020-02-18 06:11:00,2,49,6,0.0,3.13,0.0
2020-02-18 07:11:00,2,49,7,0.0,3.66,0.0
2020-02-18 08:11:00,2,49,8,193.2,4.19,0.15817
2020-02-18 09:11:00,2,49,9,122.9,5.25,0.09482
2020-02-18 10:11:00,2,49,10,499.6,6.84,0.43622
2020-02-18 11:11:00,2,49,11,677.5,7.9,0.59399
2020-02-18 12:11:00,2,49,12,563.2,8.43,0.49088
2020-02-18 13:11:00,2,49,13,454.8,8.43,0.39456
2020-02-18 14:11:00,2,49,14,237.1,8.43,0.1968
2020-02-18 15:11:00,2,49,15,103.2,7.9,0.07574
2020-02-18 16:11:00,2,49,16,38.4,7.9,0.02126
2020-02-18 17:11:00,2,49,17,0.0,6.84,0.0
2020-02-18 18:11:00,2,49,18,0.0,6.31,0.0
2020-02-18 19:11:00,2,49,19,0.0,6.31,0.0
2020-02-18 20:11:00,2,49,20,0.0,5.25,0.0
2020-02-18 21:11:00,2,49,21,0.0,4.72,0.0
2020-02-18 22:11:00,2,49,22,0.0,4.19,0.0
2020-02-18 23:11:00,2,49,23,0.0,3.66,0.0
2020-02-19 00:11:00,2,50,0,0.0,3.13,0.0
2020-02-19 01:11:00,2,50,1,0.0,2.6,0.0
2020-02-19 02:11:00,2,50,2,0.0,2.6,0.0
2020-02-19 03:11:00,2,50,3,0.0,2.07,0.0
2020-02-19 04:11:00,2,50,4,0.0,2.07,0.0
2020-02-19 05:11:00,2,50,5,0.0,1.54,0.0
2020-02-19 06:11:00,2,50,6,0.0,1.54,0.0
2020-02-19 07:11:00,2,50,7,0.0,2.6,0.0
2020-02-19 08:11:00,2,50,8,63.2,2.6,0.04234
2020-02-19 09:11:00,2,50,9,87.6,3.66,0.06336
2020-02-19 10:11:00,2,50,10,85.7,4.72,0.06117
2020-02-19 11:11:00,2,50,11,65.2,5.25,0.04342
2020-02-19 12:11:00,2,50,12,121.4,5.78,0.09224
2020-02-19 13:11:00,2,50,13,218.5,5.78,0.18067
2020-02-19 14:11:00,2,50,14,70.5,6.31,0.04773
2020-02-19 15:11:00,2,50,15,81.0,7.37,0.0565
2020-02-19 16:11:00,2,50,16,42.9,7.9,0.02473
2020-02-19 17:11:00,2,50,17,0.0,7.9,0.0
2020-02-19 18:11:00,2,50,18,0.0,7.9,0.0
2020-02-19 19:11:00,2,50,19,0.0,7.9,0.0
2020-02-19 20:11:00,2,50,20,0.0,7.9,0.0
2020-02-19 21:11:00,2,50,21,0.0,7.9,0.0
2020-02-19 22:11:00,2,50,22,0.0,7.9,0.0
2020-02-19 23:11:00,2,50,23,0.0,8.43,0.0
2020-02-20 00:11:00,2,51,0,0.0,8.43,0.0
2020-02-20 01:11:00,2,51,1,0.0,8.43,0.0
2020-02-20 02:11:00,2,51,2,0.0,8.43,0.0
2020-02-20 03:11:00,2,51,3,0.0,8.43,0.0
2020-02-20 04:11:00,2,51,4,0.0,8.43,0.0
2020-02-20 05:11:00,2,51,5,0.0,8.43,0.0
2020-02-20 06:11:00,2,51,6,0.0,8.43,0.0
2020-02-20 07:11:00,2,51,7,0.0,8.43,0.0
2020-02-20 08:11:00,2,51,8,85.2,8.43,0.05989
2020-02-20 09:11:00,2,51,9,38.4,8.96,0.02115
2020-02-20 10:11:00,2,51,10,102.7,9.49,0.07471
2020-02-20 11:11:00,2,51,11,55.3,9.49,0.03453
2020-02-20 12:11:00,2,51,12,51.8,7.9,0.03189
2020-02-20 13:11:00,2,51,13,76.8,5.25,0.0534
2020-02-20 14:11:00,2,51,14,111.3,5.25,0.08368
2020-02-20 15:11:00,2,51,15,523.9,5.25,0.45899
2020-02-20 16:11:00,2,51,16,253.7,5.25,0.20669
2020-02-20 17:11:00,2,51,17,0.0,4.72,0.0
2020-02-20 18:11:00,2,51,18,0.0,4.19,0.0
2020-02-20 19:11:00,2,51,19,0.0,3.66,0.0
2020-02-20 20:11:00,2,51,20,0.0,3.66,0.0
2020-02-20 21:11:00,2,51,21,0.0,3.13,0.0
2020-02-20 22:11:00,2,51,22,0.0,3.13,0.0
2020-02-20 23:11:00,2,51,23,0.0,3.13,0.0
2020-02-21 00:11:00,2,52,0,0.0,3.66,0.0
2020-02-21 01:11:00,2,52,1,0.0,3.66,0.0
2020-02-21 02:11:00,2,52,2,0.0,3.66,0.0
2020-02-21 03:11:00,2,52,3,0.0,3.66,0.0
2020-02-21 04:11:00,2,52,4,0.0,3.66,0.0
2020-02-21 05:11:00,2,52,5,0.0,3.66,0.0
2020-02-21 06:11:00,2,52,6,0.0,4.19,0.0
2020-02-21 07:11:00,2,52,7,0.0,4.72,0.0
2020-02-21 08:11:00,2,52,8,40.2,5.78,0.02291
2020-02-21 09:11:00,2,52,9,59.8,6.84,0.03866
2020-02-21 10:11:00,2,52,10,68.7,7.9,0.0459
2020-02-21 11:11:00,2,52,11,178.8,7.9,0.14348
2020-02-21 12:11:00,2,52,12,118.7,8.96,0.0888
2020-02-21 13:11:00,2,52,13,55.3,10.55,0.03435
2020-02-21 14:11:00,2,52,14,63.4,10.55,0.04089
2020-02-21 15:11:00,2,52,15,65.2,10.02,0.04248
2020-02-21 16:11:00,2,52,16,17.8,10.02,0.00645
2020-02-21 17:11:00,2,52,17,0.0,9.49,0.0
2020-02-21 18:11:00,2,52,18,0.0,8.96,0.0
2020-02-21 19:11:00,2,52,19,0.0,8.96,0.0
2020-02-21 20:11:00,2,52,20,0.0,8.43,0.0
2020-02-21 21:11:00,2,52,21,0.0,8.43,0.0
2020-02-21 22:11:00,2,52,22,0.0,8.43,0.0
2020-02-21 23:11:00,2,52,23,0.0,8.43,0.0
2020-02-22 00:11:00,2,53,0,0.0,8.43,0.0
2020-02-22 01:11:00,2,53,1,0.0,8.43,0.0
2020-02-22 02:11:00,2,53,2,0.0,8.96,0.0
2020-02-22 03:11:00,2,53,3,0.0,8.96,0.0
2020-02-22 04:11:00,2,53,4,0.0,9.49,0.0
2020-02-22 05:11:00,2,53,5,0.0,10.02,0.0
2020-02-22 06:11:00,2,53,6,0.0,10.55,0.0
2020-02-22 07:11:00,2,53,7,0.0,10.55,0.0
2020-02-22 08:11:00,2,53,8,312.4,10.55,0.26053
2020-02-22 09:11:00,2,53,9,496.8,10.55,0.42953
2020-02-22 10:11:00,2,53,10,144.2,10.55,0.11095
2020-02-22 11:11:00,2,53,11,214.9,10.55,0.1746
2020-02-22 12:11:00,2,53,12,218.4,10.55,0.17756
2020-02-22 13:11:00,2,53,13,375.4,10.02,0.32083
2020-02-22 14:11:00,2,53,14,112.1,10.02,0.08265
2020-02-22 15:11:00,2,53,15,95.8,9.49,0.06872
2020-02-22 16:11:00,2,53,16,49.0,8.96,0.0294
2020-02-22 17:11:00,2,53,17,0.0,8.43,0.0
2020-02-22 18:11:00,2,53,18,0.0,7.9,0.0
2020-02-22 19:11:00,2,53,19,0.0,7.9,0.0
2020-02-22 20:11:00,2,53,20,0.0,7.9,0.0
2020-02-22 21:11:00,2,53,21,0.0,7.9,0.0
2020-02-22 22:11:00,2,53,22,0.0,7.37,0.0
2020-02-22 23:11:00,2,53,23,0.0,7.9,0.0
2020-02-23 00:11:00,2,54,0,0.0,7.9,0.0
2020-02-23 01:11:00,2,54,1,0.0,7.37,0.0
2020-02-23 02:11:00,2,54,2,0.0,7.9,0.0
2020-02-23 03:11:00,2,54,3,0.0,7.9,0.0
2020-02-23 04:11:00,2,54,4,0.0,7.9,0.0
2020-02-23 05:11:00,2,54,5,0.0,10.02,0.0
2020-02-23 06:11:00,2,54,6,0.0,11.09,0.0
2020-02-23 07:11:00,2,54,7,0.0,11.09,0.0
2020-02-23 08:11:00,2,54,8,27.7,11.61,0.01299
2020-02-23 09:11:00,2,54,9,41.1,11.61,0.0229
2020-02-23 10:11:00,2,54,10,234.8,11.09,0.19263
2020-02-23 11:11:00,2,54,11,95.5,10.55,0.06803
2020-02-23 12:11:00,2,54,12,229.3,9.49,0.18824
2020-02-23 13:11:00,2,54,13,673.6,8.43,0.58412
2020-02-23 14:11:00,2,54,14,712.6,8.43,0.61656
2020-02-23 15:11:00,2,54,15,449.3,7.9,0.3872
2020-02-23 16:11:00,2,54,16,126.8,7.9,0.09471
2020-02-23 17:11:00,2,54,17,0.0,7.37,0.0
2020-02-23 18:11:00,2,54,18,0.0,6.31,0.0
2020-02-23 19:11:00,2,54,19,0.0,5.78,0.0
2020-02-23 20:11:00,2,54,20,0.0,4.72,0.0
2020-02-23 21:11:00,2,54,21,0.0,4.19,0.0
2020-02-23 22:11:00,2,54,22,0.0,4.72,0.0
2020-02-23 23:11:00,2,54,23,0.0,4.72,0.0
2020-02-24 00:11:00,2,55,0,0.0,4.72,0.0
2020-02-24 01:11:00,2,55,1,0.0,4.72,0.0
2020-02-24 02:11:00,2,55,2,0.0,4.72,0.0
2020-02-24 03:11:00,2,55,3,0.0,4.72,0.0
2020-02-24 04:11:00,2,55,4,0.0,4.72,0.0
2020-02-24 05:11:00,2,55,5,0.0,5.78,0.0
2020-02-24 06:11:00,2,55,6,0.0,7.37,0.0
2020-02-24 07:11:00,2,55,7,0.0,8.43,0.0
2020-02-24 08:11:00,2,55,8,18.7,8.96,0.00706
2020-02-24 09:11:00,2,55,9,62.5,8.96,0.04048
2020-02-24 10:11:00,2,55,10,48.2,8.96,0.02885
2020-02-24 11:11:00,2,55,11,63.4,9.49,0.04111
2020-02-24 12:11:00,2,55,12,184.6,9.49,0.14754
2020-02-24 13:11:00,2,55,13,383.2,10.02,0.32753
2020-02-24 14:11:00,2,55,14,261.2,10.55,0.21679
2020-02-24 15:11:00,2,55,15,183.5,11.09,0.14593
2020-02-24 16:11:00,2,55,16,95.9,11.09,0.06752
2020-02-24 17:11:00,2,55,17,5.4,10.02,0.0
2020-02-24 18:11:00,2,55,18,0.0,8.96,0.0
2020-02-24 19:11:00,2,55,19,0.0,8.43,0.0
2020-02-24 20:11:00,2,55,20,0.0,7.37,0.0
2020-02-24 21:11:00,2,55,21,0.0,6.84,0.0
2020-02-24 22:11:00,2,55,22,0.0,5.78,0.0
2020-02-24 23:11:00,2,55,23,0.0,5.25,0.0
2020-02-25 00:11:00,2,56,0,0.0,5.25,0.0
2020-02-25 01:11:00,2,56,1,0.0,4.72,0.0
2020-02-25 02:11:00,2,56,2,0.0,4.19,0.0
2020-02-25 03:11:00,2,56,3,0.0,3.66,0.0
2020-02-25 04:11:00,2,56,4,0.0,3.13,0.0
2020-02-25 05:11:00,2,56,5,0.0,3.13,0.0
2020-02-25 06:11:00,2,56,6,0.0,2.6,0.0
2020-02-25 07:11:00,2,56,7,0.0,3.66,0.0
2020-02-25 08:11:00,2,56,8,360.0,4.19,0.30899
2020-02-25 09:11:00,2,56,9,633.9,4.72,0.55257
2020-02-25 10:11:00,2,56,10,788.2,5.78,0.68559
2020-02-25 11:11:00,2,56,11,281.6,6.84,0.23813
2020-02-25 12:11:00,2,56,12,61.6,7.37,0.04002
2020-02-25 13:11:00,2,56,13,48.2,6.31,0.02922
2020-02-25 14:11:00,2,56,14,694.0,6.84,0.59971
2020-02-25 15:11:00,2,56,15,170.0,5.78,0.13668
2020-02-25 16:11:00,2,56,16,56.8,5.25,0.0364
2020-02-25 17:11:00,2,56,17,1.8,4.72,0.0
2020-02-25 18:11:00,2,56,18,0.0,3.66,0.0
2020-02-25 19:11:00,2,56,19,0.0,3.13,0.0
2020-02-25 20:11:00,2,56,20,0.0,2.6,0.0
2020-02-25 21:11:00,2,56,21,0.0,2.07,0.0
2020-02-25 22:11:00,2,56,22,0.0,1.54,0.0
2020-02-25 23:11:00,2,56,23,0.0,1.54,0.0
2020-02-26 00:11:00,2,57,0,0.0,1.54,0.0
2020-02-26 01:11:00,2,57,1,0.0,1.01,0.0
2020-02-26 02:11:00,2,57,2,0.0,1.01,0.0
2020-02-26 03:11:00,2,57,3,0.0,1.01,0.0
2020-02-26 04:11:00,2,57,4,0.0,1.01,0.0
2020-02-26 05:11:00,2,57,5,0.0,1.01,0.0
2020-02-26 06:11:00,2,57,6,0.0,1.01,0.0
2020-02-26 07:11:00,2,57,7,0.0,1.01,0.0
2020-02-26 08:11:00,2,57,8,361.1,1.54,0.31408
2020-02-26 09:11:00,2,57,9,446.1,2.6,0.39342
2020-02-26 10:11:00,2,57,10,459.4,3.66,0.40657
2020-02-26 11:11:00,2,57,11,117.8,4.72,0.08978
2020-02-26 12:11:00,2,57,12,86.6,4.72,0.06208
2020-02-26 13:11:00,2,57,13,920.5,5.25,0.79999
2020-02-26 14:11:00,2,57,14,521.1,5.78,0.45703
2020-02-26 15:11:00,2,57,15,389.8,5.78,0.33746
2020-02-26 16:11:00,2,57,16,103.4,5.78,0.0757
2020-02-26 17:11:00,2,57,17,14.6,4.72,0.00405
2020-02-26 18:11:00,2,57,18,0.0,3.13,0.0
2020-02-26 19:11:00,2,57,19,0.0,2.6,0.0
2020-02-26 20:11:00,2,57,20,0.0,2.07,0.0
2020-02-26 21:11:00,2,57,21,0.0,1.54,0.0
2020-02-26 22:11:00,2,57,22,0.0,1.54,0.0
2020-02-26 23:11:00,2,57,23,0.0,1.54,0.0
2020-02-27 00:11:00,2,58,0,0.0,2.07,0.0
2020-02-27 01:11:00,2,58,1,0.0,2.07,0.0
2020-02-27 02:11:00,2,58,2,0.0,2.07,0.0
2020-02-27 03:11:00,2,58,3,0.0,1.01,0.0
2020-02-27 04:11:00,2,58,4,0.0,1.01,0.0
2020-02-27 05:11:00,2,58,5,0.0,1.01,0.0
2020-02-27 06:11:00,2,58,6,0.0,1.01,0.0
2020-02-27 07:11:00,2,58,7,0.0,1.01,0.0
2020-02-27 08:11:00,2,58,8,83.6,1.01,0.06043
2020-02-27 09:11:00,2,58,9,387.7,1.54,0.34249
2020-02-27 10:11:00,2,58,10,782.0,2.6,0.69239
2020-02-27 11:11:00,2,58,11,896.3,4.19,0.78575
2020-02-27 12:11:00,2,58,12,646.2,5.25,0.56885
2020-02-27 13:11:00,2,58,13,904.7,5.78,0.78804
2020-02-27 14:11:00,2,58,14,810.7,6.31,0.70953
2020-02-27 15:11:00,2,58,15,600.2,6.31,0.52429
2020-02-27 16:11:00,2,58,16,320.3,5.78,0.26443
2020-02-27 17:11:00,2,58,17,20.7,4.72,0.00744
2020-02-27 18:11:00,2,58,18,0.0,3.66,0.0
2020-02-27 19:11:00,2,58,19,0.0,3.66,0.0
2020-02-27 20:11:00,2,58,20,0.0,2.6,0.0
2020-02-27 21:11:00,2,58,21,0.0,1.54,0.0
2020-02-27 22:11:00,2,58,22,0.0,1.01,0.0
2020-02-27 23:11:00,2,58,23,0.0,1.01,0.0
2020-02-28 00:11:00,2,59,0,0.0,0.48,0.0
2020-02-28 01:11:00,2,59,1,0.0,0.48,0.0
2020-02-28 02:11:00,2,59,2,0.0,0.48,0.0
2020-02-28 03:11:00,2,59,3,0.0,0.48,0.0
2020-02-28 04:11:00,2,59,4,0.0,1.01,0.0
2020-02-28 05:11:00,2,59,5,0.0,1.54,0.0
2020-02-28 06:11:00,2,59,6,0.0,1.54,0.0
2020-02-28 07:11:00,2,59,7,0.0,2.07,0.0
2020-02-28 08:11:00,2,59,8,17.8,2.6,0.00674
2020-02-28 09:11:00,2,59,9,59.8,3.13,0.03936
2020-02-28 10:11:00,2,59,10,72.3,3.66,0.04994
2020-02-28 11:11:00,2,59,11,89.2,3.66,0.06474
2020-02-28 12:11:00,2,59,12,73.2,4.72,0.05046
2020-02-28 13:11:00,2,59,13,64.3,5.78,0.0426
2020-02-28 14:11:00,2,59,14,102.6,6.84,0.07542
2020-02-28 15:11:00,2,59,15,53.6,8.43,0.03323
2020-02-28 16:11:00,2,59,16,40.2,9.49,0.02246
2020-02-28 17:11:00,2,59,17,9.8,9.49,0.00184
2020-02-28 18:11:00,2,59,18,0.0,9.49,0.0
2020-02-28 19:11:00,2,59,19,0.0,9.49,0.0
2020-02-28 20:11:00,2,59,20,0.0,9.49,0.0
2020-02-28 21:11:00,2,59,21,0.0,9.49,0.0
2020-02-28 22:11:00,2,59,22,0.0,9.49,0.0
2020-02-28 23:11:00,2,59,23,0.0,9.49,0.0
2020-02-29 00:11:00,2,60,0,0.0,9.49,0.0
2020-02-29 01:11:00,2,60,1,0.0,9.49,0.0
2020-02-29 02:11:00,2,60,2,0.0,9.49,0.0
2020-02-29 03:11:00,2,60,3,0.0,9.49,0.0
2020-02-29 04:11:00,2,60,4,0.0,8.96,0.0
2020-02-29 05:11:00,2,60,5,0.0,8.96,0.0
2020-02-29 06:11:00,2,60,6,0.0,7.9,0.0
2020-02-29 07:11:00,2,60,7,0.0,6.84,0.0
2020-02-29 08:11:00,2,60,8,133.4,5.78,0.10336
2020-02-29 09:11:00,2,60,9,119.6,5.25,0.0914
2020-02-29 10:11:00,2,60,10,295.3,5.25,0.25278
2020-02-29 11:11:00,2,60,11,997.1,5.25,0.86237
2020-02-29 12:11:00,2,60,12,915.1,5.78,0.79766
2020-02-29 13:11:00,2,60,13,887.5,6.31,0.77571
2020-02-29 14:11:00,2,60,14,457.0,5.78,0.40179
2020-02-29 15:11:00,2,60,15,584.7,5.78,0.51476
2020-02-29 16:11:00,2,60,16,355.0,5.25,0.29619
2020-02-29 17:11:00,2,60,17,30.9,4.72,0.01362
2020-02-29 18:11:00,2,60,18,0.0,4.72,0.0
2020-02-29 19:11:00,2,60,19,0.0,4.72,0.0
2020-02-29 20:11:00,2,60,20,0.0,4.72,0.0
2020-02-29 21:11:00,2,60,21,0.0,4.72,0.0
2020-02-29 22:11:00,2,60,22,0.0,4.72,0.0
2020-02-29 23:11:00,2,60,23,0.0,4.72,0.0
2020-03-01 00:11:00,3,61,0,0.0,4.72,0.0
2020-03-01 01:11:00,3,61,1,0.0,4.19,0.0
2020-03-01 02:11:00,3,61,2,0.0,4.19,0.0
2020-03-01 03:11:00,3,61,3,0.0,4.72,0.0
2020-03-01 04:11:00,3,61,4,0.0,4.19,0.0
2020-03-01 05:11:00,3,61,5,0.0,4.19,0.0
2020-03-01 06:11:00,3,61,6,0.0,3.66,0.0
2020-03-01 07:11:00,3,61,7,0.0,3.66,0.0
2020-03-01 08:11:00,3,61,8,374.8,3.66,0.32491
2020-03-01 09:11:00,3,61,9,661.3,4.72,0.58228
2020-03-01 10:11:00,3,61,10,812.1,5.78,0.71176
2020-03-01 11:11:00,3,61,11,793.2,6.84,0.69099
2020-03-01 12:11:00,3,61,12,533.2,7.9,0.46378
2020-03-01 13:11:00,3,61,13,639.3,7.9,0.55659
2020-03-01 14:11:00,3,61,14,759.7,7.9,0.65904
2020-03-01 15:11:00,3,61,15,559.2,7.9,0.48433
2020-03-01 16:11:00,3,61,16,178.8,7.37,0.14082
2020-03-01 17:11:00,3,61,17,28.7,6.31,0.01257
2020-03-01 18:11:00,3,61,18,0.0,5.25,0.0
2020-03-01 19:11:00,3,61,19,0.0,4.72,0.0
2020-03-01 20:11:00,3,61,20,0.0,4.19,0.0
2020-03-01 21:11:00,3,61,21,0.0,3.66,0.0
2020-03-01 22:11:00,3,61,22,0.0,2.6,0.0
2020-03-01 23:11:00,3,61,23,0.0,2.07,0.0
2020-03-02 00:11:00,3,62,0,0.0,2.07,0.0
2020-03-02 01:11:00,3,62,1,0.0,2.07,0.0
2020-03-02 02:11:00,3,62,2,0.0,1.54,0.0
2020-03-02 03:11:00,3,62,3,0.0,1.54,0.0
2020-03-02 04:11:00,3,62,4,0.0,1.01,0.0
2020-03-02 05:11:00,3,62,5,0.0,1.54,0.0
2020-03-02 06:11:00,3,62,6,0.0,1.54,0.0
2020-03-02 07:11:00,3,62,7,0.0,1.01,0.0
2020-03-02 08:11:00,3,62,8,359.1,1.54,0.3095
2020-03-02 09:11:00,3,62,9,664.1,3.66,0.57466
2020-03-02 10:11:00,3,62,10,863.9,5.25,0.73533
2020-03-02 11:11:00,3,62,11,767.5,6.31,0.65748
2020-03-02 12:11:00,3,62,12,562.0,7.37,0.48443
2020-03-02 13:11:00,3,62,13,584.0,7.37,0.50411
2020-03-02 14:11:00,3,62,14,678.4,7.37,0.58524
2020-03-02 15:11:00,3,62,15,248.7,7.9,0.20648
2020-03-02 16:11:00,3,62,16,337.9,7.37,0.27709
2020-03-02 17:11:00,3,62,17,21.9,6.31,0.00883
2020-03-02 18:11:00,3,62,18,0.0,4.72,0.0
2020-03-02 19:11:00,3,62,19,0.0,4.19,0.0
2020-03-02 20:11:00,3,62,20,0.0,3.13,0.0
2020-03-02 21:11:00,3,62,21,0.0,2.6,0.0
2020-03-02 22:11:00,3,62,22,0.0,2.07,0.0
2020-03-02 23:11:00,3,62,23,0.0,2.07,0.0
2020-03-03 00:11:00,3,63,0,0.0,1.54,0.0
2020-03-03 01:11:00,3,63,1,0.0,1.54,0.0
2020-03-03 02:11:00,3,63,2,0.0,1.01,0.0
2020-03-03 03:11:00,3,63,3,0.0,1.01,0.0
2020-03-03 04:11:00,3,63,4,0.0,1.01,0.0
2020-03-03 05:11:00,3,63,5,0.0,1.01,0.0
2020-03-03 06:11:00,3,63,6,0.0,1.01,0.0
2020-03-03 07:11:00,3,63,7,8.0,1.54,0.00107
2020-03-03 08:11:00,3,63,8,93.9,2.07,0.06939
2020-03-03 09:11:00,3,63,9,66.9,4.19,0.04515
2020-03-03 10:11:00,3,63,10,745.3,5.25,0.6479
2020-03-03 11:11:00,3,63,11,655.4,5.78,0.57101
2020-03-03 12:11:00,3,63,12,235.0,6.84,0.19485
2020-03-03 13:11:00,3,63,13,144.0,6.84,0.11219
2020-03-03 14:11:00,3,63,14,182.8,7.37,0.14697
2020-03-03 15:11:00,3,63,15,93.7,7.9,0.06726
2020-03-03 16:11:00,3,63,16,328.4,7.9,0.26882
2020-03-03 17:11:00,3,63,17,30.6,7.37,0.01401
2020-03-03 18:11:00,3,63,18,0.0,5.78,0.0
2020-03-03 19:11:00,3,63,19,0.0,4.72,0.0
2020-03-03 20:11:00,3,63,20,0.0,3.66,0.0
2020-03-03 21:11:00,3,63,21,0.0,2.6,0.0
2020-03-03 22:11:00,3,63,22,0.0,2.07,0.0
2020-03-03 23:11:00,3,63,23,0.0,1.54,0.0
2020-03-04 00:11:00,3,64,0,0.0,1.54,0.0
2020-03-04 01:11:00,3,64,1,0.0,1.01,0.0
2020-03-04 02:11:00,3,64,2,0.0,0.48,0.0
2020-03-04 03:11:00,3,64,3,0.0,-0.04,0.0
2020-03-04 04:11:00,3,64,4,0.0,-0.04,0.0
2020-03-04 05:11:00,3,64,5,0.0,-0.04,0.0
2020-03-04 06:11:00,3,64,6,0.0,0.48,0.0
2020-03-04 07:11:00,3,64,7,16.3,0.48,0.0054
2020-03-04 08:11:00,3,64,8,128.2,1.54,0.10022
2020-03-04 09:11:00,3,64,9,228.4,4.19,0.19042
2020-03-04 10:11:00,3,64,10,223.6,5.78,0.18405
2020-03-04 11:11:00,3,64,11,231.2,7.37,0.18981
2020-03-04 12:11:00,3,64,12,104.4,7.37,0.0766
2020-03-04 13:11:00,3,64,13,137.4,7.37,0.10557
2020-03-04 14:11:00,3,64,14,108.9,7.37,0.08042
2020-03-04 15:11:00,3,64,15,45.5,7.37,0.02687
2020-03-04 16:11:00,3,64,16,60.7,6.84,0.03929
2020-03-04 17:11:00,3,64,17,17.0,6.31,0.00602
2020-03-04 18:11:00,3,64,18,0.0,5.78,0.0
2020-03-04 19:11:00,3,64,19,0.0,4.72,0.0
2020-03-04 20:11:00,3,64,20,0.0,4.72,0.0
2020-03-04 21:11:00,3,64,21,0.0,4.19,0.0
2020-03-04 22:11:00,3,64,22,0.0,3.66,0.0
2020-03-04 23:11:00,3,64,23,0.0,4.19,0.0
2020-03-05 00:11:00,3,65,0,0.0,4.19,0.0
2020-03-05 01:11:00,3,65,1,0.0,4.19,0.0
2020-03-05 02:11:00,3,65,2,0.0,4.19,0.0
2020-03-05 03:11:00,3,65,3,0.0,3.66,0.0
2020-03-05 04:11:00,3,65,4,0.0,3.66,0.0
2020-03-05 05:11:00,3,65,5,0.0,3.66,0.0
2020-03-05 06:11:00,3,65,6,0.0,3.66,0.0
2020-03-05 07:11:00,3,65,7,6.2,3.66,0.00027
2020-03-05 08:11:00,3,65,8,41.1,3.66,0.02384
2020-03-05 09:11:00,3,65,9,91.0,4.19,0.06612
2020-03-05 10:11:00,3,65,10,110.7,4.19,0.08355
2020-03-05 11:11:00,3,65,11,208.6,5.25,0.17211
2020-03-05 12:11:00,3,65,12,251.0,5.78,0.21033
2020-03-05 13:11:00,3,65,13,175.0,6.31,0.14051
2020-03-05 14:11:00,3,65,14,114.2,6.31,0.08587
2020-03-05 15:11:00,3,65,15,66.0,6.31,0.04397
2020-03-05 16:11:00,3,65,16,28.6,5.78,0.01405
2020-03-05 17:11:00,3,65,17,8.0,5.25,0.00103
2020-03-05 18:11:00,3,65,18,0.0,4.72,0.0
2020-03-05 19:11:00,3,65,19,0.0,4.72,0.0
2020-03-05 20:11:00,3,65,20,0.0,4.19,0.0
2020-03-05 21:11:00,3,65,21,0.0,3.66,0.0
2020-03-05 22:11:00,3,65,22,0.0,3.13,0.0
2020-03-05 23:11:00,3,65,23,0.0,2.6,0.0
2020-03-06 00:11:00,3,66,0,0.0,2.07,0.0
2020-03-06 01:11:00,3,66,1,0.0,1.54,0.0
2020-03-06 02:11:00,3,66,2,0.0,1.01,0.0
2020-03-06 03:11:00,3,66,3,0.0,-0.04,0.0
2020-03-06 04:11:00,3,66,4,0.0,-0.57,0.0
2020-03-06 05:11:00,3,66,5,0.0,-1.1,0.0
2020-03-06 06:11:00,3,66,6,0.0,-2.16,0.0
2020-03-06 07:11:00,3,66,7,27.0,-2.69,0.01271
2020-03-06 08:11:00,3,66,8,419.6,-1.1,0.36335
2020-03-06 09:11:00,3,66,9,670.0,2.07,0.56883
2020-03-06 10:11:00,3,66,10,882.6,4.19,0.72631
2020-03-06 11:11:00,3,66,11,998.8,5.78,0.81266
2020-03-06 12:11:00,3,66,12,892.6,7.37,0.73567
2020-03-06 13:11:00,3,66,13,736.2,7.9,0.61753
2020-03-06 14:11:00,3,66,14,681.3,7.9,0.57364
2020-03-06 15:11:00,3,66,15,609.4,7.9,0.51299
2020-03-06 16:11:00,3,66,16,313.1,7.9,0.25329
2020-03-06 17:11:00,3,66,17,43.2,7.37,0.02254
2020-03-06 18:11:00,3,66,18,0.0,6.31,0.0
2020-03-06 19:11:00,3,66,19,0.0,5.25,0.0
2020-03-06 20:11:00,3,66,20,0.0,3.66,0.0
2020-03-06 21:11:00,3,66,21,0.0,2.6,0.0
2020-03-06 22:11:00,3,66,22,0.0,2.07,0.0
2020-03-06 23:11:00,3,66,23,0.0,2.07,0.0
2020-03-07 00:11:00,3,67,0,0.0,1.54,0.0
2020-03-07 01:11:00,3,67,1,0.0,1.01,0.0
2020-03-07 02:11:00,3,67,2,0.0,1.01,0.0
2020-03-07 03:11:00,3,67,3,0.0,1.01,0.0
2020-03-07 04:11:00,3,67,4,0.0,1.54,0.0
2020-03-07 05:11:00,3,67,5,0.0,2.07,0.0
2020-03-07 06:11:00,3,67,6,0.0,2.6,0.0
2020-03-07 07:11:00,3,67,7,7.1,4.19,0.00064
2020-03-07 08:11:00,3,67,8,45.5,5.25,0.02719
2020-03-07 09:11:00,3,67,9,337.4,6.31,0.28889
2020-03-07 10:11:00,3,67,10,264.4,7.9,0.22106
2020-03-07 11:11:00,3,67,11,457.8,8.96,0.39347
2020-03-07 12:11:00,3,67,12,300.2,10.02,0.25094
2020-03-07 13:11:00,3,67,13,459.8,10.55,0.39314
2020-03-07 14:11:00,3,67,14,237.7,10.55,0.19435
2020-03-07 15:11:00,3,67,15,287.7,11.09,0.23859
2020-03-07 16:11:00,3,67,16,191.0,11.09,0.14923
2020-03-07 17:11:00,3,67,17,98.3,10.55,0.05469
2020-03-07 18:11:00,3,67,18,0.0,10.02,0.0
2020-03-07 19:11:00,3,67,19,0.0,9.49,0.0
2020-03-07 20:11:00,3,67,20,0.0,8.96,0.0
2020-03-07 21:11:00,3,67,21,0.0,8.43,0.0
2020-03-07 22:11:00,3,67,22,0.0,8.43,0.0
2020-03-07 23:11:00,3,67,23,0.0,8.43,0.0
2020-03-08 00:11:00,3,68,0,0.0,8.43,0.0
2020-03-08 01:11:00,3,68,1,0.0,8.96,0.0
2020-03-08 02:11:00,3,68,2,0.0,8.96,0.0
2020-03-08 03:11:00,3,68,3,0.0,8.96,0.0
2020-03-08 04:11:00,3,68,4,0.0,8.96,0.0
2020-03-08 05:11:00,3,68,5,0.0,8.43,0.0
2020-03-08 06:11:00,3,68,6,0.0,7.9,0.0
2020-03-08 07:11:00,3,68,7,22.5,7.37,0.00936
2020-03-08 08:11:00,3,68,8,430.4,7.9,0.36795
2020-03-08 09:11:00,3,68,9,552.0,7.9,0.48015
2020-03-08 10:11:00,3,68,10,129.9,8.43,0.09893
2020-03-08 11:11:00,3,68,11,354.6,9.49,0.301
2020-03-08 12:11:00,3,68,12,256.0,9.49,0.21145
2020-03-08 13:11:00,3,68,13,959.6,8.96,0.81523
2020-03-08 14:11:00,3,68,14,755.8,9.49,0.64734
2020-03-08 15:11:00,3,68,15,112.6,9.49,0.08316
2020-03-08 16:11:00,3,68,16,223.2,9.49,0.17814
2020-03-08 17:11:00,3,68,17,98.0,8.96,0.0556
2020-03-08 18:11:00,3,68,18,0.0,7.9,0.0
2020-03-08 19:11:00,3,68,19,0.0,7.37,0.0
2020-03-08 20:11:00,3,68,20,0.0,6.84,0.0
2020-03-08 21:11:00,3,68,21,0.0,6.31,0.0
2020-03-08 22:11:00,3,68,22,0.0,5.78,0.0
2020-03-08 23:11:00,3,68,23,0.0,5.25,0.0
2020-03-09 00:11:00,3,69,0,0.0,4.72,0.0
2020-03-09 01:11:00,3,69,1,0.0,4.19,0.0
2020-03-09 02:11:00,3,69,2,0.0,4.19,0.0
2020-03-09 03:11:00,3,69,3,0.0,4.19,0.0
2020-03-09 04:11:00,3,69,4,0.0,4.19,0.0
2020-03-09 05:11:00,3,69,5,0.0,4.19,0.0
2020-03-09 06:11:00,3,69,6,0.0,4.19,0.0
2020-03-09 07:11:00,3,69,7,30.2,4.19,0.01481
2020-03-09 08:11:00,3,69,8,274.3,5.78,0.23096
2020-03-09 09:11:00,3,69,9,639.9,6.84,0.55424
2020-03-09 10:11:00,3,69,10,798.5,7.9,0.68924
2020-03-09 11:11:00,3,69,11,394.4,8.43,0.33753
2020-03-09 12:11:00,3,69,12,298.6,8.43,0.25073
2020-03-09 13:11:00,3,69,13,234.5,8.43,0.19255
2020-03-09 14:11:00,3,69,14,130.3,8.43,0.09909
2020-03-09 15:11:00,3,69,15,66.9,7.9,0.04436
2020-03-09 16:11:00,3,69,16,39.3,7.37,0.022
2020-03-09 17:11:00,3,69,17,25.0,6.84,0.01141
2020-03-09 18:11:00,3,69,18,0.0,6.84,0.0
2020-03-09 19:11:00,3,69,19,0.0,6.84,0.0
2020-03-09 20:11:00,3,69,20,0.0,7.9,0.0
2020-03-09 21:11:00,3,69,21,0.0,8.43,0.0
2020-03-09 22:11:00,3,69,22,0.0,9.49,0.0
2020-03-09 23:11:00,3,69,23,0.0,10.02,0.0
2020-03-10 00:11:00,3,70,0,0.0,10.55,0.0
2020-03-10 01:11:00,3,70,1,0.0,10.55,0.0
2020-03-10 02:11:00,3,70,2,0.0,10.55,0.0
2020-03-10 03:11:00,3,70,3,0.0,10.55,0.0
2020-03-10 04:11:00,3,70,4,0.0,10.55,0.0
2020-03-10 05:11:00,3,70,5,0.0,10.55,0.0
2020-03-10 06:11:00,3,70,6,0.0,10.55,0.0
2020-03-10 07:11:00,3,70,7,24.6,11.09,0.01064
2020-03-10 08:11:00,3,70,8,66.1,11.09,0.04301
2020-03-10 09:11:00,3,70,9,292.9,11.09,0.24446
2020-03-10 10:11:00,3,70,10,210.2,11.61,0.16896
2020-03-10 11:11:00,3,70,11,259.2,12.15,0.21194
2020-03-10 12:11:00,3,70,12,94.6,12.68,0.06651
2020-03-10 13:11:00,3,70,13,98.2,12.68,0.06957
2020-03-10 14:11:00,3,70,14,379.2,13.74,0.31772
2020-03-10 15:11:00,3,70,15,162.4,13.21,0.12535
2020-03-10 16:11:00,3,70,16,147.2,12.68,0.11096
2020-03-10 17:11:00,3,70,17,38.9,11.61,0.02025
2020-03-10 18:11:00,3,70,18,0.0,11.09,0.0
2020-03-10 19:11:00,3,70,19,0.0,10.55,0.0
2020-03-10 20:11:00,3,70,20,0.0,10.02,0.0
2020-03-10 21:11:00,3,70,21,0.0,9.49,0.0
2020-03-10 22:11:00,3,70,22,0.0,9.49,0.0
2020-03-10 23:11:00,3,70,23,0.0,8.96,0.0
2020-03-11 00:11:00,3,71,0,0.0,8.43,0.0
2020-03-11 01:11:00,3,71,1,0.0,8.43,0.0
2020-03-11 02:11:00,3,71,2,0.0,7.9,0.0
2020-03-11 03:11:00,3,71,3,0.0,7.9,0.0
2020-03-11 04:11:00,3,71,4,0.0,7.9,0.0
2020-03-11 05:11:00,3,71,5,0.0,6.84,0.0
2020-03-11 06:11:00,3,71,6,0.0,6.31,0.0
2020-03-11 07:11:00,3,71,7,18.7,5.78,0.00719
2020-03-11 08:11:00,3,71,8,327.5,6.31,0.2772
2020-03-11 09:11:00,3,71,9,519.0,7.9,0.44933
2020-03-11 10:11:00,3,71,10,330.8,9.49,0.27951
2020-03-11 11:11:00,3,71,11,290.2,10.55,0.24143
2020-03-11 12:11:00,3,71,12,455.6,11.09,0.38779
2020-03-11 13:11:00,3,71,13,391.5,11.09,0.33215
2020-03-11 14:11:00,3,71,14,241.4,11.61,0.19693
2020-03-11 15:11:00,3,71,15,321.0,11.09,0.26915
2020-03-11 16:11:00,3,71,16,72.3,10.55,0.04823
2020-03-11 17:11:00,3,71,17,72.3,10.02,0.04199
2020-03-11 18:11:00,3,71,18,0.0,9.49,0.0
2020-03-11 19:11:00,3,71,19,0.0,9.49,0.0
2020-03-11 20:11:00,3,71,20,0.0,8.96,0.0
2020-03-11 21:11:00,3,71,21,0.0,8.43,0.0
2020-03-11 22:11:00,3,71,22,0.0,8.43,0.0
2020-03-11 23:11:00,3,71,23,0.0,7.9,0.0
2020-03-12 00:11:00,3,72,0,0.0,6.84,0.0
2020-03-12 01:11:00,3,72,1,0.0,5.78,0.0
2020-03-12 02:11:00,3,72,2,0.0,4.72,0.0
2020-03-12 03:11:00,3,72,3,0.0,4.19,0.0
2020-03-12 04:11:00,3,72,4,0.0,3.66,0.0
2020-03-12 05:11:00,3,72,5,0.0,3.13,0.0
2020-03-12 06:11:00,3,72,6,0.0,3.13,0.0
2020-03-12 07:11:00,3,72,7,159.0,3.66,0.11787
2020-03-12 08:11:00,3,72,8,249.8,4.19,0.21055
2020-03-12 09:11:00,3,72,9,454.6,5.25,0.39864
2020-03-12 10:11:00,3,72,10,678.5,6.31,0.59363
2020-03-12 11:11:00,3,72,11,839.4,6.84,0.72673
2020-03-12 12:11:00,3,72,12,602.8,7.9,0.52382
2020-03-12 13:11:00,3,72,13,994.4,7.9,0.85574
2020-03-12 14:11:00,3,72,14,814.1,8.43,0.70743
2020-03-12 15:11:00,3,72,15,636.8,7.9,0.55577
2020-03-12 16:11:00,3,72,16,119.0,7.9,0.08913
2020-03-12 17:11:00,3,72,17,121.5,7.37,0.07131
2020-03-12 18:11:00,3,72,18,0.0,6.84,0.0
2020-03-12 19:11:00,3,72,19,0.0,6.31,0.0
2020-03-12 20:11:00,3,72,20,0.0,5.78,0.0
2020-03-12 21:11:00,3,72,21,0.0,5.25,0.0
2020-03-12 22:11:00,3,72,22,0.0,5.25,0.0
2020-03-12 23:11:00,3,72,23,0.0,4.72,0.0
2020-03-13 00:11:00,3,73,0,0.0,4.72,0.0
2020-03-13 01:11:00,3,73,1,0.0,4.72,0.0
2020-03-13 02:11:00,3,73,2,0.0,4.72,0.0
2020-03-13 03:11:00,3,73,3,0.0,4.19,0.0
2020-03-13 04:11:00,3,73,4,0.0,4.19,0.0
2020-03-13 05:11:00,3,73,5,0.0,3.66,0.0
2020-03-13 06:11:00,3,73,6,0.0,3.66,0.0
2020-03-13 07:11:00,3,73,7,21.4,4.19,0.00907
2020-03-13 08:11:00,3,73,8,274.1,5.25,0.231
2020-03-13 09:11:00,3,73,9,161.3,6.84,0.12806
2020-03-13 10:11:00,3,73,10,127.6,7.9,0.09695
2020-03-13 11:11:00,3,73,11,253.3,8.43,0.20907
2020-03-13 12:11:00,3,73,12,189.7,8.43,0.15155
2020-03-13 13:11:00,3,73,13,684.2,8.96,0.57778
2020-03-13 14:11:00,3,73,14,262.3,9.49,0.21534
2020-03-13 15:11:00,3,73,15,73.2,9.49,0.04914
2020-03-13 16:11:00,3,73,16,313.9,8.43,0.25434
2020-03-13 17:11:00,3,73,17,123.6,7.9,0.07186
2020-03-13 18:11:00,3,73,18,0.0,7.37,0.0
2020-03-13 19:11:00,3,73,19,0.0,6.31,0.0
2020-03-13 20:11:00,3,73,20,0.0,5.25,0.0
2020-03-13 21:11:00,3,73,21,0.0,4.72,0.0
2020-03-13 22:11:00,3,73,22,0.0,4.72,0.0
2020-03-13 23:11:00,3,73,23,0.0,4.72,0.0
2020-03-14 00:11:00,3,74,0,0.0,4.72,0.0
2020-03-14 01:11:00,3,74,1,0.0,4.72,0.0
2020-03-14 02:11:00,3,74,2,0.0,4.72,0.0
2020-03-14 03:11:00,3,74,3,0.0,4.72,0.0
2020-03-14 04:11:00,3,74,4,0.0,5.25,0.0
2020-03-14 05:11:00,3,74,5,0.0,5.78,0.0
2020-03-14 06:11:00,3,74,6,0.0,5.78,0.0
2020-03-14 07:11:00,3,74,7,61.7,6.31,0.03878
2020-03-14 08:11:00,3,74,8,251.8,6.84,0.20935
2020-03-14 09:11:00,3,74,9,193.0,7.9,0.15577
2020-03-14 10:11:00,3,74,10,561.3,8.43,0.48049
2020-03-14 11:11:00,3,74,11,91.9,8.96,0.06528
2020-03-14 12:11:00,3,74,12,515.5,10.02,0.43681
2020-03-14 13:11:00,3,74,13,225.9,10.02,0.18292
2020-03-14 14:11:00,3,74,14,432.8,11.09,0.36698
2020-03-14 15:11:00,3,74,15,218.6,11.61,0.17599
2020-03-14 16:11:00,3,74,16,147.6,10.55,0.11246
2020-03-14 17:11:00,3,74,17,22.3,9.49,0.0094
2020-03-14 18:11:00,3,74,18,0.0,8.96,0.0
2020-03-14 19:11:00,3,74,19,0.0,8.96,0.0
2020-03-14 20:11:00,3,74,20,0.0,8.96,0.0
2020-03-14 21:11:00,3,74,21,0.0,8.96,0.0
2020-03-14 22:11:00,3,74,22,0.0,8.96,0.0
2020-03-14 23:11:00,3,74,23,0.0,8.96,0.0
2020-03-15 00:11:00,3,75,0,0.0,8.96,0.0
2020-03-15 01:11:00,3,75,1,0.0,8.96,0.0
2020-03-15 02:11:00,3,75,2,0.0,8.96,0.0
2020-03-15 03:11:00,3,75,3,0.0,8.96,0.0
2020-03-15 04:11:00,3,75,4,0.0,8.43,0.0
2020-03-15 05:11:00,3,75,5,0.0,8.43,0.0
2020-03-15 06:11:00,3,75,6,0.0,8.43,0.0
2020-03-15 07:11:00,3,75,7,19.6,8.96,0.00764
2020-03-15 08:11:00,3,75,8,75.6,8.96,0.05148
2020-03-15 09:11:00,3,75,9,77.6,8.43,0.05329
2020-03-15 10:11:00,3,75,10,82.1,8.43,0.05707
2020-03-15 11:11:00,3,75,11,115.1,7.9,0.08585
2020-03-15 12:11:00,3,75,12,66.0,7.9,0.04359
2020-03-15 13:11:00,3,75,13,135.7,7.37,0.10407
2020-03-15 14:11:00,3,75,14,139.2,6.84,0.1073
2020-03-15 15:11:00,3,75,15,312.8,7.9,0.26321
2020-03-15 16:11:00,3,75,16,101.4,7.9,0.07359
2020-03-15 17:11:00,3,75,17,90.4,7.9,0.05504
2020-03-15 18:11:00,3,75,18,0.0,7.9,0.0
2020-03-15 19:11:00,3,75,19,0.0,6.84,0.0
2020-03-15 20:11:00,3,75,20,0.0,5.78,0.0
2020-03-15 21:11:00,3,75,21,0.0,5.25,0.0
2020-03-15 22:11:00,3,75,22,0.0,4.19,0.0
2020-03-15 23:11:00,3,75,23,0.0,3.66,0.0
2020-03-16 00:11:00,3,76,0,0.0,3.13,0.0
2020-03-16 01:11:00,3,76,1,0.0,2.6,0.0
2020-03-16 02:11:00,3,76,2,0.0,2.6,0.0
2020-03-16 03:11:00,3,76,3,0.0,2.07,0.0
2020-03-16 04:11:00,3,76,4,0.0,2.07,0.0
2020-03-16 05:11:00,3,76,5,0.0,2.07,0.0
2020-03-16 06:11:00,3,76,6,0.0,2.07,0.0
2020-03-16 07:11:00,3,76,7,199.7,2.07,0.15392
2020-03-16 08:11:00,3,76,8,491.1,3.66,0.42162
2020-03-16 09:11:00,3,76,9,720.7,5.78,0.61541
2020-03-16 10:11:00,3,76,10,698.4,6.84,0.59069
2020-03-16 11:11:00,3,76,11,788.9,7.9,0.65621
2020-03-16 12:11:00,3,76,12,1005.9,8.43,0.82112
2020-03-16 13:11:00,3,76,13,937.6,9.49,0.77103
2020-03-16 14:11:00,3,76,14,759.1,10.02,0.63531
2020-03-16 15:11:00,3,76,15,620.8,10.02,0.52383
2020-03-16 16:11:00,3,76,16,222.8,10.02,0.17729
2020-03-16 17:11:00,3,76,17,127.2,8.96,0.0756
2020-03-16 18:11:00,3,76,18,0.0,7.9,0.0
2020-03-16 19:11:00,3,76,19,0.0,6.84,0.0
2020-03-16 20:11:00,3,76,20,0.0,6.31,0.0
2020-03-16 21:11:00,3,76,21,0.0,5.25,0.0
2020-03-16 22:11:00,3,76,22,0.0,5.25,0.0
2020-03-16 23:11:00,3,76,23,0.0,5.25,0.0
2020-03-17 00:11:00,3,77,0,0.0,5.78,0.0
2020-03-17 01:11:00,3,77,1,0.0,5.78,0.0
2020-03-17 02:11:00,3,77,2,0.0,5.78,0.0
2020-03-17 03:11:00,3,77,3,0.0,6.31,0.0
2020-03-17 04:11:00,3,77,4,0.0,6.31,0.0
2020-03-17 05:11:00,3,77,5,0.0,6.84,0.0
2020-03-17 06:11:00,3,77,6,0.0,7.37,0.0
2020-03-17 07:11:00,3,77,7,23.2,7.37,0.01013
2020-03-17 08:11:00,3,77,8,115.8,7.9,0.08667
2020-03-17 09:11:00,3,77,9,216.7,8.43,0.17705
2020-03-17 10:11:00,3,77,10,125.0,9.49,0.09391
2020-03-17 11:11:00,3,77,11,130.3,10.55,0.09814
2020-03-17 12:11:00,3,77,12,317.6,11.09,0.26476
2020-03-17 13:11:00,3,77,13,199.5,11.09,0.15902
2020-03-17 14:11:00,3,77,14,155.3,11.61,0.11963
2020-03-17 15:11:00,3,77,15,122.2,11.61,0.09069
2020-03-17 16:11:00,3,77,16,133.8,11.61,0.10025
2020-03-17 17:11:00,3,77,17,43.6,12.15,0.02424
2020-03-17 18:11:00,3,77,18,0.0,11.61,0.0
2020-03-17 19:11:00,3,77,19,0.0,10.55,0.0
2020-03-17 20:11:00,3,77,20,0.0,10.55,0.0
2020-03-17 21:11:00,3,77,21,0.0,10.02,0.0
2020-03-17 22:11:00,3,77,22,0.0,10.02,0.0
2020-03-17 23:11:00,3,77,23,0.0,10.02,0.0
2020-03-18 00:11:00,3,78,0,0.0,10.02,0.0
2020-03-18 01:11:00,3,78,1,0.0,10.02,0.0
2020-03-18 02:11:00,3,78,2,0.0,10.02,0.0
2020-03-18 03:11:00,3,78,3,0.0,10.02,0.0
2020-03-18 04:11:00,3,78,4,0.0,10.02,0.0
2020-03-18 05:11:00,3,78,5,0.0,10.02,0.0
2020-03-18 06:11:00,3,78,6,0.0,10.02,0.0
2020-03-18 07:11:00,3,78,7,30.4,10.02,0.01502
2020-03-18 08:11:00,3,78,8,64.3,10.02,0.04167
2020-03-18 09:11:00,3,78,9,58.0,10.02,0.03655
2020-03-18 10:11:00,3,78,10,67.8,10.02,0.0446
2020-03-18 11:11:00,3,78,11,58.9,10.02,0.03725
2020-03-18 12:11:00,3,78,12,65.2,9.49,0.04248
2020-03-18 13:11:00,3,78,13,72.3,8.96,0.04852
2020-03-18 14:11:00,3,78,14,166.0,8.43,0.13026
2020-03-18 15:11:00,3,78,15,115.1,7.9,0.08571
2020-03-18 16:11:00,3,78,16,70.5,6.84,0.04754
2020-03-18 17:11:00,3,78,17,17.0,5.78,0.00604
2020-03-18 18:11:00,3,78,18,0.0,5.78,0.0
2020-03-18 19:11:00,3,78,19,0.0,5.78,0.0
2020-03-18 20:11:00,3,78,20,0.0,5.78,0.0
2020-03-18 21:11:00,3,78,21,0.0,5.25,0.0
2020-03-18 22:11:00,3,78,22,0.0,5.25,0.0
2020-03-18 23:11:00,3,78,23,0.0,5.25,0.0
2020-03-19 00:11:00,3,79,0,0.0,5.25,0.0
2020-03-19 01:11:00,3,79,1,0.0,4.72,0.0
2020-03-19 02:11:00,3,79,2,0.0,4.72,0.0
2020-03-19 03:11:00,3,79,3,0.0,4.72,0.0
2020-03-19 04:11:00,3,79,4,0.0,4.72,0.0
2020-03-19 05:11:00,3,79,5,0.0,4.72,0.0
2020-03-19 06:11:00,3,79,6,0.0,4.72,0.0
2020-03-19 07:11:00,3,79,7,20.5,4.72,0.00843
2020-03-19 08:11:00,3,79,8,47.3,4.72,0.02868
2020-03-19 09:11:00,3,79,9,132.8,5.25,0.10262
2020-03-19 10:11:00,3,79,10,207.8,4.72,0.17085
2020-03-19 11:11:00,3,79,11,200.7,5.25,0.16373
2020-03-19 12:11:00,3,79,12,170.5,5.25,0.13634
2020-03-19 13:11:00,3,79,13,182.1,5.78,0.14649
2020-03-19 14:11:00,3,79,14,153.5,5.78,0.12085
2020-03-19 15:11:00,3,79,15,135.5,5.78,0.10477
2020-03-19 16:11:00,3,79,16,107.1,5.78,0.07942
2020-03-19 17:11:00,3,79,17,45.8,5.25,0.02716
2020-03-19 18:11:00,3,79,18,0.0,5.25,0.0
2020-03-19 19:11:00,3,79,19,0.0,5.25,0.0
2020-03-19 20:11:00,3,79,20,0.0,5.25,0.0
2020-03-19 21:11:00,3,79,21,0.0,4.72,0.0
2020-03-19 22:11:00,3,79,22,0.0,4.72,0.0
2020-03-19 23:11:00,3,79,23,0.0,4.19,0.0
2020-03-20 00:11:00,3,80,0,0.0,4.19,0.0
2020-03-20 01:11:00,3,80,1,0.0,4.19,0.0
2020-03-20 02:11:00,3,80,2,0.0,3.66,0.0
2020-03-20 03:11:00,3,80,3,0.0,3.66,0.0
2020-03-20 04:11:00,3,80,4,0.0,3.66,0.0
2020-03-20 05:11:00,3,80,5,0.0,3.66,0.0
2020-03-20 06:11:00,3,80,6,0.0,3.13,0.0
2020-03-20 07:11:00,3,80,7,92.7,3.66,0.06557
2020-03-20 08:11:00,3,80,8,200.2,4.72,0.16494
2020-03-20 09:11:00,3,80,9,223.4,5.78,0.18559
2020-03-20 10:11:00,3,80,10,313.1,6.84,0.2663
2020-03-20 11:11:00,3,80,11,263.2,7.37,0.2197
2020-03-20 12:11:00,3,80,12,381.4,7.9,0.32635
2020-03-20 13:11:00,3,80,13,549.5,8.43,0.47488
2020-03-20 14:11:00,3,80,14,535.0,8.43,0.4629
2020-03-20 15:11:00,3,80,15,140.8,8.43,0.10859
2020-03-20 16:11:00,3,80,16,238.7,7.9,0.19398
2020-03-20 17:11:00,3,80,17,101.7,7.37,0.06474
2020-03-20 18:11:00,3,80,18,0.0,6.31,0.0
2020-03-20 19:11:00,3,80,19,0.0,5.25,0.0
2020-03-20 20:11:00,3,80,20,0.0,4.72,0.0
2020-03-20 21:11:00,3,80,21,0.0,4.19,0.0
2020-03-20 22:11:00,3,80,22,0.0,3.66,0.0
2020-03-20 23:11:00,3,80,23,0.0,3.66,0.0
2020-03-21 00:11:00,3,81,0,0.0,3.66,0.0
2020-03-21 01:11:00,3,81,1,0.0,3.13,0.0
2020-03-21 02:11:00,3,81,2,0.0,3.13,0.0
2020-03-21 03:11:00,3,81,3,0.0,3.13,0.0
2020-03-21 04:11:00,3,81,4,0.0,2.6,0.0
2020-03-21 05:11:00,3,81,5,0.0,3.13,0.0
2020-03-21 06:11:00,3,81,6,0.0,3.13,0.0
2020-03-21 07:11:00,3,81,7,56.1,3.66,0.03573
2020-03-21 08:11:00,3,81,8,209.1,4.72,0.17271
2020-03-21 09:11:00,3,81,9,420.6,6.31,0.36462
2020-03-21 10:11:00,3,81,10,644.9,7.37,0.55922
2020-03-21 11:11:00,3,81,11,515.7,7.9,0.44573
2020-03-21 12:11:00,3,81,12,795.4,8.43,0.68243
2020-03-21 13:11:00,3,81,13,692.5,8.96,0.59541
2020-03-21 14:11:00,3,81,14,690.4,8.96,0.5941
2020-03-21 15:11:00,3,81,15,482.1,8.43,0.41439
2020-03-21 16:11:00,3,81,16,343.7,7.9,0.28387
2020-03-21 17:11:00,3,81,17,56.0,7.37,0.03465
2020-03-21 18:11:00,3,81,18,0.0,5.78,0.0
2020-03-21 19:11:00,3,81,19,0.0,4.72,0.0
2020-03-21 20:11:00,3,81,20,0.0,4.19,0.0
2020-03-21 21:11:00,3,81,21,0.0,4.19,0.0
2020-03-21 22:11:00,3,81,22,0.0,4.19,0.0
2020-03-21 23:11:00,3,81,23,0.0,4.72,0.0
2020-03-22 00:11:00,3,82,0,0.0,4.72,0.0
2020-03-22 01:11:00,3,82,1,0.0,4.19,0.0
2020-03-22 02:11:00,3,82,2,0.0,3.66,0.0
2020-03-22 03:11:00,3,82,3,0.0,3.13,0.0
2020-03-22 04:11:00,3,82,4,0.0,2.07,0.0
2020-03-22 05:11:00,3,82,5,0.0,1.54,0.0
2020-03-22 06:11:00,3,82,6,0.0,1.01,0.0
2020-03-22 07:11:00,3,82,7,197.3,1.01,0.1558
2020-03-22 08:11:00,3,82,8,305.3,2.6,0.26231
2020-03-22 09:11:00,3,82,9,763.8,4.19,0.66356
2020-03-22 10:11:00,3,82,10,981.0,5.78,0.83429
2020-03-22 11:11:00,3,82,11,1035.8,6.84,0.86989
2020-03-22 12:11:00,3,82,12,1064.2,7.9,0.88497
2020-03-22 13:11:00,3,82,13,976.4,8.43,0.81522
2020-03-22 14:11:00,3,82,14,893.8,8.96,0.75143
2020-03-22 15:11:00,3,82,15,659.4,9.49,0.55936
2020-03-22 16:11:00,3,82,16,396.5,9.49,0.32441
2020-03-22 17:11:00,3,82,17,136.5,8.43,0.08434
2020-03-22 18:11:00,3,82,18,0.0,7.37,0.0
2020-03-22 19:11:00,3,82,19,0.0,5.78,0.0
2020-03-22 20:11:00,3,82,20,0.0,4.72,0.0
2020-03-22 21:11:00,3,82,21,0.0,3.66,0.0
2020-03-22 22:11:00,3,82,22,0.0,2.6,0.0
2020-03-22 23:11:00,3,82,23,0.0,2.6,0.0
2020-03-23 00:11:00,3,83,0,0.0,2.6,0.0
2020-03-23 01:11:00,3,83,1,0.0,2.6,0.0
2020-03-23 02:11:00,3,83,2,0.0,2.6,0.0
2020-03-23 03:11:00,3,83,3,0.0,2.07,0.0
2020-03-23 04:11:00,3,83,4,0.0,1.54,0.0
2020-03-23 05:11:00,3,83,5,0.0,1.01,0.0
2020-03-23 06:11:00,3,83,6,0.0,0.48,0.0
2020-03-23 07:11:00,3,83,7,267.1,-0.04,0.21481
2020-03-23 08:11:00,3,83,8,543.4,2.6,0.47084
2020-03-23 09:11:00,3,83,9,731.3,4.72,0.63275
2020-03-23 10:11:00,3,83,10,965.8,6.31,0.8158
2020-03-23 11:11:00,3,83,11,975.0,7.37,0.81403
2020-03-23 12:11:00,3,83,12,1043.5,8.43,0.85986
2020-03-23 13:11:00,3,83,13,1002.2,9.49,0.8284
2020-03-23 14:11:00,3,83,14,903.5,10.02,0.75324
2020-03-23 15:11:00,3,83,15,652.8,10.55,0.54775
2020-03-23 16:11:00,3,83,16,396.8,10.02,0.32208
2020-03-23 17:11:00,3,83,17,143.2,9.49,0.08734
2020-03-23 18:11:00,3,83,18,0.0,7.9,0.0
2020-03-23 19:11:00,3,83,19,0.0,6.84,0.0
2020-03-23 20:11:00,3,83,20,0.0,5.25,0.0
2020-03-23 21:11:00,3,83,21,0.0,4.19,0.0
2020-03-23 22:11:00,3,83,22,0.0,3.13,0.0
2020-03-23 23:11:00,3,83,23,0.0,2.07,0.0
2020-03-24 00:11:00,3,84,0,0.0,1.54,0.0
2020-03-24 01:11:00,3,84,1,0.0,1.54,0.0
2020-03-24 02:11:00,3,84,2,0.0,1.54,0.0
2020-03-24 03:11:00,3,84,3,0.0,1.54,0.0
2020-03-24 04:11:00,3,84,4,0.0,1.54,0.0
2020-03-24 05:11:00,3,84,5,0.0,1.54,0.0
2020-03-24 06:11:00,3,84,6,0.0,1.54,0.0
2020-03-24 07:11:00,3,84,7,236.0,2.07,0.18787
2020-03-24 08:11:00,3,84,8,520.4,4.72,0.44853
2020-03-24 09:11:00,3,84,9,706.8,6.84,0.60584
2020-03-24 10:11:00,3,84,10,929.4,8.43,0.77918
2020-03-24 11:11:00,3,84,11,1017.0,10.55,0.83543
2020-03-24 12:11:00,3,84,12,1043.9,11.61,0.85014
2020-03-24 13:11:00,3,84,13,1017.6,12.68,0.82856
2020-03-24 14:11:00,3,84,14,841.4,13.74,0.69338
2020-03-24 15:11:00,3,84,15,629.9,13.74,0.5238
2020-03-24 16:11:00,3,84,16,375.5,13.21,0.30121
2020-03-24 17:11:00,3,84,17,114.2,12.68,0.07207
2020-03-24 18:11:00,3,84,18,0.0,10.55,0.0
2020-03-24 19:11:00,3,84,19,0.0,8.96,0.0
2020-03-24 20:11:00,3,84,20,0.0,7.9,0.0
2020-03-24 21:11:00,3,84,21,0.0,6.84,0.0
2020-03-24 22:11:00,3,84,22,0.0,5.78,0.0
2020-03-24 23:11:00,3,84,23,0.0,4.72,0.0
2020-03-25 00:11:00,3,85,0,0.0,3.66,0.0
2020-03-25 01:11:00,3,85,1,0.0,3.13,0.0
2020-03-25 02:11:00,3,85,2,0.0,2.6,0.0
2020-03-25 03:11:00,3,85,3,0.0,2.07,0.0
2020-03-25 04:11:00,3,85,4,0.0,1.54,0.0
2020-03-25 05:11:00,3,85,5,0.0,1.01,0.0
2020-03-25 06:11:00,3,85,6,0.0,0.48,0.0
2020-03-25 07:11:00,3,85,7,269.2,1.01,0.21618
2020-03-25 08:11:00,3,85,8,525.4,4.19,0.44889
2020-03-25 09:11:00,3,85,9,771.5,6.84,0.64603
2020-03-25 10:11:00,3,85,10,964.0,8.43,0.78306
2020-03-25 11:11:00,3,85,11,1029.8,10.02,0.82272
2020-03-25 12:11:00,3,85,12,1056.6,11.61,0.83652
2020-03-25 13:11:00,3,85,13,1043.7,12.15,0.82795
2020-03-25 14:11:00,3,85,14,846.6,12.68,0.6853
2020-03-25 15:11:00,3,85,15,640.0,12.68,0.52525
2020-03-25 16:11:00,3,85,16,401.1,12.68,0.3192
2020-03-25 17:11:00,3,85,17,144.6,11.61,0.08752
2020-03-25 18:11:00,3,85,18,0.0,10.02,0.0
2020-03-25 19:11:00,3,85,19,0.0,7.9,0.0
2020-03-25 20:11:00,3,85,20,0.0,6.31,0.0
2020-03-25 21:11:00,3,85,21,0.0,4.72,0.0
2020-03-25 22:11:00,3,85,22,0.0,3.66,0.0
2020-03-25 23:11:00,3,85,23,0.0,2.6,0.0
2020-03-26 00:11:00,3,86,0,0.0,1.54,0.0
2020-03-26 01:11:00,3,86,1,0.0,0.48,0.0
2020-03-26 02:11:00,3,86,2,0.0,-1.1,0.0
2020-03-26 03:11:00,3,86,3,0.0,-2.16,0.0
2020-03-26 04:11:00,3,86,4,0.0,-2.69,0.0
2020-03-26 05:11:00,3,86,5,0.0,-2.69,0.0
2020-03-26 06:11:00,3,86,6,0.0,-2.69,0.0
2020-03-26 07:11:00,3,86,7,273.5,-1.1,0.22268
2020-03-26 08:11:00,3,86,8,536.2,2.6,0.46404
2020-03-26 09:11:00,3,86,9,777.9,5.78,0.66177
2020-03-26 10:11:00,3,86,10,941.8,7.9,0.78461
2020-03-26 11:11:00,3,86,11,1035.7,9.49,0.85035
2020-03-26 12:11:00,3,86,12,1070.2,10.55,0.8731
2020-03-26 13:11:00,3,86,13,1048.4,11.61,0.85251
2020-03-26 14:11:00,3,86,14,857.8,12.15,0.70729
2020-03-26 15:11:00,3,86,15,644.0,12.15,0.53602
2020-03-26 16:11:00,3,86,16,400.8,11.61,0.32298
2020-03-26 17:11:00,3,86,17,151.2,11.09,0.09088
2020-03-26 18:11:00,3,86,18,0.0,8.96,0.0
2020-03-26 19:11:00,3,86,19,0.0,7.9,0.0
2020-03-26 20:11:00,3,86,20,0.0,6.31,0.0
2020-03-26 21:11:00,3,86,21,0.0,4.72,0.0
2020-03-26 22:11:00,3,86,22,0.0,3.13,0.0
2020-03-26 23:11:00,3,86,23,0.0,2.07,0.0
2020-03-27 00:11:00,3,87,0,0.0,1.54,0.0
2020-03-27 01:11:00,3,87,1,0.0,1.01,0.0
2020-03-27 02:11:00,3,87,2,0.0,0.48,0.0
2020-03-27 03:11:00,3,87,3,0.0,0.48,0.0
2020-03-27 04:11:00,3,87,4,0.0,-0.04,0.0
2020-03-27 05:11:00,3,87,5,0.0,-0.04,0.0
2020-03-27 06:11:00,3,87,6,0.0,-0.04,0.0
2020-03-27 07:11:00,3,87,7,253.8,1.01,0.20487
2020-03-27 08:11:00,3,87,8,490.2,3.13,0.42603
2020-03-27 09:11:00,3,87,9,640.3,5.78,0.55371
2020-03-27 10:11:00,3,87,10,928.0,7.37,0.78251
2020-03-27 11:11:00,3,87,11,1029.0,8.43,0.85718
2020-03-27 12:11:00,3,87,12,1060.6,9.49,0.87875
2020-03-27 13:11:00,3,87,13,1032.4,10.55,0.85725
2020-03-27 14:11:00,3,87,14,830.9,10.55,0.70148
2020-03-27 15:11:00,3,87,15,629.0,10.55,0.53428
2020-03-27 16:11:00,3,87,16,389.3,10.02,0.31836
2020-03-27 17:11:00,3,87,17,146.0,9.49,0.08989
2020-03-27 18:11:00,3,87,18,0.0,7.9,0.0
2020-03-27 19:11:00,3,87,19,0.0,6.84,0.0
2020-03-27 20:11:00,3,87,20,0.0,5.78,0.0
2020-03-27 21:11:00,3,87,21,0.0,4.72,0.0
2020-03-27 22:11:00,3,87,22,0.0,3.66,0.0
2020-03-27 23:11:00,3,87,23,0.0,3.66,0.0
2020-03-28 00:11:00,3,88,0,0.0,3.13,0.0
2020-03-28 01:11:00,3,88,1,0.0,3.13,0.0
2020-03-28 02:11:00,3,88,2,0.0,3.13,0.0
2020-03-28 03:11:00,3,88,3,0.0,2.6,0.0
2020-03-28 04:11:00,3,88,4,0.0,3.13,0.0
2020-03-28 05:11:00,3,88,5,0.0,3.13,0.0
2020-03-28 06:11:00,3,88,6,5.4,3.13,0.0
2020-03-28 07:11:00,3,88,7,38.4,4.19,0.02166
2020-03-28 08:11:00,3,88,8,319.3,5.78,0.27353
2020-03-28 09:11:00,3,88,9,389.0,6.84,0.33633
2020-03-28 10:11:00,3,88,10,242.6,7.9,0.20076
2020-03-28 11:11:00,3,88,11,205.4,7.9,0.16671
2020-03-28 12:11:00,3,88,12,385.6,8.43,0.32903
2020-03-28 13:11:00,3,88,13,178.5,8.43,0.14213
2020-03-28 14:11:00,3,88,14,424.7,8.96,0.36365
2020-03-28 15:11:00,3,88,15,321.7,8.96,0.27135
2020-03-28 16:11:00,3,88,16,221.9,8.43,0.17935
2020-03-28 17:11:00,3,88,17,69.7,7.9,0.04584
2020-03-28 18:11:00,3,88,18,3.3,6.84,0.0
2020-03-28 19:11:00,3,88,19,0.0,5.25,0.0
2020-03-28 20:11:00,3,88,20,0.0,4.19,0.0
2020-03-28 21:11:00,3,88,21,0.0,3.66,0.0
2020-03-28 22:11:00,3,88,22,0.0,3.13,0.0
2020-03-28 23:11:00,3,88,23,0.0,2.6,0.0
2020-03-29 00:11:00,3,89,0,0.0,2.6,0.0
2020-03-29 01:11:00,3,89,1,0.0,2.6,0.0
2020-03-29 02:11:00,3,89,2,0.0,2.07,0.0
2020-03-29 03:11:00,3,89,3,0.0,2.07,0.0
2020-03-29 04:11:00,3,89,4,0.0,1.54,0.0
2020-03-29 05:11:00,3,89,5,0.0,1.54,0.0
2020-03-29 06:11:00,3,89,6,12.2,1.54,0.00266
2020-03-29 07:11:00,3,89,7,301.5,2.07,0.24631
2020-03-29 08:11:00,3,89,8,382.9,3.13,0.33476
2020-03-29 09:11:00,3,89,9,328.0,4.19,0.28448
2020-03-29 10:11:00,3,89,10,776.8,5.78,0.68346
2020-03-29 11:11:00,3,89,11,516.4,6.31,0.45201
2020-03-29 12:11:00,3,89,12,651.6,6.84,0.5694
2020-03-29 13:11:00,3,89,13,653.5,6.84,0.57091
2020-03-29 14:11:00,3,89,14,525.6,6.31,0.45953
2020-03-29 15:11:00,3,89,15,353.0,6.31,0.3035
2020-03-29 16:11:00,3,89,16,299.0,6.31,0.24882
2020-03-29 17:11:00,3,89,17,45.5,5.25,0.02722
2020-03-29 18:11:00,3,89,18,3.3,4.72,0.0
2020-03-29 19:11:00,3,89,19,0.0,3.66,0.0
2020-03-29 20:11:00,3,89,20,0.0,2.6,0.0
2020-03-29 21:11:00,3,89,21,0.0,2.07,0.0
2020-03-29 22:11:00,3,89,22,0.0,1.54,0.0
2020-03-29 23:11:00,3,89,23,0.0,1.01,0.0
2020-03-30 00:11:00,3,90,0,0.0,0.48,0.0
2020-03-30 01:11:00,3,90,1,0.0,0.48,0.0
2020-03-30 02:11:00,3,90,2,0.0,0.48,0.0
2020-03-30 03:11:00,3,90,3,0.0,1.01,0.0
2020-03-30 04:11:00,3,90,4,0.0,1.54,0.0
2020-03-30 05:11:00,3,90,5,0.0,2.07,0.0
2020-03-30 06:11:00,3,90,6,6.2,2.07,0.00028
2020-03-30 07:11:00,3,90,7,209.7,2.6,0.16724
2020-03-30 08:11:00,3,90,8,244.5,4.19,0.20515
2020-03-30 09:11:00,3,90,9,274.8,5.25,0.23207
2020-03-30 10:11:00,3,90,10,102.6,6.31,0.07557
2020-03-30 11:11:00,3,90,11,109.8,7.37,0.08145
2020-03-30 12:11:00,3,90,12,158.0,7.9,0.12395
2020-03-30 13:11:00,3,90,13,215.7,7.9,0.17567
2020-03-30 14:11:00,3,90,14,203.8,7.9,0.16511
2020-03-30 15:11:00,3,90,15,101.8,7.9,0.07426
2020-03-30 16:11:00,3,90,16,155.3,7.9,0.12118
2020-03-30 17:11:00,3,90,17,79.2,7.37,0.05319
2020-03-30 18:11:00,3,90,18,4.9,6.84,0.0
2020-03-30 19:11:00,3,90,19,0.0,6.31,0.0
2020-03-30 20:11:00,3,90,20,0.0,5.78,0.0
2020-03-30 21:11:00,3,90,21,0.0,5.78,0.0
2020-03-30 22:11:00,3,90,22,0.0,5.25,0.0
2020-03-30 23:11:00,3,90,23,0.0,5.25,0.0
2020-03-31 00:11:00,3,91,0,0.0,4.72,0.0
2020-03-31 01:11:00,3,91,1,0.0,4.19,0.0
2020-03-31 02:11:00,3,91,2,0.0,3.66,0.0
2020-03-31 03:11:00,3,91,3,0.0,3.66,0.0
2020-03-31 04:11:00,3,91,4,0.0,3.66,0.0
2020-03-31 05:11:00,3,91,5,0.0,3.66,0.0
2020-03-31 06:11:00,3,91,6,16.3,3.66,0.00512
2020-03-31 07:11:00,3,91,7,301.1,4.19,0.24281
2020-03-31 08:11:00,3,91,8,557.1,5.25,0.48393
2020-03-31 09:11:00,3,91,9,590.6,6.31,0.5118
2020-03-31 10:11:00,3,91,10,483.7,6.84,0.41612
2020-03-31 11:11:00,3,91,11,518.7,7.9,0.44301
2020-03-31 12:11:00,3,91,12,612.9,7.9,0.52223
2020-03-31 13:11:00,3,91,13,460.8,7.9,0.39216
2020-03-31 14:11:00,3,91,14,277.2,8.43,0.22957
2020-03-31 15:11:00,3,91,15,314.4,7.9,0.26349
2020-03-31 16:11:00,3,91,16,200.2,7.9,0.15992
2020-03-31 17:11:00,3,91,17,98.2,7.9,0.06694
2020-03-31 18:11:00,3,91,18,5.8,7.9,5e-05
2020-03-31 19:11:00,3,91,19,0.0,6.31,0.0
2020-03-31 20:11:00,3,91,20,0.0,5.78,0.0
2020-03-31 21:11:00,3,91,21,0.0,4.72,0.0
2020-03-31 22:11:00,3,91,22,0.0,3.66,0.0
2020-03-31 23:11:00,3,91,23,0.0,2.6,0.0
2020-04-01 00:11:00,4,92,0,0.0,2.6,0.0
2020-04-01 01:11:00,4,92,1,0.0,3.13,0.0
2020-04-01 02:11:00,4,92,2,0.0,2.6,0.0
2020-04-01 03:11:00,4,92,3,0.0,1.54,0.0
2020-04-01 04:11:00,4,92,4,0.0,1.54,0.0
2020-04-01 05:11:00,4,92,5,0.0,1.54,0.0
2020-04-01 06:11:00,4,92,6,6.2,2.07,0.00028
2020-04-01 07:11:00,4,92,7,82.9,3.13,0.05863
2020-04-01 08:11:00,4,92,8,109.8,5.25,0.08201
2020-04-01 09:11:00,4,92,9,78.5,6.31,0.05449
2020-04-01 10:11:00,4,92,10,156.2,7.37,0.12215
2020-04-01 11:11:00,4,92,11,224.0,7.37,0.18242
2020-04-01 12:11:00,4,92,12,191.9,7.9,0.15347
2020-04-01 13:11:00,4,92,13,184.8,7.9,0.1473
2020-04-01 14:11:00,4,92,14,133.0,7.9,0.10148
2020-04-01 15:11:00,4,92,15,125.8,8.43,0.09496
2020-04-01 16:11:00,4,92,16,106.6,8.43,0.0781
2020-04-01 17:11:00,4,92,17,88.5,7.9,0.06034
2020-04-01 18:11:00,4,92,18,4.9,7.9,0.0
2020-04-01 19:11:00,4,92,19,0.0,6.31,0.0
2020-04-01 20:11:00,4,92,20,0.0,5.25,0.0
2020-04-01 21:11:00,4,92,21,0.0,5.25,0.0
2020-04-01 22:11:00,4,92,22,0.0,4.72,0.0
2020-04-01 23:11:00,4,92,23,0.0,4.72,0.0
2020-04-02 00:11:00,4,93,0,0.0,4.72,0.0
2020-04-02 01:11:00,4,93,1,0.0,5.25,0.0
2020-04-02 02:11:00,4,93,2,0.0,5.25,0.0
2020-04-02 03:11:00,4,93,3,0.0,5.25,0.0
2020-04-02 04:11:00,4,93,4,0.0,5.78,0.0
2020-04-02 05:11:00,4,93,5,0.0,5.78,0.0
2020-04-02 06:11:00,4,93,6,21.3,5.25,0.0079
2020-04-02 07:11:00,4,93,7,217.4,6.31,0.17159
2020-04-02 08:11:00,4,93,8,473.8,7.37,0.40672
2020-04-02 09:11:00,4,93,9,748.0,7.9,0.64155
2020-04-02 10:11:00,4,93,10,132.1,8.43,0.10059
2020-04-02 11:11:00,4,93,11,238.2,9.49,0.19426
2020-04-02 12:11:00,4,93,12,86.6,10.02,0.06045
2020-04-02 13:11:00,4,93,13,97.3,10.55,0.06949
2020-04-02 14:11:00,4,93,14,101.8,11.09,0.07315
2020-04-02 15:11:00,4,93,15,252.8,11.09,0.20667
2020-04-02 16:11:00,4,93,16,246.7,11.09,0.19804
2020-04-02 17:11:00,4,93,17,62.4,10.55,0.03984
2020-04-02 18:11:00,4,93,18,16.4,9.49,0.00557
2020-04-02 19:11:00,4,93,19,0.0,8.96,0.0
2020-04-02 20:11:00,4,93,20,0.0,7.9,0.0
2020-04-02 21:11:00,4,93,21,0.0,7.37,0.0
2020-04-02 22:11:00,4,93,22,0.0,6.84,0.0
2020-04-02 23:11:00,4,93,23,0.0,5.78,0.0
2020-04-03 00:11:00,4,94,0,0.0,5.78,0.0
2020-04-03 01:11:00,4,94,1,0.0,5.78,0.0
2020-04-03 02:11:00,4,94,2,0.0,5.78,0.0
2020-04-03 03:11:00,4,94,3,0.0,5.78,0.0
2020-04-03 04:11:00,4,94,4,0.0,5.25,0.0
2020-04-03 05:11:00,4,94,5,0.0,5.25,0.0
2020-04-03 06:11:00,4,94,6,8.0,4.72,0.00103
2020-04-03 07:11:00,4,94,7,85.1,5.25,0.06002
2020-04-03 08:11:00,4,94,8,96.4,6.84,0.06973
2020-04-03 09:11:00,4,94,9,244.4,7.9,0.20128
2020-04-03 10:11:00,4,94,10,271.1,8.43,0.22424
2020-04-03 11:11:00,4,94,11,645.7,8.96,0.54598
2020-04-03 12:11:00,4,94,12,714.6,9.49,0.60091
2020-04-03 13:11:00,4,94,13,658.2,9.49,0.55548
2020-04-03 14:11:00,4,94,14,468.6,10.02,0.39527
2020-04-03 15:11:00,4,94,15,500.6,10.55,0.42062
2020-04-03 16:11:00,4,94,16,167.0,10.55,0.12922
2020-04-03 17:11:00,4,94,17,89.0,10.55,0.06019
2020-04-03 18:11:00,4,94,18,14.0,10.02,0.00407
2020-04-03 19:11:00,4,94,19,0.0,8.96,0.0
2020-04-03 20:11:00,4,94,20,0.0,7.9,0.0
2020-04-03 21:11:00,4,94,21,0.0,6.84,0.0
2020-04-03 22:11:00,4,94,22,0.0,5.78,0.0
2020-04-03 23:11:00,4,94,23,0.0,4.72,0.0
2020-04-04 00:11:00,4,95,0,0.0,3.66,0.0
2020-04-04 01:11:00,4,95,1,0.0,3.66,0.0
2020-04-04 02:11:00,4,95,2,0.0,3.13,0.0
2020-04-04 03:11:00,4,95,3,0.0,2.6,0.0
2020-04-04 04:11:00,4,95,4,0.0,2.07,0.0
2020-04-04 05:11:00,4,95,5,0.0,2.6,0.0
2020-04-04 06:11:00,4,95,6,21.2,2.6,0.00852
2020-04-04 07:11:00,4,95,7,222.0,4.19,0.17742
2020-04-04 08:11:00,4,95,8,467.7,6.84,0.39826
2020-04-04 09:11:00,4,95,9,392.0,7.9,0.33297
2020-04-04 10:11:00,4,95,10,156.2,9.49,0.12119
2020-04-04 11:11:00,4,95,11,335.7,11.09,0.2789
2020-04-04 12:11:00,4,95,12,908.9,11.61,0.75439
2020-04-04 13:11:00,4,95,13,440.3,12.15,0.36886
2020-04-04 14:11:00,4,95,14,490.4,12.68,0.41134
2020-04-04 15:11:00,4,95,15,288.9,12.15,0.23674
2020-04-04 16:11:00,4,95,16,198.6,12.15,0.1558
2020-04-04 17:11:00,4,95,17,149.0,11.61,0.09341
2020-04-04 18:11:00,4,95,18,18.9,11.09,0.00705
2020-04-04 19:11:00,4,95,19,0.0,10.02,0.0
2020-04-04 20:11:00,4,95,20,0.0,8.43,0.0
2020-04-04 21:11:00,4,95,21,0.0,7.9,0.0
2020-04-04 22:11:00,4,95,22,0.0,6.84,0.0
2020-04-04 23:11:00,4,95,23,0.0,6.84,0.0
2020-04-05 00:11:00,4,96,0,0.0,6.31,0.0
2020-04-05 01:11:00,4,96,1,0.0,6.31,0.0
2020-04-05 02:11:00,4,96,2,0.0,6.84,0.0
2020-04-05 03:11:00,4,96,3,0.0,6.84,0.0
2020-04-05 04:11:00,4,96,4,0.0,6.84,0.0
2020-04-05 05:11:00,4,96,5,0.0,6.31,0.0
2020-04-05 06:11:00,4,96,6,34.8,6.31,0.01642
2020-04-05 07:11:00,4,96,7,324.6,6.84,0.26156
2020-04-05 08:11:00,4,96,8,578.9,8.43,0.49388
2020-04-05 09:11:00,4,96,9,791.0,10.55,0.66847
2020-04-05 10:11:00,4,96,10,886.4,12.15,0.73857
2020-04-05 11:11:00,4,96,11,748.4,14.27,0.62249
2020-04-05 12:11:00,4,96,12,697.3,15.86,0.57782
2020-04-05 13:11:00,4,96,13,443.9,17.45,0.36463
2020-04-05 14:11:00,4,96,14,355.9,17.45,0.2898
2020-04-05 15:11:00,4,96,15,373.4,17.45,0.30475
2020-04-05 16:11:00,4,96,16,213.4,17.45,0.16479
2020-04-05 17:11:00,4,96,17,25.0,16.92,0.01078
2020-04-05 18:11:00,4,96,18,4.1,15.86,0.0
2020-04-05 19:11:00,4,96,19,0.0,14.8,0.0
2020-04-05 20:11:00,4,96,20,0.0,14.27,0.0
2020-04-05 21:11:00,4,96,21,0.0,13.74,0.0
2020-04-05 22:11:00,4,96,22,0.0,13.21,0.0
2020-04-05 23:11:00,4,96,23,0.0,13.21,0.0
2020-04-06 00:11:00,4,97,0,0.0,12.68,0.0
2020-04-06 01:11:00,4,97,1,0.0,12.15,0.0
2020-04-06 02:11:00,4,97,2,0.0,11.61,0.0
2020-04-06 03:11:00,4,97,3,0.0,11.61,0.0
2020-04-06 04:11:00,4,97,4,0.0,11.61,0.0
2020-04-06 05:11:00,4,97,5,0.0,11.09,0.0
2020-04-06 06:11:00,4,97,6,4.5,11.09,0.0
2020-04-06 07:11:00,4,97,7,219.1,10.55,0.17106
2020-04-06 08:11:00,4,97,8,466.3,10.55,0.39285
2020-04-06 09:11:00,4,97,9,759.7,11.09,0.63862
2020-04-06 10:11:00,4,97,10,916.4,12.15,0.75887
2020-04-06 11:11:00,4,97,11,277.9,13.21,0.22584
2020-04-06 12:11:00,4,97,12,317.8,13.74,0.26029
2020-04-06 13:11:00,4,97,13,207.8,13.74,0.1638
2020-04-06 14:11:00,4,97,14,197.6,13.74,0.15496
2020-04-06 15:11:00,4,97,15,444.5,13.74,0.3696
2020-04-06 16:11:00,4,97,16,315.8,13.74,0.2526
2020-04-06 17:11:00,4,97,17,152.1,13.21,0.0947
2020-04-06 18:11:00,4,97,18,22.2,12.68,0.00912
2020-04-06 19:11:00,4,97,19,0.0,10.55,0.0
2020-04-06 20:11:00,4,97,20,0.0,8.96,0.0
2020-04-06 21:11:00,4,97,21,0.0,7.9,0.0
2020-04-06 22:11:00,4,97,22,0.0,6.84,0.0
2020-04-06 23:11:00,4,97,23,0.0,5.25,0.0
2020-04-07 00:11:00,4,98,0,0.0,4.72,0.0
2020-04-07 01:11:00,4,98,1,0.0,4.72,0.0
2020-04-07 02:11:00,4,98,2,0.0,5.25,0.0
2020-04-07 03:11:00,4,98,3,0.0,5.78,0.0
2020-04-07 04:11:00,4,98,4,0.0,5.25,0.0
2020-04-07 05:11:00,4,98,5,0.0,2.6,0.0
2020-04-07 06:11:00,4,98,6,78.0,1.54,0.04015
2020-04-07 07:11:00,4,98,7,324.3,4.72,0.26089
2020-04-07 08:11:00,4,98,8,565.6,8.43,0.47034
2020-04-07 09:11:00,4,98,9,799.0,10.55,0.65192
2020-04-07 10:11:00,4,98,10,954.4,12.68,0.76077
2020-04-07 11:11:00,4,98,11,1001.4,14.27,0.79277
2020-04-07 12:11:00,4,98,12,998.3,15.33,0.79797
2020-04-07 13:11:00,4,98,13,742.3,15.86,0.60578
2020-04-07 14:11:00,4,98,14,780.7,15.86,0.63515
2020-04-07 15:11:00,4,98,15,450.2,15.86,0.36803
2020-04-07 16:11:00,4,98,16,235.0,15.86,0.18253
2020-04-07 17:11:00,4,98,17,94.6,15.33,0.0635
2020-04-07 18:11:00,4,98,18,20.5,14.27,0.00796
2020-04-07 19:11:00,4,98,19,0.0,13.74,0.0
2020-04-07 20:11:00,4,98,20,0.0,11.61,0.0
2020-04-07 21:11:00,4,98,21,0.0,10.02,0.0
2020-04-07 22:11:00,4,98,22,0.0,8.96,0.0
2020-04-07 23:11:00,4,98,23,0.0,8.43,0.0
2020-04-08 00:11:00,4,99,0,0.0,9.49,0.0
2020-04-08 01:11:00,4,99,1,0.0,9.49,0.0
2020-04-08 02:11:00,4,99,2,0.0,8.96,0.0
2020-04-08 03:11:00,4,99,3,0.0,7.9,0.0
2020-04-08 04:11:00,4,99,4,0.0,5.78,0.0
2020-04-08 05:11:00,4,99,5,0.0,4.72,0.0
2020-04-08 06:11:00,4,99,6,61.9,4.19,0.03289
2020-04-08 07:11:00,4,99,7,197.1,7.37,0.15427
2020-04-08 08:11:00,4,99,8,520.8,11.61,0.42888
2020-04-08 09:11:00,4,99,9,735.2,13.74,0.59493
2020-04-08 10:11:00,4,99,10,899.8,14.8,0.7145
2020-04-08 11:11:00,4,99,11,756.4,16.39,0.60318
2020-04-08 12:11:00,4,99,12,427.4,17.45,0.3428
2020-04-08 13:11:00,4,99,13,955.0,17.98,0.73444
2020-04-08 14:11:00,4,99,14,815.3,18.51,0.63478
2020-04-08 15:11:00,4,99,15,616.5,18.51,0.48746
2020-04-08 16:11:00,4,99,16,391.9,18.51,0.30085
2020-04-08 17:11:00,4,99,17,156.4,18.51,0.09221
2020-04-08 18:11:00,4,99,18,26.3,17.45,0.01159
2020-04-08 19:11:00,4,99,19,0.0,15.86,0.0
2020-04-08 20:11:00,4,99,20,0.0,12.68,0.0
2020-04-08 21:11:00,4,99,21,0.0,11.09,0.0
2020-04-08 22:11:00,4,99,22,0.0,9.49,0.0
2020-04-08 23:11:00,4,99,23,0.0,8.43,0.0
2020-04-09 00:11:00,4,100,0,0.0,7.9,0.0
2020-04-09 01:11:00,4,100,1,0.0,7.9,0.0
2020-04-09 02:11:00,4,100,2,0.0,7.9,0.0
2020-04-09 03:11:00,4,100,3,0.0,7.37,0.0
2020-04-09 04:11:00,4,100,4,0.0,7.37,0.0
2020-04-09 05:11:00,4,100,5,0.0,7.37,0.0
2020-04-09 06:11:00,4,100,6,12.5,7.37,0.00331
2020-04-09 07:11:00,4,100,7,154.4,8.96,0.11784
2020-04-09 08:11:00,4,100,8,319.2,11.61,0.26284
2020-04-09 09:11:00,4,100,9,675.2,13.21,0.55901
2020-04-09 10:11:00,4,100,10,903.2,15.33,0.72874
2020-04-09 11:11:00,4,100,11,932.7,16.92,0.74376
2020-04-09 12:11:00,4,100,12,1040.0,17.98,0.81774
2020-04-09 13:11:00,4,100,13,908.6,18.51,0.72223
2020-04-09 14:11:00,4,100,14,678.3,19.04,0.5469
2020-04-09 15:11:00,4,100,15,548.0,19.04,0.44318
2020-04-09 16:11:00,4,100,16,357.6,19.04,0.27844
2020-04-09 17:11:00,4,100,17,150.8,18.51,0.09301
2020-04-09 18:11:00,4,100,18,27.1,17.45,0.01216
2020-04-09 19:11:00,4,100,19,0.0,15.33,0.0
2020-04-09 20:11:00,4,100,20,0.0,13.74,0.0
2020-04-09 21:11:00,4,100,21,0.0,12.68,0.0
2020-04-09 22:11:00,4,100,22,0.0,11.61,0.0
2020-04-09 23:11:00,4,100,23,0.0,10.55,0.0
2020-04-10 00:11:00,4,101,0,0.0,9.49,0.0
2020-04-10 01:11:00,4,101,1,0.0,8.96,0.0
2020-04-10 02:11:00,4,101,2,0.0,8.43,0.0
2020-04-10 03:11:00,4,101,3,0.0,7.9,0.0
2020-04-10 04:11:00,4,101,4,0.0,7.9,0.0
2020-04-10 05:11:00,4,101,5,0.0,7.37,0.0
2020-04-10 06:11:00,4,101,6,52.5,7.37,0.02882
2020-04-10 07:11:00,4,101,7,221.9,8.96,0.17476
2020-04-10 08:11:00,4,101,8,480.5,11.09,0.40139
2020-04-10 09:11:00,4,101,9,745.7,13.21,0.61332
2020-04-10 10:11:00,4,101,10,903.0,15.33,0.72568
2020-04-10 11:11:00,4,101,11,1005.4,17.45,0.79185
2020-04-10 12:11:00,4,101,12,1038.4,18.51,0.81224
2020-04-10 13:11:00,4,101,13,975.5,19.57,0.76489
2020-04-10 14:11:00,4,101,14,815.6,20.1,0.64783
2020-04-10 15:11:00,4,101,15,601.3,20.1,0.4821
2020-04-10 16:11:00,4,101,16,359.9,20.1,0.27815
2020-04-10 17:11:00,4,101,17,151.4,19.04,0.09422
2020-04-10 18:11:00,4,101,18,29.6,18.51,0.01377
2020-04-10 19:11:00,4,101,19,0.0,16.39,0.0
2020-04-10 20:11:00,4,101,20,0.0,14.8,0.0
2020-04-10 21:11:00,4,101,21,0.0,13.21,0.0
2020-04-10 22:11:00,4,101,22,0.0,12.15,0.0
2020-04-10 23:11:00,4,101,23,0.0,11.09,0.0
2020-04-11 00:11:00,4,102,0,0.0,10.55,0.0
2020-04-11 01:11:00,4,102,1,0.0,9.49,0.0
2020-04-11 02:11:00,4,102,2,0.0,8.96,0.0
2020-04-11 03:11:00,4,102,3,0.0,7.9,0.0
2020-04-11 04:11:00,4,102,4,0.0,7.9,0.0
2020-04-11 05:11:00,4,102,5,0.0,7.37,0.0
2020-04-11 06:11:00,4,102,6,84.8,7.37,0.04635
2020-04-11 07:11:00,4,102,7,293.0,10.02,0.23156
2020-04-11 08:11:00,4,102,8,429.4,13.74,0.35051
2020-04-11 09:11:00,4,102,9,681.1,15.86,0.54573
2020-04-11 10:11:00,4,102,10,879.5,17.45,0.68112
2020-04-11 11:11:00,4,102,11,1019.0,18.51,0.76852
2020-04-11 12:11:00,4,102,12,1083.8,19.57,0.80842
2020-04-11 13:11:00,4,102,13,939.4,20.63,0.71658
2020-04-11 14:11:00,4,102,14,769.6,21.16,0.60173
2020-04-11 15:11:00,4,102,15,614.2,21.16,0.48705
2020-04-11 16:11:00,4,102,16,344.2,20.63,0.26476
2020-04-11 17:11:00,4,102,17,151.7,19.57,0.09446
2020-04-11 18:11:00,4,102,18,32.0,18.51,0.01548
2020-04-11 19:11:00,4,102,19,0.0,16.92,0.0
2020-04-11 20:11:00,4,102,20,0.0,15.33,0.0
2020-04-11 21:11:00,4,102,21,0.0,13.74,0.0
2020-04-11 22:11:00,4,102,22,0.0,12.15,0.0
2020-04-11 23:11:00,4,102,23,0.0,11.09,0.0
2020-04-12 00:11:00,4,103,0,0.0,9.49,0.0
2020-04-12 01:11:00,4,103,1,0.0,8.96,0.0
2020-04-12 02:11:00,4,103,2,0.0,7.9,0.0
2020-04-12 03:11:00,4,103,3,0.0,9.49,0.0
2020-04-12 04:11:00,4,103,4,0.0,9.49,0.0
2020-04-12 05:11:00,4,103,5,0.0,7.9,0.0
2020-04-12 06:11:00,4,103,6,50.6,7.37,0.02855
2020-04-12 07:11:00,4,103,7,306.6,9.49,0.24236
2020-04-12 08:11:00,4,103,8,538.8,13.21,0.4381
2020-04-12 09:11:00,4,103,9,757.2,15.33,0.60242
2020-04-12 10:11:00,4,103,10,750.0,16.92,0.59272
2020-04-12 11:11:00,4,103,11,840.6,17.98,0.65257
2020-04-12 12:11:00,4,103,12,921.9,18.51,0.70574
2020-04-12 13:11:00,4,103,13,889.6,19.04,0.68026
2020-04-12 14:11:00,4,103,14,460.1,19.04,0.36405
2020-04-12 15:11:00,4,103,15,502.8,19.04,0.39563
2020-04-12 16:11:00,4,103,16,203.9,19.04,0.15347
2020-04-12 17:11:00,4,103,17,138.9,17.98,0.09135
2020-04-12 18:11:00,4,103,18,27.1,16.39,0.01223
2020-04-12 19:11:00,4,103,19,0.0,14.8,0.0
2020-04-12 20:11:00,4,103,20,0.0,12.15,0.0
2020-04-12 21:11:00,4,103,21,0.0,10.02,0.0
2020-04-12 22:11:00,4,103,22,0.0,8.43,0.0
2020-04-12 23:11:00,4,103,23,0.0,7.9,0.0
2020-04-13 00:11:00,4,104,0,0.0,7.9,0.0
2020-04-13 01:11:00,4,104,1,0.0,6.84,0.0
2020-04-13 02:11:00,4,104,2,0.0,6.84,0.0
2020-04-13 03:11:00,4,104,3,0.0,6.31,0.0
2020-04-13 04:11:00,4,104,4,0.0,5.78,0.0
2020-04-13 05:11:00,4,104,5,0.0,5.25,0.0
2020-04-13 06:11:00,4,104,6,38.7,5.25,0.02146
2020-04-13 07:11:00,4,104,7,339.8,5.78,0.28022
2020-04-13 08:11:00,4,104,8,607.7,6.84,0.52859
2020-04-13 09:11:00,4,104,9,376.8,7.37,0.3232
2020-04-13 10:11:00,4,104,10,823.3,7.9,0.70781
2020-04-13 11:11:00,4,104,11,506.3,8.43,0.43509
2020-04-13 12:11:00,4,104,12,872.4,8.96,0.74117
2020-04-13 13:11:00,4,104,13,1012.3,8.96,0.85188
2020-04-13 14:11:00,4,104,14,853.0,8.96,0.72492
2020-04-13 15:11:00,4,104,15,615.2,9.49,0.52425
2020-04-13 16:11:00,4,104,16,420.9,8.96,0.34524
2020-04-13 17:11:00,4,104,17,171.3,8.43,0.10291
2020-04-13 18:11:00,4,104,18,27.1,7.9,0.01282
2020-04-13 19:11:00,4,104,19,0.0,6.31,0.0
2020-04-13 20:11:00,4,104,20,0.0,5.25,0.0
2020-04-13 21:11:00,4,104,21,0.0,4.19,0.0
2020-04-13 22:11:00,4,104,22,0.0,3.66,0.0
2020-04-13 23:11:00,4,104,23,0.0,3.13,0.0
2020-04-14 00:11:00,4,105,0,0.0,2.6,0.0
2020-04-14 01:11:00,4,105,1,0.0,1.54,0.0
2020-04-14 02:11:00,4,105,2,0.0,1.01,0.0
2020-04-14 03:11:00,4,105,3,0.0,-0.04,0.0
2020-04-14 04:11:00,4,105,4,0.0,-0.57,0.0
2020-04-14 05:11:00,4,105,5,0.0,-0.57,0.0
2020-04-14 06:11:00,4,105,6,107.3,-0.57,0.06222
2020-04-14 07:11:00,4,105,7,358.8,2.6,0.29511
2020-04-14 08:11:00,4,105,8,600.1,4.72,0.51271
2020-04-14 09:11:00,4,105,9,825.4,5.78,0.69016
2020-04-14 10:11:00,4,105,10,996.4,7.37,0.80206
2020-04-14 11:11:00,4,105,11,1080.3,7.9,0.84969
2020-04-14 12:11:00,4,105,12,1110.0,8.96,0.86493
2020-04-14 13:11:00,4,105,13,1022.2,9.49,0.8041
2020-04-14 14:11:00,4,105,14,862.2,10.55,0.68851
2020-04-14 15:11:00,4,105,15,666.3,10.55,0.54185
2020-04-14 16:11:00,4,105,16,417.0,11.09,0.32984
2020-04-14 17:11:00,4,105,17,165.7,11.09,0.10326
2020-04-14 18:11:00,4,105,18,31.2,10.55,0.01555
2020-04-14 19:11:00,4,105,19,0.0,8.96,0.0
2020-04-14 20:11:00,4,105,20,0.0,7.9,0.0
2020-04-14 21:11:00,4,105,21,0.0,6.84,0.0
2020-04-14 22:11:00,4,105,22,0.0,5.25,0.0
2020-04-14 23:11:00,4,105,23,0.0,3.66,0.0
2020-04-15 00:11:00,4,106,0,0.0,3.13,0.0
2020-04-15 01:11:00,4,106,1,0.0,2.6,0.0
2020-04-15 02:11:00,4,106,2,0.0,2.07,0.0
2020-04-15 03:11:00,4,106,3,0.0,2.07,0.0
2020-04-15 04:11:00,4,106,4,0.0,1.54,0.0
2020-04-15 05:11:00,4,106,5,0.0,1.54,0.0
2020-04-15 06:11:00,4,106,6,106.2,2.07,0.06148
2020-04-15 07:11:00,4,106,7,354.0,4.72,0.28758
2020-04-15 08:11:00,4,106,8,608.4,7.37,0.50705
2020-04-15 09:11:00,4,106,9,826.4,8.96,0.66743
2020-04-15 10:11:00,4,106,10,991.7,10.55,0.7701
2020-04-15 11:11:00,4,106,11,1053.5,12.15,0.81083
2020-04-15 12:11:00,4,106,12,1055.8,13.21,0.81674
2020-04-15 13:11:00,4,106,13,937.3,14.27,0.73856
2020-04-15 14:11:00,4,106,14,844.8,14.8,0.6747
2020-04-15 15:11:00,4,106,15,652.9,15.33,0.52775
2020-04-15 16:11:00,4,106,16,410.1,15.33,0.32117
2020-04-15 17:11:00,4,106,17,167.7,14.8,0.09836
2020-04-15 18:11:00,4,106,18,30.4,14.27,0.01467
2020-04-15 19:11:00,4,106,19,0.0,12.68,0.0
2020-04-15 20:11:00,4,106,20,0.0,10.55,0.0
2020-04-15 21:11:00,4,106,21,0.0,8.96,0.0
2020-04-15 22:11:00,4,106,22,0.0,7.9,0.0
2020-04-15 23:11:00,4,106,23,0.0,7.37,0.0
2020-04-16 00:11:00,4,107,0,0.0,5.78,0.0
2020-04-16 01:11:00,4,107,1,0.0,4.72,0.0
2020-04-16 02:11:00,4,107,2,0.0,3.66,0.0
2020-04-16 03:11:00,4,107,3,0.0,3.13,0.0
2020-04-16 04:11:00,4,107,4,0.0,2.07,0.0
2020-04-16 05:11:00,4,107,5,0.0,1.54,0.0
2020-04-16 06:11:00,4,107,6,110.6,2.07,0.06488
2020-04-16 07:11:00,4,107,7,347.2,5.78,0.28158
2020-04-16 08:11:00,4,107,8,592.2,8.96,0.4942
2020-04-16 09:11:00,4,107,9,811.6,11.61,0.66362
2020-04-16 10:11:00,4,107,10,971.8,13.74,0.77658
2020-04-16 11:11:00,4,107,11,1045.5,15.33,0.8256
2020-04-16 12:11:00,4,107,12,1095.8,16.92,0.85761
2020-04-16 13:11:00,4,107,13,995.9,17.45,0.78477
2020-04-16 14:11:00,4,107,14,789.0,17.98,0.63175
2020-04-16 15:11:00,4,107,15,542.5,17.98,0.43832
2020-04-16 16:11:00,4,107,16,249.6,17.98,0.19308
2020-04-16 17:11:00,4,107,17,114.4,17.98,0.07871
2020-04-16 18:11:00,4,107,18,33.6,16.39,0.01685
2020-04-16 19:11:00,4,107,19,0.0,14.8,0.0
2020-04-16 20:11:00,4,107,20,0.0,12.68,0.0
2020-04-16 21:11:00,4,107,21,0.0,11.61,0.0
2020-04-16 22:11:00,4,107,22,0.0,10.55,0.0
2020-04-16 23:11:00,4,107,23,0.0,9.49,0.0
2020-04-17 00:11:00,4,108,0,0.0,8.43,0.0
2020-04-17 01:11:00,4,108,1,0.0,7.9,0.0
2020-04-17 02:11:00,4,108,2,0.0,7.37,0.0
2020-04-17 03:11:00,4,108,3,0.0,6.84,0.0
2020-04-17 04:11:00,4,108,4,0.0,6.84,0.0
2020-04-17 05:11:00,4,108,5,0.0,6.31,0.0
2020-04-17 06:11:00,4,108,6,101.9,6.84,0.06056
2020-04-17 07:11:00,4,108,7,162.5,7.37,0.12705
2020-04-17 08:11:00,4,108,8,130.1,8.43,0.0989
2020-04-17 09:11:00,4,108,9,397.1,10.02,0.33629
2020-04-17 10:11:00,4,108,10,810.5,11.61,0.68145
2020-04-17 11:11:00,4,108,11,214.9,12.68,0.17094
2020-04-17 12:11:00,4,108,12,540.6,14.27,0.45058
2020-04-17 13:11:00,4,108,13,385.1,14.27,0.31784
2020-04-17 14:11:00,4,108,14,336.8,14.27,0.27634
2020-04-17 15:11:00,4,108,15,154.4,14.27,0.11718
2020-04-17 16:11:00,4,108,16,109.8,13.21,0.07917
2020-04-17 17:11:00,4,108,17,59.8,12.15,0.03762
2020-04-17 18:11:00,4,108,18,33.6,10.55,0.0174
2020-04-17 19:11:00,4,108,19,0.0,8.96,0.0
2020-04-17 20:11:00,4,108,20,0.0,7.9,0.0
2020-04-17 21:11:00,4,108,21,0.0,7.37,0.0
2020-04-17 22:11:00,4,108,22,0.0,6.84,0.0
2020-04-17 23:11:00,4,108,23,0.0,6.31,0.0
2020-04-18 00:11:00,4,109,0,0.0,5.78,0.0
2020-04-18 01:11:00,4,109,1,0.0,5.25,0.0
2020-04-18 02:11:00,4,109,2,0.0,5.78,0.0
2020-04-18 03:11:00,4,109,3,0.0,5.78,0.0
2020-04-18 04:11:00,4,109,4,0.0,5.78,0.0
2020-04-18 05:11:00,4,109,5,0.0,5.78,0.0
2020-04-18 06:11:00,4,109,6,25.9,5.78,0.0121
2020-04-18 07:11:00,4,109,7,21.4,5.78,0.00898
2020-04-18 08:11:00,4,109,8,135.4,5.78,0.10465
2020-04-18 09:11:00,4,109,9,100.0,6.31,0.0731
2020-04-18 10:11:00,4,109,10,54.4,6.31,0.03428
2020-04-18 11:11:00,4,109,11,90.2,6.84,0.06439
2020-04-18 12:11:00,4,109,12,257.0,7.37,0.21193
2020-04-18 13:11:00,4,109,13,295.0,7.9,0.24515
2020-04-18 14:11:00,4,109,14,110.7,8.43,0.08157
2020-04-18 15:11:00,4,109,15,144.6,8.96,0.11091
2020-04-18 16:11:00,4,109,16,139.6,9.49,0.10625
2020-04-18 17:11:00,4,109,17,115.5,9.49,0.08297
2020-04-18 18:11:00,4,109,18,38.6,9.49,0.02119
2020-04-18 19:11:00,4,109,19,0.0,8.96,0.0
2020-04-18 20:11:00,4,109,20,0.0,8.43,0.0
2020-04-18 21:11:00,4,109,21,0.0,7.9,0.0
2020-04-18 22:11:00,4,109,22,0.0,7.9,0.0
2020-04-18 23:11:00,4,109,23,0.0,7.37,0.0
2020-04-19 00:11:00,4,110,0,0.0,6.84,0.0
2020-04-19 01:11:00,4,110,1,0.0,6.84,0.0
2020-04-19 02:11:00,4,110,2,0.0,6.84,0.0
2020-04-19 03:11:00,4,110,3,0.0,6.31,0.0
2020-04-19 04:11:00,4,110,4,0.0,5.78,0.0
2020-04-19 05:11:00,4,110,5,0.0,5.78,0.0
2020-04-19 06:11:00,4,110,6,85.2,5.25,0.05421
2020-04-19 07:11:00,4,110,7,364.5,6.31,0.29855
2020-04-19 08:11:00,4,110,8,575.4,7.37,0.49136
2020-04-19 09:11:00,4,110,9,826.3,8.43,0.6974
2020-04-19 10:11:00,4,110,10,999.4,10.55,0.82414
2020-04-19 11:11:00,4,110,11,1053.2,12.68,0.85826
2020-04-19 12:11:00,4,110,12,1088.2,13.74,0.8816
2020-04-19 13:11:00,4,110,13,1018.5,14.8,0.82715
2020-04-19 14:11:00,4,110,14,858.5,14.8,0.707
2020-04-19 15:11:00,4,110,15,652.8,15.33,0.54003
2020-04-19 16:11:00,4,110,16,414.4,14.8,0.32999
2020-04-19 17:11:00,4,110,17,170.9,13.74,0.10102
2020-04-19 18:11:00,4,110,18,34.5,12.68,0.01781
2020-04-19 19:11:00,4,110,19,0.0,10.55,0.0
2020-04-19 20:11:00,4,110,20,0.0,8.43,0.0
2020-04-19 21:11:00,4,110,21,0.0,7.37,0.0
2020-04-19 22:11:00,4,110,22,0.0,6.31,0.0
2020-04-19 23:11:00,4,110,23,0.0,5.78,0.0
2020-04-20 00:11:00,4,111,0,0.0,5.25,0.0
2020-04-20 01:11:00,4,111,1,0.0,5.25,0.0
2020-04-20 02:11:00,4,111,2,0.0,4.72,0.0
2020-04-20 03:11:00,4,111,3,0.0,4.72,0.0
2020-04-20 04:11:00,4,111,4,0.0,5.25,0.0
2020-04-20 05:11:00,4,111,5,0.0,5.25,0.0
2020-04-20 06:11:00,4,111,6,128.6,5.78,0.07639
2020-04-20 07:11:00,4,111,7,373.1,6.84,0.3061
2020-04-20 08:11:00,4,111,8,622.6,8.43,0.53347
2020-04-20 09:11:00,4,111,9,846.7,10.55,0.71588
2020-04-20 10:11:00,4,111,10,1007.7,12.15,0.8378
2020-04-20 11:11:00,4,111,11,1096.0,13.21,0.90238
2020-04-20 12:11:00,4,111,12,1102.4,14.27,0.90424
2020-04-20 13:11:00,4,111,13,1026.4,14.8,0.84621
2020-04-20 14:11:00,4,111,14,870.7,14.8,0.72564
2020-04-20 15:11:00,4,111,15,663.1,14.8,0.55498
2020-04-20 16:11:00,4,111,16,419.8,14.27,0.33721
2020-04-20 17:11:00,4,111,17,174.8,13.21,0.10338
2020-04-20 18:11:00,4,111,18,37.8,11.61,0.02037
2020-04-20 19:11:00,4,111,19,0.0,10.02,0.0
2020-04-20 20:11:00,4,111,20,0.0,8.43,0.0
2020-04-20 21:11:00,4,111,21,0.0,7.9,0.0
2020-04-20 22:11:00,4,111,22,0.0,7.9,0.0
2020-04-20 23:11:00,4,111,23,0.0,7.9,0.0
2020-04-21 00:11:00,4,112,0,0.0,7.9,0.0
2020-04-21 01:11:00,4,112,1,0.0,7.9,0.0
2020-04-21 02:11:00,4,112,2,0.0,7.9,0.0
2020-04-21 03:11:00,4,112,3,0.0,7.9,0.0
2020-04-21 04:11:00,4,112,4,0.0,7.37,0.0
2020-04-21 05:11:00,4,112,5,0.0,7.37,0.0
2020-04-21 06:11:00,4,112,6,128.8,7.9,0.07679
2020-04-21 07:11:00,4,112,7,366.4,7.9,0.29989
2020-04-21 08:11:00,4,112,8,588.4,10.02,0.50143
2020-04-21 09:11:00,4,112,9,850.6,11.61,0.71738
2020-04-21 10:11:00,4,112,10,1000.9,13.21,0.82905
2020-04-21 11:11:00,4,112,11,1094.3,14.27,0.89617
2020-04-21 12:11:00,4,112,12,1099.4,15.33,0.89573
2020-04-21 13:11:00,4,112,13,1030.7,15.86,0.84268
2020-04-21 14:11:00,4,112,14,863.8,15.86,0.71346
2020-04-21 15:11:00,4,112,15,657.4,15.86,0.54561
2020-04-21 16:11:00,4,112,16,408.9,15.33,0.32624
2020-04-21 17:11:00,4,112,17,174.8,14.8,0.10333
2020-04-21 18:11:00,4,112,18,41.0,13.21,0.02267
2020-04-21 19:11:00,4,112,19,0.0,11.09,0.0
2020-04-21 20:11:00,4,112,20,0.0,9.49,0.0
2020-04-21 21:11:00,4,112,21,0.0,8.43,0.0
2020-04-21 22:11:00,4,112,22,0.0,7.9,0.0
2020-04-21 23:11:00,4,112,23,0.0,7.37,0.0
2020-04-22 00:11:00,4,113,0,0.0,7.37,0.0
2020-04-22 01:11:00,4,113,1,0.0,6.84,0.0
2020-04-22 02:11:00,4,113,2,0.0,6.84,0.0
2020-04-22 03:11:00,4,113,3,0.0,6.84,0.0
2020-04-22 04:11:00,4,113,4,0.0,6.84,0.0
2020-04-22 05:11:00,4,113,5,0.0,6.84,0.0
2020-04-22 06:11:00,4,113,6,128.2,7.37,0.078
2020-04-22 07:11:00,4,113,7,365.9,8.43,0.29814
2020-04-22 08:11:00,4,113,8,618.7,10.55,0.52232
2020-04-22 09:11:00,4,113,9,837.7,12.68,0.6959
2020-04-22 10:11:00,4,113,10,996.7,14.27,0.81115
2020-04-22 11:11:00,4,113,11,1083.5,15.86,0.86993
2020-04-22 12:11:00,4,113,12,1088.8,17.45,0.8681
2020-04-22 13:11:00,4,113,13,1019.4,17.98,0.81618
2020-04-22 14:11:00,4,113,14,854.6,18.51,0.69102
2020-04-22 15:11:00,4,113,15,651.8,18.51,0.5303
2020-04-22 16:11:00,4,113,16,424.3,17.98,0.33203
2020-04-22 17:11:00,4,113,17,174.1,16.92,0.10587
2020-04-22 18:11:00,4,113,18,39.4,15.33,0.02118
2020-04-22 19:11:00,4,113,19,0.0,13.21,0.0
2020-04-22 20:11:00,4,113,20,0.0,11.09,0.0
2020-04-22 21:11:00,4,113,21,0.0,9.49,0.0
2020-04-22 22:11:00,4,113,22,0.0,8.43,0.0
2020-04-22 23:11:00,4,113,23,0.0,7.9,0.0
2020-04-23 00:11:00,4,114,0,0.0,7.37,0.0
2020-04-23 01:11:00,4,114,1,0.0,6.84,0.0
2020-04-23 02:11:00,4,114,2,0.0,6.31,0.0
2020-04-23 03:11:00,4,114,3,0.0,6.31,0.0
2020-04-23 04:11:00,4,114,4,0.0,6.31,0.0
2020-04-23 05:11:00,4,114,5,0.0,5.78,0.0
2020-04-23 06:11:00,4,114,6,129.6,6.31,0.08009
2020-04-23 07:11:00,4,114,7,383.7,7.9,0.31292
2020-04-23 08:11:00,4,114,8,634.0,10.02,0.53402
2020-04-23 09:11:00,4,114,9,830.5,12.15,0.68617
2020-04-23 10:11:00,4,114,10,993.0,14.27,0.79865
2020-04-23 11:11:00,4,114,11,1035.3,16.39,0.81892
2020-04-23 12:11:00,4,114,12,1042.0,17.98,0.81574
2020-04-23 13:11:00,4,114,13,950.5,18.51,0.74588
2020-04-23 14:11:00,4,114,14,747.1,19.04,0.59183
2020-04-23 15:11:00,4,114,15,598.9,19.04,0.47672
2020-04-23 16:11:00,4,114,16,227.9,19.04,0.17421
2020-04-23 17:11:00,4,114,17,173.3,18.51,0.10818
2020-04-23 18:11:00,4,114,18,51.7,17.98,0.03015
2020-04-23 19:11:00,4,114,19,0.0,15.86,0.0
2020-04-23 20:11:00,4,114,20,0.0,13.74,0.0
2020-04-23 21:11:00,4,114,21,0.0,12.15,0.0
2020-04-23 22:11:00,4,114,22,0.0,10.55,0.0
2020-04-23 23:11:00,4,114,23,0.0,9.49,0.0
2020-04-24 00:11:00,4,115,0,0.0,8.43,0.0
2020-04-24 01:11:00,4,115,1,0.0,7.9,0.0
2020-04-24 02:11:00,4,115,2,0.0,6.84,0.0
2020-04-24 03:11:00,4,115,3,0.0,6.31,0.0
2020-04-24 04:11:00,4,115,4,0.0,5.78,0.0
2020-04-24 05:11:00,4,115,5,0.0,5.25,0.0
2020-04-24 06:11:00,4,115,6,142.7,6.31,0.0848
2020-04-24 07:11:00,4,115,7,354.9,7.9,0.28792
2020-04-24 08:11:00,4,115,8,629.9,9.49,0.52338
2020-04-24 09:11:00,4,115,9,834.7,12.15,0.67546
2020-04-24 10:11:00,4,115,10,985.1,14.27,0.77321
2020-04-24 11:11:00,4,115,11,1083.3,15.86,0.82983
2020-04-24 12:11:00,4,115,12,1087.3,16.92,0.82688
2020-04-24 13:11:00,4,115,13,1018.0,17.98,0.77934
2020-04-24 14:11:00,4,115,14,853.7,18.51,0.66574
2020-04-24 15:11:00,4,115,15,651.3,18.51,0.51553
2020-04-24 16:11:00,4,115,16,408.2,18.51,0.31418
2020-04-24 17:11:00,4,115,17,175.2,18.51,0.10517
2020-04-24 18:11:00,4,115,18,44.3,17.45,0.02459
2020-04-24 19:11:00,4,115,19,0.0,15.86,0.0
2020-04-24 20:11:00,4,115,20,0.0,13.74,0.0
2020-04-24 21:11:00,4,115,21,0.0,11.61,0.0
2020-04-24 22:11:00,4,115,22,0.0,10.02,0.0
2020-04-24 23:11:00,4,115,23,0.0,8.96,0.0
2020-04-25 00:11:00,4,116,0,0.0,8.43,0.0
2020-04-25 01:11:00,4,116,1,0.0,7.9,0.0
2020-04-25 02:11:00,4,116,2,0.0,7.37,0.0
2020-04-25 03:11:00,4,116,3,0.0,7.37,0.0
2020-04-25 04:11:00,4,116,4,0.0,6.84,0.0
2020-04-25 05:11:00,4,116,5,1.6,5.78,0.0
2020-04-25 06:11:00,4,116,6,47.3,6.31,0.02844
2020-04-25 07:11:00,4,116,7,97.7,5.78,0.07117
2020-04-25 08:11:00,4,116,8,156.4,7.37,0.12229
2020-04-25 09:11:00,4,116,9,264.5,8.96,0.21678
2020-04-25 10:11:00,4,116,10,595.6,11.09,0.49404
2020-04-25 11:11:00,4,116,11,1077.9,13.21,0.84486
2020-04-25 12:11:00,4,116,12,1083.3,14.8,0.83863
2020-04-25 13:11:00,4,116,13,1014.0,15.86,0.78296
2020-04-25 14:11:00,4,116,14,855.7,16.39,0.66804
2020-04-25 15:11:00,4,116,15,651.9,16.92,0.5154
2020-04-25 16:11:00,4,116,16,411.3,16.92,0.3167
2020-04-25 17:11:00,4,116,17,176.3,16.92,0.10383
2020-04-25 18:11:00,4,116,18,39.4,16.39,0.02103
2020-04-25 19:11:00,4,116,19,0.0,14.27,0.0
2020-04-25 20:11:00,4,116,20,0.0,12.15,0.0
2020-04-25 21:11:00,4,116,21,0.0,10.55,0.0
2020-04-25 22:11:00,4,116,22,0.0,9.49,0.0
2020-04-25 23:11:00,4,116,23,0.0,8.43,0.0
2020-04-26 00:11:00,4,117,0,0.0,7.9,0.0
2020-04-26 01:11:00,4,117,1,0.0,7.37,0.0
2020-04-26 02:11:00,4,117,2,0.0,6.84,0.0
2020-04-26 03:11:00,4,117,3,0.0,6.31,0.0
2020-04-26 04:11:00,4,117,4,0.0,5.78,0.0
2020-04-26 05:11:00,4,117,5,7.4,5.78,0.00073
2020-04-26 06:11:00,4,117,6,132.2,6.84,0.08347
2020-04-26 07:11:00,4,117,7,370.8,9.49,0.2979
2020-04-26 08:11:00,4,117,8,611.7,11.61,0.50269
2020-04-26 09:11:00,4,117,9,825.7,13.74,0.66178
2020-04-26 10:11:00,4,117,10,979.7,15.33,0.76292
2020-04-26 11:11:00,4,117,11,1068.4,16.39,0.81706
2020-04-26 12:11:00,4,117,12,1073.9,17.45,0.81841
2020-04-26 13:11:00,4,117,13,993.5,17.98,0.76578
2020-04-26 14:11:00,4,117,14,827.2,18.51,0.65123
2020-04-26 15:11:00,4,117,15,551.4,18.51,0.441
2020-04-26 16:11:00,4,117,16,129.5,18.51,0.0932
2020-04-26 17:11:00,4,117,17,120.0,17.98,0.08424
2020-04-26 18:11:00,4,117,18,55.0,17.45,0.03277
2020-04-26 19:11:00,4,117,19,0.0,16.39,0.0
2020-04-26 20:11:00,4,117,20,0.0,13.74,0.0
2020-04-26 21:11:00,4,117,21,0.0,12.15,0.0
2020-04-26 22:11:00,4,117,22,0.0,10.55,0.0
2020-04-26 23:11:00,4,117,23,0.0,9.49,0.0
2020-04-27 00:11:00,4,118,0,0.0,8.96,0.0
2020-04-27 01:11:00,4,118,1,0.0,8.43,0.0
2020-04-27 02:11:00,4,118,2,0.0,7.9,0.0
2020-04-27 03:11:00,4,118,3,0.0,7.9,0.0
2020-04-27 04:11:00,4,118,4,0.0,7.9,0.0
2020-04-27 05:11:00,4,118,5,3.3,7.9,0.0
2020-04-27 06:11:00,4,118,6,81.9,7.9,0.05455
2020-04-27 07:11:00,4,118,7,60.7,8.43,0.03898
2020-04-27 08:11:00,4,118,8,336.5,8.96,0.28046
2020-04-27 09:11:00,4,118,9,323.5,9.49,0.26828
2020-04-27 10:11:00,4,118,10,839.7,10.55,0.68746
2020-04-27 11:11:00,4,118,11,664.8,11.09,0.54728
2020-04-27 12:11:00,4,118,12,383.1,12.15,0.31303
2020-04-27 13:11:00,4,118,13,357.5,13.21,0.28957
2020-04-27 14:11:00,4,118,14,463.1,13.74,0.37607
2020-04-27 15:11:00,4,118,15,226.0,13.74,0.1776
2020-04-27 16:11:00,4,118,16,191.0,13.74,0.14728
2020-04-27 17:11:00,4,118,17,146.6,13.74,0.10464
2020-04-27 18:11:00,4,118,18,41.9,13.74,0.02319
2020-04-27 19:11:00,4,118,19,0.0,12.15,0.0
2020-04-27 20:11:00,4,118,20,0.0,11.61,0.0
2020-04-27 21:11:00,4,118,21,0.0,11.09,0.0
2020-04-27 22:11:00,4,118,22,0.0,10.55,0.0
2020-04-27 23:11:00,4,118,23,0.0,10.02,0.0
2020-04-28 00:11:00,4,119,0,0.0,9.49,0.0
2020-04-28 01:11:00,4,119,1,0.0,8.96,0.0
2020-04-28 02:11:00,4,119,2,0.0,8.43,0.0
2020-04-28 03:11:00,4,119,3,0.0,7.9,0.0
2020-04-28 04:11:00,4,119,4,0.0,7.9,0.0
2020-04-28 05:11:00,4,119,5,5.8,7.37,6e-05
2020-04-28 06:11:00,4,119,6,13.4,7.37,0.00382
2020-04-28 07:11:00,4,119,7,25.9,7.37,0.012
2020-04-28 08:11:00,4,119,8,46.4,7.37,0.02761
2020-04-28 09:11:00,4,119,9,87.5,7.37,0.06195
2020-04-28 10:11:00,4,119,10,121.4,7.37,0.09158
2020-04-28 11:11:00,4,119,11,130.3,7.37,0.09948
2020-04-28 12:11:00,4,119,12,140.1,7.37,0.1082
2020-04-28 13:11:00,4,119,13,141.9,7.9,0.10948
2020-04-28 14:11:00,4,119,14,115.1,7.9,0.08585
2020-04-28 15:11:00,4,119,15,87.5,7.9,0.06176
2020-04-28 16:11:00,4,119,16,48.2,7.37,0.02903
2020-04-28 17:11:00,4,119,17,44.6,7.37,0.02618
2020-04-28 18:11:00,4,119,18,31.2,7.37,0.01585
2020-04-28 19:11:00,4,119,19,0.0,6.84,0.0
2020-04-28 20:11:00,4,119,20,0.0,6.84,0.0
2020-04-28 21:11:00,4,119,21,0.0,6.84,0.0
2020-04-28 22:11:00,4,119,22,0.0,6.84,0.0
2020-04-28 23:11:00,4,119,23,0.0,6.84,0.0
2020-04-29 00:11:00,4,120,0,0.0,6.84,0.0
2020-04-29 01:11:00,4,120,1,0.0,6.84,0.0
2020-04-29 02:11:00,4,120,2,0.0,6.31,0.0
2020-04-29 03:11:00,4,120,3,0.0,6.31,0.0
2020-04-29 04:11:00,4,120,4,0.0,6.31,0.0
2020-04-29 05:11:00,4,120,5,3.3,6.31,0.0
2020-04-29 06:11:00,4,120,6,34.8,6.84,0.01861
2020-04-29 07:11:00,4,120,7,140.0,6.84,0.1079
2020-04-29 08:11:00,4,120,8,255.7,7.9,0.21128
2020-04-29 09:11:00,4,120,9,195.7,8.96,0.15651
2020-04-29 10:11:00,4,120,10,356.5,10.02,0.29796
2020-04-29 11:11:00,4,120,11,116.0,11.09,0.08536
2020-04-29 12:11:00,4,120,12,145.5,10.55,0.11114
2020-04-29 13:11:00,4,120,13,245.5,10.02,0.1996
2020-04-29 14:11:00,4,120,14,305.8,10.02,0.25296
2020-04-29 15:11:00,4,120,15,404.6,11.09,0.33876
2020-04-29 16:11:00,4,120,16,226.5,12.15,0.18045
2020-04-29 17:11:00,4,120,17,157.0,11.61,0.11381
2020-04-29 18:11:00,4,120,18,40.2,11.09,0.02229
2020-04-29 19:11:00,4,120,19,0.0,10.02,0.0
2020-04-29 20:11:00,4,120,20,0.0,8.96,0.0
2020-04-29 21:11:00,4,120,21,0.0,8.43,0.0
2020-04-29 22:11:00,4,120,22,0.0,8.43,0.0
2020-04-29 23:11:00,4,120,23,0.0,7.9,0.0
2020-04-30 00:11:00,4,121,0,0.0,7.9,0.0
2020-04-30 01:11:00,4,121,1,0.0,7.37,0.0
2020-04-30 02:11:00,4,121,2,0.0,6.84,0.0
2020-04-30 03:11:00,4,121,3,0.0,6.31,0.0
2020-04-30 04:11:00,4,121,4,0.0,5.78,0.0
2020-04-30 05:11:00,4,121,5,5.8,5.25,7e-05
2020-04-30 06:11:00,4,121,6,152.2,6.31,0.09493
2020-04-30 07:11:00,4,121,7,188.2,7.37,0.15017
2020-04-30 08:11:00,4,121,8,167.5,7.9,0.13257
2020-04-30 09:11:00,4,121,9,245.0,8.96,0.2013
2020-04-30 10:11:00,4,121,10,221.0,9.49,0.17911
2020-04-30 11:11:00,4,121,11,278.4,10.02,0.22954
2020-04-30 12:11:00,4,121,12,216.9,8.96,0.17572
2020-04-30 13:11:00,4,121,13,186.5,9.49,0.14835
2020-04-30 14:11:00,4,121,14,195.5,9.49,0.15583
2020-04-30 15:11:00,4,121,15,87.5,10.55,0.06098
2020-04-30 16:11:00,4,121,16,197.8,11.09,0.15652
2020-04-30 17:11:00,4,121,17,109.9,10.55,0.07974
2020-04-30 18:11:00,4,121,18,61.6,9.49,0.03956
2020-04-30 19:11:00,4,121,19,0.0,8.43,0.0
2020-04-30 20:11:00,4,121,20,0.0,7.9,0.0
2020-04-30 21:11:00,4,121,21,0.0,7.9,0.0
2020-04-30 22:11:00,4,121,22,0.0,7.9,0.0
2020-04-30 23:11:00,4,121,23,0.0,7.37,0.0
2020-05-01 00:11:00,5,122,0,0.0,7.37,0.0
2020-05-01 01:11:00,5,122,1,0.0,6.84,0.0
2020-05-01 02:11:00,5,122,2,0.0,6.84,0.0
2020-05-01 03:11:00,5,122,3,0.0,6.84,0.0
2020-05-01 04:11:00,5,122,4,0.0,6.31,0.0
2020-05-01 05:11:00,5,122,5,7.4,5.78,0.00073
2020-05-01 06:11:00,5,122,6,101.3,6.31,0.07018
2020-05-01 07:11:00,5,122,7,201.6,7.9,0.16122
2020-05-01 08:11:00,5,122,8,296.4,8.43,0.24687
2020-05-01 09:11:00,5,122,9,217.3,10.02,0.17467
2020-05-01 10:11:00,5,122,10,117.8,11.09,0.08678
2020-05-01 11:11:00,5,122,11,147.3,12.15,0.11188
2020-05-01 12:11:00,5,122,12,238.8,12.68,0.19142
2020-05-01 13:11:00,5,122,13,207.1,13.21,0.16341
2020-05-01 14:11:00,5,122,14,570.7,12.68,0.47929
2020-05-01 15:11:00,5,122,15,424.9,12.68,0.35475
2020-05-01 16:11:00,5,122,16,296.6,12.15,0.24004
2020-05-01 17:11:00,5,122,17,98.6,11.61,0.07013
2020-05-01 18:11:00,5,122,18,34.5,11.09,0.01795
2020-05-01 19:11:00,5,122,19,0.0,10.55,0.0
2020-05-01 20:11:00,5,122,20,0.0,9.49,0.0
2020-05-01 21:11:00,5,122,21,0.0,8.43,0.0
2020-05-01 22:11:00,5,122,22,0.0,7.9,0.0
2020-05-01 23:11:00,5,122,23,0.0,7.37,0.0
2020-05-02 00:11:00,5,123,0,0.0,6.31,0.0
2020-05-02 01:11:00,5,123,1,0.0,6.31,0.0
2020-05-02 02:11:00,5,123,2,0.0,5.78,0.0
2020-05-02 03:11:00,5,123,3,0.0,5.78,0.0
2020-05-02 04:11:00,5,123,4,0.0,4.72,0.0
2020-05-02 05:11:00,5,123,5,19.7,4.72,0.00787
2020-05-02 06:11:00,5,123,6,152.1,5.78,0.09845
2020-05-02 07:11:00,5,123,7,400.2,7.37,0.32902
2020-05-02 08:11:00,5,123,8,639.5,8.43,0.54461
2020-05-02 09:11:00,5,123,9,661.0,9.49,0.55952
2020-05-02 10:11:00,5,123,10,598.9,10.55,0.50346
2020-05-02 11:11:00,5,123,11,509.9,11.09,0.42655
2020-05-02 12:11:00,5,123,12,815.2,12.15,0.66855
2020-05-02 13:11:00,5,123,13,750.8,12.68,0.61474
2020-05-02 14:11:00,5,123,14,336.4,13.21,0.2741
2020-05-02 15:11:00,5,123,15,353.6,13.21,0.28903
2020-05-02 16:11:00,5,123,16,324.6,13.21,0.25961
2020-05-02 17:11:00,5,123,17,170.2,13.21,0.12076
2020-05-02 18:11:00,5,123,18,45.1,13.21,0.02577
2020-05-02 19:11:00,5,123,19,0.0,12.15,0.0
2020-05-02 20:11:00,5,123,20,0.0,10.55,0.0
2020-05-02 21:11:00,5,123,21,0.0,8.96,0.0
2020-05-02 22:11:00,5,123,22,0.0,7.9,0.0
2020-05-02 23:11:00,5,123,23,0.0,7.37,0.0
2020-05-03 00:11:00,5,124,0,0.0,6.31,0.0
2020-05-03 01:11:00,5,124,1,0.0,5.78,0.0
2020-05-03 02:11:00,5,124,2,0.0,5.25,0.0
2020-05-03 03:11:00,5,124,3,0.0,5.25,0.0
2020-05-03 04:11:00,5,124,4,0.0,5.25,0.0
2020-05-03 05:11:00,5,124,5,14.0,5.78,0.00419
2020-05-03 06:11:00,5,124,6,103.5,7.37,0.07174
2020-05-03 07:11:00,5,124,7,175.0,8.43,0.13689
2020-05-03 08:11:00,5,124,8,196.7,10.02,0.15569
2020-05-03 09:11:00,5,124,9,398.4,11.61,0.32831
2020-05-03 10:11:00,5,124,10,676.6,12.15,0.55127
2020-05-03 11:11:00,5,124,11,131.2,13.21,0.09691
2020-05-03 12:11:00,5,124,12,148.2,13.74,0.11103
2020-05-03 13:11:00,5,124,13,430.8,14.27,0.3475
2020-05-03 14:11:00,5,124,14,393.0,15.33,0.31489
2020-05-03 15:11:00,5,124,15,311.7,15.33,0.24719
2020-05-03 16:11:00,5,124,16,190.2,15.33,0.14485
2020-05-03 17:11:00,5,124,17,83.9,15.33,0.05631
2020-05-03 18:11:00,5,124,18,65.7,14.8,0.04164
2020-05-03 19:11:00,5,124,19,1.6,13.21,0.0
2020-05-03 20:11:00,5,124,20,0.0,12.15,0.0
2020-05-03 21:11:00,5,124,21,0.0,10.55,0.0
2020-05-03 22:11:00,5,124,22,0.0,9.49,0.0
2020-05-03 23:11:00,5,124,23,0.0,8.96,0.0
2020-05-04 00:11:00,5,125,0,0.0,8.43,0.0
2020-05-04 01:11:00,5,125,1,0.0,8.43,0.0
2020-05-04 02:11:00,5,125,2,0.0,7.9,0.0
2020-05-04 03:11:00,5,125,3,0.0,7.37,0.0
2020-05-04 04:11:00,5,125,4,0.0,6.31,0.0
2020-05-04 05:11:00,5,125,5,10.7,6.31,0.00233
2020-05-04 06:11:00,5,125,6,131.9,7.9,0.08986
2020-05-04 07:11:00,5,125,7,238.1,10.02,0.18992
2020-05-04 08:11:00,5,125,8,329.5,11.61,0.27104
2020-05-04 09:11:00,5,125,9,393.1,12.68,0.32469
2020-05-04 10:11:00,5,125,10,155.3,13.21,0.11812
2020-05-04 11:11:00,5,125,11,335.8,13.74,0.27372
2020-05-04 12:11:00,5,125,12,224.9,13.74,0.17799
2020-05-04 13:11:00,5,125,13,624.2,14.27,0.5139
2020-05-04 14:11:00,5,125,14,644.5,15.33,0.53024
2020-05-04 15:11:00,5,125,15,271.7,15.33,0.21751
2020-05-04 16:11:00,5,125,16,334.7,14.27,0.26848
2020-05-04 17:11:00,5,125,17,180.9,13.74,0.12069
2020-05-04 18:11:00,5,125,18,53.4,12.68,0.03234
2020-05-04 19:11:00,5,125,19,3.3,11.61,0.0
2020-05-04 20:11:00,5,125,20,0.0,10.02,0.0
2020-05-04 21:11:00,5,125,21,0.0,8.96,0.0
2020-05-04 22:11:00,5,125,22,0.0,8.43,0.0
2020-05-04 23:11:00,5,125,23,0.0,7.9,0.0
2020-05-05 00:11:00,5,126,0,0.0,7.37,0.0
2020-05-05 01:11:00,5,126,1,0.0,6.84,0.0
2020-05-05 02:11:00,5,126,2,0.0,6.31,0.0
2020-05-05 03:11:00,5,126,3,0.0,6.31,0.0
2020-05-05 04:11:00,5,126,4,0.0,5.78,0.0
2020-05-05 05:11:00,5,126,5,23.8,5.78,0.01063
2020-05-05 06:11:00,5,126,6,101.0,6.31,0.07122
2020-05-05 07:11:00,5,126,7,360.4,7.37,0.29928
2020-05-05 08:11:00,5,126,8,578.6,7.9,0.49875
2020-05-05 09:11:00,5,126,9,808.7,8.96,0.69136
2020-05-05 10:11:00,5,126,10,1004.9,10.55,0.84185
2020-05-05 11:11:00,5,126,11,1059.6,11.61,0.87655
2020-05-05 12:11:00,5,126,12,1027.5,12.15,0.84745
2020-05-05 13:11:00,5,126,13,982.7,13.21,0.80931
2020-05-05 14:11:00,5,126,14,856.0,13.21,0.71182
2020-05-05 15:11:00,5,126,15,648.3,13.74,0.54028
2020-05-05 16:11:00,5,126,16,420.1,13.74,0.33599
2020-05-05 17:11:00,5,126,17,184.3,13.21,0.1123
2020-05-05 18:11:00,5,126,18,43.5,12.15,0.02468
2020-05-05 19:11:00,5,126,19,7.4,11.09,0.00068
2020-05-05 20:11:00,5,126,20,0.0,9.49,0.0
2020-05-05 21:11:00,5,126,21,0.0,7.9,0.0
2020-05-05 22:11:00,5,126,22,0.0,7.37,0.0
2020-05-05 23:11:00,5,126,23,0.0,6.31,0.0
2020-05-06 00:11:00,5,127,0,0.0,5.25,0.0
2020-05-06 01:11:00,5,127,1,0.0,4.72,0.0
2020-05-06 02:11:00,5,127,2,0.0,4.19,0.0
2020-05-06 03:11:00,5,127,3,0.0,3.66,0.0
2020-05-06 04:11:00,5,127,4,0.0,3.13,0.0
2020-05-06 05:11:00,5,127,5,23.8,2.6,0.01081
2020-05-06 06:11:00,5,127,6,160.6,4.19,0.10617
2020-05-06 07:11:00,5,127,7,406.9,6.31,0.33525
2020-05-06 08:11:00,5,127,8,642.1,7.9,0.54298
2020-05-06 09:11:00,5,127,9,863.7,9.49,0.71589
2020-05-06 10:11:00,5,127,10,1011.6,11.09,0.81931
2020-05-06 11:11:00,5,127,11,1098.3,12.68,0.87255
2020-05-06 12:11:00,5,127,12,1101.3,13.74,0.86737
2020-05-06 13:11:00,5,127,13,1013.0,14.8,0.80076
2020-05-06 14:11:00,5,127,14,860.6,15.33,0.68784
2020-05-06 15:11:00,5,127,15,656.4,15.86,0.52897
2020-05-06 16:11:00,5,127,16,422.2,15.86,0.32915
2020-05-06 17:11:00,5,127,17,185.1,15.86,0.11073
2020-05-06 18:11:00,5,127,18,48.4,15.33,0.02799
2020-05-06 19:11:00,5,127,19,7.4,14.27,0.00066
2020-05-06 20:11:00,5,127,20,0.0,12.15,0.0
2020-05-06 21:11:00,5,127,21,0.0,10.55,0.0
2020-05-06 22:11:00,5,127,22,0.0,9.49,0.0
2020-05-06 23:11:00,5,127,23,0.0,8.43,0.0
2020-05-07 00:11:00,5,128,0,0.0,7.9,0.0
2020-05-07 01:11:00,5,128,1,0.0,7.37,0.0
2020-05-07 02:11:00,5,128,2,0.0,6.31,0.0
2020-05-07 03:11:00,5,128,3,0.0,5.78,0.0
2020-05-07 04:11:00,5,128,4,0.0,5.25,0.0
2020-05-07 05:11:00,5,128,5,27.9,4.72,0.01363
2020-05-07 06:11:00,5,128,6,155.2,6.31,0.10271
2020-05-07 07:11:00,5,128,7,331.9,8.96,0.26885
2020-05-07 08:11:00,5,128,8,562.1,11.61,0.46378
2020-05-07 09:11:00,5,128,9,467.6,13.21,0.3835
2020-05-07 10:11:00,5,128,10,926.2,15.33,0.7281
2020-05-07 11:11:00,5,128,11,1061.0,16.92,0.81468
2020-05-07 12:11:00,5,128,12,1063.6,17.98,0.81614
2020-05-07 13:11:00,5,128,13,984.4,18.51,0.7662
2020-05-07 14:11:00,5,128,14,801.8,19.57,0.63534
2020-05-07 15:11:00,5,128,15,601.7,19.04,0.48058
2020-05-07 16:11:00,5,128,16,366.2,19.04,0.28431
2020-05-07 17:11:00,5,128,17,131.0,19.04,0.09308
2020-05-07 18:11:00,5,128,18,67.3,18.51,0.04224
2020-05-07 19:11:00,5,128,19,7.4,17.98,0.00063
2020-05-07 20:11:00,5,128,20,0.0,15.86,0.0
2020-05-07 21:11:00,5,128,21,0.0,14.8,0.0
2020-05-07 22:11:00,5,128,22,0.0,13.74,0.0
2020-05-07 23:11:00,5,128,23,0.0,12.68,0.0
2020-05-08 00:11:00,5,129,0,0.0,11.61,0.0
2020-05-08 01:11:00,5,129,1,0.0,11.09,0.0
2020-05-08 02:11:00,5,129,2,0.0,10.55,0.0
2020-05-08 03:11:00,5,129,3,0.0,10.02,0.0
2020-05-08 04:11:00,5,129,4,0.0,9.49,0.0
2020-05-08 05:11:00,5,129,5,29.6,9.49,0.01446
2020-05-08 06:11:00,5,129,6,100.8,10.55,0.06976
2020-05-08 07:11:00,5,129,7,333.9,13.21,0.26275
2020-05-08 08:11:00,5,129,8,416.5,15.33,0.33368
2020-05-08 09:11:00,5,129,9,760.3,16.92,0.59206
2020-05-08 10:11:00,5,129,10,915.9,17.98,0.69905
2020-05-08 11:11:00,5,129,11,845.2,18.51,0.65333
2020-05-08 12:11:00,5,129,12,728.2,19.04,0.57129
2020-05-08 13:11:00,5,129,13,756.3,19.57,0.59307
2020-05-08 14:11:00,5,129,14,733.9,20.1,0.57636
2020-05-08 15:11:00,5,129,15,404.8,20.1,0.3197
2020-05-08 16:11:00,5,129,16,370.5,20.1,0.28436
2020-05-08 17:11:00,5,129,17,182.5,19.57,0.11115
2020-05-08 18:11:00,5,129,18,48.4,19.04,0.02745
2020-05-08 19:11:00,5,129,19,4.1,18.51,0.0
2020-05-08 20:11:00,5,129,20,0.0,16.39,0.0
2020-05-08 21:11:00,5,129,21,0.0,14.8,0.0
2020-05-08 22:11:00,5,129,22,0.0,13.74,0.0
2020-05-08 23:11:00,5,129,23,0.0,12.68,0.0
2020-05-09 00:11:00,5,130,0,0.0,11.61,0.0
2020-05-09 01:11:00,5,130,1,0.0,11.09,0.0
2020-05-09 02:11:00,5,130,2,0.0,10.55,0.0
2020-05-09 03:11:00,5,130,3,0.0,10.02,0.0
2020-05-09 04:11:00,5,130,4,0.0,9.49,0.0
2020-05-09 05:11:00,5,130,5,30.4,9.49,0.01506
2020-05-09 06:11:00,5,130,6,128.6,11.61,0.08844
2020-05-09 07:11:00,5,130,7,385.3,14.27,0.30401
2020-05-09 08:11:00,5,130,8,607.1,16.39,0.48885
2020-05-09 09:11:00,5,130,9,791.9,18.51,0.62451
2020-05-09 10:11:00,5,130,10,957.3,19.57,0.7384
2020-05-09 11:11:00,5,130,11,988.6,20.63,0.75224
2020-05-09 12:11:00,5,130,12,497.8,20.63,0.39238
2020-05-09 13:11:00,5,130,13,220.5,21.16,0.16698
2020-05-09 14:11:00,5,130,14,291.8,21.16,0.22572
2020-05-09 15:11:00,5,130,15,285.6,21.69,0.22007
2020-05-09 16:11:00,5,130,16,352.0,21.16,0.26919
2020-05-09 17:11:00,5,130,17,142.3,21.16,0.10062
2020-05-09 18:11:00,5,130,18,51.7,20.63,0.02972
2020-05-09 19:11:00,5,130,19,11.5,18.51,0.00253
2020-05-09 20:11:00,5,130,20,0.0,17.45,0.0
2020-05-09 21:11:00,5,130,21,0.0,15.33,0.0
2020-05-09 22:11:00,5,130,22,0.0,14.27,0.0
2020-05-09 23:11:00,5,130,23,0.0,13.21,0.0
2020-05-10 00:11:00,5,131,0,0.0,12.68,0.0
2020-05-10 01:11:00,5,131,1,0.0,13.21,0.0
2020-05-10 02:11:00,5,131,2,0.0,12.68,0.0
2020-05-10 03:11:00,5,131,3,0.0,10.55,0.0
2020-05-10 04:11:00,5,131,4,0.0,10.55,0.0
2020-05-10 05:11:00,5,131,5,27.9,11.09,0.01317
2020-05-10 06:11:00,5,131,6,64.3,12.15,0.04122
2020-05-10 07:11:00,5,131,7,59.8,12.68,0.03752
2020-05-10 08:11:00,5,131,8,209.5,12.15,0.16688
2020-05-10 09:11:00,5,131,9,116.9,11.61,0.08603
2020-05-10 10:11:00,5,131,10,132.1,12.15,0.09899
2020-05-10 11:11:00,5,131,11,135.7,12.15,0.10209
2020-05-10 12:11:00,5,131,12,162.4,11.61,0.12587
2020-05-10 13:11:00,5,131,13,131.2,10.02,0.09929
2020-05-10 14:11:00,5,131,14,108.0,8.96,0.07942
2020-05-10 15:11:00,5,131,15,194.9,8.43,0.15705
2020-05-10 16:11:00,5,131,16,113.4,7.9,0.08453
2020-05-10 17:11:00,5,131,17,67.8,7.9,0.04517
2020-05-10 18:11:00,5,131,18,47.6,7.37,0.0286
2020-05-10 19:11:00,5,131,19,2.5,6.84,0.0
2020-05-10 20:11:00,5,131,20,0.0,6.31,0.0
2020-05-10 21:11:00,5,131,21,0.0,5.25,0.0
2020-05-10 22:11:00,5,131,22,0.0,5.25,0.0
2020-05-10 23:11:00,5,131,23,0.0,4.72,0.0
2020-05-11 00:11:00,5,132,0,0.0,4.19,0.0
2020-05-11 01:11:00,5,132,1,0.0,4.19,0.0
2020-05-11 02:11:00,5,132,2,0.0,4.19,0.0
2020-05-11 03:11:00,5,132,3,0.0,3.66,0.0
2020-05-11 04:11:00,5,132,4,0.0,3.66,0.0
2020-05-11 05:11:00,5,132,5,26.3,3.66,0.01253
2020-05-11 06:11:00,5,132,6,172.9,4.72,0.11523
2020-05-11 07:11:00,5,132,7,317.8,5.25,0.26635
2020-05-11 08:11:00,5,132,8,589.5,6.84,0.51407
2020-05-11 09:11:00,5,132,9,174.0,7.9,0.13861
2020-05-11 10:11:00,5,132,10,820.7,8.96,0.70424
2020-05-11 11:11:00,5,132,11,655.3,9.49,0.56175
2020-05-11 12:11:00,5,132,12,907.4,10.02,0.76912
2020-05-11 13:11:00,5,132,13,907.3,10.02,0.76904
2020-05-11 14:11:00,5,132,14,544.7,10.55,0.46342
2020-05-11 15:11:00,5,132,15,389.5,10.55,0.32763
2020-05-11 16:11:00,5,132,16,147.2,10.02,0.11327
2020-05-11 17:11:00,5,132,17,90.2,9.49,0.06367
2020-05-11 18:11:00,5,132,18,73.0,8.96,0.04925
2020-05-11 19:11:00,5,132,19,4.9,7.9,0.0
2020-05-11 20:11:00,5,132,20,0.0,7.37,0.0
2020-05-11 21:11:00,5,132,21,0.0,6.31,0.0
2020-05-11 22:11:00,5,132,22,0.0,5.25,0.0
2020-05-11 23:11:00,5,132,23,0.0,4.19,0.0
2020-05-12 00:11:00,5,133,0,0.0,3.13,0.0
2020-05-12 01:11:00,5,133,1,0.0,2.07,0.0
2020-05-12 02:11:00,5,133,2,0.0,1.01,0.0
2020-05-12 03:11:00,5,133,3,0.0,0.48,0.0
2020-05-12 04:11:00,5,133,4,0.0,-0.04,0.0
2020-05-12 05:11:00,5,133,5,28.7,-0.04,0.0146
2020-05-12 06:11:00,5,133,6,175.1,3.13,0.11578
2020-05-12 07:11:00,5,133,7,418.7,6.31,0.34397
2020-05-12 08:11:00,5,133,8,647.1,7.9,0.54636
2020-05-12 09:11:00,5,133,9,801.2,8.96,0.67098
2020-05-12 10:11:00,5,133,10,703.8,10.02,0.58766
2020-05-12 11:11:00,5,133,11,1031.2,10.55,0.83636
2020-05-12 12:11:00,5,133,12,774.8,11.09,0.64045
2020-05-12 13:11:00,5,133,13,346.6,10.55,0.28679
2020-05-12 14:11:00,5,133,14,208.8,11.09,0.16613
2020-05-12 15:11:00,5,133,15,126.7,11.09,0.09449
2020-05-12 16:11:00,5,133,16,154.4,10.55,0.11884
2020-05-12 17:11:00,5,133,17,90.2,10.02,0.06339
2020-05-12 18:11:00,5,133,18,78.8,10.02,0.05374
2020-05-12 19:11:00,5,133,19,5.8,10.02,4e-05
2020-05-12 20:11:00,5,133,20,0.0,8.43,0.0
2020-05-12 21:11:00,5,133,21,0.0,7.37,0.0
2020-05-12 22:11:00,5,133,22,0.0,6.31,0.0
2020-05-12 23:11:00,5,133,23,0.0,5.78,0.0
2020-05-13 00:11:00,5,134,0,0.0,5.25,0.0
2020-05-13 01:11:00,5,134,1,0.0,5.25,0.0
2020-05-13 02:11:00,5,134,2,0.0,5.25,0.0
2020-05-13 03:11:00,5,134,3,0.0,5.25,0.0
2020-05-13 04:11:00,5,134,4,0.0,5.25,0.0
2020-05-13 05:11:00,5,134,5,36.9,5.25,0.0204
2020-05-13 06:11:00,5,134,6,117.7,5.78,0.08562
2020-05-13 07:11:00,5,134,7,260.8,5.78,0.2156
2020-05-13 08:11:00,5,134,8,375.7,6.31,0.32061
2020-05-13 09:11:00,5,134,9,492.3,7.37,0.42144
2020-05-13 10:11:00,5,134,10,433.6,8.43,0.3677
2020-05-13 11:11:00,5,134,11,266.1,8.43,0.21959
2020-05-13 12:11:00,5,134,12,601.1,8.96,0.51021
2020-05-13 13:11:00,5,134,13,546.4,9.49,0.46288
2020-05-13 14:11:00,5,134,14,304.0,10.02,0.25164
2020-05-13 15:11:00,5,134,15,292.6,10.02,0.24172
2020-05-13 16:11:00,5,134,16,286.6,10.02,0.23431
2020-05-13 17:11:00,5,134,17,117.8,9.49,0.08729
2020-05-13 18:11:00,5,134,18,79.6,9.49,0.05464
2020-05-13 19:11:00,5,134,19,19.7,7.9,0.00773
2020-05-13 20:11:00,5,134,20,0.0,6.84,0.0
2020-05-13 21:11:00,5,134,21,0.0,5.78,0.0
2020-05-13 22:11:00,5,134,22,0.0,4.72,0.0
2020-05-13 23:11:00,5,134,23,0.0,4.19,0.0
2020-05-14 00:11:00,5,135,0,0.0,3.13,0.0
2020-05-14 01:11:00,5,135,1,0.0,2.6,0.0
2020-05-14 02:11:00,5,135,2,0.0,2.07,0.0
2020-05-14 03:11:00,5,135,3,0.0,1.54,0.0
2020-05-14 04:11:00,5,135,4,0.0,1.54,0.0
2020-05-14 05:11:00,5,135,5,30.4,1.54,0.01572
2020-05-14 06:11:00,5,135,6,178.9,3.13,0.11837
2020-05-14 07:11:00,5,135,7,412.7,5.25,0.34211
2020-05-14 08:11:00,5,135,8,646.5,6.84,0.54969
2020-05-14 09:11:00,5,135,9,853.2,7.9,0.71444
2020-05-14 10:11:00,5,135,10,970.5,8.96,0.80047
2020-05-14 11:11:00,5,135,11,877.3,10.02,0.72203
2020-05-14 12:11:00,5,135,12,919.6,10.55,0.75092
2020-05-14 13:11:00,5,135,13,911.5,11.61,0.74235
2020-05-14 14:11:00,5,135,14,858.2,12.15,0.70331
2020-05-14 15:11:00,5,135,15,660.0,12.15,0.54683
2020-05-14 16:11:00,5,135,16,427.2,12.15,0.34194
2020-05-14 17:11:00,5,135,17,192.9,12.15,0.11907
2020-05-14 18:11:00,5,135,18,59.9,12.15,0.03766
2020-05-14 19:11:00,5,135,19,23.0,11.61,0.00973
2020-05-14 20:11:00,5,135,20,0.0,9.49,0.0
2020-05-14 21:11:00,5,135,21,0.0,8.43,0.0
2020-05-14 22:11:00,5,135,22,0.0,7.37,0.0
2020-05-14 23:11:00,5,135,23,0.0,6.84,0.0
2020-05-15 00:11:00,5,136,0,0.0,6.31,0.0
2020-05-15 01:11:00,5,136,1,0.0,5.78,0.0
2020-05-15 02:11:00,5,136,2,0.0,5.25,0.0
2020-05-15 03:11:00,5,136,3,0.0,4.72,0.0
2020-05-15 04:11:00,5,136,4,0.0,4.72,0.0
2020-05-15 05:11:00,5,136,5,33.6,5.25,0.01788
2020-05-15 06:11:00,5,136,6,176.4,6.31,0.1163
2020-05-15 07:11:00,5,136,7,408.3,8.43,0.33395
2020-05-15 08:11:00,5,136,8,624.2,10.02,0.52327
2020-05-15 09:11:00,5,136,9,570.5,11.61,0.47493
2020-05-15 10:11:00,5,136,10,324.2,12.68,0.26409
2020-05-15 11:11:00,5,136,11,384.3,13.74,0.31381
2020-05-15 12:11:00,5,136,12,261.5,14.27,0.20887
2020-05-15 13:11:00,5,136,13,376.0,14.8,0.30642
2020-05-15 14:11:00,5,136,14,572.8,15.33,0.46994
2020-05-15 15:11:00,5,136,15,556.1,15.33,0.45582
2020-05-15 16:11:00,5,136,16,400.8,15.33,0.31819
2020-05-15 17:11:00,5,136,17,194.6,14.27,0.1255
2020-05-15 18:11:00,5,136,18,51.7,13.21,0.03093
2020-05-15 19:11:00,5,136,19,22.2,12.15,0.00915
2020-05-15 20:11:00,5,136,20,0.0,10.55,0.0
2020-05-15 21:11:00,5,136,21,0.0,8.96,0.0
2020-05-15 22:11:00,5,136,22,0.0,7.9,0.0
2020-05-15 23:11:00,5,136,23,0.0,7.37,0.0
2020-05-16 00:11:00,5,137,0,0.0,6.84,0.0
2020-05-16 01:11:00,5,137,1,0.0,6.31,0.0
2020-05-16 02:11:00,5,137,2,0.0,5.78,0.0
2020-05-16 03:11:00,5,137,3,0.0,5.78,0.0
2020-05-16 04:11:00,5,137,4,0.0,5.78,0.0
2020-05-16 05:11:00,5,137,5,6.6,5.78,0.00038
2020-05-16 06:11:00,5,137,6,23.2,7.37,0.01012
2020-05-16 07:11:00,5,137,7,151.2,8.43,0.11678
2020-05-16 08:11:00,5,137,8,309.4,10.02,0.25517
2020-05-16 09:11:00,5,137,9,578.6,11.61,0.48435
2020-05-16 10:11:00,5,137,10,609.9,12.68,0.50785
2020-05-16 11:11:00,5,137,11,509.5,13.21,0.42221
2020-05-16 12:11:00,5,137,12,517.4,13.74,0.42764
2020-05-16 13:11:00,5,137,13,481.4,13.74,0.39764
2020-05-16 14:11:00,5,137,14,607.6,14.27,0.50079
2020-05-16 15:11:00,5,137,15,564.2,14.8,0.46328
2020-05-16 16:11:00,5,137,16,288.8,14.8,0.2299
2020-05-16 17:11:00,5,137,17,190.1,14.8,0.13677
2020-05-16 18:11:00,5,137,18,68.1,14.27,0.04384
2020-05-16 19:11:00,5,137,19,25.4,13.74,0.01127
2020-05-16 20:11:00,5,137,20,0.0,12.15,0.0
2020-05-16 21:11:00,5,137,21,0.0,10.02,0.0
2020-05-16 22:11:00,5,137,22,0.0,8.96,0.0
2020-05-16 23:11:00,5,137,23,0.0,7.9,0.0
2020-05-17 00:11:00,5,138,0,0.0,7.9,0.0
2020-05-17 01:11:00,5,138,1,0.0,7.9,0.0
2020-05-17 02:11:00,5,138,2,0.0,7.9,0.0
2020-05-17 03:11:00,5,138,3,0.0,5.78,0.0
2020-05-17 04:11:00,5,138,4,0.0,4.72,0.0
2020-05-17 05:11:00,5,138,5,7.4,5.25,0.00074
2020-05-17 06:11:00,5,138,6,86.8,7.9,0.06058
2020-05-17 07:11:00,5,138,7,109.8,10.02,0.08006
2020-05-17 08:11:00,5,138,8,257.3,12.15,0.2072
2020-05-17 09:11:00,5,138,9,688.1,13.74,0.56481
2020-05-17 10:11:00,5,138,10,736.4,14.8,0.59852
2020-05-17 11:11:00,5,138,11,1024.8,15.86,0.81345
2020-05-17 12:11:00,5,138,12,738.1,16.92,0.59776
2020-05-17 13:11:00,5,138,13,429.2,16.92,0.34919
2020-05-17 14:11:00,5,138,14,457.6,16.39,0.37435
2020-05-17 15:11:00,5,138,15,534.4,16.39,0.43797
2020-05-17 16:11:00,5,138,16,347.8,16.39,0.27604
2020-05-17 17:11:00,5,138,17,192.3,16.39,0.13111
2020-05-17 18:11:00,5,138,18,79.6,16.39,0.05273
2020-05-17 19:11:00,5,138,19,14.0,15.86,0.00392
2020-05-17 20:11:00,5,138,20,0.0,14.8,0.0
2020-05-17 21:11:00,5,138,21,0.0,13.21,0.0
2020-05-17 22:11:00,5,138,22,0.0,12.15,0.0
2020-05-17 23:11:00,5,138,23,0.0,11.61,0.0
2020-05-18 00:11:00,5,139,0,0.0,10.55,0.0
2020-05-18 01:11:00,5,139,1,0.0,9.49,0.0
2020-05-18 02:11:00,5,139,2,0.0,8.96,0.0
2020-05-18 03:11:00,5,139,3,0.0,8.43,0.0
2020-05-18 04:11:00,5,139,4,0.0,7.9,0.0
2020-05-18 05:11:00,5,139,5,14.8,7.9,0.00462
2020-05-18 06:11:00,5,139,6,171.4,8.43,0.11322
2020-05-18 07:11:00,5,139,7,384.4,10.55,0.31224
2020-05-18 08:11:00,5,139,8,575.6,12.15,0.48114
2020-05-18 09:11:00,5,139,9,734.8,14.27,0.60619
2020-05-18 10:11:00,5,139,10,941.6,15.86,0.76078
2020-05-18 11:11:00,5,139,11,1028.4,17.45,0.8186
2020-05-18 12:11:00,5,139,12,956.0,18.51,0.76475
2020-05-18 13:11:00,5,139,13,937.5,19.57,0.74994
2020-05-18 14:11:00,5,139,14,729.0,19.57,0.58914
2020-05-18 15:11:00,5,139,15,351.5,19.04,0.28126
2020-05-18 16:11:00,5,139,16,200.0,18.51,0.153
2020-05-18 17:11:00,5,139,17,127.8,18.51,0.09162
2020-05-18 18:11:00,5,139,18,37.8,17.98,0.01968
2020-05-18 19:11:00,5,139,19,6.6,16.39,0.00031
2020-05-18 20:11:00,5,139,20,0.0,14.8,0.0
2020-05-18 21:11:00,5,139,21,0.0,13.74,0.0
2020-05-18 22:11:00,5,139,22,0.0,12.68,0.0
2020-05-18 23:11:00,5,139,23,0.0,12.15,0.0
2020-05-19 00:11:00,5,140,0,0.0,11.61,0.0
2020-05-19 01:11:00,5,140,1,0.0,11.09,0.0
2020-05-19 02:11:00,5,140,2,0.0,10.55,0.0
2020-05-19 03:11:00,5,140,3,0.0,10.55,0.0
2020-05-19 04:11:00,5,140,4,0.0,10.55,0.0
2020-05-19 05:11:00,5,140,5,38.6,11.09,0.02102
2020-05-19 06:11:00,5,140,6,139.2,11.61,0.09843
2020-05-19 07:11:00,5,140,7,350.4,13.21,0.28148
2020-05-19 08:11:00,5,140,8,597.1,14.27,0.49253
2020-05-19 09:11:00,5,140,9,807.7,15.86,0.65576
2020-05-19 10:11:00,5,140,10,937.3,17.45,0.74431
2020-05-19 11:11:00,5,140,11,1041.5,18.51,0.81166
2020-05-19 12:11:00,5,140,12,1049.5,19.57,0.81149
2020-05-19 13:11:00,5,140,13,966.9,20.63,0.75018
2020-05-19 14:11:00,5,140,14,823.6,21.16,0.64482
2020-05-19 15:11:00,5,140,15,627.4,21.69,0.49444
2020-05-19 16:11:00,5,140,16,410.5,21.69,0.3125
2020-05-19 17:11:00,5,140,17,189.5,21.69,0.11279
2020-05-19 18:11:00,5,140,18,54.2,21.16,0.03151
2020-05-19 19:11:00,5,140,19,26.3,20.1,0.01142
2020-05-19 20:11:00,5,140,20,0.0,18.51,0.0
2020-05-19 21:11:00,5,140,21,0.0,16.92,0.0
2020-05-19 22:11:00,5,140,22,0.0,15.33,0.0
2020-05-19 23:11:00,5,140,23,0.0,13.21,0.0
2020-05-20 00:11:00,5,141,0,0.0,12.68,0.0
2020-05-20 01:11:00,5,141,1,0.0,12.15,0.0
2020-05-20 02:11:00,5,141,2,0.0,12.15,0.0
2020-05-20 03:11:00,5,141,3,0.0,11.61,0.0
2020-05-20 04:11:00,5,141,4,0.0,11.09,0.0
2020-05-20 05:11:00,5,141,5,36.1,11.09,0.01913
2020-05-20 06:11:00,5,141,6,175.8,12.15,0.11404
2020-05-20 07:11:00,5,141,7,403.9,14.8,0.31445
2020-05-20 08:11:00,5,141,8,611.2,17.45,0.48342
2020-05-20 09:11:00,5,141,9,824.5,18.51,0.64491
2020-05-20 10:11:00,5,141,10,967.9,20.1,0.7459
2020-05-20 11:11:00,5,141,11,1050.0,21.69,0.80098
2020-05-20 12:11:00,5,141,12,1064.3,22.75,0.8105
2020-05-20 13:11:00,5,141,13,974.2,23.28,0.7494
2020-05-20 14:11:00,5,141,14,835.3,23.81,0.65029
2020-05-20 15:11:00,5,141,15,640.8,24.34,0.50169
2020-05-20 16:11:00,5,141,16,420.3,24.34,0.3173
2020-05-20 17:11:00,5,141,17,192.7,24.34,0.11176
2020-05-20 18:11:00,5,141,18,54.2,23.28,0.03119
2020-05-20 19:11:00,5,141,19,26.3,21.69,0.01132
2020-05-20 20:11:00,5,141,20,0.0,19.57,0.0
2020-05-20 21:11:00,5,141,21,0.0,17.98,0.0
2020-05-20 22:11:00,5,141,22,0.0,16.39,0.0
2020-05-20 23:11:00,5,141,23,0.0,15.33,0.0
2020-05-21 00:11:00,5,142,0,0.0,14.27,0.0
2020-05-21 01:11:00,5,142,1,0.0,13.21,0.0
2020-05-21 02:11:00,5,142,2,0.0,12.15,0.0
2020-05-21 03:11:00,5,142,3,0.0,11.09,0.0
2020-05-21 04:11:00,5,142,4,0.0,10.55,0.0
2020-05-21 05:11:00,5,142,5,39.4,10.55,0.0217
2020-05-21 06:11:00,5,142,6,19.6,12.15,0.00749
2020-05-21 07:11:00,5,142,7,404.1,14.27,0.31976
2020-05-21 08:11:00,5,142,8,627.9,15.86,0.51045
2020-05-21 09:11:00,5,142,9,841.4,17.45,0.67386
2020-05-21 10:11:00,5,142,10,986.4,18.51,0.77914
2020-05-21 11:11:00,5,142,11,1051.1,19.57,0.81868
2020-05-21 12:11:00,5,142,12,1008.0,20.63,0.78287
2020-05-21 13:11:00,5,142,13,964.7,21.16,0.7467
2020-05-21 14:11:00,5,142,14,842.6,21.16,0.65318
2020-05-21 15:11:00,5,142,15,563.6,21.69,0.43581
2020-05-21 16:11:00,5,142,16,369.3,21.69,0.27935
2020-05-21 17:11:00,5,142,17,198.7,21.69,0.13681
2020-05-21 18:11:00,5,142,18,43.5,21.69,0.02344
2020-05-21 19:11:00,5,142,19,20.5,20.1,0.00769
2020-05-21 20:11:00,5,142,20,0.0,19.04,0.0
2020-05-21 21:11:00,5,142,21,0.0,18.51,0.0
2020-05-21 22:11:00,5,142,22,0.0,18.51,0.0
2020-05-21 23:11:00,5,142,23,0.0,17.98,0.0
2020-05-22 00:11:00,5,143,0,0.0,17.45,0.0
2020-05-22 01:11:00,5,143,1,0.0,17.45,0.0
2020-05-22 02:11:00,5,143,2,0.0,17.45,0.0
2020-05-22 03:11:00,5,143,3,0.0,16.92,0.0
2020-05-22 04:11:00,5,143,4,0.0,16.39,0.0
2020-05-22 05:11:00,5,143,5,7.4,15.33,0.00065
2020-05-22 06:11:00,5,143,6,37.5,15.33,0.01977
2020-05-22 07:11:00,5,143,7,122.4,14.8,0.08937
2020-05-22 08:11:00,5,143,8,494.1,14.8,0.41141
2020-05-22 09:11:00,5,143,9,655.4,15.33,0.54728
2020-05-22 10:11:00,5,143,10,879.7,16.39,0.72782
2020-05-22 11:11:00,5,143,11,857.6,17.45,0.70675
2020-05-22 12:11:00,5,143,12,966.9,17.98,0.7933
2020-05-22 13:11:00,5,143,13,815.4,18.51,0.67229
2020-05-22 14:11:00,5,143,14,655.0,18.51,0.5422
2020-05-22 15:11:00,5,143,15,572.3,17.98,0.47382
2020-05-22 16:11:00,5,143,16,339.4,17.45,0.27134
2020-05-22 17:11:00,5,143,17,201.7,16.92,0.14311
2020-05-22 18:11:00,5,143,18,89.5,15.86,0.0612
2020-05-22 19:11:00,5,143,19,31.2,14.27,0.01528
2020-05-22 20:11:00,5,143,20,0.0,13.21,0.0
2020-05-22 21:11:00,5,143,21,0.0,12.68,0.0
2020-05-22 22:11:00,5,143,22,0.0,11.61,0.0
2020-05-22 23:11:00,5,143,23,0.0,11.09,0.0
2020-05-23 00:11:00,5,144,0,0.0,10.55,0.0
2020-05-23 01:11:00,5,144,1,0.0,10.55,0.0
2020-05-23 02:11:00,5,144,2,0.0,10.02,0.0
2020-05-23 03:11:00,5,144,3,0.0,10.02,0.0
2020-05-23 04:11:00,5,144,4,0.0,9.49,0.0
2020-05-23 05:11:00,5,144,5,36.1,10.02,0.0193
2020-05-23 06:11:00,5,144,6,144.0,10.55,0.10395
2020-05-23 07:11:00,5,144,7,198.4,12.15,0.1566
2020-05-23 08:11:00,5,144,8,106.2,13.21,0.07628
2020-05-23 09:11:00,5,144,9,598.6,14.27,0.50485
2020-05-23 10:11:00,5,144,10,924.3,15.33,0.77051
2020-05-23 11:11:00,5,144,11,621.8,15.86,0.51896
2020-05-23 12:11:00,5,144,12,994.1,16.39,0.82042
2020-05-23 13:11:00,5,144,13,671.9,16.39,0.5598
2020-05-23 14:11:00,5,144,14,202.6,16.39,0.15795
2020-05-23 15:11:00,5,144,15,449.8,16.39,0.37203
2020-05-23 16:11:00,5,144,16,222.4,16.39,0.17474
2020-05-23 17:11:00,5,144,17,97.3,15.86,0.06777
2020-05-23 18:11:00,5,144,18,90.3,15.33,0.06203
2020-05-23 19:11:00,5,144,19,27.9,13.74,0.01299
2020-05-23 20:11:00,5,144,20,0.0,13.21,0.0
2020-05-23 21:11:00,5,144,21,0.0,12.15,0.0
2020-05-23 22:11:00,5,144,22,0.0,11.61,0.0
2020-05-23 23:11:00,5,144,23,0.0,11.09,0.0
2020-05-24 00:11:00,5,145,0,0.0,10.55,0.0
2020-05-24 01:11:00,5,145,1,0.0,10.55,0.0
2020-05-24 02:11:00,5,145,2,0.0,10.55,0.0
2020-05-24 03:11:00,5,145,3,0.0,10.55,0.0
2020-05-24 04:11:00,5,145,4,0.0,10.55,0.0
2020-05-24 05:11:00,5,145,5,47.6,10.55,0.02811
2020-05-24 06:11:00,5,145,6,154.1,11.61,0.10884
2020-05-24 07:11:00,5,145,7,359.8,13.21,0.29176
2020-05-24 08:11:00,5,145,8,503.2,14.27,0.42116
2020-05-24 09:11:00,5,145,9,430.6,15.33,0.35655
2020-05-24 10:11:00,5,145,10,414.2,16.39,0.33975
2020-05-24 11:11:00,5,145,11,575.5,16.92,0.47371
2020-05-24 12:11:00,5,145,12,707.5,17.98,0.57799
2020-05-24 13:11:00,5,145,13,681.2,18.51,0.55536
2020-05-24 14:11:00,5,145,14,597.0,18.51,0.48713
2020-05-24 15:11:00,5,145,15,577.7,18.51,0.47009
2020-05-24 16:11:00,5,145,16,274.0,18.51,0.21454
2020-05-24 17:11:00,5,145,17,199.9,18.51,0.13355
2020-05-24 18:11:00,5,145,18,80.4,18.51,0.05282
2020-05-24 19:11:00,5,145,19,32.8,17.45,0.01616
2020-05-24 20:11:00,5,145,20,0.0,15.86,0.0
2020-05-24 21:11:00,5,145,21,0.0,14.27,0.0
2020-05-24 22:11:00,5,145,22,0.0,12.68,0.0
2020-05-24 23:11:00,5,145,23,0.0,11.61,0.0
2020-05-25 00:11:00,5,146,0,0.0,10.55,0.0
2020-05-25 01:11:00,5,146,1,0.0,9.49,0.0
2020-05-25 02:11:00,5,146,2,0.0,8.43,0.0
2020-05-25 03:11:00,5,146,3,0.0,7.9,0.0
2020-05-25 04:11:00,5,146,4,0.0,7.37,0.0
2020-05-25 05:11:00,5,146,5,36.1,7.37,0.01953
2020-05-25 06:11:00,5,146,6,187.0,9.49,0.11996
2020-05-25 07:11:00,5,146,7,410.7,12.15,0.32518
2020-05-25 08:11:00,5,146,8,639.4,14.27,0.51426
2020-05-25 09:11:00,5,146,9,839.9,16.39,0.66565
2020-05-25 10:11:00,5,146,10,988.5,17.98,0.77006
2020-05-25 11:11:00,5,146,11,1066.2,19.04,0.82291
2020-05-25 12:11:00,5,146,12,1062.7,20.1,0.82148
2020-05-25 13:11:00,5,146,13,990.2,20.63,0.77318
2020-05-25 14:11:00,5,146,14,846.7,21.16,0.66934
2020-05-25 15:11:00,5,146,15,646.5,21.69,0.51351
2020-05-25 16:11:00,5,146,16,402.5,21.69,0.3106
2020-05-25 17:11:00,5,146,17,204.8,21.16,0.12963
2020-05-25 18:11:00,5,146,18,92.8,20.63,0.06224
2020-05-25 19:11:00,5,146,19,30.4,19.57,0.01426
2020-05-25 20:11:00,5,146,20,0.0,17.98,0.0
2020-05-25 21:11:00,5,146,21,0.0,15.86,0.0
2020-05-25 22:11:00,5,146,22,0.0,14.8,0.0
2020-05-25 23:11:00,5,146,23,0.0,13.74,0.0
2020-05-26 00:11:00,5,147,0,0.0,12.68,0.0
2020-05-26 01:11:00,5,147,1,0.0,11.61,0.0
2020-05-26 02:11:00,5,147,2,0.0,10.55,0.0
2020-05-26 03:11:00,5,147,3,0.0,10.02,0.0
2020-05-26 04:11:00,5,147,4,0.0,10.02,0.0
2020-05-26 05:11:00,5,147,5,42.7,10.55,0.02421
2020-05-26 06:11:00,5,147,6,158.1,12.68,0.10953
2020-05-26 07:11:00,5,147,7,347.0,14.27,0.27493
2020-05-26 08:11:00,5,147,8,506.2,15.86,0.41039
2020-05-26 09:11:00,5,147,9,748.0,16.92,0.59636
2020-05-26 10:11:00,5,147,10,884.1,18.51,0.68678
2020-05-26 11:11:00,5,147,11,797.3,19.04,0.62395
2020-05-26 12:11:00,5,147,12,897.0,20.63,0.69116
2020-05-26 13:11:00,5,147,13,730.0,21.16,0.57163
2020-05-26 14:11:00,5,147,14,662.9,21.16,0.5225
2020-05-26 15:11:00,5,147,15,501.3,21.16,0.39619
2020-05-26 16:11:00,5,147,16,359.3,21.16,0.27664
2020-05-26 17:11:00,5,147,17,199.6,20.63,0.12768
2020-05-26 18:11:00,5,147,18,65.7,20.63,0.04051
2020-05-26 19:11:00,5,147,19,4.9,19.57,0.0
2020-05-26 20:11:00,5,147,20,0.0,18.51,0.0
2020-05-26 21:11:00,5,147,21,0.0,17.45,0.0
2020-05-26 22:11:00,5,147,22,0.0,15.86,0.0
2020-05-26 23:11:00,5,147,23,0.0,14.8,0.0
2020-05-27 00:11:00,5,148,0,0.0,14.27,0.0
2020-05-27 01:11:00,5,148,1,0.0,13.21,0.0
2020-05-27 02:11:00,5,148,2,0.0,13.21,0.0
2020-05-27 03:11:00,5,148,3,0.0,12.15,0.0
2020-05-27 04:11:00,5,148,4,0.0,12.15,0.0
2020-05-27 05:11:00,5,148,5,44.3,12.15,0.02528
2020-05-27 06:11:00,5,148,6,179.6,12.68,0.11601
2020-05-27 07:11:00,5,148,7,383.6,14.27,0.3032
2020-05-27 08:11:00,5,148,8,307.2,15.33,0.24598
2020-05-27 09:11:00,5,148,9,786.9,16.92,0.62653
2020-05-27 10:11:00,5,148,10,934.7,18.51,0.72473
2020-05-27 11:11:00,5,148,11,1020.8,19.57,0.7803
2020-05-27 12:11:00,5,148,12,1005.5,20.63,0.769
2020-05-27 13:11:00,5,148,13,938.2,21.16,0.72331
2020-05-27 14:11:00,5,148,14,807.7,21.69,0.62886
2020-05-27 15:11:00,5,148,15,626.2,22.22,0.49267
2020-05-27 16:11:00,5,148,16,404.0,22.22,0.30903
2020-05-27 17:11:00,5,148,17,202.6,22.22,0.13061
2020-05-27 18:11:00,5,148,18,87.8,21.69,0.05786
2020-05-27 19:11:00,5,148,19,28.7,20.1,0.01309
2020-05-27 20:11:00,5,148,20,0.0,18.51,0.0
2020-05-27 21:11:00,5,148,21,0.0,16.39,0.0
2020-05-27 22:11:00,5,148,22,0.0,15.33,0.0
2020-05-27 23:11:00,5,148,23,0.0,14.27,0.0
2020-05-28 00:11:00,5,149,0,0.0,13.74,0.0
2020-05-28 01:11:00,5,149,1,0.0,12.68,0.0
2020-05-28 02:11:00,5,149,2,0.0,12.15,0.0
2020-05-28 03:11:00,5,149,3,0.0,11.61,0.0
2020-05-28 04:11:00,5,149,4,0.0,11.09,0.0
2020-05-28 05:11:00,5,149,5,45.1,11.09,0.02606
2020-05-28 06:11:00,5,149,6,178.9,12.15,0.1175
2020-05-28 07:11:00,5,149,7,380.4,12.68,0.30494
2020-05-28 08:11:00,5,149,8,596.1,14.8,0.48766
2020-05-28 09:11:00,5,149,9,798.8,16.39,0.64088
2020-05-28 10:11:00,5,149,10,953.3,17.98,0.74677
2020-05-28 11:11:00,5,149,11,1016.9,19.04,0.78482
2020-05-28 12:11:00,5,149,12,1019.8,20.1,0.78417
2020-05-28 13:11:00,5,149,13,951.6,20.63,0.73682
2020-05-28 14:11:00,5,149,14,818.8,21.16,0.64081
2020-05-28 15:11:00,5,149,15,632.2,21.69,0.49849
2020-05-28 16:11:00,5,149,16,418.1,21.69,0.31962
2020-05-28 17:11:00,5,149,17,199.9,21.16,0.12191
2020-05-28 18:11:00,5,149,18,64.0,20.63,0.03926
2020-05-28 19:11:00,5,149,19,32.0,19.57,0.0154
2020-05-28 20:11:00,5,149,20,0.0,17.98,0.0
2020-05-28 21:11:00,5,149,21,0.0,16.39,0.0
2020-05-28 22:11:00,5,149,22,0.0,14.8,0.0
2020-05-28 23:11:00,5,149,23,0.0,13.74,0.0
2020-05-29 00:11:00,5,150,0,0.0,12.68,0.0
2020-05-29 01:11:00,5,150,1,0.0,11.61,0.0
2020-05-29 02:11:00,5,150,2,0.0,11.09,0.0
2020-05-29 03:11:00,5,150,3,0.0,10.55,0.0
2020-05-29 04:11:00,5,150,4,0.0,9.49,0.0
2020-05-29 05:11:00,5,150,5,38.6,10.02,0.02113
2020-05-29 06:11:00,5,150,6,184.4,11.61,0.11943
2020-05-29 07:11:00,5,150,7,407.2,13.21,0.32503
2020-05-29 08:11:00,5,150,8,624.4,15.33,0.50974
2020-05-29 09:11:00,5,150,9,829.8,17.45,0.66656
2020-05-29 10:11:00,5,150,10,972.8,18.51,0.76992
2020-05-29 11:11:00,5,150,11,1043.0,19.57,0.81515
2020-05-29 12:11:00,5,150,12,1028.8,20.63,0.79987
2020-05-29 13:11:00,5,150,13,976.0,21.69,0.75993
2020-05-29 14:11:00,5,150,14,836.2,21.69,0.6591
2020-05-29 15:11:00,5,150,15,645.8,22.22,0.51136
2020-05-29 16:11:00,5,150,16,428.9,22.22,0.32836
2020-05-29 17:11:00,5,150,17,204.1,21.69,0.12408
2020-05-29 18:11:00,5,150,18,59.1,21.16,0.03534
2020-05-29 19:11:00,5,150,19,31.2,20.1,0.01479
2020-05-29 20:11:00,5,150,20,0.0,18.51,0.0
2020-05-29 21:11:00,5,150,21,0.0,16.39,0.0
2020-05-29 22:11:00,5,150,22,0.0,15.33,0.0
2020-05-29 23:11:00,5,150,23,0.0,13.74,0.0
2020-05-30 00:11:00,5,151,0,0.0,12.68,0.0
2020-05-30 01:11:00,5,151,1,0.0,11.61,0.0
2020-05-30 02:11:00,5,151,2,0.0,10.55,0.0
2020-05-30 03:11:00,5,151,3,0.0,9.49,0.0
2020-05-30 04:11:00,5,151,4,0.0,8.96,0.0
2020-05-30 05:11:00,5,151,5,39.4,8.96,0.02188
2020-05-30 06:11:00,5,151,6,184.0,10.55,0.11926
2020-05-30 07:11:00,5,151,7,402.1,12.15,0.32332
2020-05-30 08:11:00,5,151,8,620.4,14.27,0.51122
2020-05-30 09:11:00,5,151,9,824.2,16.92,0.66588
2020-05-30 10:11:00,5,151,10,965.8,18.51,0.76443
2020-05-30 11:11:00,5,151,11,1036.1,20.1,0.80762
2020-05-30 12:11:00,5,151,12,1027.2,21.69,0.79606
2020-05-30 13:11:00,5,151,13,964.9,22.75,0.74861
2020-05-30 14:11:00,5,151,14,826.2,23.28,0.64744
2020-05-30 15:11:00,5,151,15,641.7,23.28,0.50689
2020-05-30 16:11:00,5,151,16,426.7,23.28,0.3258
2020-05-30 17:11:00,5,151,17,205.2,22.75,0.12641
2020-05-30 18:11:00,5,151,18,69.8,21.69,0.04358
2020-05-30 19:11:00,5,151,19,35.3,20.63,0.01764
2020-05-30 20:11:00,5,151,20,0.0,18.51,0.0
2020-05-30 21:11:00,5,151,21,0.0,17.45,0.0
2020-05-30 22:11:00,5,151,22,0.0,15.86,0.0
2020-05-30 23:11:00,5,151,23,0.0,14.8,0.0
2020-05-31 00:11:00,5,152,0,0.0,13.74,0.0
2020-05-31 01:11:00,5,152,1,0.0,12.68,0.0
2020-05-31 02:11:00,5,152,2,0.0,11.61,0.0
2020-05-31 03:11:00,5,152,3,0.0,11.09,0.0
2020-05-31 04:11:00,5,152,4,0.0,10.55,0.0
2020-05-31 05:11:00,5,152,5,44.3,11.09,0.02544
2020-05-31 06:11:00,5,152,6,183.4,12.68,0.11878
2020-05-31 07:11:00,5,152,7,397.3,13.74,0.31858
2020-05-31 08:11:00,5,152,8,615.0,16.39,0.50405
2020-05-31 09:11:00,5,152,9,806.8,18.51,0.64958
2020-05-31 10:11:00,5,152,10,962.3,20.1,0.7575
2020-05-31 11:11:00,5,152,11,1014.2,21.69,0.78909
2020-05-31 12:11:00,5,152,12,909.9,23.28,0.70873
2020-05-31 13:11:00,5,152,13,810.1,23.28,0.63546
2020-05-31 14:11:00,5,152,14,750.1,23.28,0.59208
2020-05-31 15:11:00,5,152,15,530.6,23.28,0.42037
2020-05-31 16:11:00,5,152,16,391.2,22.75,0.30215
2020-05-31 17:11:00,5,152,17,210.5,22.22,0.13807
2020-05-31 18:11:00,5,152,18,73.0,21.16,0.04631
2020-05-31 19:11:00,5,152,19,32.8,20.1,0.01594
2020-05-31 20:11:00,5,152,20,0.0,18.51,0.0
2020-05-31 21:11:00,5,152,21,0.0,16.92,0.0
2020-05-31 22:11:00,5,152,22,0.0,15.33,0.0
2020-05-31 23:11:00,5,152,23,0.0,14.27,0.0
2020-06-01 00:11:00,6,153,0,0.0,13.21,0.0
2020-06-01 01:11:00,6,153,1,0.0,12.15,0.0
2020-06-01 02:11:00,6,153,2,0.0,11.61,0.0
2020-06-01 03:11:00,6,153,3,0.0,10.55,0.0
2020-06-01 04:11:00,6,153,4,0.0,10.55,0.0
2020-06-01 05:11:00,6,153,5,39.4,10.55,0.02171
2020-06-01 06:11:00,6,153,6,185.2,12.15,0.11798
2020-06-01 07:11:00,6,153,7,401.2,14.27,0.31978
2020-06-01 08:11:00,6,153,8,619.2,16.39,0.50553
2020-06-01 09:11:00,6,153,9,807.8,17.98,0.65096
2020-06-01 10:11:00,6,153,10,964.2,19.57,0.76047
2020-06-01 11:11:00,6,153,11,887.2,20.63,0.69595
2020-06-01 12:11:00,6,153,12,824.5,22.22,0.6436
2020-06-01 13:11:00,6,153,13,825.5,22.75,0.64313
2020-06-01 14:11:00,6,153,14,641.9,23.81,0.50298
2020-06-01 15:11:00,6,153,15,598.7,23.81,0.47
2020-06-01 16:11:00,6,153,16,427.1,23.81,0.32472
2020-06-01 17:11:00,6,153,17,208.9,23.28,0.14521
2020-06-01 18:11:00,6,153,18,95.2,22.22,0.06379
2020-06-01 19:11:00,6,153,19,37.8,20.63,0.01941
2020-06-01 20:11:00,6,153,20,0.0,18.51,0.0
2020-06-01 21:11:00,6,153,21,0.0,17.45,0.0
2020-06-01 22:11:00,6,153,22,0.0,15.86,0.0
2020-06-01 23:11:00,6,153,23,0.0,14.27,0.0
2020-06-02 00:11:00,6,154,0,0.0,13.21,0.0
2020-06-02 01:11:00,6,154,1,0.0,12.15,0.0
2020-06-02 02:11:00,6,154,2,0.0,11.09,0.0
2020-06-02 03:11:00,6,154,3,0.0,10.02,0.0
2020-06-02 04:11:00,6,154,4,0.0,9.49,0.0
2020-06-02 05:11:00,6,154,5,55.8,9.49,0.03478
2020-06-02 06:11:00,6,154,6,186.3,11.09,0.12028
2020-06-02 07:11:00,6,154,7,394.2,13.21,0.31359
2020-06-02 08:11:00,6,154,8,616.0,15.33,0.49884
2020-06-02 09:11:00,6,154,9,802.5,17.45,0.63765
2020-06-02 10:11:00,6,154,10,850.0,18.51,0.6691
2020-06-02 11:11:00,6,154,11,890.8,19.57,0.69492
2020-06-02 12:11:00,6,154,12,903.9,20.63,0.69917
2020-06-02 13:11:00,6,154,13,975.7,21.69,0.74615
2020-06-02 14:11:00,6,154,14,836.6,22.22,0.64814
2020-06-02 15:11:00,6,154,15,648.2,22.75,0.50713
2020-06-02 16:11:00,6,154,16,431.5,22.75,0.32821
2020-06-02 17:11:00,6,154,17,209.5,22.75,0.12911
2020-06-02 18:11:00,6,154,18,69.8,22.22,0.0434
2020-06-02 19:11:00,6,154,19,35.3,21.69,0.01752
2020-06-02 20:11:00,6,154,20,0.0,20.1,0.0
2020-06-02 21:11:00,6,154,21,0.0,18.51,0.0
2020-06-02 22:11:00,6,154,22,0.0,17.45,0.0
2020-06-02 23:11:00,6,154,23,0.0,16.92,0.0
2020-06-03 00:11:00,6,155,0,0.0,16.39,0.0
2020-06-03 01:11:00,6,155,1,0.0,15.33,0.0
2020-06-03 02:11:00,6,155,2,0.0,15.33,0.0
2020-06-03 03:11:00,6,155,3,0.0,14.27,0.0
2020-06-03 04:11:00,6,155,4,0.0,13.74,0.0
2020-06-03 05:11:00,6,155,5,9.0,13.74,0.00139
2020-06-03 06:11:00,6,155,6,39.3,13.74,0.02125
2020-06-03 07:11:00,6,155,7,116.9,13.74,0.08483
2020-06-03 08:11:00,6,155,8,255.5,14.27,0.20409
2020-06-03 09:11:00,6,155,9,226.9,14.27,0.17934
2020-06-03 10:11:00,6,155,10,184.8,14.8,0.14273
2020-06-03 11:11:00,6,155,11,262.3,15.33,0.20908
2020-06-03 12:11:00,6,155,12,241.9,15.86,0.19101
2020-06-03 13:11:00,6,155,13,180.3,15.33,0.1386
2020-06-03 14:11:00,6,155,14,146.4,14.8,0.10981
2020-06-03 15:11:00,6,155,15,85.7,14.27,0.05844
2020-06-03 16:11:00,6,155,16,90.2,13.74,0.06233
2020-06-03 17:11:00,6,155,17,53.6,13.21,0.03242
2020-06-03 18:11:00,6,155,18,24.6,12.15,0.01082
2020-06-03 19:11:00,6,155,19,6.6,11.61,0.00034
2020-06-03 20:11:00,6,155,20,0.0,11.09,0.0
2020-06-03 21:11:00,6,155,21,0.0,11.09,0.0
2020-06-03 22:11:00,6,155,22,0.0,10.55,0.0
2020-06-03 23:11:00,6,155,23,0.0,10.02,0.0
2020-06-04 00:11:00,6,156,0,0.0,9.49,0.0
2020-06-04 01:11:00,6,156,1,0.0,9.49,0.0
2020-06-04 02:11:00,6,156,2,0.0,8.96,0.0
2020-06-04 03:11:00,6,156,3,0.0,8.96,0.0
2020-06-04 04:11:00,6,156,4,0.0,8.96,0.0
2020-06-04 05:11:00,6,156,5,19.7,9.49,0.00765
2020-06-04 06:11:00,6,156,6,69.6,9.49,0.0462
2020-06-04 07:11:00,6,156,7,232.1,10.02,0.18648
2020-06-04 08:11:00,6,156,8,198.3,11.09,0.15709
2020-06-04 09:11:00,6,156,9,363.1,12.15,0.29964
2020-06-04 10:11:00,6,156,10,144.6,13.21,0.10893
2020-06-04 11:11:00,6,156,11,252.1,13.74,0.20154
2020-06-04 12:11:00,6,156,12,175.8,13.74,0.13568
2020-06-04 13:11:00,6,156,13,244.9,13.21,0.1961
2020-06-04 14:11:00,6,156,14,117.8,13.74,0.08577
2020-06-04 15:11:00,6,156,15,141.0,13.74,0.10573
2020-06-04 16:11:00,6,156,16,205.1,14.27,0.16072
2020-06-04 17:11:00,6,156,17,154.3,13.21,0.11656
2020-06-04 18:11:00,6,156,18,96.9,12.68,0.06829
2020-06-04 19:11:00,6,156,19,9.8,11.61,0.00182
2020-06-04 20:11:00,6,156,20,0.0,11.09,0.0
2020-06-04 21:11:00,6,156,21,0.0,10.55,0.0
2020-06-04 22:11:00,6,156,22,0.0,10.02,0.0
2020-06-04 23:11:00,6,156,23,0.0,9.49,0.0
2020-06-05 00:11:00,6,157,0,0.0,10.02,0.0
2020-06-05 01:11:00,6,157,1,0.0,9.49,0.0
2020-06-05 02:11:00,6,157,2,0.0,8.96,0.0
2020-06-05 03:11:00,6,157,3,0.0,8.43,0.0
2020-06-05 04:11:00,6,157,4,0.0,7.9,0.0
2020-06-05 05:11:00,6,157,5,51.7,8.43,0.03171
2020-06-05 06:11:00,6,157,6,158.7,8.96,0.11592
2020-06-05 07:11:00,6,157,7,200.2,9.49,0.16004
2020-06-05 08:11:00,6,157,8,204.9,10.02,0.1644
2020-06-05 09:11:00,6,157,9,543.3,11.09,0.46047
2020-06-05 10:11:00,6,157,10,569.7,11.61,0.4816
2020-06-05 11:11:00,6,157,11,464.5,12.15,0.3903
2020-06-05 12:11:00,6,157,12,924.9,13.21,0.77194
2020-06-05 13:11:00,6,157,13,937.1,13.74,0.78174
2020-06-05 14:11:00,6,157,14,735.5,13.74,0.61865
2020-06-05 15:11:00,6,157,15,593.4,13.74,0.49826
2020-06-05 16:11:00,6,157,16,434.0,13.21,0.35187
2020-06-05 17:11:00,6,157,17,217.8,12.68,0.15734
2020-06-05 18:11:00,6,157,18,86.2,12.15,0.0595
2020-06-05 19:11:00,6,157,19,35.3,11.09,0.01857
2020-06-05 20:11:00,6,157,20,0.0,10.55,0.0
2020-06-05 21:11:00,6,157,21,0.0,9.49,0.0
2020-06-05 22:11:00,6,157,22,0.0,8.96,0.0
2020-06-05 23:11:00,6,157,23,0.0,7.9,0.0
2020-06-06 00:11:00,6,158,0,0.0,7.9,0.0
2020-06-06 01:11:00,6,158,1,0.0,7.37,0.0
2020-06-06 02:11:00,6,158,2,0.0,7.37,0.0
2020-06-06 03:11:00,6,158,3,0.0,6.84,0.0
2020-06-06 04:11:00,6,158,4,0.0,6.84,0.0
2020-06-06 05:11:00,6,158,5,53.4,7.37,0.03323
2020-06-06 06:11:00,6,158,6,124.0,7.9,0.09185
2020-06-06 07:11:00,6,158,7,136.6,8.96,0.10466
2020-06-06 08:11:00,6,158,8,240.7,8.96,0.19796
2020-06-06 09:11:00,6,158,9,250.3,8.96,0.20565
2020-06-06 10:11:00,6,158,10,336.8,9.49,0.28198
2020-06-06 11:11:00,6,158,11,169.6,10.02,0.13298
2020-06-06 12:11:00,6,158,12,766.3,12.15,0.64286
2020-06-06 13:11:00,6,158,13,466.0,13.74,0.3879
2020-06-06 14:11:00,6,158,14,243.2,15.33,0.19349
2020-06-06 15:11:00,6,158,15,289.6,15.86,0.23314
2020-06-06 16:11:00,6,158,16,91.9,15.86,0.0632
2020-06-06 17:11:00,6,158,17,214.6,14.27,0.14323
2020-06-06 18:11:00,6,158,18,57.5,13.21,0.03552
2020-06-06 19:11:00,6,158,19,16.4,12.68,0.00546
2020-06-06 20:11:00,6,158,20,0.0,12.15,0.0
2020-06-06 21:11:00,6,158,21,0.0,11.09,0.0
2020-06-06 22:11:00,6,158,22,0.0,10.02,0.0
2020-06-06 23:11:00,6,158,23,0.0,9.49,0.0
2020-06-07 00:11:00,6,159,0,0.0,8.43,0.0
2020-06-07 01:11:00,6,159,1,0.0,7.9,0.0
2020-06-07 02:11:00,6,159,2,0.0,7.9,0.0
2020-06-07 03:11:00,6,159,3,0.0,7.9,0.0
2020-06-07 04:11:00,6,159,4,0.0,7.9,0.0
2020-06-07 05:11:00,6,159,5,55.0,8.43,0.03432
2020-06-07 06:11:00,6,159,6,151.5,9.49,0.11014
2020-06-07 07:11:00,6,159,7,328.3,11.61,0.26587
2020-06-07 08:11:00,6,159,8,440.9,12.68,0.36657
2020-06-07 09:11:00,6,159,9,232.2,13.74,0.18457
2020-06-07 10:11:00,6,159,10,278.2,13.74,0.22409
2020-06-07 11:11:00,6,159,11,304.5,13.74,0.24654
2020-06-07 12:11:00,6,159,12,179.4,13.21,0.13886
2020-06-07 13:11:00,6,159,13,244.9,13.21,0.19536
2020-06-07 14:11:00,6,159,14,193.7,13.21,0.15108
2020-06-07 15:11:00,6,159,15,166.9,13.74,0.12756
2020-06-07 16:11:00,6,159,16,276.0,14.27,0.21975
2020-06-07 17:11:00,6,159,17,148.2,14.27,0.11057
2020-06-07 18:11:00,6,159,18,102.6,13.74,0.07265
2020-06-07 19:11:00,6,159,19,23.0,12.68,0.00967
2020-06-07 20:11:00,6,159,20,0.0,11.61,0.0
2020-06-07 21:11:00,6,159,21,0.0,11.09,0.0
2020-06-07 22:11:00,6,159,22,0.0,10.02,0.0
2020-06-07 23:11:00,6,159,23,0.0,9.49,0.0
2020-06-08 00:11:00,6,160,0,0.0,8.96,0.0
2020-06-08 01:11:00,6,160,1,0.0,8.43,0.0
2020-06-08 02:11:00,6,160,2,0.0,7.9,0.0
2020-06-08 03:11:00,6,160,3,0.0,7.9,0.0
2020-06-08 04:11:00,6,160,4,0.0,7.9,0.0
2020-06-08 05:11:00,6,160,5,33.6,7.9,0.01763
2020-06-08 06:11:00,6,160,6,82.1,8.43,0.05696
2020-06-08 07:11:00,6,160,7,194.3,9.49,0.1537
2020-06-08 08:11:00,6,160,8,293.2,10.02,0.24034
2020-06-08 09:11:00,6,160,9,378.3,11.61,0.31153
2020-06-08 10:11:00,6,160,10,376.7,12.68,0.30827
2020-06-08 11:11:00,6,160,11,362.7,12.68,0.29586
2020-06-08 12:11:00,6,160,12,430.1,13.21,0.35168
2020-06-08 13:11:00,6,160,13,703.0,13.74,0.57151
2020-06-08 14:11:00,6,160,14,338.0,13.74,0.27415
2020-06-08 15:11:00,6,160,15,219.8,13.74,0.17314
2020-06-08 16:11:00,6,160,16,341.5,14.27,0.27301
2020-06-08 17:11:00,6,160,17,187.3,14.27,0.14134
2020-06-08 18:11:00,6,160,18,82.1,13.74,0.05544
2020-06-08 19:11:00,6,160,19,44.3,13.74,0.02508
2020-06-08 20:11:00,6,160,20,0.0,13.21,0.0
2020-06-08 21:11:00,6,160,21,0.0,12.15,0.0
2020-06-08 22:11:00,6,160,22,0.0,11.61,0.0
2020-06-08 23:11:00,6,160,23,0.0,11.09,0.0
2020-06-09 00:11:00,6,161,0,0.0,10.55,0.0
2020-06-09 01:11:00,6,161,1,0.0,10.55,0.0
2020-06-09 02:11:00,6,161,2,0.0,10.02,0.0
2020-06-09 03:11:00,6,161,3,0.0,10.02,0.0
2020-06-09 04:11:00,6,161,4,0.0,9.49,0.0
2020-06-09 05:11:00,6,161,5,53.4,9.49,0.0328
2020-06-09 06:11:00,6,161,6,123.9,10.02,0.09038
2020-06-09 07:11:00,6,161,7,229.3,10.55,0.18268
2020-06-09 08:11:00,6,161,8,252.5,12.15,0.20263
2020-06-09 09:11:00,6,161,9,382.5,12.68,0.31317
2020-06-09 10:11:00,6,161,10,760.8,14.27,0.61082
2020-06-09 11:11:00,6,161,11,453.1,15.33,0.36615
2020-06-09 12:11:00,6,161,12,314.5,15.86,0.25071
2020-06-09 13:11:00,6,161,13,438.4,16.39,0.35248
2020-06-09 14:11:00,6,161,14,326.2,16.92,0.25954
2020-06-09 15:11:00,6,161,15,313.0,16.92,0.24857
2020-06-09 16:11:00,6,161,16,331.2,16.39,0.26157
2020-06-09 17:11:00,6,161,17,218.7,16.39,0.15556
2020-06-09 18:11:00,6,161,18,59.1,15.86,0.03624
2020-06-09 19:11:00,6,161,19,38.6,16.39,0.0204
2020-06-09 20:11:00,6,161,20,0.0,15.33,0.0
2020-06-09 21:11:00,6,161,21,0.0,13.74,0.0
2020-06-09 22:11:00,6,161,22,0.0,13.21,0.0
2020-06-09 23:11:00,6,161,23,0.0,12.68,0.0
2020-06-10 00:11:00,6,162,0,0.0,11.61,0.0
2020-06-10 01:11:00,6,162,1,0.0,11.61,0.0
2020-06-10 02:11:00,6,162,2,0.0,11.09,0.0
2020-06-10 03:11:00,6,162,3,0.0,10.55,0.0
2020-06-10 04:11:00,6,162,4,4.1,10.55,0.0
2020-06-10 05:11:00,6,162,5,53.4,10.55,0.03262
2020-06-10 06:11:00,6,162,6,58.9,10.55,0.0371
2020-06-10 07:11:00,6,162,7,102.6,11.09,0.07348
2020-06-10 08:11:00,6,162,8,203.0,12.15,0.15906
2020-06-10 09:11:00,6,162,9,339.4,13.21,0.27369
2020-06-10 10:11:00,6,162,10,386.4,14.27,0.31196
2020-06-10 11:11:00,6,162,11,280.5,14.27,0.22347
2020-06-10 12:11:00,6,162,12,237.4,14.8,0.18664
2020-06-10 13:11:00,6,162,13,100.0,15.33,0.06981
2020-06-10 14:11:00,6,162,14,168.7,15.33,0.12811
2020-06-10 15:11:00,6,162,15,276.5,15.86,0.21959
2020-06-10 16:11:00,6,162,16,154.4,15.86,0.11566
2020-06-10 17:11:00,6,162,17,108.0,15.86,0.07641
2020-06-10 18:11:00,6,162,18,45.1,15.33,0.0255
2020-06-10 19:11:00,6,162,19,10.7,13.74,0.0022
2020-06-10 20:11:00,6,162,20,0.0,12.68,0.0
2020-06-10 21:11:00,6,162,21,0.0,12.15,0.0
2020-06-10 22:11:00,6,162,22,0.0,12.15,0.0
2020-06-10 23:11:00,6,162,23,0.0,11.61,0.0
2020-06-11 00:11:00,6,163,0,0.0,11.09,0.0
2020-06-11 01:11:00,6,163,1,0.0,11.09,0.0
2020-06-11 02:11:00,6,163,2,0.0,11.09,0.0
2020-06-11 03:11:00,6,163,3,0.0,10.55,0.0
2020-06-11 04:11:00,6,163,4,1.6,10.55,0.0
2020-06-11 05:11:00,6,163,5,29.6,10.55,0.01439
2020-06-11 06:11:00,6,163,6,85.4,11.09,0.0589
2020-06-11 07:11:00,6,163,7,222.4,11.61,0.17736
2020-06-11 08:11:00,6,163,8,234.6,13.21,0.18824
2020-06-11 09:11:00,6,163,9,98.2,14.8,0.06881
2020-06-11 10:11:00,6,163,10,112.5,15.33,0.08072
2020-06-11 11:11:00,6,163,11,150.8,14.8,0.11387
2020-06-11 12:11:00,6,163,12,154.4,14.8,0.11692
2020-06-11 13:11:00,6,163,13,362.7,15.33,0.29679
2020-06-11 14:11:00,6,163,14,406.4,16.92,0.33263
2020-06-11 15:11:00,6,163,15,154.4,17.45,0.11562
2020-06-11 16:11:00,6,163,16,160.5,16.39,0.12147
2020-06-11 17:11:00,6,163,17,49.1,14.8,0.02868
2020-06-11 18:11:00,6,163,18,18.1,13.74,0.00643
2020-06-11 19:11:00,6,163,19,7.4,12.68,0.00067
2020-06-11 20:11:00,6,163,20,0.0,11.61,0.0
2020-06-11 21:11:00,6,163,21,0.0,11.61,0.0
2020-06-11 22:11:00,6,163,22,0.0,11.61,0.0
2020-06-11 23:11:00,6,163,23,0.0,11.61,0.0
2020-06-12 00:11:00,6,164,0,0.0,11.61,0.0
2020-06-12 01:11:00,6,164,1,0.0,11.61,0.0
2020-06-12 02:11:00,6,164,2,0.0,12.15,0.0
2020-06-12 03:11:00,6,164,3,0.0,12.15,0.0
2020-06-12 04:11:00,6,164,4,0.8,12.15,0.0
2020-06-12 05:11:00,6,164,5,18.9,12.68,0.00699
2020-06-12 06:11:00,6,164,6,66.0,13.74,0.04238
2020-06-12 07:11:00,6,164,7,193.3,13.74,0.1508
2020-06-12 08:11:00,6,164,8,118.7,14.8,0.08622
2020-06-12 09:11:00,6,164,9,214.5,15.86,0.16824
2020-06-12 10:11:00,6,164,10,185.6,16.92,0.14243
2020-06-12 11:11:00,6,164,11,514.0,17.45,0.42174
2020-06-12 12:11:00,6,164,12,517.2,18.51,0.42228
2020-06-12 13:11:00,6,164,13,390.6,19.04,0.31486
2020-06-12 14:11:00,6,164,14,159.8,19.57,0.11876
2020-06-12 15:11:00,6,164,15,93.7,19.04,0.0637
2020-06-12 16:11:00,6,164,16,108.0,18.51,0.07565
2020-06-12 17:11:00,6,164,17,32.1,17.45,0.01568
2020-06-12 18:11:00,6,164,18,31.2,16.39,0.0151
2020-06-12 19:11:00,6,164,19,42.7,15.33,0.02365
2020-06-12 20:11:00,6,164,20,0.0,15.33,0.0
2020-06-12 21:11:00,6,164,21,0.0,14.8,0.0
2020-06-12 22:11:00,6,164,22,0.0,14.8,0.0
2020-06-12 23:11:00,6,164,23,0.0,14.8,0.0
2020-06-13 00:11:00,6,165,0,0.0,14.27,0.0
2020-06-13 01:11:00,6,165,1,0.0,13.74,0.0
2020-06-13 02:11:00,6,165,2,0.0,13.21,0.0
2020-06-13 03:11:00,6,165,3,0.0,12.68,0.0
2020-06-13 04:11:00,6,165,4,4.1,12.68,0.0
2020-06-13 05:11:00,6,165,5,52.5,12.68,0.03163
2020-06-13 06:11:00,6,165,6,116.5,13.74,0.08327
2020-06-13 07:11:00,6,165,7,133.9,15.33,0.09869
2020-06-13 08:11:00,6,165,8,243.4,15.86,0.19213
2020-06-13 09:11:00,6,165,9,527.8,16.92,0.4301
2020-06-13 10:11:00,6,165,10,936.6,17.98,0.7505
2020-06-13 11:11:00,6,165,11,952.1,19.04,0.75698
2020-06-13 12:11:00,6,165,12,914.4,20.1,0.72677
2020-06-13 13:11:00,6,165,13,782.2,20.63,0.62647
2020-06-13 14:11:00,6,165,14,768.8,21.16,0.6157
2020-06-13 15:11:00,6,165,15,99.1,20.63,0.06746
2020-06-13 16:11:00,6,165,16,311.8,20.63,0.24333
2020-06-13 17:11:00,6,165,17,221.1,20.63,0.14719
2020-06-13 18:11:00,6,165,18,22.2,20.1,0.00874
2020-06-13 19:11:00,6,165,19,46.0,19.04,0.02564
2020-06-13 20:11:00,6,165,20,0.0,17.98,0.0
2020-06-13 21:11:00,6,165,21,0.0,16.92,0.0
2020-06-13 22:11:00,6,165,22,0.0,15.86,0.0
2020-06-13 23:11:00,6,165,23,0.0,15.33,0.0
2020-06-14 00:11:00,6,166,0,0.0,14.8,0.0
2020-06-14 01:11:00,6,166,1,0.0,14.27,0.0
2020-06-14 02:11:00,6,166,2,0.0,13.74,0.0
2020-06-14 03:11:00,6,166,3,0.0,12.68,0.0
2020-06-14 04:11:00,6,166,4,2.5,12.15,0.0
2020-06-14 05:11:00,6,166,5,49.2,12.68,0.02903
2020-06-14 06:11:00,6,166,6,172.4,14.27,0.1147
2020-06-14 07:11:00,6,166,7,180.2,15.86,0.13713
2020-06-14 08:11:00,6,166,8,477.0,16.92,0.38498
2020-06-14 09:11:00,6,166,9,296.4,17.98,0.23401
2020-06-14 10:11:00,6,166,10,362.6,18.51,0.28813
2020-06-14 11:11:00,6,166,11,491.2,19.04,0.39211
2020-06-14 12:11:00,6,166,12,516.6,19.57,0.4108
2020-06-14 13:11:00,6,166,13,865.1,19.57,0.6749
2020-06-14 14:11:00,6,166,14,734.1,19.04,0.58226
2020-06-14 15:11:00,6,166,15,323.4,19.57,0.2543
2020-06-14 16:11:00,6,166,16,345.3,20.1,0.26811
2020-06-14 17:11:00,6,166,17,220.4,20.1,0.15257
2020-06-14 18:11:00,6,166,18,102.6,19.57,0.07052
2020-06-14 19:11:00,6,166,19,38.6,19.04,0.02015
2020-06-14 20:11:00,6,166,20,0.0,17.98,0.0
2020-06-14 21:11:00,6,166,21,0.0,16.39,0.0
2020-06-14 22:11:00,6,166,22,0.0,15.33,0.0
2020-06-14 23:11:00,6,166,23,0.0,14.27,0.0
2020-06-15 00:11:00,6,167,0,0.0,13.74,0.0
2020-06-15 01:11:00,6,167,1,0.0,12.68,0.0
2020-06-15 02:11:00,6,167,2,0.0,11.61,0.0
2020-06-15 03:11:00,6,167,3,0.0,10.55,0.0
2020-06-15 04:11:00,6,167,4,9.8,10.02,0.00184
2020-06-15 05:11:00,6,167,5,44.3,11.09,0.0254
2020-06-15 06:11:00,6,167,6,150.0,13.21,0.10666
2020-06-15 07:11:00,6,167,7,390.6,14.8,0.3044
2020-06-15 08:11:00,6,167,8,615.3,16.92,0.48756
2020-06-15 09:11:00,6,167,9,792.3,18.51,0.6125
2020-06-15 10:11:00,6,167,10,909.1,19.04,0.68779
2020-06-15 11:11:00,6,167,11,878.0,20.1,0.66451
2020-06-15 12:11:00,6,167,12,699.3,20.63,0.5388
2020-06-15 13:11:00,6,167,13,541.6,21.16,0.42182
2020-06-15 14:11:00,6,167,14,467.3,21.16,0.36537
2020-06-15 15:11:00,6,167,15,569.3,21.69,0.44249
2020-06-15 16:11:00,6,167,16,331.2,21.69,0.25375
2020-06-15 17:11:00,6,167,17,219.8,21.16,0.14248
2020-06-15 18:11:00,6,167,18,106.7,20.63,0.07333
2020-06-15 19:11:00,6,167,19,8.2,19.04,0.00096
2020-06-15 20:11:00,6,167,20,0.0,18.51,0.0
2020-06-15 21:11:00,6,167,21,0.0,17.45,0.0
2020-06-15 22:11:00,6,167,22,0.0,15.86,0.0
2020-06-15 23:11:00,6,167,23,0.0,15.33,0.0
2020-06-16 00:11:00,6,168,0,0.0,15.33,0.0
2020-06-16 01:11:00,6,168,1,0.0,14.27,0.0
2020-06-16 02:11:00,6,168,2,0.0,13.74,0.0
2020-06-16 03:11:00,6,168,3,0.0,13.21,0.0
2020-06-16 04:11:00,6,168,4,9.0,13.21,0.0014
2020-06-16 05:11:00,6,168,5,49.2,13.74,0.02883
2020-06-16 06:11:00,6,168,6,109.1,14.8,0.07644
2020-06-16 07:11:00,6,168,7,202.4,15.86,0.15492
2020-06-16 08:11:00,6,168,8,385.0,17.45,0.30618
2020-06-16 09:11:00,6,168,9,517.8,18.51,0.41061
2020-06-16 10:11:00,6,168,10,336.0,19.57,0.26246
2020-06-16 11:11:00,6,168,11,85.7,19.57,0.0566
2020-06-16 12:11:00,6,168,12,158.9,19.04,0.11695
2020-06-16 13:11:00,6,168,13,528.2,19.57,0.41095
2020-06-16 14:11:00,6,168,14,738.3,20.1,0.56382
2020-06-16 15:11:00,6,168,15,539.5,20.63,0.42105
2020-06-16 16:11:00,6,168,16,246.8,20.63,0.18851
2020-06-16 17:11:00,6,168,17,71.4,19.04,0.04541
2020-06-16 18:11:00,6,168,18,104.2,17.98,0.07246
2020-06-16 19:11:00,6,168,19,39.4,17.45,0.0209
2020-06-16 20:11:00,6,168,20,0.0,16.92,0.0
2020-06-16 21:11:00,6,168,21,0.0,16.39,0.0
2020-06-16 22:11:00,6,168,22,0.0,15.33,0.0
2020-06-16 23:11:00,6,168,23,0.0,14.27,0.0
2020-06-17 00:11:00,6,169,0,0.0,13.74,0.0
2020-06-17 01:11:00,6,169,1,0.0,13.74,0.0
2020-06-17 02:11:00,6,169,2,0.0,13.21,0.0
2020-06-17 03:11:00,6,169,3,0.0,12.15,0.0
2020-06-17 04:11:00,6,169,4,0.8,11.61,0.0
2020-06-17 05:11:00,6,169,5,20.5,12.15,0.00806
2020-06-17 06:11:00,6,169,6,81.2,14.27,0.05447
2020-06-17 07:11:00,6,169,7,146.5,14.27,0.10925
2020-06-17 08:11:00,6,169,8,235.6,15.86,0.18382
2020-06-17 09:11:00,6,169,9,306.7,17.98,0.2411
2020-06-17 10:11:00,6,169,10,473.2,18.51,0.37575
2020-06-17 11:11:00,6,169,11,467.9,19.57,0.36955
2020-06-17 12:11:00,6,169,12,520.6,20.63,0.40954
2020-06-17 13:11:00,6,169,13,505.2,20.63,0.39816
2020-06-17 14:11:00,6,169,14,104.4,20.63,0.07162
2020-06-17 15:11:00,6,169,15,340.7,20.63,0.26601
2020-06-17 16:11:00,6,169,16,285.8,20.1,0.2207
2020-06-17 17:11:00,6,169,17,52.7,18.51,0.03081
2020-06-17 18:11:00,6,169,18,19.7,17.98,0.00728
2020-06-17 19:11:00,6,169,19,27.9,17.45,0.01271
2020-06-17 20:11:00,6,169,20,0.0,16.92,0.0
2020-06-17 21:11:00,6,169,21,0.0,15.33,0.0
2020-06-17 22:11:00,6,169,22,0.0,14.8,0.0
2020-06-17 23:11:00,6,169,23,0.0,14.8,0.0
2020-06-18 00:11:00,6,170,0,0.0,14.8,0.0
2020-06-18 01:11:00,6,170,1,0.0,14.27,0.0
2020-06-18 02:11:00,6,170,2,0.0,14.27,0.0
2020-06-18 03:11:00,6,170,3,0.0,13.74,0.0
2020-06-18 04:11:00,6,170,4,0.8,13.74,0.0
2020-06-18 05:11:00,6,170,5,9.0,13.74,0.00139
2020-06-18 06:11:00,6,170,6,21.4,13.21,0.0086
2020-06-18 07:11:00,6,170,7,36.6,12.68,0.01936
2020-06-18 08:11:00,6,170,8,82.1,12.68,0.05577
2020-06-18 09:11:00,6,170,9,100.9,12.15,0.07169
2020-06-18 10:11:00,6,170,10,141.9,12.68,0.10673
2020-06-18 11:11:00,6,170,11,170.5,12.68,0.13142
2020-06-18 12:11:00,6,170,12,105.3,12.68,0.07537
2020-06-18 13:11:00,6,170,13,93.7,13.21,0.06532
2020-06-18 14:11:00,6,170,14,170.5,13.74,0.13034
2020-06-18 15:11:00,6,170,15,184.8,14.27,0.14171
2020-06-18 16:11:00,6,170,16,227.4,14.8,0.17627
2020-06-18 17:11:00,6,170,17,222.1,15.33,0.1549
2020-06-18 18:11:00,6,170,18,42.7,15.86,0.02353
2020-06-18 19:11:00,6,170,19,50.1,14.8,0.02935
2020-06-18 20:11:00,6,170,20,0.0,14.8,0.0
2020-06-18 21:11:00,6,170,21,0.0,13.74,0.0
2020-06-18 22:11:00,6,170,22,0.0,13.21,0.0
2020-06-18 23:11:00,6,170,23,0.0,13.21,0.0
2020-06-19 00:11:00,6,171,0,0.0,13.21,0.0
2020-06-19 01:11:00,6,171,1,0.0,13.21,0.0
2020-06-19 02:11:00,6,171,2,0.0,13.21,0.0
2020-06-19 03:11:00,6,171,3,0.0,13.21,0.0
2020-06-19 04:11:00,6,171,4,0.8,13.21,0.0
2020-06-19 05:11:00,6,171,5,55.8,12.68,0.03424
2020-06-19 06:11:00,6,171,6,49.1,13.21,0.02886
2020-06-19 07:11:00,6,171,7,75.9,13.74,0.05035
2020-06-19 08:11:00,6,171,8,83.9,13.74,0.05704
2020-06-19 09:11:00,6,171,9,139.2,13.74,0.10408
2020-06-19 10:11:00,6,171,10,99.1,13.74,0.06978
2020-06-19 11:11:00,6,171,11,532.4,14.27,0.44001
2020-06-19 12:11:00,6,171,12,205.3,14.8,0.16074
2020-06-19 13:11:00,6,171,13,199.9,14.8,0.15618
2020-06-19 14:11:00,6,171,14,321.1,15.33,0.26074
2020-06-19 15:11:00,6,171,15,239.7,16.39,0.18949
2020-06-19 16:11:00,6,171,16,388.7,16.39,0.31181
2020-06-19 17:11:00,6,171,17,224.5,16.92,0.15647
2020-06-19 18:11:00,6,171,18,77.2,16.39,0.05077
2020-06-19 19:11:00,6,171,19,43.5,15.86,0.0242
2020-06-19 20:11:00,6,171,20,0.0,14.8,0.0
2020-06-19 21:11:00,6,171,21,0.0,13.74,0.0
2020-06-19 22:11:00,6,171,22,0.0,12.68,0.0
2020-06-19 23:11:00,6,171,23,0.0,12.15,0.0
2020-06-20 00:11:00,6,172,0,0.0,11.61,0.0
2020-06-20 01:11:00,6,172,1,0.0,11.61,0.0
2020-06-20 02:11:00,6,172,2,0.0,11.09,0.0
2020-06-20 03:11:00,6,172,3,0.0,11.09,0.0
2020-06-20 04:11:00,6,172,4,0.8,10.55,0.0
2020-06-20 05:11:00,6,172,5,27.1,11.09,0.01259
2020-06-20 06:11:00,6,172,6,116.0,12.15,0.08327
2020-06-20 07:11:00,6,172,7,350.6,14.27,0.27916
2020-06-20 08:11:00,6,172,8,154.4,15.33,0.11627
2020-06-20 09:11:00,6,172,9,159.8,16.92,0.12003
2020-06-20 10:11:00,6,172,10,521.0,17.45,0.42497
2020-06-20 11:11:00,6,172,11,384.1,17.98,0.30949
2020-06-20 12:11:00,6,172,12,184.8,18.51,0.14028
2020-06-20 13:11:00,6,172,13,286.0,19.04,0.22548
2020-06-20 14:11:00,6,172,14,329.9,19.04,0.26277
2020-06-20 15:11:00,6,172,15,96.4,19.04,0.06582
2020-06-20 16:11:00,6,172,16,141.9,19.04,0.10381
2020-06-20 17:11:00,6,172,17,221.9,18.51,0.16067
2020-06-20 18:11:00,6,172,18,101.8,18.51,0.07042
2020-06-20 19:11:00,6,172,19,44.3,17.98,0.02456
2020-06-20 20:11:00,6,172,20,0.0,16.92,0.0
2020-06-20 21:11:00,6,172,21,0.0,15.86,0.0
2020-06-20 22:11:00,6,172,22,0.0,15.33,0.0
2020-06-20 23:11:00,6,172,23,0.0,14.8,0.0
2020-06-21 00:11:00,6,173,0,0.0,14.27,0.0
2020-06-21 01:11:00,6,173,1,0.0,14.8,0.0
2020-06-21 02:11:00,6,173,2,0.0,14.27,0.0
2020-06-21 03:11:00,6,173,3,0.0,14.27,0.0
2020-06-21 04:11:00,6,173,4,0.8,13.74,0.0
2020-06-21 05:11:00,6,173,5,47.6,13.74,0.02766
2020-06-21 06:11:00,6,173,6,74.1,13.74,0.04896
2020-06-21 07:11:00,6,173,7,373.4,13.74,0.29832
2020-06-21 08:11:00,6,173,8,494.5,14.8,0.40871
2020-06-21 09:11:00,6,173,9,553.2,15.86,0.4566
2020-06-21 10:11:00,6,173,10,795.1,17.45,0.65097
2020-06-21 11:11:00,6,173,11,660.3,17.98,0.53974
2020-06-21 12:11:00,6,173,12,313.5,17.98,0.25087
2020-06-21 13:11:00,6,173,13,706.7,17.98,0.57817
2020-06-21 14:11:00,6,173,14,660.6,17.98,0.54218
2020-06-21 15:11:00,6,173,15,610.1,17.98,0.5007
2020-06-21 16:11:00,6,173,16,381.4,17.98,0.30413
2020-06-21 17:11:00,6,173,17,220.7,17.45,0.13945
2020-06-21 18:11:00,6,173,18,95.2,16.92,0.06554
2020-06-21 19:11:00,6,173,19,41.9,16.39,0.02291
2020-06-21 20:11:00,6,173,20,0.0,15.33,0.0
2020-06-21 21:11:00,6,173,21,0.0,13.74,0.0
2020-06-21 22:11:00,6,173,22,0.0,12.68,0.0
2020-06-21 23:11:00,6,173,23,0.0,11.61,0.0
2020-06-22 00:11:00,6,174,0,0.0,10.55,0.0
2020-06-22 01:11:00,6,174,1,0.0,10.02,0.0
2020-06-22 02:11:00,6,174,2,0.0,9.49,0.0
2020-06-22 03:11:00,6,174,3,0.0,9.49,0.0
2020-06-22 04:11:00,6,174,4,4.9,8.96,0.0
2020-06-22 05:11:00,6,174,5,49.2,9.49,0.02953
2020-06-22 06:11:00,6,174,6,171.8,11.09,0.109
2020-06-22 07:11:00,6,174,7,374.9,13.21,0.29877
2020-06-22 08:11:00,6,174,8,592.4,14.27,0.49023
2020-06-22 09:11:00,6,174,9,778.6,15.86,0.63864
2020-06-22 10:11:00,6,174,10,805.0,16.92,0.65579
2020-06-22 11:11:00,6,174,11,958.5,17.98,0.77296
2020-06-22 12:11:00,6,174,12,1008.7,19.04,0.80829
2020-06-22 13:11:00,6,174,13,878.4,20.1,0.70648
2020-06-22 14:11:00,6,174,14,826.0,20.63,0.66775
2020-06-22 15:11:00,6,174,15,645.5,20.63,0.52299
2020-06-22 16:11:00,6,174,16,436.2,20.63,0.34134
2020-06-22 17:11:00,6,174,17,221.3,20.1,0.14422
2020-06-22 18:11:00,6,174,18,85.4,19.04,0.05676
2020-06-22 19:11:00,6,174,19,47.6,18.51,0.02697
2020-06-22 20:11:00,6,174,20,0.0,17.45,0.0
2020-06-22 21:11:00,6,174,21,0.0,16.39,0.0
2020-06-22 22:11:00,6,174,22,0.0,15.33,0.0
2020-06-22 23:11:00,6,174,23,0.0,14.27,0.0
2020-06-23 00:11:00,6,175,0,0.0,13.74,0.0
2020-06-23 01:11:00,6,175,1,0.0,13.21,0.0
2020-06-23 02:11:00,6,175,2,0.0,12.68,0.0
2020-06-23 03:11:00,6,175,3,0.0,12.15,0.0
2020-06-23 04:11:00,6,175,4,7.4,11.61,0.00068
2020-06-23 05:11:00,6,175,5,45.1,12.15,0.02593
2020-06-23 06:11:00,6,175,6,172.4,13.74,0.10732
2020-06-23 07:11:00,6,175,7,385.0,14.8,0.3037
2020-06-23 08:11:00,6,175,8,598.7,16.39,0.48907
2020-06-23 09:11:00,6,175,9,786.8,17.98,0.63535
2020-06-23 10:11:00,6,175,10,926.9,19.04,0.7357
2020-06-23 11:11:00,6,175,11,1016.7,20.63,0.79337
2020-06-23 12:11:00,6,175,12,1020.6,22.22,0.78894
2020-06-23 13:11:00,6,175,13,958.5,22.75,0.74408
2020-06-23 14:11:00,6,175,14,813.4,23.81,0.63609
2020-06-23 15:11:00,6,175,15,640.6,24.34,0.50309
2020-06-23 16:11:00,6,175,16,434.0,24.34,0.3315
2020-06-23 17:11:00,6,175,17,224.3,24.34,0.14544
2020-06-23 18:11:00,6,175,18,108.4,23.81,0.07375
2020-06-23 19:11:00,6,175,19,48.4,22.75,0.02695
2020-06-23 20:11:00,6,175,20,0.0,21.16,0.0
2020-06-23 21:11:00,6,175,21,0.0,19.57,0.0
2020-06-23 22:11:00,6,175,22,0.0,18.51,0.0
2020-06-23 23:11:00,6,175,23,0.0,17.45,0.0
2020-06-24 00:11:00,6,176,0,0.0,16.39,0.0
2020-06-24 01:11:00,6,176,1,0.0,15.86,0.0
2020-06-24 02:11:00,6,176,2,0.0,15.33,0.0
2020-06-24 03:11:00,6,176,3,0.0,14.8,0.0
2020-06-24 04:11:00,6,176,4,0.0,14.8,0.0
2020-06-24 05:11:00,6,176,5,55.8,14.8,0.03387
2020-06-24 06:11:00,6,176,6,163.8,16.92,0.10927
2020-06-24 07:11:00,6,176,7,358.2,18.51,0.27665
2020-06-24 08:11:00,6,176,8,571.3,20.63,0.4521
2020-06-24 09:11:00,6,176,9,777.2,22.22,0.60472
2020-06-24 10:11:00,6,176,10,927.1,24.34,0.70298
2020-06-24 11:11:00,6,176,11,1018.1,25.4,0.76243
2020-06-24 12:11:00,6,176,12,1016.0,26.99,0.75912
2020-06-24 13:11:00,6,176,13,958.8,27.52,0.72345
2020-06-24 14:11:00,6,176,14,824.0,28.05,0.62938
2020-06-24 15:11:00,6,176,15,642.0,28.05,0.49474
2020-06-24 16:11:00,6,176,16,436.6,28.05,0.32724
2020-06-24 17:11:00,6,176,17,223.7,27.52,0.13927
2020-06-24 18:11:00,6,176,18,78.8,26.99,0.04932
2020-06-24 19:11:00,6,176,19,49.2,25.4,0.02719
2020-06-24 20:11:00,6,176,20,0.0,23.28,0.0
2020-06-24 21:11:00,6,176,21,0.0,21.16,0.0
2020-06-24 22:11:00,6,176,22,0.0,20.1,0.0
2020-06-24 23:11:00,6,176,23,0.0,19.04,0.0
2020-06-25 00:11:00,6,177,0,0.0,18.51,0.0
2020-06-25 01:11:00,6,177,1,0.0,18.51,0.0
2020-06-25 02:11:00,6,177,2,0.0,17.98,0.0
2020-06-25 03:11:00,6,177,3,0.0,17.45,0.0
2020-06-25 04:11:00,6,177,4,0.0,17.45,0.0
2020-06-25 05:11:00,6,177,5,46.0,17.45,0.02584
2020-06-25 06:11:00,6,177,6,172.6,18.51,0.10472
2020-06-25 07:11:00,6,177,7,388.2,20.1,0.29772
2020-06-25 08:11:00,6,177,8,607.2,22.22,0.4811
2020-06-25 09:11:00,6,177,9,793.9,23.81,0.62193
2020-06-25 10:11:00,6,177,10,935.6,25.4,0.71999
2020-06-25 11:11:00,6,177,11,1021.7,26.99,0.77529
2020-06-25 12:11:00,6,177,12,1024.5,27.52,0.77604
2020-06-25 13:11:00,6,177,13,963.6,28.05,0.73111
2020-06-25 14:11:00,6,177,14,832.7,28.58,0.63549
2020-06-25 15:11:00,6,177,15,654.5,28.58,0.50258
2020-06-25 16:11:00,6,177,16,442.8,28.58,0.33052
2020-06-25 17:11:00,6,177,17,226.7,28.05,0.14228
2020-06-25 18:11:00,6,177,18,82.1,27.52,0.05173
2020-06-25 19:11:00,6,177,19,48.4,25.93,0.02651
2020-06-25 20:11:00,6,177,20,0.0,24.34,0.0
2020-06-25 21:11:00,6,177,21,0.0,22.75,0.0
2020-06-25 22:11:00,6,177,22,0.0,21.16,0.0
2020-06-25 23:11:00,6,177,23,0.0,20.1,0.0
2020-06-26 00:11:00,6,178,0,0.0,19.04,0.0
2020-06-26 01:11:00,6,178,1,0.0,18.51,0.0
2020-06-26 02:11:00,6,178,2,0.0,17.98,0.0
2020-06-26 03:11:00,6,178,3,0.0,17.45,0.0
2020-06-26 04:11:00,6,178,4,0.0,16.92,0.0
2020-06-26 05:11:00,6,178,5,13.1,17.45,0.00342
2020-06-26 06:11:00,6,178,6,120.6,18.51,0.08379
2020-06-26 07:11:00,6,178,7,197.6,19.57,0.14878
2020-06-26 08:11:00,6,178,8,328.9,21.69,0.2563
2020-06-26 09:11:00,6,178,9,747.6,22.75,0.57739
2020-06-26 10:11:00,6,178,10,920.9,24.34,0.70115
2020-06-26 11:11:00,6,178,11,899.2,25.4,0.68813
2020-06-26 12:11:00,6,178,12,819.2,26.46,0.63165
2020-06-26 13:11:00,6,178,13,746.2,25.93,0.58092
2020-06-26 14:11:00,6,178,14,682.6,25.4,0.53437
2020-06-26 15:11:00,6,178,15,524.4,25.4,0.41126
2020-06-26 16:11:00,6,178,16,412.9,23.81,0.31795
2020-06-26 17:11:00,6,178,17,223.3,23.28,0.14377
2020-06-26 18:11:00,6,178,18,84.5,22.75,0.05502
2020-06-26 19:11:00,6,178,19,44.3,22.22,0.02401
2020-06-26 20:11:00,6,178,20,0.0,20.63,0.0
2020-06-26 21:11:00,6,178,21,0.0,19.04,0.0
2020-06-26 22:11:00,6,178,22,0.0,18.51,0.0
2020-06-26 23:11:00,6,178,23,0.0,16.92,0.0
2020-06-27 00:11:00,6,179,0,0.0,15.86,0.0
2020-06-27 01:11:00,6,179,1,0.0,14.8,0.0
2020-06-27 02:11:00,6,179,2,0.0,14.27,0.0
2020-06-27 03:11:00,6,179,3,0.0,14.27,0.0
2020-06-27 04:11:00,6,179,4,0.0,14.8,0.0
2020-06-27 05:11:00,6,179,5,11.5,14.8,0.0026
2020-06-27 06:11:00,6,179,6,51.8,15.33,0.03066
2020-06-27 07:11:00,6,179,7,85.7,15.33,0.05808
2020-06-27 08:11:00,6,179,8,178.1,15.33,0.13679
2020-06-27 09:11:00,6,179,9,87.5,16.92,0.05914
2020-06-27 10:11:00,6,179,10,200.8,18.51,0.15418
2020-06-27 11:11:00,6,179,11,726.1,16.92,0.59614
2020-06-27 12:11:00,6,179,12,343.1,17.45,0.2768
2020-06-27 13:11:00,6,179,13,738.0,18.51,0.60355
2020-06-27 14:11:00,6,179,14,222.2,19.04,0.17251
2020-06-27 15:11:00,6,179,15,629.6,18.51,0.51813
2020-06-27 16:11:00,6,179,16,249.6,18.51,0.19596
2020-06-27 17:11:00,6,179,17,228.7,17.98,0.16304
2020-06-27 18:11:00,6,179,18,106.7,16.92,0.07526
2020-06-27 19:11:00,6,179,19,45.1,15.86,0.02548
2020-06-27 20:11:00,6,179,20,0.0,15.33,0.0
2020-06-27 21:11:00,6,179,21,0.0,14.27,0.0
2020-06-27 22:11:00,6,179,22,0.0,13.21,0.0
2020-06-27 23:11:00,6,179,23,0.0,12.15,0.0
2020-06-28 00:11:00,6,180,0,0.0,11.61,0.0
2020-06-28 01:11:00,6,180,1,0.0,11.09,0.0
2020-06-28 02:11:00,6,180,2,0.0,11.09,0.0
2020-06-28 03:11:00,6,180,3,0.0,11.09,0.0
2020-06-28 04:11:00,6,180,4,0.0,11.09,0.0
2020-06-28 05:11:00,6,180,5,40.2,11.09,0.0223
2020-06-28 06:11:00,6,180,6,170.6,12.15,0.10564
2020-06-28 07:11:00,6,180,7,367.6,13.21,0.29606
2020-06-28 08:11:00,6,180,8,337.1,14.27,0.27733
2020-06-28 09:11:00,6,180,9,221.1,15.86,0.17431
2020-06-28 10:11:00,6,180,10,732.8,16.39,0.60934
2020-06-28 11:11:00,6,180,11,591.0,16.92,0.4898
2020-06-28 12:11:00,6,180,12,534.8,17.45,0.44137
2020-06-28 13:11:00,6,180,13,808.5,17.45,0.66806
2020-06-28 14:11:00,6,180,14,750.2,17.45,0.62307
2020-06-28 15:11:00,6,180,15,316.8,17.45,0.25561
2020-06-28 16:11:00,6,180,16,373.5,16.92,0.30096
2020-06-28 17:11:00,6,180,17,154.6,16.39,0.11567
2020-06-28 18:11:00,6,180,18,89.5,15.86,0.06116
2020-06-28 19:11:00,6,180,19,48.4,14.8,0.02815
2020-06-28 20:11:00,6,180,20,0.0,13.74,0.0
2020-06-28 21:11:00,6,180,21,0.0,13.21,0.0
2020-06-28 22:11:00,6,180,22,0.0,12.68,0.0
2020-06-28 23:11:00,6,180,23,0.0,12.15,0.0
2020-06-29 00:11:00,6,181,0,0.0,12.15,0.0
2020-06-29 01:11:00,6,181,1,0.0,11.61,0.0
2020-06-29 02:11:00,6,181,2,0.0,11.61,0.0
2020-06-29 03:11:00,6,181,3,0.0,11.61,0.0
2020-06-29 04:11:00,6,181,4,0.0,12.15,0.0
2020-06-29 05:11:00,6,181,5,31.2,12.15,0.01546
2020-06-29 06:11:00,6,181,6,108.0,12.68,0.07688
2020-06-29 07:11:00,6,181,7,113.4,13.74,0.08219
2020-06-29 08:11:00,6,181,8,232.9,14.27,0.1862
2020-06-29 09:11:00,6,181,9,305.0,14.27,0.24951
2020-06-29 10:11:00,6,181,10,382.9,14.8,0.31657
2020-06-29 11:11:00,6,181,11,299.1,14.8,0.2432
2020-06-29 12:11:00,6,181,12,154.4,15.33,0.11683
2020-06-29 13:11:00,6,181,13,152.6,15.33,0.11525
2020-06-29 14:11:00,6,181,14,149.0,15.33,0.11217
2020-06-29 15:11:00,6,181,15,227.0,14.8,0.17999
2020-06-29 16:11:00,6,181,16,141.9,14.8,0.10619
2020-06-29 17:11:00,6,181,17,66.9,15.33,0.04279
2020-06-29 18:11:00,6,181,18,41.9,14.8,0.02312
2020-06-29 19:11:00,6,181,19,8.2,14.27,0.00101
2020-06-29 20:11:00,6,181,20,0.0,13.74,0.0
2020-06-29 21:11:00,6,181,21,0.0,13.21,0.0
2020-06-29 22:11:00,6,181,22,0.0,13.21,0.0
2020-06-29 23:11:00,6,181,23,0.0,13.21,0.0
2020-06-30 00:11:00,6,182,0,0.0,13.21,0.0
2020-06-30 01:11:00,6,182,1,0.0,13.21,0.0
2020-06-30 02:11:00,6,182,2,0.0,13.21,0.0
2020-06-30 03:11:00,6,182,3,0.0,12.68,0.0
2020-06-30 04:11:00,6,182,4,0.0,12.68,0.0
2020-06-30 05:11:00,6,182,5,27.1,12.68,0.01249
2020-06-30 06:11:00,6,182,6,25.0,12.68,0.01104
2020-06-30 07:11:00,6,182,7,50.9,13.21,0.0303
2020-06-30 08:11:00,6,182,8,304.6,13.74,0.24829
2020-06-30 09:11:00,6,182,9,303.7,14.8,0.24604
2020-06-30 10:11:00,6,182,10,405.1,15.86,0.33111
2020-06-30 11:11:00,6,182,11,355.8,16.39,0.28823
2020-06-30 12:11:00,6,182,12,373.9,16.92,0.30275
2020-06-30 13:11:00,6,182,13,296.8,16.92,0.23702
2020-06-30 14:11:00,6,182,14,476.4,16.39,0.38899
2020-06-30 15:11:00,6,182,15,168.7,16.39,0.12781
2020-06-30 16:11:00,6,182,16,120.5,16.39,0.08684
2020-06-30 17:11:00,6,182,17,105.3,16.39,0.07405
2020-06-30 18:11:00,6,182,18,18.1,16.92,0.00631
2020-06-30 19:11:00,6,182,19,50.1,16.39,0.02915
2020-06-30 20:11:00,6,182,20,0.0,15.86,0.0
2020-06-30 21:11:00,6,182,21,0.0,15.86,0.0
2020-06-30 22:11:00,6,182,22,0.0,14.8,0.0
2020-06-30 23:11:00,6,182,23,0.0,14.8,0.0
2020-07-01 00:11:00,7,183,0,0.0,14.8,0.0
2020-07-01 01:11:00,7,183,1,0.0,14.8,0.0
2020-07-01 02:11:00,7,183,2,0.0,14.27,0.0
2020-07-01 03:11:00,7,183,3,0.0,14.27,0.0
2020-07-01 04:11:00,7,183,4,0.0,13.74,0.0
2020-07-01 05:11:00,7,183,5,23.8,13.74,0.01016
2020-07-01 06:11:00,7,183,6,77.6,13.74,0.05184
2020-07-01 07:11:00,7,183,7,128.6,14.27,0.0946
2020-07-01 08:11:00,7,183,8,235.0,14.8,0.18597
2020-07-01 09:11:00,7,183,9,225.0,15.33,0.17683
2020-07-01 10:11:00,7,183,10,275.4,15.86,0.21955
2020-07-01 11:11:00,7,183,11,271.6,16.39,0.21567
2020-07-01 12:11:00,7,183,12,255.6,16.92,0.20149
2020-07-01 13:11:00,7,183,13,202.6,17.98,0.15558
2020-07-01 14:11:00,7,183,14,241.4,18.51,0.18816
2020-07-01 15:11:00,7,183,15,448.4,18.51,0.36208
2020-07-01 16:11:00,7,183,16,301.6,18.51,0.23756
2020-07-01 17:11:00,7,183,17,176.6,18.51,0.13147
2020-07-01 18:11:00,7,183,18,70.6,17.98,0.04505
2020-07-01 19:11:00,7,183,19,23.8,16.92,0.00998
2020-07-01 20:11:00,7,183,20,0.0,16.39,0.0
2020-07-01 21:11:00,7,183,21,0.0,15.33,0.0
2020-07-01 22:11:00,7,183,22,0.0,14.27,0.0
2020-07-01 23:11:00,7,183,23,0.0,13.74,0.0
2020-07-02 00:11:00,7,184,0,0.0,13.21,0.0
2020-07-02 01:11:00,7,184,1,0.0,12.68,0.0
2020-07-02 02:11:00,7,184,2,0.0,11.61,0.0
2020-07-02 03:11:00,7,184,3,0.0,11.61,0.0
2020-07-02 04:11:00,7,184,4,0.0,11.09,0.0
2020-07-02 05:11:00,7,184,5,31.2,11.61,0.01548
2020-07-02 06:11:00,7,184,6,46.4,12.68,0.02687
2020-07-02 07:11:00,7,184,7,64.3,13.74,0.04087
2020-07-02 08:11:00,7,184,8,179.0,14.27,0.13795
2020-07-02 09:11:00,7,184,9,565.0,15.33,0.46344
2020-07-02 10:11:00,7,184,10,416.8,15.86,0.33893
2020-07-02 11:11:00,7,184,11,808.1,16.39,0.64993
2020-07-02 12:11:00,7,184,12,523.9,17.45,0.42312
2020-07-02 13:11:00,7,184,13,155.3,18.51,0.11501
2020-07-02 14:11:00,7,184,14,334.2,18.51,0.26519
2020-07-02 15:11:00,7,184,15,94.6,19.04,0.06421
2020-07-02 16:11:00,7,184,16,187.9,18.51,0.14228
2020-07-02 17:11:00,7,184,17,83.9,18.51,0.05561
2020-07-02 18:11:00,7,184,18,78.0,17.98,0.05095
2020-07-02 19:11:00,7,184,19,51.7,16.92,0.0303
2020-07-02 20:11:00,7,184,20,0.0,16.39,0.0
2020-07-02 21:11:00,7,184,21,0.0,15.33,0.0
2020-07-02 22:11:00,7,184,22,0.0,14.27,0.0
2020-07-02 23:11:00,7,184,23,0.0,13.21,0.0
2020-07-03 00:11:00,7,185,0,0.0,12.68,0.0
2020-07-03 01:11:00,7,185,1,0.0,11.61,0.0
2020-07-03 02:11:00,7,185,2,0.0,11.61,0.0
2020-07-03 03:11:00,7,185,3,0.0,11.61,0.0
2020-07-03 04:11:00,7,185,4,0.0,11.61,0.0
2020-07-03 05:11:00,7,185,5,48.4,12.15,0.02851
2020-07-03 06:11:00,7,185,6,125.4,12.15,0.08967
2020-07-03 07:11:00,7,185,7,162.0,13.74,0.12388
2020-07-03 08:11:00,7,185,8,186.4,14.27,0.14511
2020-07-03 09:11:00,7,185,9,305.8,15.86,0.24805
2020-07-03 10:11:00,7,185,10,473.3,16.92,0.39081
2020-07-03 11:11:00,7,185,11,172.3,16.92,0.13115
2020-07-03 12:11:00,7,185,12,144.6,17.45,0.10716
2020-07-03 13:11:00,7,185,13,422.4,17.98,0.3446
2020-07-03 14:11:00,7,185,14,196.4,17.98,0.15118
2020-07-03 15:11:00,7,185,15,216.2,17.45,0.16867
2020-07-03 16:11:00,7,185,16,140.1,16.92,0.10352
2020-07-03 17:11:00,7,185,17,67.8,16.39,0.04327
2020-07-03 18:11:00,7,185,18,46.8,15.33,0.02681
2020-07-03 19:11:00,7,185,19,17.2,15.33,0.00587
2020-07-03 20:11:00,7,185,20,0.0,15.33,0.0
2020-07-03 21:11:00,7,185,21,0.0,14.8,0.0
2020-07-03 22:11:00,7,185,22,0.0,14.8,0.0
2020-07-03 23:11:00,7,185,23,0.0,14.8,0.0
2020-07-04 00:11:00,7,186,0,0.0,15.33,0.0
2020-07-04 01:11:00,7,186,1,0.0,15.33,0.0
2020-07-04 02:11:00,7,186,2,0.0,15.33,0.0
2020-07-04 03:11:00,7,186,3,0.0,15.86,0.0
2020-07-04 04:11:00,7,186,4,0.0,15.86,0.0
2020-07-04 05:11:00,7,186,5,38.6,15.86,0.02052
2020-07-04 06:11:00,7,186,6,82.6,16.39,0.05518
2020-07-04 07:11:00,7,186,7,213.0,16.39,0.16485
2020-07-04 08:11:00,7,186,8,139.2,16.92,0.10279
2020-07-04 09:11:00,7,186,9,109.8,16.92,0.07779
2020-07-04 10:11:00,7,186,10,191.0,17.45,0.14678
2020-07-04 11:11:00,7,186,11,218.7,17.98,0.17016
2020-07-04 12:11:00,7,186,12,258.7,17.98,0.20441
2020-07-04 13:11:00,7,186,13,281.9,18.51,0.22342
2020-07-04 14:11:00,7,186,14,116.0,17.98,0.08265
2020-07-04 15:11:00,7,186,15,201.8,17.98,0.1555
2020-07-04 16:11:00,7,186,16,149.0,18.51,0.1103
2020-07-04 17:11:00,7,186,17,211.5,18.51,0.1563
2020-07-04 18:11:00,7,186,18,72.2,17.98,0.04642
2020-07-04 19:11:00,7,186,19,25.4,17.45,0.01105
2020-07-04 20:11:00,7,186,20,0.0,16.92,0.0
2020-07-04 21:11:00,7,186,21,0.0,16.39,0.0
2020-07-04 22:11:00,7,186,22,0.0,16.39,0.0
2020-07-04 23:11:00,7,186,23,0.0,16.39,0.0
2020-07-05 00:11:00,7,187,0,0.0,16.39,0.0
2020-07-05 01:11:00,7,187,1,0.0,16.92,0.0
2020-07-05 02:11:00,7,187,2,0.0,16.92,0.0
2020-07-05 03:11:00,7,187,3,0.0,16.92,0.0
2020-07-05 04:11:00,7,187,4,0.0,16.92,0.0
2020-07-05 05:11:00,7,187,5,51.7,16.39,0.03047
2020-07-05 06:11:00,7,187,6,149.8,15.86,0.10322
2020-07-05 07:11:00,7,187,7,286.2,16.39,0.22612
2020-07-05 08:11:00,7,187,8,580.4,15.86,0.48303
2020-07-05 09:11:00,7,187,9,507.9,15.86,0.42221
2020-07-05 10:11:00,7,187,10,906.0,15.86,0.74908
2020-07-05 11:11:00,7,187,11,706.0,16.39,0.58417
2020-07-05 12:11:00,7,187,12,580.4,16.39,0.47983
2020-07-05 13:11:00,7,187,13,805.2,16.92,0.66228
2020-07-05 14:11:00,7,187,14,744.9,16.92,0.61523
2020-07-05 15:11:00,7,187,15,495.9,16.92,0.40868
2020-07-05 16:11:00,7,187,16,271.2,17.45,0.21539
2020-07-05 17:11:00,7,187,17,201.0,16.92,0.15222
2020-07-05 18:11:00,7,187,18,62.4,16.39,0.0389
2020-07-05 19:11:00,7,187,19,48.4,15.33,0.02808
2020-07-05 20:11:00,7,187,20,0.0,14.8,0.0
2020-07-05 21:11:00,7,187,21,0.0,13.74,0.0
2020-07-05 22:11:00,7,187,22,0.0,13.21,0.0
2020-07-05 23:11:00,7,187,23,0.0,12.68,0.0
2020-07-06 00:11:00,7,188,0,0.0,12.15,0.0
2020-07-06 01:11:00,7,188,1,0.0,11.61,0.0
2020-07-06 02:11:00,7,188,2,0.0,11.61,0.0
2020-07-06 03:11:00,7,188,3,0.0,11.61,0.0
2020-07-06 04:11:00,7,188,4,0.0,11.09,0.0
2020-07-06 05:11:00,7,188,5,50.1,11.09,0.02998
2020-07-06 06:11:00,7,188,6,159.4,11.61,0.10524
2020-07-06 07:11:00,7,188,7,377.0,12.68,0.3027
2020-07-06 08:11:00,7,188,8,272.7,13.74,0.22138
2020-07-06 09:11:00,7,188,9,375.3,14.27,0.31036
2020-07-06 10:11:00,7,188,10,84.8,14.8,0.05759
2020-07-06 11:11:00,7,188,11,744.7,16.39,0.61495
2020-07-06 12:11:00,7,188,12,163.3,16.92,0.12335
2020-07-06 13:11:00,7,188,13,296.5,16.92,0.23766
2020-07-06 14:11:00,7,188,14,566.4,17.45,0.46528
2020-07-06 15:11:00,7,188,15,638.4,17.45,0.52381
2020-07-06 16:11:00,7,188,16,452.0,17.45,0.36021
2020-07-06 17:11:00,7,188,17,231.3,17.45,0.15089
2020-07-06 18:11:00,7,188,18,87.8,16.39,0.05955
2020-07-06 19:11:00,7,188,19,42.7,15.86,0.02358
2020-07-06 20:11:00,7,188,20,0.0,14.8,0.0
2020-07-06 21:11:00,7,188,21,0.0,13.21,0.0
2020-07-06 22:11:00,7,188,22,0.0,12.15,0.0
2020-07-06 23:11:00,7,188,23,0.0,11.61,0.0
2020-07-07 00:11:00,7,189,0,0.0,11.09,0.0
2020-07-07 01:11:00,7,189,1,0.0,11.09,0.0
2020-07-07 02:11:00,7,189,2,0.0,11.09,0.0
2020-07-07 03:11:00,7,189,3,0.0,11.61,0.0
2020-07-07 04:11:00,7,189,4,0.0,12.15,0.0
2020-07-07 05:11:00,7,189,5,27.1,12.15,0.01251
2020-07-07 06:11:00,7,189,6,140.3,12.68,0.09758
2020-07-07 07:11:00,7,189,7,195.3,13.74,0.15122
2020-07-07 08:11:00,7,189,8,285.7,14.8,0.22957
2020-07-07 09:11:00,7,189,9,499.4,15.33,0.41068
2020-07-07 10:11:00,7,189,10,419.1,15.33,0.34298
2020-07-07 11:11:00,7,189,11,151.7,15.33,0.11407
2020-07-07 12:11:00,7,189,12,154.4,15.33,0.11633
2020-07-07 13:11:00,7,189,13,221.4,14.8,0.17416
2020-07-07 14:11:00,7,189,14,113.4,14.8,0.08139
2020-07-07 15:11:00,7,189,15,183.9,13.74,0.14224
2020-07-07 16:11:00,7,189,16,126.7,13.74,0.09314
2020-07-07 17:11:00,7,189,17,96.4,13.74,0.06738
2020-07-07 18:11:00,7,189,18,64.0,13.21,0.04073
2020-07-07 19:11:00,7,189,19,17.2,13.21,0.00594
2020-07-07 20:11:00,7,189,20,0.0,13.21,0.0
2020-07-07 21:11:00,7,189,21,0.0,13.21,0.0
2020-07-07 22:11:00,7,189,22,0.0,13.74,0.0
2020-07-07 23:11:00,7,189,23,0.0,13.74,0.0
2020-07-08 00:11:00,7,190,0,0.0,14.27,0.0
2020-07-08 01:11:00,7,190,1,0.0,14.27,0.0
2020-07-08 02:11:00,7,190,2,0.0,14.27,0.0
2020-07-08 03:11:00,7,190,3,0.0,14.27,0.0
2020-07-08 04:11:00,7,190,4,0.0,14.27,0.0
2020-07-08 05:11:00,7,190,5,15.6,14.27,0.00491
2020-07-08 06:11:00,7,190,6,33.9,14.8,0.01719
2020-07-08 07:11:00,7,190,7,104.4,14.8,0.07383
2020-07-08 08:11:00,7,190,8,138.3,15.33,0.10237
2020-07-08 09:11:00,7,190,9,226.3,15.86,0.17705
2020-07-08 10:11:00,7,190,10,191.0,16.92,0.14582
2020-07-08 11:11:00,7,190,11,116.0,17.45,0.08233
2020-07-08 12:11:00,7,190,12,123.2,17.98,0.08804
2020-07-08 13:11:00,7,190,13,252.9,18.51,0.19593
2020-07-08 14:11:00,7,190,14,105.3,18.51,0.07297
2020-07-08 15:11:00,7,190,15,70.5,18.51,0.04473
2020-07-08 16:11:00,7,190,16,69.6,17.45,0.04426
2020-07-08 17:11:00,7,190,17,54.4,16.92,0.03236
2020-07-08 18:11:00,7,190,18,65.7,16.39,0.04128
2020-07-08 19:11:00,7,190,19,17.2,15.86,0.00584
2020-07-08 20:11:00,7,190,20,0.0,15.86,0.0
2020-07-08 21:11:00,7,190,21,0.0,15.33,0.0
2020-07-08 22:11:00,7,190,22,0.0,15.33,0.0
2020-07-08 23:11:00,7,190,23,0.0,14.8,0.0
2020-07-09 00:11:00,7,191,0,0.0,14.8,0.0
2020-07-09 01:11:00,7,191,1,0.0,14.27,0.0
2020-07-09 02:11:00,7,191,2,0.0,14.27,0.0
2020-07-09 03:11:00,7,191,3,0.0,14.27,0.0
2020-07-09 04:11:00,7,191,4,0.0,14.27,0.0
2020-07-09 05:11:00,7,191,5,29.6,14.27,0.0141
2020-07-09 06:11:00,7,191,6,47.3,14.8,0.02727
2020-07-09 07:11:00,7,191,7,91.0,14.8,0.06269
2020-07-09 08:11:00,7,191,8,236.1,15.33,0.18657
2020-07-09 09:11:00,7,191,9,185.6,15.86,0.14256
2020-07-09 10:11:00,7,191,10,165.1,15.86,0.12487
2020-07-09 11:11:00,7,191,11,116.0,16.39,0.08291
2020-07-09 12:11:00,7,191,12,159.8,15.86,0.11996
2020-07-09 13:11:00,7,191,13,140.1,15.86,0.10347
2020-07-09 14:11:00,7,191,14,226.0,15.33,0.17721
2020-07-09 15:11:00,7,191,15,200.0,14.8,0.15548
2020-07-09 16:11:00,7,191,16,163.2,14.27,0.12421
2020-07-09 17:11:00,7,191,17,125.4,13.74,0.09199
2020-07-09 18:11:00,7,191,18,37.8,13.21,0.02018
2020-07-09 19:11:00,7,191,19,48.4,12.68,0.02842
2020-07-09 20:11:00,7,191,20,0.0,12.15,0.0
2020-07-09 21:11:00,7,191,21,0.0,12.15,0.0
2020-07-09 22:11:00,7,191,22,0.0,12.15,0.0
2020-07-09 23:11:00,7,191,23,0.0,11.61,0.0
2020-07-10 00:11:00,7,192,0,0.0,11.61,0.0
2020-07-10 01:11:00,7,192,1,0.0,11.61,0.0
2020-07-10 02:11:00,7,192,2,0.0,11.61,0.0
2020-07-10 03:11:00,7,192,3,0.0,11.61,0.0
2020-07-10 04:11:00,7,192,4,0.0,11.61,0.0
2020-07-10 05:11:00,7,192,5,39.4,11.09,0.02166
2020-07-10 06:11:00,7,192,6,159.1,11.09,0.0957
2020-07-10 07:11:00,7,192,7,358.4,11.61,0.28723
2020-07-10 08:11:00,7,192,8,452.1,12.68,0.3769
2020-07-10 09:11:00,7,192,9,416.8,13.74,0.34573
2020-07-10 10:11:00,7,192,10,141.0,14.8,0.10528
2020-07-10 11:11:00,7,192,11,251.2,15.86,0.19964
2020-07-10 12:11:00,7,192,12,615.5,16.39,0.50691
2020-07-10 13:11:00,7,192,13,419.8,16.39,0.34327
2020-07-10 14:11:00,7,192,14,749.7,16.92,0.61529
2020-07-10 15:11:00,7,192,15,541.0,16.92,0.44444
2020-07-10 16:11:00,7,192,16,370.1,16.39,0.29757
2020-07-10 17:11:00,7,192,17,204.1,16.39,0.15395
2020-07-10 18:11:00,7,192,18,55.0,15.86,0.0331
2020-07-10 19:11:00,7,192,19,36.1,15.33,0.01875
2020-07-10 20:11:00,7,192,20,0.0,14.27,0.0
2020-07-10 21:11:00,7,192,21,0.0,13.21,0.0
2020-07-10 22:11:00,7,192,22,0.0,12.15,0.0
2020-07-10 23:11:00,7,192,23,0.0,11.09,0.0
2020-07-11 00:11:00,7,193,0,0.0,10.55,0.0
2020-07-11 01:11:00,7,193,1,0.0,10.02,0.0
2020-07-11 02:11:00,7,193,2,0.0,10.02,0.0
2020-07-11 03:11:00,7,193,3,0.0,9.49,0.0
2020-07-11 04:11:00,7,193,4,0.0,8.96,0.0
2020-07-11 05:11:00,7,193,5,36.1,9.49,0.01933
2020-07-11 06:11:00,7,193,6,159.2,10.55,0.09644
2020-07-11 07:11:00,7,193,7,366.0,12.68,0.29102
2020-07-11 08:11:00,7,193,8,435.9,13.74,0.36053
2020-07-11 09:11:00,7,193,9,666.8,15.33,0.54997
2020-07-11 10:11:00,7,193,10,244.5,16.39,0.19265
2020-07-11 11:11:00,7,193,11,555.5,16.39,0.45303
2020-07-11 12:11:00,7,193,12,761.7,16.92,0.61487
2020-07-11 13:11:00,7,193,13,828.4,17.45,0.66498
2020-07-11 14:11:00,7,193,14,483.1,17.98,0.39009
2020-07-11 15:11:00,7,193,15,611.6,17.98,0.49282
2020-07-11 16:11:00,7,193,16,447.7,17.98,0.35213
2020-07-11 17:11:00,7,193,17,233.2,17.98,0.15111
2020-07-11 18:11:00,7,193,18,100.1,17.45,0.06923
2020-07-11 19:11:00,7,193,19,20.5,16.92,0.00784
2020-07-11 20:11:00,7,193,20,0.0,15.33,0.0
2020-07-11 21:11:00,7,193,21,0.0,13.74,0.0
2020-07-11 22:11:00,7,193,22,0.0,12.15,0.0
2020-07-11 23:11:00,7,193,23,0.0,11.09,0.0
2020-07-12 00:11:00,7,194,0,0.0,10.02,0.0
2020-07-12 01:11:00,7,194,1,0.0,8.96,0.0
2020-07-12 02:11:00,7,194,2,0.0,7.9,0.0
2020-07-12 03:11:00,7,194,3,0.0,7.9,0.0
2020-07-12 04:11:00,7,194,4,0.0,7.9,0.0
2020-07-12 05:11:00,7,194,5,43.5,7.9,0.02517
2020-07-12 06:11:00,7,194,6,150.6,10.02,0.10069
2020-07-12 07:11:00,7,194,7,377.4,12.68,0.29355
2020-07-12 08:11:00,7,194,8,580.5,14.27,0.46336
2020-07-12 09:11:00,7,194,9,793.9,15.86,0.6192
2020-07-12 10:11:00,7,194,10,925.1,16.92,0.71502
2020-07-12 11:11:00,7,194,11,965.4,18.51,0.74564
2020-07-12 12:11:00,7,194,12,939.5,18.51,0.72862
2020-07-12 13:11:00,7,194,13,901.4,19.57,0.69972
2020-07-12 14:11:00,7,194,14,826.2,20.1,0.64547
2020-07-12 15:11:00,7,194,15,680.5,20.1,0.53716
2020-07-12 16:11:00,7,194,16,457.6,20.63,0.35377
2020-07-12 17:11:00,7,194,17,234.4,20.1,0.15486
2020-07-12 18:11:00,7,194,18,54.2,20.1,0.0317
2020-07-12 19:11:00,7,194,19,44.3,19.04,0.02438
2020-07-12 20:11:00,7,194,20,0.0,17.98,0.0
2020-07-12 21:11:00,7,194,21,0.0,16.39,0.0
2020-07-12 22:11:00,7,194,22,0.0,14.8,0.0
2020-07-12 23:11:00,7,194,23,0.0,13.74,0.0
2020-07-13 00:11:00,7,195,0,0.0,12.68,0.0
2020-07-13 01:11:00,7,195,1,0.0,12.15,0.0
2020-07-13 02:11:00,7,195,2,0.0,11.61,0.0
2020-07-13 03:11:00,7,195,3,0.0,11.09,0.0
2020-07-13 04:11:00,7,195,4,0.0,11.09,0.0
2020-07-13 05:11:00,7,195,5,43.5,11.09,0.02479
2020-07-13 06:11:00,7,195,6,130.8,12.68,0.09032
2020-07-13 07:11:00,7,195,7,274.9,14.8,0.21586
2020-07-13 08:11:00,7,195,8,328.9,16.39,0.26481
2020-07-13 09:11:00,7,195,9,408.8,17.98,0.33021
2020-07-13 10:11:00,7,195,10,220.0,18.51,0.17011
2020-07-13 11:11:00,7,195,11,482.2,19.57,0.38893
2020-07-13 12:11:00,7,195,12,341.7,19.57,0.27192
2020-07-13 13:11:00,7,195,13,340.7,19.57,0.27105
2020-07-13 14:11:00,7,195,14,216.0,19.04,0.16645
2020-07-13 15:11:00,7,195,15,126.7,18.51,0.09122
2020-07-13 16:11:00,7,195,16,222.9,17.98,0.17286
2020-07-13 17:11:00,7,195,17,60.7,16.92,0.0374
2020-07-13 18:11:00,7,195,18,26.3,15.86,0.0117
2020-07-13 19:11:00,7,195,19,31.2,15.86,0.01514
2020-07-13 20:11:00,7,195,20,0.0,15.33,0.0
2020-07-13 21:11:00,7,195,21,0.0,15.33,0.0
2020-07-13 22:11:00,7,195,22,0.0,15.33,0.0
2020-07-13 23:11:00,7,195,23,0.0,15.33,0.0
2020-07-14 00:11:00,7,196,0,0.0,15.33,0.0
2020-07-14 01:11:00,7,196,1,0.0,14.8,0.0
2020-07-14 02:11:00,7,196,2,0.0,14.8,0.0
2020-07-14 03:11:00,7,196,3,0.0,14.27,0.0
2020-07-14 04:11:00,7,196,4,0.0,13.74,0.0
2020-07-14 05:11:00,7,196,5,25.4,13.74,0.01127
2020-07-14 06:11:00,7,196,6,22.3,13.74,0.00917
2020-07-14 07:11:00,7,196,7,75.0,14.8,0.04933
2020-07-14 08:11:00,7,196,8,275.0,14.8,0.22021
2020-07-14 09:11:00,7,196,9,325.6,15.33,0.26293
2020-07-14 10:11:00,7,196,10,446.7,15.33,0.36501
2020-07-14 11:11:00,7,196,11,376.8,15.86,0.3053
2020-07-14 12:11:00,7,196,12,436.8,16.92,0.35439
2020-07-14 13:11:00,7,196,13,365.8,16.92,0.29479
2020-07-14 14:11:00,7,196,14,412.5,17.45,0.3337
2020-07-14 15:11:00,7,196,15,264.1,16.92,0.20886
2020-07-14 16:11:00,7,196,16,340.5,16.92,0.27107
2020-07-14 17:11:00,7,196,17,230.4,16.39,0.16222
2020-07-14 18:11:00,7,196,18,102.6,16.39,0.07174
2020-07-14 19:11:00,7,196,19,46.8,15.86,0.02669
2020-07-14 20:11:00,7,196,20,0.0,14.8,0.0
2020-07-14 21:11:00,7,196,21,0.0,14.27,0.0
2020-07-14 22:11:00,7,196,22,0.0,13.74,0.0
2020-07-14 23:11:00,7,196,23,0.0,13.21,0.0
2020-07-15 00:11:00,7,197,0,0.0,13.21,0.0
2020-07-15 01:11:00,7,197,1,0.0,12.68,0.0
2020-07-15 02:11:00,7,197,2,0.0,12.68,0.0
2020-07-15 03:11:00,7,197,3,0.0,12.68,0.0
2020-07-15 04:11:00,7,197,4,0.0,12.68,0.0
2020-07-15 05:11:00,7,197,5,41.9,12.68,0.02332
2020-07-15 06:11:00,7,197,6,55.3,12.68,0.03385
2020-07-15 07:11:00,7,197,7,89.2,13.21,0.06158
2020-07-15 08:11:00,7,197,8,293.2,13.74,0.23692
2020-07-15 09:11:00,7,197,9,152.6,14.27,0.11514
2020-07-15 10:11:00,7,197,10,136.6,13.74,0.10159
2020-07-15 11:11:00,7,197,11,399.9,14.27,0.32744
2020-07-15 12:11:00,7,197,12,268.9,14.8,0.21476
2020-07-15 13:11:00,7,197,13,266.1,15.33,0.21163
2020-07-15 14:11:00,7,197,14,155.3,15.33,0.11695
2020-07-15 15:11:00,7,197,15,137.4,15.86,0.1015
2020-07-15 16:11:00,7,197,16,88.4,15.86,0.06012
2020-07-15 17:11:00,7,197,17,116.5,15.86,0.08356
2020-07-15 18:11:00,7,197,18,65.7,15.86,0.04155
2020-07-15 19:11:00,7,197,19,17.2,15.33,0.00586
2020-07-15 20:11:00,7,197,20,0.0,15.33,0.0
2020-07-15 21:11:00,7,197,21,0.0,14.8,0.0
2020-07-15 22:11:00,7,197,22,0.0,14.8,0.0
2020-07-15 23:11:00,7,197,23,0.0,14.8,0.0
2020-07-16 00:11:00,7,198,0,0.0,14.8,0.0
2020-07-16 01:11:00,7,198,1,0.0,14.27,0.0
2020-07-16 02:11:00,7,198,2,0.0,14.27,0.0
2020-07-16 03:11:00,7,198,3,0.0,14.27,0.0
2020-07-16 04:11:00,7,198,4,0.0,14.27,0.0
2020-07-16 05:11:00,7,198,5,39.4,14.27,0.02129
2020-07-16 06:11:00,7,198,6,66.9,14.27,0.04292
2020-07-16 07:11:00,7,198,7,161.6,14.8,0.12245
2020-07-16 08:11:00,7,198,8,238.1,15.86,0.18822
2020-07-16 09:11:00,7,198,9,271.0,16.39,0.21584
2020-07-16 10:11:00,7,198,10,208.0,17.45,0.1606
2020-07-16 11:11:00,7,198,11,281.5,18.51,0.22213
2020-07-16 12:11:00,7,198,12,501.3,18.51,0.40509
2020-07-16 13:11:00,7,198,13,585.6,19.57,0.47128
2020-07-16 14:11:00,7,198,14,590.9,20.1,0.4748
2020-07-16 15:11:00,7,198,15,431.3,20.63,0.34412
2020-07-16 16:11:00,7,198,16,340.7,20.63,0.2662
2020-07-16 17:11:00,7,198,17,172.4,20.63,0.12637
2020-07-16 18:11:00,7,198,18,67.3,20.1,0.04192
2020-07-16 19:11:00,7,198,19,14.0,19.57,0.00382
2020-07-16 20:11:00,7,198,20,0.0,18.51,0.0
2020-07-16 21:11:00,7,198,21,0.0,18.51,0.0
2020-07-16 22:11:00,7,198,22,0.0,17.98,0.0
2020-07-16 23:11:00,7,198,23,0.0,16.92,0.0
2020-07-17 00:11:00,7,199,0,0.0,16.39,0.0
2020-07-17 01:11:00,7,199,1,0.0,15.86,0.0
2020-07-17 02:11:00,7,199,2,0.0,15.33,0.0
2020-07-17 03:11:00,7,199,3,0.0,14.27,0.0
2020-07-17 04:11:00,7,199,4,0.0,14.27,0.0
2020-07-17 05:11:00,7,199,5,38.6,14.27,0.02066
2020-07-17 06:11:00,7,199,6,76.4,15.33,0.05015
2020-07-17 07:11:00,7,199,7,294.1,16.92,0.22783
2020-07-17 08:11:00,7,199,8,578.0,18.51,0.46268
2020-07-17 09:11:00,7,199,9,727.7,19.57,0.57908
2020-07-17 10:11:00,7,199,10,696.6,20.63,0.55622
2020-07-17 11:11:00,7,199,11,576.6,21.69,0.45948
2020-07-17 12:11:00,7,199,12,878.1,22.22,0.6879
2020-07-17 13:11:00,7,199,13,756.5,22.75,0.59575
2020-07-17 14:11:00,7,199,14,450.4,22.75,0.35598
2020-07-17 15:11:00,7,199,15,578.1,23.28,0.45708
2020-07-17 16:11:00,7,199,16,398.2,22.75,0.30866
2020-07-17 17:11:00,7,199,17,228.5,22.75,0.14703
2020-07-17 18:11:00,7,199,18,68.1,22.22,0.04215
2020-07-17 19:11:00,7,199,19,43.5,20.63,0.02359
2020-07-17 20:11:00,7,199,20,0.0,19.04,0.0
2020-07-17 21:11:00,7,199,21,0.0,18.51,0.0
2020-07-17 22:11:00,7,199,22,0.0,17.45,0.0
2020-07-17 23:11:00,7,199,23,0.0,16.92,0.0
2020-07-18 00:11:00,7,200,0,0.0,15.86,0.0
2020-07-18 01:11:00,7,200,1,0.0,15.33,0.0
2020-07-18 02:11:00,7,200,2,0.0,14.27,0.0
2020-07-18 03:11:00,7,200,3,0.0,13.74,0.0
2020-07-18 04:11:00,7,200,4,0.0,13.21,0.0
2020-07-18 05:11:00,7,200,5,32.8,13.21,0.01654
2020-07-18 06:11:00,7,200,6,34.8,14.27,0.01789
2020-07-18 07:11:00,7,200,7,211.6,15.86,0.16359
2020-07-18 08:11:00,7,200,8,370.2,17.45,0.29938
2020-07-18 09:11:00,7,200,9,294.6,17.98,0.23443
2020-07-18 10:11:00,7,200,10,177.6,18.51,0.13428
2020-07-18 11:11:00,7,200,11,595.1,19.04,0.48254
2020-07-18 12:11:00,7,200,12,194.6,19.57,0.14799
2020-07-18 13:11:00,7,200,13,395.8,19.04,0.31794
2020-07-18 14:11:00,7,200,14,216.0,19.04,0.16617
2020-07-18 15:11:00,7,200,15,91.0,19.04,0.06139
2020-07-18 16:11:00,7,200,16,276.6,19.04,0.21641
2020-07-18 17:11:00,7,200,17,174.8,19.04,0.12912
2020-07-18 18:11:00,7,200,18,17.2,18.51,0.00575
2020-07-18 19:11:00,7,200,19,6.6,17.98,0.0003
2020-07-18 20:11:00,7,200,20,0.0,17.45,0.0
2020-07-18 21:11:00,7,200,21,0.0,16.92,0.0
2020-07-18 22:11:00,7,200,22,0.0,16.92,0.0
2020-07-18 23:11:00,7,200,23,0.0,16.39,0.0
2020-07-19 00:11:00,7,201,0,0.0,15.33,0.0
2020-07-19 01:11:00,7,201,1,0.0,14.8,0.0
2020-07-19 02:11:00,7,201,2,0.0,13.74,0.0
2020-07-19 03:11:00,7,201,3,0.0,13.21,0.0
2020-07-19 04:11:00,7,201,4,0.0,12.68,0.0
2020-07-19 05:11:00,7,201,5,30.4,12.15,0.01485
2020-07-19 06:11:00,7,201,6,123.4,12.15,0.08559
2020-07-19 07:11:00,7,201,7,292.4,12.68,0.23169
2020-07-19 08:11:00,7,201,8,597.5,13.21,0.49281
2020-07-19 09:11:00,7,201,9,788.7,14.8,0.6441
2020-07-19 10:11:00,7,201,10,798.4,15.86,0.64628
2020-07-19 11:11:00,7,201,11,753.0,17.45,0.60455
2020-07-19 12:11:00,7,201,12,817.0,18.51,0.64854
2020-07-19 13:11:00,7,201,13,783.3,18.51,0.62421
2020-07-19 14:11:00,7,201,14,781.3,18.51,0.62709
2020-07-19 15:11:00,7,201,15,581.3,18.51,0.47148
2020-07-19 16:11:00,7,201,16,437.1,17.98,0.34757
2020-07-19 17:11:00,7,201,17,232.6,17.45,0.15325
2020-07-19 18:11:00,7,201,18,91.9,16.92,0.06278
2020-07-19 19:11:00,7,201,19,37.8,15.86,0.01991
2020-07-19 20:11:00,7,201,20,0.0,14.8,0.0
2020-07-19 21:11:00,7,201,21,0.0,13.21,0.0
2020-07-19 22:11:00,7,201,22,0.0,12.15,0.0
2020-07-19 23:11:00,7,201,23,0.0,11.61,0.0
2020-07-20 00:11:00,7,202,0,0.0,10.55,0.0
2020-07-20 01:11:00,7,202,1,0.0,10.02,0.0
2020-07-20 02:11:00,7,202,2,0.0,9.49,0.0
2020-07-20 03:11:00,7,202,3,0.0,8.96,0.0
2020-07-20 04:11:00,7,202,4,0.0,8.96,0.0
2020-07-20 05:11:00,7,202,5,35.3,8.96,0.01876
2020-07-20 06:11:00,7,202,6,149.7,10.02,0.08964
2020-07-20 07:11:00,7,202,7,373.7,12.68,0.29436
2020-07-20 08:11:00,7,202,8,590.3,14.27,0.48612
2020-07-20 09:11:00,7,202,9,646.6,15.33,0.5314
2020-07-20 10:11:00,7,202,10,773.8,16.39,0.62565
2020-07-20 11:11:00,7,202,11,491.3,16.92,0.3986
2020-07-20 12:11:00,7,202,12,485.3,16.92,0.39348
2020-07-20 13:11:00,7,202,13,751.4,17.45,0.60416
2020-07-20 14:11:00,7,202,14,336.7,17.45,0.26934
2020-07-20 15:11:00,7,202,15,463.2,17.98,0.37332
2020-07-20 16:11:00,7,202,16,333.1,17.45,0.26388
2020-07-20 17:11:00,7,202,17,225.2,17.45,0.16286
2020-07-20 18:11:00,7,202,18,91.9,16.92,0.06268
2020-07-20 19:11:00,7,202,19,37.8,16.39,0.01983
2020-07-20 20:11:00,7,202,20,0.0,14.8,0.0
2020-07-20 21:11:00,7,202,21,0.0,13.21,0.0
2020-07-20 22:11:00,7,202,22,0.0,12.15,0.0
2020-07-20 23:11:00,7,202,23,0.0,11.09,0.0
2020-07-21 00:11:00,7,203,0,0.0,10.02,0.0
2020-07-21 01:11:00,7,203,1,0.0,8.96,0.0
2020-07-21 02:11:00,7,203,2,0.0,7.9,0.0
2020-07-21 03:11:00,7,203,3,0.0,7.9,0.0
2020-07-21 04:11:00,7,203,4,0.0,7.37,0.0
2020-07-21 05:11:00,7,203,5,33.6,7.37,0.01767
2020-07-21 06:11:00,7,203,6,144.3,9.49,0.08751
2020-07-21 07:11:00,7,203,7,362.2,12.15,0.28358
2020-07-21 08:11:00,7,203,8,573.2,14.27,0.4651
2020-07-21 09:11:00,7,203,9,768.2,15.33,0.61393
2020-07-21 10:11:00,7,203,10,815.1,16.92,0.6445
2020-07-21 11:11:00,7,203,11,581.0,17.98,0.46642
2020-07-21 12:11:00,7,203,12,639.7,18.51,0.51197
2020-07-21 13:11:00,7,203,13,421.9,17.98,0.3381
2020-07-21 14:11:00,7,203,14,341.9,18.51,0.27139
2020-07-21 15:11:00,7,203,15,539.6,18.51,0.43053
2020-07-21 16:11:00,7,203,16,154.4,18.51,0.11379
2020-07-21 17:11:00,7,203,17,97.3,18.51,0.0664
2020-07-21 18:11:00,7,203,18,46.0,17.98,0.02573
2020-07-21 19:11:00,7,203,19,11.5,17.98,0.00254
2020-07-21 20:11:00,7,203,20,0.0,16.92,0.0
2020-07-21 21:11:00,7,203,21,0.0,16.39,0.0
2020-07-21 22:11:00,7,203,22,0.0,15.86,0.0
2020-07-21 23:11:00,7,203,23,0.0,15.33,0.0
2020-07-22 00:11:00,7,204,0,0.0,14.27,0.0
2020-07-22 01:11:00,7,204,1,0.0,13.21,0.0
2020-07-22 02:11:00,7,204,2,0.0,12.68,0.0
2020-07-22 03:11:00,7,204,3,0.0,12.15,0.0
2020-07-22 04:11:00,7,204,4,0.0,11.61,0.0
2020-07-22 05:11:00,7,204,5,18.9,12.15,0.00701
2020-07-22 06:11:00,7,204,6,70.2,13.21,0.04553
2020-07-22 07:11:00,7,204,7,261.1,14.27,0.20348
2020-07-22 08:11:00,7,204,8,406.5,15.86,0.32887
2020-07-22 09:11:00,7,204,9,617.3,17.98,0.49887
2020-07-22 10:11:00,7,204,10,903.1,19.04,0.71655
2020-07-22 11:11:00,7,204,11,467.1,20.1,0.37417
2020-07-22 12:11:00,7,204,12,652.0,20.63,0.5222
2020-07-22 13:11:00,7,204,13,436.6,20.63,0.34954
2020-07-22 14:11:00,7,204,14,182.1,21.16,0.13634
2020-07-22 15:11:00,7,204,15,346.6,21.16,0.27445
2020-07-22 16:11:00,7,204,16,388.7,20.63,0.30575
2020-07-22 17:11:00,7,204,17,205.3,20.63,0.1494
2020-07-22 18:11:00,7,204,18,97.7,20.1,0.06646
2020-07-22 19:11:00,7,204,19,28.7,19.04,0.01317
2020-07-22 20:11:00,7,204,20,0.0,18.51,0.0
2020-07-22 21:11:00,7,204,21,0.0,17.45,0.0
2020-07-22 22:11:00,7,204,22,0.0,16.39,0.0
2020-07-22 23:11:00,7,204,23,0.0,15.33,0.0
2020-07-23 00:11:00,7,205,0,0.0,14.8,0.0
2020-07-23 01:11:00,7,205,1,0.0,14.27,0.0
2020-07-23 02:11:00,7,205,2,0.0,13.21,0.0
2020-07-23 03:11:00,7,205,3,0.0,12.15,0.0
2020-07-23 04:11:00,7,205,4,0.0,11.61,0.0
2020-07-23 05:11:00,7,205,5,34.5,11.09,0.01794
2020-07-23 06:11:00,7,205,6,125.6,12.15,0.08416
2020-07-23 07:11:00,7,205,7,96.4,14.27,0.06731
2020-07-23 08:11:00,7,205,8,228.3,15.86,0.17958
2020-07-23 09:11:00,7,205,9,509.1,16.92,0.417
2020-07-23 10:11:00,7,205,10,445.0,18.51,0.36067
2020-07-23 11:11:00,7,205,11,734.5,19.04,0.59388
2020-07-23 12:11:00,7,205,12,363.1,20.1,0.28929
2020-07-23 13:11:00,7,205,13,270.2,20.63,0.2108
2020-07-23 14:11:00,7,205,14,176.7,21.16,0.1319
2020-07-23 15:11:00,7,205,15,318.7,21.16,0.25141
2020-07-23 16:11:00,7,205,16,154.4,20.63,0.11342
2020-07-23 17:11:00,7,205,17,106.2,19.57,0.07371
2020-07-23 18:11:00,7,205,18,50.9,18.51,0.02946
2020-07-23 19:11:00,7,205,19,28.7,18.51,0.01321
2020-07-23 20:11:00,7,205,20,0.0,17.45,0.0
2020-07-23 21:11:00,7,205,21,0.0,16.92,0.0
2020-07-23 22:11:00,7,205,22,0.0,16.39,0.0
2020-07-23 23:11:00,7,205,23,0.0,15.86,0.0
2020-07-24 00:11:00,7,206,0,0.0,15.33,0.0
2020-07-24 01:11:00,7,206,1,0.0,15.33,0.0
2020-07-24 02:11:00,7,206,2,0.0,15.33,0.0
2020-07-24 03:11:00,7,206,3,0.0,14.8,0.0
2020-07-24 04:11:00,7,206,4,0.0,14.8,0.0
2020-07-24 05:11:00,7,206,5,19.7,14.8,0.00741
2020-07-24 06:11:00,7,206,6,69.3,15.33,0.04434
2020-07-24 07:11:00,7,206,7,167.3,16.39,0.12553
2020-07-24 08:11:00,7,206,8,388.2,17.45,0.31179
2020-07-24 09:11:00,7,206,9,495.4,17.98,0.39992
2020-07-24 10:11:00,7,206,10,580.7,19.04,0.46631
2020-07-24 11:11:00,7,206,11,669.0,20.1,0.53255
2020-07-24 12:11:00,7,206,12,454.2,20.63,0.36206
2020-07-24 13:11:00,7,206,13,236.9,21.16,0.18176
2020-07-24 14:11:00,7,206,14,393.5,21.69,0.31089
2020-07-24 15:11:00,7,206,15,285.2,21.69,0.2217
2020-07-24 16:11:00,7,206,16,180.1,21.69,0.13407
2020-07-24 17:11:00,7,206,17,221.8,21.16,0.15352
2020-07-24 18:11:00,7,206,18,89.5,20.63,0.0596
2020-07-24 19:11:00,7,206,19,9.8,20.1,0.0017
2020-07-24 20:11:00,7,206,20,0.0,18.51,0.0
2020-07-24 21:11:00,7,206,21,0.0,18.51,0.0
2020-07-24 22:11:00,7,206,22,0.0,17.45,0.0
2020-07-24 23:11:00,7,206,23,0.0,17.45,0.0
2020-07-25 00:11:00,7,207,0,0.0,17.45,0.0
2020-07-25 01:11:00,7,207,1,0.0,17.45,0.0
2020-07-25 02:11:00,7,207,2,0.0,16.92,0.0
2020-07-25 03:11:00,7,207,3,0.0,16.92,0.0
2020-07-25 04:11:00,7,207,4,0.0,16.92,0.0
2020-07-25 05:11:00,7,207,5,24.6,16.92,0.01053
2020-07-25 06:11:00,7,207,6,58.9,16.92,0.03601
2020-07-25 07:11:00,7,207,7,216.5,17.45,0.16618
2020-07-25 08:11:00,7,207,8,406.4,17.98,0.33003
2020-07-25 09:11:00,7,207,9,267.2,18.51,0.21089
2020-07-25 10:11:00,7,207,10,416.1,19.04,0.33673
2020-07-25 11:11:00,7,207,11,433.4,19.57,0.34989
2020-07-25 12:11:00,7,207,12,195.5,21.16,0.14777
2020-07-25 13:11:00,7,207,13,210.6,20.63,0.16087
2020-07-25 14:11:00,7,207,14,100.0,20.1,0.0684
2020-07-25 15:11:00,7,207,15,100.9,19.57,0.06928
2020-07-25 16:11:00,7,207,16,242.0,19.57,0.18719
2020-07-25 17:11:00,7,207,17,221.7,18.51,0.15107
2020-07-25 18:11:00,7,207,18,62.4,18.51,0.03836
2020-07-25 19:11:00,7,207,19,22.2,16.39,0.00893
2020-07-25 20:11:00,7,207,20,0.0,15.86,0.0
2020-07-25 21:11:00,7,207,21,0.0,14.8,0.0
2020-07-25 22:11:00,7,207,22,0.0,14.27,0.0
2020-07-25 23:11:00,7,207,23,0.0,13.74,0.0
2020-07-26 00:11:00,7,208,0,0.0,13.21,0.0
2020-07-26 01:11:00,7,208,1,0.0,13.21,0.0
2020-07-26 02:11:00,7,208,2,0.0,12.68,0.0
2020-07-26 03:11:00,7,208,3,0.0,12.68,0.0
2020-07-26 04:11:00,7,208,4,0.0,12.68,0.0
2020-07-26 05:11:00,7,208,5,29.6,13.21,0.01418
2020-07-26 06:11:00,7,208,6,139.6,13.74,0.08155
2020-07-26 07:11:00,7,208,7,317.2,14.8,0.24945
2020-07-26 08:11:00,7,208,8,299.6,15.86,0.24148
2020-07-26 09:11:00,7,208,9,321.4,16.92,0.25936
2020-07-26 10:11:00,7,208,10,431.0,17.98,0.35095
2020-07-26 11:11:00,7,208,11,860.4,19.04,0.69594
2020-07-26 12:11:00,7,208,12,367.5,19.57,0.29482
2020-07-26 13:11:00,7,208,13,220.5,20.1,0.16977
2020-07-26 14:11:00,7,208,14,604.6,20.1,0.49203
2020-07-26 15:11:00,7,208,15,187.6,20.1,0.14204
2020-07-26 16:11:00,7,208,16,244.8,20.1,0.18996
2020-07-26 17:11:00,7,208,17,85.7,19.04,0.05707
2020-07-26 18:11:00,7,208,18,45.1,18.51,0.02511
2020-07-26 19:11:00,7,208,19,22.2,17.98,0.00885
2020-07-26 20:11:00,7,208,20,0.0,16.92,0.0
2020-07-26 21:11:00,7,208,21,0.0,16.39,0.0
2020-07-26 22:11:00,7,208,22,0.0,15.86,0.0
2020-07-26 23:11:00,7,208,23,0.0,15.86,0.0
2020-07-27 00:11:00,7,209,0,0.0,15.33,0.0
2020-07-27 01:11:00,7,209,1,0.0,15.33,0.0
2020-07-27 02:11:00,7,209,2,0.0,14.8,0.0
2020-07-27 03:11:00,7,209,3,0.0,14.8,0.0
2020-07-27 04:11:00,7,209,4,0.0,14.8,0.0
2020-07-27 05:11:00,7,209,5,30.4,14.8,0.01465
2020-07-27 06:11:00,7,209,6,31.2,14.8,0.01527
2020-07-27 07:11:00,7,209,7,178.8,14.8,0.13702
2020-07-27 08:11:00,7,209,8,140.1,15.33,0.10438
2020-07-27 09:11:00,7,209,9,181.6,16.39,0.1396
2020-07-27 10:11:00,7,209,10,190.1,17.45,0.14632
2020-07-27 11:11:00,7,209,11,146.4,17.45,0.10874
2020-07-27 12:11:00,7,209,12,189.2,17.45,0.14543
2020-07-27 13:11:00,7,209,13,228.5,17.98,0.17844
2020-07-27 14:11:00,7,209,14,324.0,18.51,0.25947
2020-07-27 15:11:00,7,209,15,397.8,20.1,0.32071
2020-07-27 16:11:00,7,209,16,409.5,20.63,0.32424
2020-07-27 17:11:00,7,209,17,53.6,19.57,0.0314
2020-07-27 18:11:00,7,209,18,55.0,18.51,0.03267
2020-07-27 19:11:00,7,209,19,16.4,17.98,0.00528
2020-07-27 20:11:00,7,209,20,0.0,16.92,0.0
2020-07-27 21:11:00,7,209,21,0.0,15.86,0.0
2020-07-27 22:11:00,7,209,22,0.0,14.8,0.0
2020-07-27 23:11:00,7,209,23,0.0,13.74,0.0
2020-07-28 00:11:00,7,210,0,0.0,13.21,0.0
2020-07-28 01:11:00,7,210,1,0.0,12.68,0.0
2020-07-28 02:11:00,7,210,2,0.0,12.68,0.0
2020-07-28 03:11:00,7,210,3,0.0,12.15,0.0
2020-07-28 04:11:00,7,210,4,0.0,12.15,0.0
2020-07-28 05:11:00,7,210,5,29.6,12.15,0.01427
2020-07-28 06:11:00,7,210,6,78.5,13.21,0.05213
2020-07-28 07:11:00,7,210,7,205.3,13.74,0.15991
2020-07-28 08:11:00,7,210,8,349.5,14.8,0.28654
2020-07-28 09:11:00,7,210,9,602.8,15.33,0.5017
2020-07-28 10:11:00,7,210,10,576.9,15.86,0.47781
2020-07-28 11:11:00,7,210,11,954.6,16.39,0.77867
2020-07-28 12:11:00,7,210,12,886.7,16.92,0.72296
2020-07-28 13:11:00,7,210,13,695.2,16.92,0.57131
2020-07-28 14:11:00,7,210,14,430.4,17.45,0.35145
2020-07-28 15:11:00,7,210,15,289.6,17.45,0.23132
2020-07-28 16:11:00,7,210,16,215.8,17.45,0.16768
2020-07-28 17:11:00,7,210,17,221.2,16.92,0.15633
2020-07-28 18:11:00,7,210,18,91.9,16.39,0.06296
2020-07-28 19:11:00,7,210,19,29.6,15.86,0.01398
2020-07-28 20:11:00,7,210,20,0.0,14.8,0.0
2020-07-28 21:11:00,7,210,21,0.0,14.27,0.0
2020-07-28 22:11:00,7,210,22,0.0,13.21,0.0
2020-07-28 23:11:00,7,210,23,0.0,12.15,0.0
2020-07-29 00:11:00,7,211,0,0.0,11.61,0.0
2020-07-29 01:11:00,7,211,1,0.0,11.09,0.0
2020-07-29 02:11:00,7,211,2,0.0,10.55,0.0
2020-07-29 03:11:00,7,211,3,0.0,10.55,0.0
2020-07-29 04:11:00,7,211,4,0.0,10.55,0.0
2020-07-29 05:11:00,7,211,5,27.9,10.55,0.01321
2020-07-29 06:11:00,7,211,6,109.1,11.09,0.07359
2020-07-29 07:11:00,7,211,7,213.6,13.74,0.16561
2020-07-29 08:11:00,7,211,8,370.2,14.8,0.30149
2020-07-29 09:11:00,7,211,9,300.3,16.39,0.24052
2020-07-29 10:11:00,7,211,10,348.1,16.92,0.28019
2020-07-29 11:11:00,7,211,11,602.8,17.45,0.48858
2020-07-29 12:11:00,7,211,12,602.9,17.98,0.48718
2020-07-29 13:11:00,7,211,13,658.2,18.51,0.5301
2020-07-29 14:11:00,7,211,14,410.3,18.51,0.33004
2020-07-29 15:11:00,7,211,15,522.4,18.51,0.4222
2020-07-29 16:11:00,7,211,16,374.7,19.04,0.29505
2020-07-29 17:11:00,7,211,17,165.2,18.51,0.12106
2020-07-29 18:11:00,7,211,18,40.2,18.51,0.02141
2020-07-29 19:11:00,7,211,19,4.9,17.98,0.0
2020-07-29 20:11:00,7,211,20,0.0,17.45,0.0
2020-07-29 21:11:00,7,211,21,0.0,16.92,0.0
2020-07-29 22:11:00,7,211,22,0.0,15.86,0.0
2020-07-29 23:11:00,7,211,23,0.0,14.8,0.0
2020-07-30 00:11:00,7,212,0,0.0,13.74,0.0
2020-07-30 01:11:00,7,212,1,0.0,12.68,0.0
2020-07-30 02:11:00,7,212,2,0.0,12.68,0.0
2020-07-30 03:11:00,7,212,3,0.0,12.15,0.0
2020-07-30 04:11:00,7,212,4,0.0,12.68,0.0
2020-07-30 05:11:00,7,212,5,27.9,13.21,0.01301
2020-07-30 06:11:00,7,212,6,133.7,14.27,0.07532
2020-07-30 07:11:00,7,212,7,194.2,16.39,0.14757
2020-07-30 08:11:00,7,212,8,537.2,17.98,0.43336
2020-07-30 09:11:00,7,212,9,394.5,19.04,0.31629
2020-07-30 10:11:00,7,212,10,896.8,20.1,0.70485
2020-07-30 11:11:00,7,212,11,1025.1,21.69,0.786
2020-07-30 12:11:00,7,212,12,1034.3,22.75,0.78608
2020-07-30 13:11:00,7,212,13,963.8,23.81,0.73617
2020-07-30 14:11:00,7,212,14,827.7,24.34,0.64153
2020-07-30 15:11:00,7,212,15,653.3,24.87,0.51081
2020-07-30 16:11:00,7,212,16,437.4,24.87,0.33386
2020-07-30 17:11:00,7,212,17,218.1,24.87,0.13688
2020-07-30 18:11:00,7,212,18,68.1,24.34,0.04164
2020-07-30 19:11:00,7,212,19,28.7,23.28,0.01285
2020-07-30 20:11:00,7,212,20,0.0,20.63,0.0
2020-07-30 21:11:00,7,212,21,0.0,19.04,0.0
2020-07-30 22:11:00,7,212,22,0.0,18.51,0.0
2020-07-30 23:11:00,7,212,23,0.0,17.45,0.0
2020-07-31 00:11:00,7,213,0,0.0,16.92,0.0
2020-07-31 01:11:00,7,213,1,0.0,16.39,0.0
2020-07-31 02:11:00,7,213,2,0.0,16.39,0.0
2020-07-31 03:11:00,7,213,3,0.0,16.39,0.0
2020-07-31 04:11:00,7,213,4,0.0,16.39,0.0
2020-07-31 05:11:00,7,213,5,26.3,16.39,0.01167
2020-07-31 06:11:00,7,213,6,127.8,17.45,0.07595
2020-07-31 07:11:00,7,213,7,335.8,19.57,0.25629
2020-07-31 08:11:00,7,213,8,556.7,22.22,0.44382
2020-07-31 09:11:00,7,213,9,747.1,24.87,0.58826
2020-07-31 10:11:00,7,213,10,900.8,26.99,0.69529
2020-07-31 11:11:00,7,213,11,979.8,28.58,0.74707
2020-07-31 12:11:00,7,213,12,1026.1,29.64,0.7784
2020-07-31 13:11:00,7,213,13,955.9,30.17,0.72838
2020-07-31 14:11:00,7,213,14,811.5,30.17,0.62268
2020-07-31 15:11:00,7,213,15,630.3,29.64,0.48638
2020-07-31 16:11:00,7,213,16,306.2,29.64,0.2291
2020-07-31 17:11:00,7,213,17,89.2,29.11,0.05696
2020-07-31 18:11:00,7,213,18,22.2,27.52,0.00837
2020-07-31 19:11:00,7,213,19,23.0,24.34,0.00904
2020-07-31 20:11:00,7,213,20,0.0,22.22,0.0
2020-07-31 21:11:00,7,213,21,0.0,20.63,0.0
2020-07-31 22:11:00,7,213,22,0.0,20.1,0.0
2020-07-31 23:11:00,7,213,23,0.0,19.57,0.0
2020-08-01 00:11:00,8,214,0,0.0,18.51,0.0
2020-08-01 01:11:00,8,214,1,0.0,17.98,0.0
2020-08-01 02:11:00,8,214,2,0.0,16.92,0.0
2020-08-01 03:11:00,8,214,3,0.0,16.39,0.0
2020-08-01 04:11:00,8,214,4,0.0,16.39,0.0
2020-08-01 05:11:00,8,214,5,24.6,15.86,0.01059
2020-08-01 06:11:00,8,214,6,103.2,16.39,0.06771
2020-08-01 07:11:00,8,214,7,148.5,16.92,0.10999
2020-08-01 08:11:00,8,214,8,206.4,17.98,0.15911
2020-08-01 09:11:00,8,214,9,244.9,18.51,0.19142
2020-08-01 10:11:00,8,214,10,387.9,19.57,0.3107
2020-08-01 11:11:00,8,214,11,230.8,20.63,0.17734
2020-08-01 12:11:00,8,214,12,491.7,21.16,0.39278
2020-08-01 13:11:00,8,214,13,251.6,21.69,0.19389
2020-08-01 14:11:00,8,214,14,368.3,21.69,0.29113
2020-08-01 15:11:00,8,214,15,307.3,21.69,0.24056
2020-08-01 16:11:00,8,214,16,145.5,21.16,0.10557
2020-08-01 17:11:00,8,214,17,107.6,20.63,0.07436
2020-08-01 18:11:00,8,214,18,36.1,19.57,0.01833
2020-08-01 19:11:00,8,214,19,26.3,18.51,0.01153
2020-08-01 20:11:00,8,214,20,0.0,17.98,0.0
2020-08-01 21:11:00,8,214,21,0.0,16.92,0.0
2020-08-01 22:11:00,8,214,22,0.0,15.86,0.0
2020-08-01 23:11:00,8,214,23,0.0,15.33,0.0
2020-08-02 00:11:00,8,215,0,0.0,14.8,0.0
2020-08-02 01:11:00,8,215,1,0.0,13.74,0.0
2020-08-02 02:11:00,8,215,2,0.0,13.21,0.0
2020-08-02 03:11:00,8,215,3,0.0,12.15,0.0
2020-08-02 04:11:00,8,215,4,0.0,11.61,0.0
2020-08-02 05:11:00,8,215,5,23.0,11.61,0.00973
2020-08-02 06:11:00,8,215,6,112.4,12.68,0.07372
2020-08-02 07:11:00,8,215,7,274.6,14.8,0.21525
2020-08-02 08:11:00,8,215,8,569.6,15.86,0.46746
2020-08-02 09:11:00,8,215,9,529.8,16.92,0.43385
2020-08-02 10:11:00,8,215,10,492.0,17.98,0.39986
2020-08-02 11:11:00,8,215,11,265.3,18.51,0.20853
2020-08-02 12:11:00,8,215,12,851.7,19.57,0.67874
2020-08-02 13:11:00,8,215,13,727.0,20.1,0.58277
2020-08-02 14:11:00,8,215,14,773.3,20.63,0.61816
2020-08-02 15:11:00,8,215,15,610.8,20.63,0.49094
2020-08-02 16:11:00,8,215,16,396.8,20.63,0.31097
2020-08-02 17:11:00,8,215,17,210.8,19.57,0.1474
2020-08-02 18:11:00,8,215,18,27.9,18.51,0.01264
2020-08-02 19:11:00,8,215,19,18.9,18.51,0.00675
2020-08-02 20:11:00,8,215,20,0.0,17.45,0.0
2020-08-02 21:11:00,8,215,21,0.0,16.39,0.0
2020-08-02 22:11:00,8,215,22,0.0,15.86,0.0
2020-08-02 23:11:00,8,215,23,0.0,14.8,0.0
2020-08-03 00:11:00,8,216,0,0.0,13.74,0.0
2020-08-03 01:11:00,8,216,1,0.0,13.21,0.0
2020-08-03 02:11:00,8,216,2,0.0,12.68,0.0
2020-08-03 03:11:00,8,216,3,0.0,11.61,0.0
2020-08-03 04:11:00,8,216,4,0.0,11.09,0.0
2020-08-03 05:11:00,8,216,5,23.0,11.09,0.00975
2020-08-03 06:11:00,8,216,6,124.7,12.15,0.07643
2020-08-03 07:11:00,8,216,7,348.7,13.74,0.27255
2020-08-03 08:11:00,8,216,8,564.4,15.33,0.46195
2020-08-03 09:11:00,8,216,9,629.3,16.39,0.5125
2020-08-03 10:11:00,8,216,10,458.9,16.92,0.37235
2020-08-03 11:11:00,8,216,11,759.0,17.98,0.60994
2020-08-03 12:11:00,8,216,12,243.2,17.98,0.19008
2020-08-03 13:11:00,8,216,13,597.8,17.98,0.48435
2020-08-03 14:11:00,8,216,14,403.2,18.51,0.32447
2020-08-03 15:11:00,8,216,15,424.5,18.51,0.34221
2020-08-03 16:11:00,8,216,16,327.7,18.51,0.25836
2020-08-03 17:11:00,8,216,17,217.5,17.98,0.14456
2020-08-03 18:11:00,8,216,18,64.0,17.45,0.0399
2020-08-03 19:11:00,8,216,19,25.4,16.92,0.01107
2020-08-03 20:11:00,8,216,20,0.0,15.86,0.0
2020-08-03 21:11:00,8,216,21,0.0,14.27,0.0
2020-08-03 22:11:00,8,216,22,0.0,13.21,0.0
2020-08-03 23:11:00,8,216,23,0.0,12.68,0.0
2020-08-04 00:11:00,8,217,0,0.0,11.61,0.0
2020-08-04 01:11:00,8,217,1,0.0,11.61,0.0
2020-08-04 02:11:00,8,217,2,0.0,11.61,0.0
2020-08-04 03:11:00,8,217,3,0.0,11.09,0.0
2020-08-04 04:11:00,8,217,4,0.0,10.55,0.0
2020-08-04 05:11:00,8,217,5,12.3,8.43,0.00318
2020-08-04 06:11:00,8,217,6,114.4,10.02,0.07307
2020-08-04 07:11:00,8,217,7,250.6,13.74,0.19502
2020-08-04 08:11:00,8,217,8,337.1,14.8,0.27313
2020-08-04 09:11:00,8,217,9,110.7,15.33,0.0789
2020-08-04 10:11:00,8,217,10,142.8,15.33,0.10625
2020-08-04 11:11:00,8,217,11,436.8,15.86,0.3574
2020-08-04 12:11:00,8,217,12,161.6,15.86,0.12229
2020-08-04 13:11:00,8,217,13,762.2,16.92,0.62537
2020-08-04 14:11:00,8,217,14,299.5,17.98,0.23934
2020-08-04 15:11:00,8,217,15,586.2,19.04,0.48079
2020-08-04 16:11:00,8,217,16,299.2,19.57,0.23565
2020-08-04 17:11:00,8,217,17,115.3,19.57,0.08118
2020-08-04 18:11:00,8,217,18,52.5,19.57,0.0306
2020-08-04 19:11:00,8,217,19,11.5,19.04,0.00253
2020-08-04 20:11:00,8,217,20,0.0,18.51,0.0
2020-08-04 21:11:00,8,217,21,0.0,17.98,0.0
2020-08-04 22:11:00,8,217,22,0.0,17.45,0.0
2020-08-04 23:11:00,8,217,23,0.0,16.92,0.0
2020-08-05 00:11:00,8,218,0,0.0,16.92,0.0
2020-08-05 01:11:00,8,218,1,0.0,16.39,0.0
2020-08-05 02:11:00,8,218,2,0.0,16.39,0.0
2020-08-05 03:11:00,8,218,3,0.0,16.39,0.0
2020-08-05 04:11:00,8,218,4,0.0,16.39,0.0
2020-08-05 05:11:00,8,218,5,2.5,16.39,0.0
2020-08-05 06:11:00,8,218,6,65.5,16.39,0.04101
2020-08-05 07:11:00,8,218,7,172.2,17.98,0.12926
2020-08-05 08:11:00,8,218,8,363.9,18.51,0.29447
2020-08-05 09:11:00,8,218,9,264.6,19.04,0.2087
2020-08-05 10:11:00,8,218,10,238.6,20.1,0.18532
2020-08-05 11:11:00,8,218,11,341.7,20.63,0.27219
2020-08-05 12:11:00,8,218,12,425.3,20.63,0.34246
2020-08-05 13:11:00,8,218,13,391.6,21.69,0.31291
2020-08-05 14:11:00,8,218,14,217.2,22.22,0.16552
2020-08-05 15:11:00,8,218,15,341.7,22.75,0.27012
2020-08-05 16:11:00,8,218,16,121.4,22.75,0.08519
2020-08-05 17:11:00,8,218,17,101.4,21.69,0.06901
2020-08-05 18:11:00,8,218,18,50.9,21.16,0.0291
2020-08-05 19:11:00,8,218,19,22.2,19.04,0.0088
2020-08-05 20:11:00,8,218,20,0.0,18.51,0.0
2020-08-05 21:11:00,8,218,21,0.0,18.51,0.0
2020-08-05 22:11:00,8,218,22,0.0,18.51,0.0
2020-08-05 23:11:00,8,218,23,0.0,18.51,0.0
2020-08-06 00:11:00,8,219,0,0.0,17.98,0.0
2020-08-06 01:11:00,8,219,1,0.0,17.98,0.0
2020-08-06 02:11:00,8,219,2,0.0,17.98,0.0
2020-08-06 03:11:00,8,219,3,0.0,17.45,0.0
2020-08-06 04:11:00,8,219,4,0.0,17.45,0.0
2020-08-06 05:11:00,8,219,5,8.2,16.92,0.00098
2020-08-06 06:11:00,8,219,6,70.4,17.45,0.0442
2020-08-06 07:11:00,8,219,7,208.3,17.98,0.1578
2020-08-06 08:11:00,8,219,8,230.8,18.51,0.17901
2020-08-06 09:11:00,8,219,9,305.3,19.04,0.24147
2020-08-06 10:11:00,8,219,10,213.8,20.1,0.16329
2020-08-06 11:11:00,8,219,11,304.3,20.63,0.23873
2020-08-06 12:11:00,8,219,12,159.8,21.16,0.11748
2020-08-06 13:11:00,8,219,13,174.0,21.16,0.12944
2020-08-06 14:11:00,8,219,14,149.0,21.16,0.10859
2020-08-06 15:11:00,8,219,15,357.1,21.16,0.28277
2020-08-06 16:11:00,8,219,16,267.0,21.69,0.20544
2020-08-06 17:11:00,8,219,17,167.7,22.22,0.11922
2020-08-06 18:11:00,8,219,18,75.5,22.75,0.04781
2020-08-06 19:11:00,8,219,19,20.5,22.22,0.0076
2020-08-06 20:11:00,8,219,20,0.0,21.16,0.0
2020-08-06 21:11:00,8,219,21,0.0,20.63,0.0
2020-08-06 22:11:00,8,219,22,0.0,19.57,0.0
2020-08-06 23:11:00,8,219,23,0.0,18.51,0.0
2020-08-07 00:11:00,8,220,0,0.0,17.98,0.0
2020-08-07 01:11:00,8,220,1,0.0,16.92,0.0
2020-08-07 02:11:00,8,220,2,0.0,16.39,0.0
2020-08-07 03:11:00,8,220,3,0.0,15.33,0.0
2020-08-07 04:11:00,8,220,4,0.0,14.8,0.0
2020-08-07 05:11:00,8,220,5,16.4,14.27,0.0054
2020-08-07 06:11:00,8,220,6,115.9,16.39,0.06825
2020-08-07 07:11:00,8,220,7,330.5,18.51,0.2498
2020-08-07 08:11:00,8,220,8,546.9,21.16,0.42687
2020-08-07 09:11:00,8,220,9,738.0,22.75,0.56727
2020-08-07 10:11:00,8,220,10,885.2,24.87,0.66483
2020-08-07 11:11:00,8,220,11,836.4,26.46,0.62875
2020-08-07 12:11:00,8,220,12,998.5,27.52,0.73805
2020-08-07 13:11:00,8,220,13,617.8,28.58,0.47081
2020-08-07 14:11:00,8,220,14,237.1,29.11,0.17451
2020-08-07 15:11:00,8,220,15,180.5,29.11,0.12927
2020-08-07 16:11:00,8,220,16,156.2,29.11,0.10974
2020-08-07 17:11:00,8,220,17,201.5,29.11,0.12979
2020-08-07 18:11:00,8,220,18,73.9,28.05,0.04518
2020-08-07 19:11:00,8,220,19,18.9,26.46,0.00643
2020-08-07 20:11:00,8,220,20,0.0,24.34,0.0
2020-08-07 21:11:00,8,220,21,0.0,22.75,0.0
2020-08-07 22:11:00,8,220,22,0.0,21.69,0.0
2020-08-07 23:11:00,8,220,23,0.0,20.63,0.0
2020-08-08 00:11:00,8,221,0,0.0,20.1,0.0
2020-08-08 01:11:00,8,221,1,0.0,19.04,0.0
2020-08-08 02:11:00,8,221,2,0.0,18.51,0.0
2020-08-08 03:11:00,8,221,3,0.0,17.98,0.0
2020-08-08 04:11:00,8,221,4,0.0,17.98,0.0
2020-08-08 05:11:00,8,221,5,14.8,17.45,0.00434
2020-08-08 06:11:00,8,221,6,114.1,17.98,0.06712
2020-08-08 07:11:00,8,221,7,321.5,19.04,0.24614
2020-08-08 08:11:00,8,221,8,532.1,20.63,0.42745
2020-08-08 09:11:00,8,221,9,728.8,22.22,0.58029
2020-08-08 10:11:00,8,221,10,881.0,23.81,0.68907
2020-08-08 11:11:00,8,221,11,959.9,25.4,0.73981
2020-08-08 12:11:00,8,221,12,994.5,26.46,0.75966
2020-08-08 13:11:00,8,221,13,924.2,27.52,0.70703
2020-08-08 14:11:00,8,221,14,791.4,27.52,0.6128
2020-08-08 15:11:00,8,221,15,618.2,26.99,0.48346
2020-08-08 16:11:00,8,221,16,413.4,26.46,0.31485
2020-08-08 17:11:00,8,221,17,202.6,25.4,0.12855
2020-08-08 18:11:00,8,221,18,69.0,23.81,0.04249
2020-08-08 19:11:00,8,221,19,18.1,21.69,0.00613
2020-08-08 20:11:00,8,221,20,0.0,19.57,0.0
2020-08-08 21:11:00,8,221,21,0.0,18.51,0.0
2020-08-08 22:11:00,8,221,22,0.0,17.45,0.0
2020-08-08 23:11:00,8,221,23,0.0,16.92,0.0
2020-08-09 00:11:00,8,222,0,0.0,16.39,0.0
2020-08-09 01:11:00,8,222,1,0.0,15.86,0.0
2020-08-09 02:11:00,8,222,2,0.0,15.33,0.0
2020-08-09 03:11:00,8,222,3,0.0,15.33,0.0
2020-08-09 04:11:00,8,222,4,0.0,15.33,0.0
2020-08-09 05:11:00,8,222,5,4.1,15.33,0.0
2020-08-09 06:11:00,8,222,6,24.1,15.86,0.01024
2020-08-09 07:11:00,8,222,7,78.5,15.86,0.05208
2020-08-09 08:11:00,8,222,8,119.6,16.39,0.08617
2020-08-09 09:11:00,8,222,9,169.6,17.98,0.12771
2020-08-09 10:11:00,8,222,10,204.9,18.51,0.15734
2020-08-09 11:11:00,8,222,11,602.4,20.1,0.48507
2020-08-09 12:11:00,8,222,12,818.2,22.22,0.64361
2020-08-09 13:11:00,8,222,13,891.8,23.81,0.69083
2020-08-09 14:11:00,8,222,14,718.6,25.4,0.55967
2020-08-09 15:11:00,8,222,15,576.7,25.93,0.45
2020-08-09 16:11:00,8,222,16,358.0,26.46,0.27128
2020-08-09 17:11:00,8,222,17,198.8,25.93,0.12791
2020-08-09 18:11:00,8,222,18,71.4,24.34,0.04425
2020-08-09 19:11:00,8,222,19,11.5,23.28,0.00245
2020-08-09 20:11:00,8,222,20,0.0,21.16,0.0
2020-08-09 21:11:00,8,222,21,0.0,19.04,0.0
2020-08-09 22:11:00,8,222,22,0.0,18.51,0.0
2020-08-09 23:11:00,8,222,23,0.0,17.45,0.0
2020-08-10 00:11:00,8,223,0,0.0,16.92,0.0
2020-08-10 01:11:00,8,223,1,0.0,16.39,0.0
2020-08-10 02:11:00,8,223,2,0.0,15.86,0.0
2020-08-10 03:11:00,8,223,3,0.0,15.86,0.0
2020-08-10 04:11:00,8,223,4,0.0,15.86,0.0
2020-08-10 05:11:00,8,223,5,2.5,15.33,0.0
2020-08-10 06:11:00,8,223,6,46.4,16.39,0.02634
2020-08-10 07:11:00,8,223,7,135.9,17.45,0.09912
2020-08-10 08:11:00,8,223,8,183.6,18.51,0.13952
2020-08-10 09:11:00,8,223,9,634.1,20.1,0.51244
2020-08-10 10:11:00,8,223,10,854.4,22.22,0.67144
2020-08-10 11:11:00,8,223,11,913.6,23.81,0.70891
2020-08-10 12:11:00,8,223,12,860.2,25.93,0.66434
2020-08-10 13:11:00,8,223,13,754.4,27.52,0.58076
2020-08-10 14:11:00,8,223,14,621.0,28.58,0.4769
2020-08-10 15:11:00,8,223,15,556.5,29.11,0.42597
2020-08-10 16:11:00,8,223,16,340.8,29.11,0.25385
2020-08-10 17:11:00,8,223,17,159.5,28.58,0.10893
2020-08-10 18:11:00,8,223,18,68.1,28.05,0.04087
2020-08-10 19:11:00,8,223,19,15.6,26.46,0.00454
2020-08-10 20:11:00,8,223,20,0.0,24.34,0.0
2020-08-10 21:11:00,8,223,21,0.0,23.28,0.0
2020-08-10 22:11:00,8,223,22,0.0,22.22,0.0
2020-08-10 23:11:00,8,223,23,0.0,21.69,0.0
2020-08-11 00:11:00,8,224,0,0.0,21.16,0.0
2020-08-11 01:11:00,8,224,1,0.0,20.63,0.0
2020-08-11 02:11:00,8,224,2,0.0,20.1,0.0
2020-08-11 03:11:00,8,224,3,0.0,19.04,0.0
2020-08-11 04:11:00,8,224,4,0.0,18.51,0.0
2020-08-11 05:11:00,8,224,5,12.3,18.51,0.00296
2020-08-11 06:11:00,8,224,6,84.1,18.51,0.05197
2020-08-11 07:11:00,8,224,7,158.4,20.1,0.11571
2020-08-11 08:11:00,8,224,8,190.1,21.69,0.14213
2020-08-11 09:11:00,8,224,9,265.5,23.81,0.20256
2020-08-11 10:11:00,8,224,10,852.9,25.93,0.64491
2020-08-11 11:11:00,8,224,11,963.4,27.52,0.71043
2020-08-11 12:11:00,8,224,12,990.8,29.11,0.72034
2020-08-11 13:11:00,8,224,13,944.5,29.64,0.68973
2020-08-11 14:11:00,8,224,14,792.0,30.17,0.58743
2020-08-11 15:11:00,8,224,15,597.9,30.7,0.44729
2020-08-11 16:11:00,8,224,16,306.7,30.7,0.22401
2020-08-11 17:11:00,8,224,17,24.1,30.7,0.00938
2020-08-11 18:11:00,8,224,18,60.7,29.64,0.03495
2020-08-11 19:11:00,8,224,19,9.8,29.11,0.00157
2020-08-11 20:11:00,8,224,20,0.0,26.46,0.0
2020-08-11 21:11:00,8,224,21,0.0,24.87,0.0
2020-08-11 22:11:00,8,224,22,0.0,23.81,0.0
2020-08-11 23:11:00,8,224,23,0.0,22.75,0.0
2020-08-12 00:11:00,8,225,0,0.0,21.69,0.0
2020-08-12 01:11:00,8,225,1,0.0,21.16,0.0
2020-08-12 02:11:00,8,225,2,0.0,20.63,0.0
2020-08-12 03:11:00,8,225,3,0.0,19.57,0.0
2020-08-12 04:11:00,8,225,4,0.0,19.04,0.0
2020-08-12 05:11:00,8,225,5,11.5,18.51,0.00253
2020-08-12 06:11:00,8,225,6,113.1,19.57,0.06259
2020-08-12 07:11:00,8,225,7,304.4,22.22,0.22792
2020-08-12 08:11:00,8,225,8,505.8,24.34,0.39324
2020-08-12 09:11:00,8,225,9,709.7,26.46,0.53921
2020-08-12 10:11:00,8,225,10,860.6,28.05,0.64088
2020-08-12 11:11:00,8,225,11,951.4,29.11,0.70081
2020-08-12 12:11:00,8,225,12,972.8,30.17,0.71157
2020-08-12 13:11:00,8,225,13,908.8,31.23,0.66448
2020-08-12 14:11:00,8,225,14,682.9,31.76,0.50884
2020-08-12 15:11:00,8,225,15,323.0,31.76,0.2393
2020-08-12 16:11:00,8,225,16,66.0,31.76,0.03853
2020-08-12 17:11:00,8,225,17,29.4,30.17,0.01284
2020-08-12 18:11:00,8,225,18,27.9,29.11,0.0119
2020-08-12 19:11:00,8,225,19,9.0,25.4,0.00125
2020-08-12 20:11:00,8,225,20,0.0,24.34,0.0
2020-08-12 21:11:00,8,225,21,0.0,23.28,0.0
2020-08-12 22:11:00,8,225,22,0.0,22.22,0.0
2020-08-12 23:11:00,8,225,23,0.0,21.69,0.0
2020-08-13 00:11:00,8,226,0,0.0,20.63,0.0
2020-08-13 01:11:00,8,226,1,0.0,19.57,0.0
2020-08-13 02:11:00,8,226,2,0.0,18.51,0.0
2020-08-13 03:11:00,8,226,3,0.0,18.51,0.0
2020-08-13 04:11:00,8,226,4,0.0,17.98,0.0
2020-08-13 05:11:00,8,226,5,6.6,17.45,0.00031
2020-08-13 06:11:00,8,226,6,88.0,17.45,0.05391
2020-08-13 07:11:00,8,226,7,212.0,17.98,0.16097
2020-08-13 08:11:00,8,226,8,281.6,18.51,0.22369
2020-08-13 09:11:00,8,226,9,395.2,19.04,0.31918
2020-08-13 10:11:00,8,226,10,75.0,20.63,0.04795
2020-08-13 11:11:00,8,226,11,85.7,22.75,0.05593
2020-08-13 12:11:00,8,226,12,120.5,24.34,0.08347
2020-08-13 13:11:00,8,226,13,156.2,24.87,0.11235
2020-08-13 14:11:00,8,226,14,226.1,24.87,0.16976
2020-08-13 15:11:00,8,226,15,364.8,24.34,0.28453
2020-08-13 16:11:00,8,226,16,139.3,23.81,0.09906
2020-08-13 17:11:00,8,226,17,96.9,23.81,0.06455
2020-08-13 18:11:00,8,226,18,18.9,23.28,0.00655
2020-08-13 19:11:00,8,226,19,1.6,20.1,0.0
2020-08-13 20:11:00,8,226,20,0.0,19.04,0.0
2020-08-13 21:11:00,8,226,21,0.0,18.51,0.0
2020-08-13 22:11:00,8,226,22,0.0,17.45,0.0
2020-08-13 23:11:00,8,226,23,0.0,16.92,0.0
2020-08-14 00:11:00,8,227,0,0.0,16.39,0.0
2020-08-14 01:11:00,8,227,1,0.0,16.39,0.0
2020-08-14 02:11:00,8,227,2,0.0,16.39,0.0
2020-08-14 03:11:00,8,227,3,0.0,16.39,0.0
2020-08-14 04:11:00,8,227,4,0.0,16.39,0.0
2020-08-14 05:11:00,8,227,5,0.8,16.39,0.0
2020-08-14 06:11:00,8,227,6,33.0,16.39,0.01641
2020-08-14 07:11:00,8,227,7,82.1,16.39,0.05479
2020-08-14 08:11:00,8,227,8,78.5,16.92,0.05178
2020-08-14 09:11:00,8,227,9,95.5,17.98,0.06536
2020-08-14 10:11:00,8,227,10,155.3,19.57,0.11455
2020-08-14 11:11:00,8,227,11,199.9,20.63,0.15121
2020-08-14 12:11:00,8,227,12,425.7,22.75,0.33576
2020-08-14 13:11:00,8,227,13,698.8,23.81,0.55009
2020-08-14 14:11:00,8,227,14,631.9,23.28,0.50125
2020-08-14 15:11:00,8,227,15,511.0,22.22,0.40774
2020-08-14 16:11:00,8,227,16,249.9,21.69,0.19126
2020-08-14 17:11:00,8,227,17,164.0,21.69,0.11417
2020-08-14 18:11:00,8,227,18,62.4,21.16,0.03786
2020-08-14 19:11:00,8,227,19,4.1,20.63,0.0
2020-08-14 20:11:00,8,227,20,0.0,19.57,0.0
2020-08-14 21:11:00,8,227,21,0.0,18.51,0.0
2020-08-14 22:11:00,8,227,22,0.0,17.98,0.0
2020-08-14 23:11:00,8,227,23,0.0,16.92,0.0
2020-08-15 00:11:00,8,228,0,0.0,16.39,0.0
2020-08-15 01:11:00,8,228,1,0.0,15.86,0.0
2020-08-15 02:11:00,8,228,2,0.0,15.33,0.0
2020-08-15 03:11:00,8,228,3,0.0,14.8,0.0
2020-08-15 04:11:00,8,228,4,0.0,14.8,0.0
2020-08-15 05:11:00,8,228,5,0.0,14.8,0.0
2020-08-15 06:11:00,8,228,6,61.0,15.33,0.03683
2020-08-15 07:11:00,8,228,7,163.3,15.86,0.12253
2020-08-15 08:11:00,8,228,8,313.6,16.92,0.25244
2020-08-15 09:11:00,8,228,9,486.9,17.98,0.39748
2020-08-15 10:11:00,8,228,10,444.1,18.51,0.35926
2020-08-15 11:11:00,8,228,11,298.6,19.57,0.23533
2020-08-15 12:11:00,8,228,12,202.6,19.57,0.15438
2020-08-15 13:11:00,8,228,13,253.7,20.63,0.19656
2020-08-15 14:11:00,8,228,14,116.0,21.16,0.08114
2020-08-15 15:11:00,8,228,15,145.5,21.69,0.10523
2020-08-15 16:11:00,8,228,16,89.2,21.16,0.05926
2020-08-15 17:11:00,8,228,17,50.0,20.1,0.02854
2020-08-15 18:11:00,8,228,18,22.2,19.04,0.00879
2020-08-15 19:11:00,8,228,19,0.0,17.45,0.0
2020-08-15 20:11:00,8,228,20,0.0,16.92,0.0
2020-08-15 21:11:00,8,228,21,0.0,16.39,0.0
2020-08-15 22:11:00,8,228,22,0.0,16.39,0.0
2020-08-15 23:11:00,8,228,23,0.0,15.86,0.0
2020-08-16 00:11:00,8,229,0,0.0,15.86,0.0
2020-08-16 01:11:00,8,229,1,0.0,16.39,0.0
2020-08-16 02:11:00,8,229,2,0.0,16.92,0.0
2020-08-16 03:11:00,8,229,3,0.0,16.92,0.0
2020-08-16 04:11:00,8,229,4,0.0,16.92,0.0
2020-08-16 05:11:00,8,229,5,0.0,16.92,0.0
2020-08-16 06:11:00,8,229,6,20.5,17.45,0.00783
2020-08-16 07:11:00,8,229,7,29.4,16.92,0.01383
2020-08-16 08:11:00,8,229,8,59.8,17.45,0.0366
2020-08-16 09:11:00,8,229,9,372.4,18.51,0.29991
2020-08-16 10:11:00,8,229,10,85.7,19.57,0.05681
2020-08-16 11:11:00,8,229,11,232.3,20.63,0.17804
2020-08-16 12:11:00,8,229,12,485.4,22.22,0.38206
2020-08-16 13:11:00,8,229,13,387.6,22.75,0.30174
2020-08-16 14:11:00,8,229,14,586.9,23.28,0.45453
2020-08-16 15:11:00,8,229,15,74.1,23.28,0.04648
2020-08-16 16:11:00,8,229,16,50.9,22.22,0.02886
2020-08-16 17:11:00,8,229,17,43.7,21.16,0.02369
2020-08-16 18:11:00,8,229,18,27.1,20.1,0.01197
2020-08-16 19:11:00,8,229,19,0.0,18.51,0.0
2020-08-16 20:11:00,8,229,20,0.0,17.98,0.0
2020-08-16 21:11:00,8,229,21,0.0,17.45,0.0
2020-08-16 22:11:00,8,229,22,0.0,17.45,0.0
2020-08-16 23:11:00,8,229,23,0.0,16.92,0.0
2020-08-17 00:11:00,8,230,0,0.0,16.92,0.0
2020-08-17 01:11:00,8,230,1,0.0,16.92,0.0
2020-08-17 02:11:00,8,230,2,0.0,16.92,0.0
2020-08-17 03:11:00,8,230,3,0.0,16.39,0.0
2020-08-17 04:11:00,8,230,4,0.0,16.39,0.0
2020-08-17 05:11:00,8,230,5,0.0,15.86,0.0
2020-08-17 06:11:00,8,230,6,29.4,15.86,0.0139
2020-08-17 07:11:00,8,230,7,109.5,16.39,0.07715
2020-08-17 08:11:00,8,230,8,139.8,16.92,0.10247
2020-08-17 09:11:00,8,230,9,277.8,17.98,0.2185
2020-08-17 10:11:00,8,230,10,201.4,19.04,0.15318
2020-08-17 11:11:00,8,230,11,476.5,20.1,0.37917
2020-08-17 12:11:00,8,230,12,139.2,20.63,0.10039
2020-08-17 13:11:00,8,230,13,73.2,20.63,0.04648
2020-08-17 14:11:00,8,230,14,597.3,21.16,0.4736
2020-08-17 15:11:00,8,230,15,360.4,20.63,0.28568
2020-08-17 16:11:00,8,230,16,75.9,19.04,0.04904
2020-08-17 17:11:00,8,230,17,119.3,18.51,0.08373
2020-08-17 18:11:00,8,230,18,16.4,17.98,0.00528
2020-08-17 19:11:00,8,230,19,0.0,17.98,0.0
2020-08-17 20:11:00,8,230,20,0.0,17.45,0.0
2020-08-17 21:11:00,8,230,21,0.0,16.39,0.0
2020-08-17 22:11:00,8,230,22,0.0,16.39,0.0
2020-08-17 23:11:00,8,230,23,0.0,15.86,0.0
2020-08-18 00:11:00,8,231,0,0.0,15.33,0.0
2020-08-18 01:11:00,8,231,1,0.0,15.33,0.0
2020-08-18 02:11:00,8,231,2,0.0,14.8,0.0
2020-08-18 03:11:00,8,231,3,0.0,14.8,0.0
2020-08-18 04:11:00,8,231,4,0.0,14.8,0.0
2020-08-18 05:11:00,8,231,5,0.0,14.27,0.0
2020-08-18 06:11:00,8,231,6,37.5,14.8,0.01982
2020-08-18 07:11:00,8,231,7,157.1,15.86,0.11722
2020-08-18 08:11:00,8,231,8,370.9,17.45,0.30177
2020-08-18 09:11:00,8,231,9,388.3,18.51,0.31494
2020-08-18 10:11:00,8,231,10,454.5,19.04,0.36857
2020-08-18 11:11:00,8,231,11,494.7,20.1,0.39944
2020-08-18 12:11:00,8,231,12,399.7,20.63,0.31936
2020-08-18 13:11:00,8,231,13,224.5,20.63,0.17232
2020-08-18 14:11:00,8,231,14,411.1,21.16,0.32847
2020-08-18 15:11:00,8,231,15,610.1,21.16,0.48984
2020-08-18 16:11:00,8,231,16,381.2,20.63,0.29712
2020-08-18 17:11:00,8,231,17,184.8,20.1,0.1169
2020-08-18 18:11:00,8,231,18,51.7,20.1,0.02983
2020-08-18 19:11:00,8,231,19,0.0,19.04,0.0
2020-08-18 20:11:00,8,231,20,0.0,18.51,0.0
2020-08-18 21:11:00,8,231,21,0.0,17.98,0.0
2020-08-18 22:11:00,8,231,22,0.0,17.45,0.0
2020-08-18 23:11:00,8,231,23,0.0,16.92,0.0
2020-08-19 00:11:00,8,232,0,0.0,16.92,0.0
2020-08-19 01:11:00,8,232,1,0.0,16.39,0.0
2020-08-19 02:11:00,8,232,2,0.0,15.86,0.0
2020-08-19 03:11:00,8,232,3,0.0,15.86,0.0
2020-08-19 04:11:00,8,232,4,0.0,15.86,0.0
2020-08-19 05:11:00,8,232,5,0.0,15.86,0.0
2020-08-19 06:11:00,8,232,6,24.1,16.39,0.0102
2020-08-19 07:11:00,8,232,7,72.3,17.45,0.04656
2020-08-19 08:11:00,8,232,8,65.2,17.98,0.04074
2020-08-19 09:11:00,8,232,9,100.0,18.51,0.06892
2020-08-19 10:11:00,8,232,10,79.4,18.51,0.05208
2020-08-19 11:11:00,8,232,11,161.6,18.51,0.12068
2020-08-19 12:11:00,8,232,12,94.6,18.51,0.06453
2020-08-19 13:11:00,8,232,13,115.1,18.51,0.08166
2020-08-19 14:11:00,8,232,14,75.0,18.51,0.04852
2020-08-19 15:11:00,8,232,15,250.0,18.51,0.19642
2020-08-19 16:11:00,8,232,16,86.6,18.51,0.05795
2020-08-19 17:11:00,8,232,17,61.6,18.51,0.03782
2020-08-19 18:11:00,8,232,18,18.9,18.51,0.00675
2020-08-19 19:11:00,8,232,19,0.0,19.04,0.0
2020-08-19 20:11:00,8,232,20,0.0,19.04,0.0
2020-08-19 21:11:00,8,232,21,0.0,19.04,0.0
2020-08-19 22:11:00,8,232,22,0.0,19.04,0.0
2020-08-19 23:11:00,8,232,23,0.0,19.04,0.0
2020-08-20 00:11:00,8,233,0,0.0,19.04,0.0
2020-08-20 01:11:00,8,233,1,0.0,19.04,0.0
2020-08-20 02:11:00,8,233,2,0.0,18.51,0.0
2020-08-20 03:11:00,8,233,3,0.0,16.39,0.0
2020-08-20 04:11:00,8,233,4,0.0,15.33,0.0
2020-08-20 05:11:00,8,233,5,0.0,14.27,0.0
2020-08-20 06:11:00,8,233,6,107.2,14.27,0.06031
2020-08-20 07:11:00,8,233,7,335.7,15.33,0.26184
2020-08-20 08:11:00,8,233,8,571.3,16.92,0.46906
2020-08-20 09:11:00,8,233,9,753.5,18.51,0.61385
2020-08-20 10:11:00,8,233,10,877.9,19.04,0.70891
2020-08-20 11:11:00,8,233,11,962.2,20.1,0.7714
2020-08-20 12:11:00,8,233,12,974.6,20.63,0.778
2020-08-20 13:11:00,8,233,13,956.4,21.16,0.7634
2020-08-20 14:11:00,8,233,14,794.9,21.69,0.63936
2020-08-20 15:11:00,8,233,15,614.4,21.69,0.49579
2020-08-20 16:11:00,8,233,16,408.5,21.16,0.31862
2020-08-20 17:11:00,8,233,17,187.7,20.1,0.11328
2020-08-20 18:11:00,8,233,18,46.0,19.57,0.02559
2020-08-20 19:11:00,8,233,19,0.0,18.51,0.0
2020-08-20 20:11:00,8,233,20,0.0,17.45,0.0
2020-08-20 21:11:00,8,233,21,0.0,16.92,0.0
2020-08-20 22:11:00,8,233,22,0.0,16.92,0.0
2020-08-20 23:11:00,8,233,23,0.0,16.92,0.0
2020-08-21 00:11:00,8,234,0,0.0,17.45,0.0
2020-08-21 01:11:00,8,234,1,0.0,17.98,0.0
2020-08-21 02:11:00,8,234,2,0.0,17.98,0.0
2020-08-21 03:11:00,8,234,3,0.0,17.98,0.0
2020-08-21 04:11:00,8,234,4,0.0,17.98,0.0
2020-08-21 05:11:00,8,234,5,0.0,17.45,0.0
2020-08-21 06:11:00,8,234,6,65.2,17.45,0.03848
2020-08-21 07:11:00,8,234,7,48.2,17.98,0.02753
2020-08-21 08:11:00,8,234,8,479.4,18.51,0.39662
2020-08-21 09:11:00,8,234,9,163.1,18.51,0.12263
2020-08-21 10:11:00,8,234,10,348.2,19.57,0.28142
2020-08-21 11:11:00,8,234,11,184.8,19.57,0.14039
2020-08-21 12:11:00,8,234,12,436.5,19.57,0.3569
2020-08-21 13:11:00,8,234,13,529.2,19.57,0.43561
2020-08-21 14:11:00,8,234,14,518.1,20.1,0.42562
2020-08-21 15:11:00,8,234,15,337.5,20.1,0.27129
2020-08-21 16:11:00,8,234,16,228.9,19.57,0.17699
2020-08-21 17:11:00,8,234,17,178.5,19.04,0.11007
2020-08-21 18:11:00,8,234,18,49.2,18.51,0.02825
2020-08-21 19:11:00,8,234,19,0.0,17.98,0.0
2020-08-21 20:11:00,8,234,20,0.0,17.45,0.0
2020-08-21 21:11:00,8,234,21,0.0,16.92,0.0
2020-08-21 22:11:00,8,234,22,0.0,16.39,0.0
2020-08-21 23:11:00,8,234,23,0.0,15.86,0.0
2020-08-22 00:11:00,8,235,0,0.0,15.86,0.0
2020-08-22 01:11:00,8,235,1,0.0,15.33,0.0
2020-08-22 02:11:00,8,235,2,0.0,15.33,0.0
2020-08-22 03:11:00,8,235,3,0.0,15.33,0.0
2020-08-22 04:11:00,8,235,4,0.0,15.33,0.0
2020-08-22 05:11:00,8,235,5,0.0,15.33,0.0
2020-08-22 06:11:00,8,235,6,84.8,15.33,0.04956
2020-08-22 07:11:00,8,235,7,237.1,15.33,0.18423
2020-08-22 08:11:00,8,235,8,247.7,16.39,0.19741
2020-08-22 09:11:00,8,235,9,311.6,16.92,0.25213
2020-08-22 10:11:00,8,235,10,864.0,17.98,0.70711
2020-08-22 11:11:00,8,235,11,160.7,18.51,0.12022
2020-08-22 12:11:00,8,235,12,989.0,18.51,0.80325
2020-08-22 13:11:00,8,235,13,464.5,19.04,0.37984
2020-08-22 14:11:00,8,235,14,780.3,19.04,0.64318
2020-08-22 15:11:00,8,235,15,604.2,19.04,0.49741
2020-08-22 16:11:00,8,235,16,206.4,18.51,0.15874
2020-08-22 17:11:00,8,235,17,158.0,18.51,0.10849
2020-08-22 18:11:00,8,235,18,49.2,17.98,0.02832
2020-08-22 19:11:00,8,235,19,0.0,16.92,0.0
2020-08-22 20:11:00,8,235,20,0.0,16.39,0.0
2020-08-22 21:11:00,8,235,21,0.0,15.86,0.0
2020-08-22 22:11:00,8,235,22,0.0,15.33,0.0
2020-08-22 23:11:00,8,235,23,0.0,15.33,0.0
2020-08-23 00:11:00,8,236,0,0.0,15.33,0.0
2020-08-23 01:11:00,8,236,1,0.0,15.33,0.0
2020-08-23 02:11:00,8,236,2,0.0,14.8,0.0
2020-08-23 03:11:00,8,236,3,0.0,14.8,0.0
2020-08-23 04:11:00,8,236,4,0.0,14.8,0.0
2020-08-23 05:11:00,8,236,5,0.0,14.27,0.0
2020-08-23 06:11:00,8,236,6,77.2,14.8,0.04507
2020-08-23 07:11:00,8,236,7,237.4,15.86,0.18321
2020-08-23 08:11:00,8,236,8,423.3,16.39,0.34721
2020-08-23 09:11:00,8,236,9,396.0,17.45,0.32258
2020-08-23 10:11:00,8,236,10,267.9,17.98,0.21175
2020-08-23 11:11:00,8,236,11,223.5,18.51,0.17324
2020-08-23 12:11:00,8,236,12,145.5,18.51,0.10704
2020-08-23 13:11:00,8,236,13,208.5,19.04,0.16007
2020-08-23 14:11:00,8,236,14,124.1,19.57,0.08858
2020-08-23 15:11:00,8,236,15,421.1,18.51,0.34144
2020-08-23 16:11:00,8,236,16,328.6,18.51,0.25834
2020-08-23 17:11:00,8,236,17,43.7,17.98,0.02412
2020-08-23 18:11:00,8,236,18,44.3,17.45,0.02462
2020-08-23 19:11:00,8,236,19,0.0,16.39,0.0
2020-08-23 20:11:00,8,236,20,0.0,15.33,0.0
2020-08-23 21:11:00,8,236,21,0.0,14.8,0.0
2020-08-23 22:11:00,8,236,22,0.0,13.74,0.0
2020-08-23 23:11:00,8,236,23,0.0,13.21,0.0
2020-08-24 00:11:00,8,237,0,0.0,13.21,0.0
2020-08-24 01:11:00,8,237,1,0.0,12.68,0.0
2020-08-24 02:11:00,8,237,2,0.0,12.15,0.0
2020-08-24 03:11:00,8,237,3,0.0,12.15,0.0
2020-08-24 04:11:00,8,237,4,0.0,11.61,0.0
2020-08-24 05:11:00,8,237,5,0.0,11.61,0.0
2020-08-24 06:11:00,8,237,6,49.3,12.15,0.02841
2020-08-24 07:11:00,8,237,7,249.9,13.74,0.19429
2020-08-24 08:11:00,8,237,8,234.0,15.33,0.18511
2020-08-24 09:11:00,8,237,9,466.2,16.39,0.3808
2020-08-24 10:11:00,8,237,10,737.5,17.45,0.59273
2020-08-24 11:11:00,8,237,11,810.0,17.98,0.64413
2020-08-24 12:11:00,8,237,12,480.2,17.98,0.38714
2020-08-24 13:11:00,8,237,13,453.1,18.51,0.36292
2020-08-24 14:11:00,8,237,14,468.6,18.51,0.37561
2020-08-24 15:11:00,8,237,15,376.7,19.04,0.29926
2020-08-24 16:11:00,8,237,16,213.3,19.04,0.16164
2020-08-24 17:11:00,8,237,17,160.6,18.51,0.10519
2020-08-24 18:11:00,8,237,18,23.8,18.51,0.00988
2020-08-24 19:11:00,8,237,19,0.0,17.45,0.0
2020-08-24 20:11:00,8,237,20,0.0,16.39,0.0
2020-08-24 21:11:00,8,237,21,0.0,16.39,0.0
2020-08-24 22:11:00,8,237,22,0.0,15.86,0.0
2020-08-24 23:11:00,8,237,23,0.0,15.86,0.0
2020-08-25 00:11:00,8,238,0,0.0,15.33,0.0
2020-08-25 01:11:00,8,238,1,0.0,15.33,0.0
2020-08-25 02:11:00,8,238,2,0.0,15.33,0.0
2020-08-25 03:11:00,8,238,3,0.0,15.86,0.0
2020-08-25 04:11:00,8,238,4,0.0,15.86,0.0
2020-08-25 05:11:00,8,238,5,0.0,15.86,0.0
2020-08-25 06:11:00,8,238,6,8.0,15.86,0.00092
2020-08-25 07:11:00,8,238,7,114.1,15.33,0.0818
2020-08-25 08:11:00,8,238,8,102.6,15.33,0.07247
2020-08-25 09:11:00,8,238,9,150.0,15.86,0.11269
2020-08-25 10:11:00,8,238,10,174.0,16.92,0.13275
2020-08-25 11:11:00,8,238,11,573.0,17.98,0.47416
2020-08-25 12:11:00,8,238,12,424.9,19.04,0.34723
2020-08-25 13:11:00,8,238,13,612.4,20.1,0.50597
2020-08-25 14:11:00,8,238,14,211.2,20.1,0.16291
2020-08-25 15:11:00,8,238,15,244.8,19.57,0.1925
2020-08-25 16:11:00,8,238,16,185.0,19.04,0.14066
2020-08-25 17:11:00,8,238,17,142.7,18.51,0.09765
2020-08-25 18:11:00,8,238,18,16.4,17.98,0.00529
2020-08-25 19:11:00,8,238,19,0.0,16.92,0.0
2020-08-25 20:11:00,8,238,20,0.0,16.92,0.0
2020-08-25 21:11:00,8,238,21,0.0,16.39,0.0
2020-08-25 22:11:00,8,238,22,0.0,16.39,0.0
2020-08-25 23:11:00,8,238,23,0.0,16.39,0.0
2020-08-26 00:11:00,8,239,0,0.0,15.86,0.0
2020-08-26 01:11:00,8,239,1,0.0,15.86,0.0
2020-08-26 02:11:00,8,239,2,0.0,15.86,0.0
2020-08-26 03:11:00,8,239,3,0.0,15.33,0.0
2020-08-26 04:11:00,8,239,4,0.0,15.33,0.0
2020-08-26 05:11:00,8,239,5,0.0,14.8,0.0
2020-08-26 06:11:00,8,239,6,52.6,14.8,0.02981
2020-08-26 07:11:00,8,239,7,128.0,14.8,0.09352
2020-08-26 08:11:00,8,239,8,139.7,15.33,0.104
2020-08-26 09:11:00,8,239,9,220.6,16.39,0.17341
2020-08-26 10:11:00,8,239,10,453.2,17.45,0.37259
2020-08-26 11:11:00,8,239,11,445.2,17.98,0.36366
2020-08-26 12:11:00,8,239,12,491.6,18.51,0.40096
2020-08-26 13:11:00,8,239,13,302.2,18.51,0.24077
2020-08-26 14:11:00,8,239,14,162.4,18.51,0.12141
2020-08-26 15:11:00,8,239,15,219.0,18.51,0.16952
2020-08-26 16:11:00,8,239,16,284.2,19.04,0.22119
2020-08-26 17:11:00,8,239,17,151.1,18.51,0.10056
2020-08-26 18:11:00,8,239,18,41.9,18.51,0.02262
2020-08-26 19:11:00,8,239,19,0.0,17.45,0.0
2020-08-26 20:11:00,8,239,20,0.0,16.39,0.0
2020-08-26 21:11:00,8,239,21,0.0,15.33,0.0
2020-08-26 22:11:00,8,239,22,0.0,14.8,0.0
2020-08-26 23:11:00,8,239,23,0.0,13.74,0.0
2020-08-27 00:11:00,8,240,0,0.0,13.74,0.0
2020-08-27 01:11:00,8,240,1,0.0,13.21,0.0
2020-08-27 02:11:00,8,240,2,0.0,12.68,0.0
2020-08-27 03:11:00,8,240,3,0.0,12.68,0.0
2020-08-27 04:11:00,8,240,4,0.0,12.68,0.0
2020-08-27 05:11:00,8,240,5,0.0,12.68,0.0
2020-08-27 06:11:00,8,240,6,52.0,12.15,0.02954
2020-08-27 07:11:00,8,240,7,323.0,13.21,0.25173
2020-08-27 08:11:00,8,240,8,335.2,14.27,0.27262
2020-08-27 09:11:00,8,240,9,101.8,15.33,0.07143
2020-08-27 10:11:00,8,240,10,100.0,15.86,0.06976
2020-08-27 11:11:00,8,240,11,74.1,16.92,0.04812
2020-08-27 12:11:00,8,240,12,86.6,16.92,0.05834
2020-08-27 13:11:00,8,240,13,95.5,16.92,0.06564
2020-08-27 14:11:00,8,240,14,103.5,15.86,0.07257
2020-08-27 15:11:00,8,240,15,96.4,15.33,0.06681
2020-08-27 16:11:00,8,240,16,51.8,14.8,0.03069
2020-08-27 17:11:00,8,240,17,107.2,14.8,0.07421
2020-08-27 18:11:00,8,240,18,40.2,14.27,0.02191
2020-08-27 19:11:00,8,240,19,0.0,13.74,0.0
2020-08-27 20:11:00,8,240,20,0.0,13.21,0.0
2020-08-27 21:11:00,8,240,21,0.0,13.21,0.0
2020-08-27 22:11:00,8,240,22,0.0,13.21,0.0
2020-08-27 23:11:00,8,240,23,0.0,13.21,0.0
2020-08-28 00:11:00,8,241,0,0.0,13.21,0.0
2020-08-28 01:11:00,8,241,1,0.0,12.68,0.0
2020-08-28 02:11:00,8,241,2,0.0,12.68,0.0
2020-08-28 03:11:00,8,241,3,0.0,12.15,0.0
2020-08-28 04:11:00,8,241,4,0.0,12.15,0.0
2020-08-28 05:11:00,8,241,5,0.0,12.15,0.0
2020-08-28 06:11:00,8,241,6,86.7,12.15,0.04792
2020-08-28 07:11:00,8,241,7,264.7,12.68,0.2059
2020-08-28 08:11:00,8,241,8,278.3,13.21,0.22295
2020-08-28 09:11:00,8,241,9,395.0,14.8,0.31919
2020-08-28 10:11:00,8,241,10,289.2,15.33,0.23043
2020-08-28 11:11:00,8,241,11,204.2,15.33,0.15835
2020-08-28 12:11:00,8,241,12,434.0,14.8,0.35728
2020-08-28 13:11:00,8,241,13,157.1,14.27,0.11928
2020-08-28 14:11:00,8,241,14,203.6,14.27,0.15969
2020-08-28 15:11:00,8,241,15,92.8,14.8,0.06427
2020-08-28 16:11:00,8,241,16,107.1,14.27,0.07651
2020-08-28 17:11:00,8,241,17,33.0,13.74,0.01665
2020-08-28 18:11:00,8,241,18,17.2,13.21,0.00594
2020-08-28 19:11:00,8,241,19,0.0,12.68,0.0
2020-08-28 20:11:00,8,241,20,0.0,12.15,0.0
2020-08-28 21:11:00,8,241,21,0.0,11.09,0.0
2020-08-28 22:11:00,8,241,22,0.0,10.55,0.0
2020-08-28 23:11:00,8,241,23,0.0,10.55,0.0
2020-08-29 00:11:00,8,242,0,0.0,10.55,0.0
2020-08-29 01:11:00,8,242,1,0.0,10.55,0.0
2020-08-29 02:11:00,8,242,2,0.0,10.55,0.0
2020-08-29 03:11:00,8,242,3,0.0,10.55,0.0
2020-08-29 04:11:00,8,242,4,0.0,10.55,0.0
2020-08-29 05:11:00,8,242,5,0.0,11.09,0.0
2020-08-29 06:11:00,8,242,6,65.8,11.09,0.03777
2020-08-29 07:11:00,8,242,7,317.8,11.09,0.25343
2020-08-29 08:11:00,8,242,8,472.3,11.61,0.39904
2020-08-29 09:11:00,8,242,9,504.8,12.68,0.4273
2020-08-29 10:11:00,8,242,10,262.6,13.74,0.21229
2020-08-29 11:11:00,8,242,11,311.5,14.27,0.25416
2020-08-29 12:11:00,8,242,12,229.8,14.8,0.18219
2020-08-29 13:11:00,8,242,13,394.9,14.8,0.32563
2020-08-29 14:11:00,8,242,14,163.3,14.27,0.12482
2020-08-29 15:11:00,8,242,15,226.0,14.27,0.17944
2020-08-29 16:11:00,8,242,16,129.8,13.74,0.09597
2020-08-29 17:11:00,8,242,17,59.8,13.21,0.0374
2020-08-29 18:11:00,8,242,18,31.2,13.21,0.01536
2020-08-29 19:11:00,8,242,19,0.0,11.61,0.0
2020-08-29 20:11:00,8,242,20,0.0,11.09,0.0
2020-08-29 21:11:00,8,242,21,0.0,11.09,0.0
2020-08-29 22:11:00,8,242,22,0.0,11.09,0.0
2020-08-29 23:11:00,8,242,23,0.0,10.55,0.0
2020-08-30 00:11:00,8,243,0,0.0,10.02,0.0
2020-08-30 01:11:00,8,243,1,0.0,9.49,0.0
2020-08-30 02:11:00,8,243,2,0.0,9.49,0.0
2020-08-30 03:11:00,8,243,3,0.0,8.96,0.0
2020-08-30 04:11:00,8,243,4,0.0,8.43,0.0
2020-08-30 05:11:00,8,243,5,0.0,8.43,0.0
2020-08-30 06:11:00,8,243,6,89.8,8.43,0.04965
2020-08-30 07:11:00,8,243,7,310.2,9.49,0.24843
2020-08-30 08:11:00,8,243,8,550.3,10.55,0.46414
2020-08-30 09:11:00,8,243,9,740.2,12.15,0.61917
2020-08-30 10:11:00,8,243,10,259.2,13.74,0.20863
2020-08-30 11:11:00,8,243,11,344.5,14.27,0.28148
2020-08-30 12:11:00,8,243,12,241.3,14.8,0.19139
2020-08-30 13:11:00,8,243,13,641.0,15.33,0.52568
2020-08-30 14:11:00,8,243,14,434.8,15.33,0.35625
2020-08-30 15:11:00,8,243,15,261.8,14.8,0.20906
2020-08-30 16:11:00,8,243,16,316.2,14.8,0.25031
2020-08-30 17:11:00,8,243,17,104.6,14.27,0.07222
2020-08-30 18:11:00,8,243,18,26.3,13.74,0.01184
2020-08-30 19:11:00,8,243,19,0.0,13.21,0.0
2020-08-30 20:11:00,8,243,20,0.0,12.68,0.0
2020-08-30 21:11:00,8,243,21,0.0,12.15,0.0
2020-08-30 22:11:00,8,243,22,0.0,11.61,0.0
2020-08-30 23:11:00,8,243,23,0.0,10.02,0.0
2020-08-31 00:11:00,8,244,0,0.0,10.02,0.0
2020-08-31 01:11:00,8,244,1,0.0,10.02,0.0
2020-08-31 02:11:00,8,244,2,0.0,10.55,0.0
2020-08-31 03:11:00,8,244,3,0.0,10.55,0.0
2020-08-31 04:11:00,8,244,4,0.0,10.55,0.0
2020-08-31 05:11:00,8,244,5,0.0,10.55,0.0
2020-08-31 06:11:00,8,244,6,50.9,10.02,0.02819
2020-08-31 07:11:00,8,244,7,141.6,10.55,0.1059
2020-08-31 08:11:00,8,244,8,232.7,12.15,0.1848
2020-08-31 09:11:00,8,244,9,392.3,12.68,0.31967
2020-08-31 10:11:00,8,244,10,486.4,14.27,0.39258
2020-08-31 11:11:00,8,244,11,413.1,14.27,0.33305
2020-08-31 12:11:00,8,244,12,380.4,14.8,0.30578
2020-08-31 13:11:00,8,244,13,295.3,14.8,0.23515
2020-08-31 14:11:00,8,244,14,277.8,15.33,0.22006
2020-08-31 15:11:00,8,244,15,254.9,15.33,0.20073
2020-08-31 16:11:00,8,244,16,235.8,15.33,0.18229
2020-08-31 17:11:00,8,244,17,96.6,15.33,0.06532
2020-08-31 18:11:00,8,244,18,30.4,14.8,0.01462
2020-08-31 19:11:00,8,244,19,0.0,14.27,0.0
2020-08-31 20:11:00,8,244,20,0.0,13.74,0.0
2020-08-31 21:11:00,8,244,21,0.0,12.68,0.0
2020-08-31 22:11:00,8,244,22,0.0,12.15,0.0
2020-08-31 23:11:00,8,244,23,0.0,11.61,0.0
2020-09-01 00:11:00,9,245,0,0.0,11.61,0.0
2020-09-01 01:11:00,9,245,1,0.0,11.61,0.0
2020-09-01 02:11:00,9,245,2,0.0,11.61,0.0
2020-09-01 03:11:00,9,245,3,0.0,11.61,0.0
2020-09-01 04:11:00,9,245,4,0.0,11.09,0.0
2020-09-01 05:11:00,9,245,5,0.0,11.09,0.0
2020-09-01 06:11:00,9,245,6,47.0,11.09,0.02553
2020-09-01 07:11:00,9,245,7,316.0,11.61,0.24781
2020-09-01 08:11:00,9,245,8,537.9,13.21,0.43839
2020-09-01 09:11:00,9,245,9,749.5,14.27,0.60144
2020-09-01 10:11:00,9,245,10,813.3,15.86,0.64227
2020-09-01 11:11:00,9,245,11,728.9,16.39,0.57512
2020-09-01 12:11:00,9,245,12,361.9,17.45,0.28655
2020-09-01 13:11:00,9,245,13,273.2,17.45,0.21324
2020-09-01 14:11:00,9,245,14,596.4,16.92,0.47196
2020-09-01 15:11:00,9,245,15,357.8,17.45,0.28348
2020-09-01 16:11:00,9,245,16,233.9,17.45,0.17887
2020-09-01 17:11:00,9,245,17,124.0,16.92,0.08221
2020-09-01 18:11:00,9,245,18,29.6,16.39,0.01392
2020-09-01 19:11:00,9,245,19,0.0,15.86,0.0
2020-09-01 20:11:00,9,245,20,0.0,14.8,0.0
2020-09-01 21:11:00,9,245,21,0.0,14.27,0.0
2020-09-01 22:11:00,9,245,22,0.0,14.27,0.0
2020-09-01 23:11:00,9,245,23,0.0,13.74,0.0
2020-09-02 00:11:00,9,246,0,0.0,13.74,0.0
2020-09-02 01:11:00,9,246,1,0.0,13.21,0.0
2020-09-02 02:11:00,9,246,2,0.0,12.68,0.0
2020-09-02 03:11:00,9,246,3,0.0,12.68,0.0
2020-09-02 04:11:00,9,246,4,0.0,12.15,0.0
2020-09-02 05:11:00,9,246,5,0.0,11.61,0.0
2020-09-02 06:11:00,9,246,6,63.0,11.61,0.03429
2020-09-02 07:11:00,9,246,7,265.0,12.68,0.20677
2020-09-02 08:11:00,9,246,8,527.0,14.8,0.43139
2020-09-02 09:11:00,9,246,9,402.7,16.39,0.32886
2020-09-02 10:11:00,9,246,10,430.1,16.92,0.35147
2020-09-02 11:11:00,9,246,11,573.1,17.45,0.4692
2020-09-02 12:11:00,9,246,12,244.6,17.98,0.19185
2020-09-02 13:11:00,9,246,13,108.0,18.51,0.07563
2020-09-02 14:11:00,9,246,14,106.2,17.45,0.07446
2020-09-02 15:11:00,9,246,15,190.2,16.39,0.1464
2020-09-02 16:11:00,9,246,16,58.9,15.86,0.03618
2020-09-02 17:11:00,9,246,17,47.3,15.33,0.02719
2020-09-02 18:11:00,9,246,18,9.0,14.8,0.00138
2020-09-02 19:11:00,9,246,19,0.0,14.8,0.0
2020-09-02 20:11:00,9,246,20,0.0,14.8,0.0
2020-09-02 21:11:00,9,246,21,0.0,14.8,0.0
2020-09-02 22:11:00,9,246,22,0.0,15.33,0.0
2020-09-02 23:11:00,9,246,23,0.0,15.33,0.0
2020-09-03 00:11:00,9,247,0,0.0,15.86,0.0
2020-09-03 01:11:00,9,247,1,0.0,15.86,0.0
2020-09-03 02:11:00,9,247,2,0.0,15.86,0.0
2020-09-03 03:11:00,9,247,3,0.0,16.39,0.0
2020-09-03 04:11:00,9,247,4,0.0,16.39,0.0
2020-09-03 05:11:00,9,247,5,0.0,16.92,0.0
2020-09-03 06:11:00,9,247,6,55.6,16.92,0.0289
2020-09-03 07:11:00,9,247,7,29.4,17.45,0.0138
2020-09-03 08:11:00,9,247,8,66.9,17.98,0.04217
2020-09-03 09:11:00,9,247,9,173.8,17.98,0.13149
2020-09-03 10:11:00,9,247,10,103.5,18.51,0.0719
2020-09-03 11:11:00,9,247,11,122.3,18.51,0.08754
2020-09-03 12:11:00,9,247,12,348.5,19.04,0.27962
2020-09-03 13:11:00,9,247,13,171.4,19.57,0.12843
2020-09-03 14:11:00,9,247,14,477.9,19.57,0.38892
2020-09-03 15:11:00,9,247,15,412.4,19.57,0.33368
2020-09-03 16:11:00,9,247,16,259.6,19.57,0.20007
2020-09-03 17:11:00,9,247,17,140.9,18.51,0.08123
2020-09-03 18:11:00,9,247,18,24.6,17.98,0.01047
2020-09-03 19:11:00,9,247,19,0.0,17.45,0.0
2020-09-03 20:11:00,9,247,20,0.0,15.86,0.0
2020-09-03 21:11:00,9,247,21,0.0,15.33,0.0
2020-09-03 22:11:00,9,247,22,0.0,13.74,0.0
2020-09-03 23:11:00,9,247,23,0.0,13.21,0.0
2020-09-04 00:11:00,9,248,0,0.0,12.68,0.0
2020-09-04 01:11:00,9,248,1,0.0,12.15,0.0
2020-09-04 02:11:00,9,248,2,0.0,11.61,0.0
2020-09-04 03:11:00,9,248,3,0.0,11.61,0.0
2020-09-04 04:11:00,9,248,4,0.0,11.61,0.0
2020-09-04 05:11:00,9,248,5,0.0,11.09,0.0
2020-09-04 06:11:00,9,248,6,47.3,11.09,0.02489
2020-09-04 07:11:00,9,248,7,73.0,12.68,0.0482
2020-09-04 08:11:00,9,248,8,183.4,14.27,0.1422
2020-09-04 09:11:00,9,248,9,383.0,15.33,0.31426
2020-09-04 10:11:00,9,248,10,453.3,15.33,0.37386
2020-09-04 11:11:00,9,248,11,310.9,15.86,0.25107
2020-09-04 12:11:00,9,248,12,149.0,16.39,0.11125
2020-09-04 13:11:00,9,248,13,133.9,16.39,0.09834
2020-09-04 14:11:00,9,248,14,108.0,16.39,0.07642
2020-09-04 15:11:00,9,248,15,109.8,16.39,0.07789
2020-09-04 16:11:00,9,248,16,98.2,15.86,0.06834
2020-09-04 17:11:00,9,248,17,53.6,15.33,0.03205
2020-09-04 18:11:00,9,248,18,3.3,14.8,0.0
2020-09-04 19:11:00,9,248,19,0.0,14.27,0.0
2020-09-04 20:11:00,9,248,20,0.0,13.74,0.0
2020-09-04 21:11:00,9,248,21,0.0,13.21,0.0
2020-09-04 22:11:00,9,248,22,0.0,12.68,0.0
2020-09-04 23:11:00,9,248,23,0.0,12.15,0.0
2020-09-05 00:11:00,9,249,0,0.0,11.61,0.0
2020-09-05 01:11:00,9,249,1,0.0,11.09,0.0
2020-09-05 02:11:00,9,249,2,0.0,11.09,0.0
2020-09-05 03:11:00,9,249,3,0.0,10.55,0.0
2020-09-05 04:11:00,9,249,4,0.0,10.02,0.0
2020-09-05 05:11:00,9,249,5,0.0,9.49,0.0
2020-09-05 06:11:00,9,249,6,73.6,9.49,0.03889
2020-09-05 07:11:00,9,249,7,293.7,10.55,0.23337
2020-09-05 08:11:00,9,249,8,549.8,12.15,0.4606
2020-09-05 09:11:00,9,249,9,416.1,13.74,0.34675
2020-09-05 10:11:00,9,249,10,399.3,14.8,0.3298
2020-09-05 11:11:00,9,249,11,943.1,15.33,0.76809
2020-09-05 12:11:00,9,249,12,432.1,15.33,0.35598
2020-09-05 13:11:00,9,249,13,682.2,16.39,0.55996
2020-09-05 14:11:00,9,249,14,465.5,16.39,0.38292
2020-09-05 15:11:00,9,249,15,285.3,16.39,0.22871
2020-09-05 16:11:00,9,249,16,271.4,15.86,0.21256
2020-09-05 17:11:00,9,249,17,136.7,15.33,0.07968
2020-09-05 18:11:00,9,249,18,21.3,14.27,0.0085
2020-09-05 19:11:00,9,249,19,0.0,13.74,0.0
2020-09-05 20:11:00,9,249,20,0.0,12.68,0.0
2020-09-05 21:11:00,9,249,21,0.0,12.15,0.0
2020-09-05 22:11:00,9,249,22,0.0,11.61,0.0
2020-09-05 23:11:00,9,249,23,0.0,11.09,0.0
2020-09-06 00:11:00,9,250,0,0.0,10.55,0.0
2020-09-06 01:11:00,9,250,1,0.0,10.02,0.0
2020-09-06 02:11:00,9,250,2,0.0,10.55,0.0
2020-09-06 03:11:00,9,250,3,0.0,10.55,0.0
2020-09-06 04:11:00,9,250,4,0.0,10.02,0.0
2020-09-06 05:11:00,9,250,5,0.0,10.02,0.0
2020-09-06 06:11:00,9,250,6,66.2,10.02,0.03473
2020-09-06 07:11:00,9,250,7,293.8,11.09,0.23217
2020-09-06 08:11:00,9,250,8,574.1,13.21,0.47642
2020-09-06 09:11:00,9,250,9,482.0,14.27,0.39775
2020-09-06 10:11:00,9,250,10,359.4,15.33,0.29142
2020-09-06 11:11:00,9,250,11,355.9,15.86,0.28702
2020-09-06 12:11:00,9,250,12,177.6,16.39,0.13491
2020-09-06 13:11:00,9,250,13,585.2,16.92,0.47181
2020-09-06 14:11:00,9,250,14,629.6,16.92,0.50655
2020-09-06 15:11:00,9,250,15,228.5,17.45,0.17745
2020-09-06 16:11:00,9,250,16,62.5,17.45,0.03864
2020-09-06 17:11:00,9,250,17,57.8,17.45,0.03475
2020-09-06 18:11:00,9,250,18,9.0,16.39,0.00136
2020-09-06 19:11:00,9,250,19,0.0,15.33,0.0
2020-09-06 20:11:00,9,250,20,0.0,14.27,0.0
2020-09-06 21:11:00,9,250,21,0.0,13.74,0.0
2020-09-06 22:11:00,9,250,22,0.0,12.68,0.0
2020-09-06 23:11:00,9,250,23,0.0,12.15,0.0
2020-09-07 00:11:00,9,251,0,0.0,11.61,0.0
2020-09-07 01:11:00,9,251,1,0.0,11.09,0.0
2020-09-07 02:11:00,9,251,2,0.0,10.55,0.0
2020-09-07 03:11:00,9,251,3,0.0,9.49,0.0
2020-09-07 04:11:00,9,251,4,0.0,9.49,0.0
2020-09-07 05:11:00,9,251,5,0.0,8.96,0.0
2020-09-07 06:11:00,9,251,6,66.6,8.96,0.03445
2020-09-07 07:11:00,9,251,7,285.4,11.09,0.22465
2020-09-07 08:11:00,9,251,8,172.6,12.68,0.13349
2020-09-07 09:11:00,9,251,9,165.9,14.27,0.12665
2020-09-07 10:11:00,9,251,10,295.6,14.27,0.239
2020-09-07 11:11:00,9,251,11,216.6,14.8,0.1701
2020-09-07 12:11:00,9,251,12,227.1,15.33,0.17882
2020-09-07 13:11:00,9,251,13,130.3,15.86,0.09547
2020-09-07 14:11:00,9,251,14,107.1,15.86,0.07584
2020-09-07 15:11:00,9,251,15,134.4,15.86,0.09896
2020-09-07 16:11:00,9,251,16,163.5,16.39,0.12281
2020-09-07 17:11:00,9,251,17,117.4,16.39,0.07085
2020-09-07 18:11:00,9,251,18,8.2,16.92,0.00098
2020-09-07 19:11:00,9,251,19,0.0,15.86,0.0
2020-09-07 20:11:00,9,251,20,0.0,15.86,0.0
2020-09-07 21:11:00,9,251,21,0.0,15.86,0.0
2020-09-07 22:11:00,9,251,22,0.0,15.86,0.0
2020-09-07 23:11:00,9,251,23,0.0,15.86,0.0
2020-09-08 00:11:00,9,252,0,0.0,15.86,0.0
2020-09-08 01:11:00,9,252,1,0.0,15.86,0.0
2020-09-08 02:11:00,9,252,2,0.0,15.86,0.0
2020-09-08 03:11:00,9,252,3,0.0,15.86,0.0
2020-09-08 04:11:00,9,252,4,0.0,15.86,0.0
2020-09-08 05:11:00,9,252,5,0.0,15.86,0.0
2020-09-08 06:11:00,9,252,6,17.8,15.86,0.00622
2020-09-08 07:11:00,9,252,7,104.8,16.39,0.07313
2020-09-08 08:11:00,9,252,8,310.7,17.45,0.24974
2020-09-08 09:11:00,9,252,9,212.8,17.98,0.16485
2020-09-08 10:11:00,9,252,10,606.3,18.51,0.49261
2020-09-08 11:11:00,9,252,11,638.7,18.51,0.51733
2020-09-08 12:11:00,9,252,12,913.2,19.57,0.72335
2020-09-08 13:11:00,9,252,13,693.8,20.63,0.55627
2020-09-08 14:11:00,9,252,14,273.9,21.16,0.21372
2020-09-08 15:11:00,9,252,15,458.5,21.16,0.3664
2020-09-08 16:11:00,9,252,16,301.8,21.16,0.22957
2020-09-08 17:11:00,9,252,17,84.6,20.63,0.05308
2020-09-08 18:11:00,9,252,18,6.6,19.57,0.00029
2020-09-08 19:11:00,9,252,19,0.0,19.04,0.0
2020-09-08 20:11:00,9,252,20,0.0,18.51,0.0
2020-09-08 21:11:00,9,252,21,0.0,18.51,0.0
2020-09-08 22:11:00,9,252,22,0.0,17.98,0.0
2020-09-08 23:11:00,9,252,23,0.0,16.92,0.0
2020-09-09 00:11:00,9,253,0,0.0,16.92,0.0
2020-09-09 01:11:00,9,253,1,0.0,16.39,0.0
2020-09-09 02:11:00,9,253,2,0.0,16.39,0.0
2020-09-09 03:11:00,9,253,3,0.0,15.86,0.0
2020-09-09 04:11:00,9,253,4,0.0,15.86,0.0
2020-09-09 05:11:00,9,253,5,0.0,15.86,0.0
2020-09-09 06:11:00,9,253,6,53.0,16.39,0.02503
2020-09-09 07:11:00,9,253,7,255.1,16.92,0.19583
2020-09-09 08:11:00,9,253,8,222.9,17.45,0.17432
2020-09-09 09:11:00,9,253,9,242.4,17.45,0.19063
2020-09-09 10:11:00,9,253,10,87.5,17.98,0.05873
2020-09-09 11:11:00,9,253,11,183.0,17.45,0.13922
2020-09-09 12:11:00,9,253,12,782.9,17.45,0.63165
2020-09-09 13:11:00,9,253,13,882.5,17.98,0.70602
2020-09-09 14:11:00,9,253,14,773.8,17.98,0.62753
2020-09-09 15:11:00,9,253,15,603.8,17.98,0.4913
2020-09-09 16:11:00,9,253,16,352.0,17.45,0.2724
2020-09-09 17:11:00,9,253,17,120.2,16.39,0.069
2020-09-09 18:11:00,9,253,18,13.1,15.33,0.00348
2020-09-09 19:11:00,9,253,19,0.0,14.27,0.0
2020-09-09 20:11:00,9,253,20,0.0,13.21,0.0
2020-09-09 21:11:00,9,253,21,0.0,12.15,0.0
2020-09-09 22:11:00,9,253,22,0.0,11.09,0.0
2020-09-09 23:11:00,9,253,23,0.0,10.55,0.0
2020-09-10 00:11:00,9,254,0,0.0,10.02,0.0
2020-09-10 01:11:00,9,254,1,0.0,9.49,0.0
2020-09-10 02:11:00,9,254,2,0.0,8.96,0.0
2020-09-10 03:11:00,9,254,3,0.0,8.43,0.0
2020-09-10 04:11:00,9,254,4,0.0,7.9,0.0
2020-09-10 05:11:00,9,254,5,0.0,7.9,0.0
2020-09-10 06:11:00,9,254,6,21.3,7.37,0.00845
2020-09-10 07:11:00,9,254,7,66.1,8.43,0.04334
2020-09-10 08:11:00,9,254,8,153.4,12.15,0.11674
2020-09-10 09:11:00,9,254,9,129.4,13.21,0.09547
2020-09-10 10:11:00,9,254,10,191.9,14.8,0.1482
2020-09-10 11:11:00,9,254,11,407.6,15.33,0.33025
2020-09-10 12:11:00,9,254,12,383.0,15.33,0.30943
2020-09-10 13:11:00,9,254,13,215.6,15.86,0.16743
2020-09-10 14:11:00,9,254,14,180.7,15.86,0.13805
2020-09-10 15:11:00,9,254,15,311.6,15.86,0.25028
2020-09-10 16:11:00,9,254,16,169.5,15.86,0.12733
2020-09-10 17:11:00,9,254,17,74.2,15.33,0.04682
2020-09-10 18:11:00,9,254,18,5.8,14.8,2e-05
2020-09-10 19:11:00,9,254,19,0.0,14.27,0.0
2020-09-10 20:11:00,9,254,20,0.0,13.74,0.0
2020-09-10 21:11:00,9,254,21,0.0,13.21,0.0
2020-09-10 22:11:00,9,254,22,0.0,13.21,0.0
2020-09-10 23:11:00,9,254,23,0.0,12.68,0.0
2020-09-11 00:11:00,9,255,0,0.0,11.61,0.0
2020-09-11 01:11:00,9,255,1,0.0,10.55,0.0
2020-09-11 02:11:00,9,255,2,0.0,9.49,0.0
2020-09-11 03:11:00,9,255,3,0.0,9.49,0.0
2020-09-11 04:11:00,9,255,4,0.0,9.49,0.0
2020-09-11 05:11:00,9,255,5,0.0,9.49,0.0
2020-09-11 06:11:00,9,255,6,9.8,9.49,0.00184
2020-09-11 07:11:00,9,255,7,107.2,10.55,0.07708
2020-09-11 08:11:00,9,255,8,187.5,12.15,0.14744
2020-09-11 09:11:00,9,255,9,251.8,13.74,0.20286
2020-09-11 10:11:00,9,255,10,369.3,15.33,0.30382
2020-09-11 11:11:00,9,255,11,505.4,16.39,0.41792
2020-09-11 12:11:00,9,255,12,285.0,16.92,0.22826
2020-09-11 13:11:00,9,255,13,248.8,16.92,0.19698
2020-09-11 14:11:00,9,255,14,366.4,16.92,0.29891
2020-09-11 15:11:00,9,255,15,223.7,17.45,0.17506
2020-09-11 16:11:00,9,255,16,291.3,17.45,0.22518
2020-09-11 17:11:00,9,255,17,94.6,16.92,0.05785
2020-09-11 18:11:00,9,255,18,4.1,16.39,0.0
2020-09-11 19:11:00,9,255,19,0.0,14.8,0.0
2020-09-11 20:11:00,9,255,20,0.0,13.74,0.0
2020-09-11 21:11:00,9,255,21,0.0,13.21,0.0
2020-09-11 22:11:00,9,255,22,0.0,12.68,0.0
2020-09-11 23:11:00,9,255,23,0.0,12.68,0.0
2020-09-12 00:11:00,9,256,0,0.0,12.68,0.0
2020-09-12 01:11:00,9,256,1,0.0,12.68,0.0
2020-09-12 02:11:00,9,256,2,0.0,13.21,0.0
2020-09-12 03:11:00,9,256,3,0.0,13.21,0.0
2020-09-12 04:11:00,9,256,4,0.0,13.74,0.0
2020-09-12 05:11:00,9,256,5,0.0,13.74,0.0
2020-09-12 06:11:00,9,256,6,12.5,13.74,0.00316
2020-09-12 07:11:00,9,256,7,99.0,13.74,0.06918
2020-09-12 08:11:00,9,256,8,458.8,14.8,0.37976
2020-09-12 09:11:00,9,256,9,613.9,15.33,0.50902
2020-09-12 10:11:00,9,256,10,825.6,16.39,0.67181
2020-09-12 11:11:00,9,256,11,796.1,16.92,0.64651
2020-09-12 12:11:00,9,256,12,810.8,17.45,0.65662
2020-09-12 13:11:00,9,256,13,751.3,17.98,0.60983
2020-09-12 14:11:00,9,256,14,674.1,18.51,0.54842
2020-09-12 15:11:00,9,256,15,499.1,18.51,0.40542
2020-09-12 16:11:00,9,256,16,294.4,18.51,0.22582
2020-09-12 17:11:00,9,256,17,92.2,17.98,0.05536
2020-09-12 18:11:00,9,256,18,0.0,16.92,0.0
2020-09-12 19:11:00,9,256,19,0.0,15.86,0.0
2020-09-12 20:11:00,9,256,20,0.0,14.8,0.0
2020-09-12 21:11:00,9,256,21,0.0,14.27,0.0
2020-09-12 22:11:00,9,256,22,0.0,13.21,0.0
2020-09-12 23:11:00,9,256,23,0.0,13.21,0.0
2020-09-13 00:11:00,9,257,0,0.0,12.68,0.0
2020-09-13 01:11:00,9,257,1,0.0,12.68,0.0
2020-09-13 02:11:00,9,257,2,0.0,12.68,0.0
2020-09-13 03:11:00,9,257,3,0.0,12.15,0.0
2020-09-13 04:11:00,9,257,4,0.0,12.15,0.0
2020-09-13 05:11:00,9,257,5,0.0,12.15,0.0
2020-09-13 06:11:00,9,257,6,38.6,12.15,0.01688
2020-09-13 07:11:00,9,257,7,195.4,13.74,0.14961
2020-09-13 08:11:00,9,257,8,432.4,15.33,0.35814
2020-09-13 09:11:00,9,257,9,680.7,16.92,0.56205
2020-09-13 10:11:00,9,257,10,877.3,18.51,0.70938
2020-09-13 11:11:00,9,257,11,959.5,19.04,0.76655
2020-09-13 12:11:00,9,257,12,956.9,20.1,0.76
2020-09-13 13:11:00,9,257,13,884.2,20.63,0.70531
2020-09-13 14:11:00,9,257,14,747.0,21.16,0.59956
2020-09-13 15:11:00,9,257,15,562.0,21.69,0.44972
2020-09-13 16:11:00,9,257,16,321.9,21.16,0.2432
2020-09-13 17:11:00,9,257,17,99.4,20.63,0.05539
2020-09-13 18:11:00,9,257,18,0.0,19.04,0.0
2020-09-13 19:11:00,9,257,19,0.0,18.51,0.0
2020-09-13 20:11:00,9,257,20,0.0,16.92,0.0
2020-09-13 21:11:00,9,257,21,0.0,15.86,0.0
2020-09-13 22:11:00,9,257,22,0.0,14.8,0.0
2020-09-13 23:11:00,9,257,23,0.0,14.27,0.0
2020-09-14 00:11:00,9,258,0,0.0,13.74,0.0
2020-09-14 01:11:00,9,258,1,0.0,13.21,0.0
2020-09-14 02:11:00,9,258,2,0.0,12.68,0.0
2020-09-14 03:11:00,9,258,3,0.0,11.61,0.0
2020-09-14 04:11:00,9,258,4,0.0,11.09,0.0
2020-09-14 05:11:00,9,258,5,0.0,10.55,0.0
2020-09-14 06:11:00,9,258,6,43.0,10.55,0.01903
2020-09-14 07:11:00,9,258,7,255.0,11.61,0.19963
2020-09-14 08:11:00,9,258,8,482.1,15.33,0.3922
2020-09-14 09:11:00,9,258,9,725.9,17.98,0.5764
2020-09-14 10:11:00,9,258,10,913.7,19.57,0.70747
2020-09-14 11:11:00,9,258,11,983.3,21.69,0.74493
2020-09-14 12:11:00,9,258,12,963.4,23.28,0.72476
2020-09-14 13:11:00,9,258,13,897.0,23.81,0.67926
2020-09-14 14:11:00,9,258,14,758.0,24.87,0.58202
2020-09-14 15:11:00,9,258,15,562.2,24.87,0.43575
2020-09-14 16:11:00,9,258,16,320.8,24.87,0.23594
2020-09-14 17:11:00,9,258,17,98.4,23.81,0.05341
2020-09-14 18:11:00,9,258,18,0.0,21.69,0.0
2020-09-14 19:11:00,9,258,19,0.0,19.57,0.0
2020-09-14 20:11:00,9,258,20,0.0,18.51,0.0
2020-09-14 21:11:00,9,258,21,0.0,17.45,0.0
2020-09-14 22:11:00,9,258,22,0.0,16.39,0.0
2020-09-14 23:11:00,9,258,23,0.0,15.33,0.0
2020-09-15 00:11:00,9,259,0,0.0,14.8,0.0
2020-09-15 01:11:00,9,259,1,0.0,14.27,0.0
2020-09-15 02:11:00,9,259,2,0.0,13.74,0.0
2020-09-15 03:11:00,9,259,3,0.0,13.74,0.0
2020-09-15 04:11:00,9,259,4,0.0,13.21,0.0
2020-09-15 05:11:00,9,259,5,0.0,12.68,0.0
2020-09-15 06:11:00,9,259,6,24.7,12.68,0.00931
2020-09-15 07:11:00,9,259,7,207.9,14.8,0.15812
2020-09-15 08:11:00,9,259,8,344.3,17.98,0.2753
2020-09-15 09:11:00,9,259,9,585.0,20.1,0.46768
2020-09-15 10:11:00,9,259,10,855.5,22.22,0.66238
2020-09-15 11:11:00,9,259,11,928.6,24.34,0.70033
2020-09-15 12:11:00,9,259,12,918.0,25.4,0.67916
2020-09-15 13:11:00,9,259,13,786.7,25.93,0.58919
2020-09-15 14:11:00,9,259,14,612.8,26.46,0.46451
2020-09-15 15:11:00,9,259,15,356.3,26.46,0.27038
2020-09-15 16:11:00,9,259,16,217.1,25.93,0.15698
2020-09-15 17:11:00,9,259,17,76.4,24.87,0.04321
2020-09-15 18:11:00,9,259,18,0.0,22.75,0.0
2020-09-15 19:11:00,9,259,19,0.0,21.69,0.0
2020-09-15 20:11:00,9,259,20,0.0,21.16,0.0
2020-09-15 21:11:00,9,259,21,0.0,20.1,0.0
2020-09-15 22:11:00,9,259,22,0.0,19.04,0.0
2020-09-15 23:11:00,9,259,23,0.0,17.98,0.0
2020-09-16 00:11:00,9,260,0,0.0,16.92,0.0
2020-09-16 01:11:00,9,260,1,0.0,16.39,0.0
2020-09-16 02:11:00,9,260,2,0.0,15.86,0.0
2020-09-16 03:11:00,9,260,3,0.0,15.33,0.0
2020-09-16 04:11:00,9,260,4,0.0,14.8,0.0
2020-09-16 05:11:00,9,260,5,0.0,14.8,0.0
2020-09-16 06:11:00,9,260,6,19.2,14.27,0.00609
2020-09-16 07:11:00,9,260,7,222.5,15.33,0.16984
2020-09-16 08:11:00,9,260,8,439.4,17.45,0.35596
2020-09-16 09:11:00,9,260,9,682.6,19.04,0.54961
2020-09-16 10:11:00,9,260,10,837.5,20.63,0.66284
2020-09-16 11:11:00,9,260,11,924.7,21.69,0.72351
2020-09-16 12:11:00,9,260,12,655.5,22.22,0.52224
2020-09-16 13:11:00,9,260,13,725.2,22.22,0.57818
2020-09-16 14:11:00,9,260,14,289.2,22.22,0.22621
2020-09-16 15:11:00,9,260,15,417.4,21.69,0.3339
2020-09-16 16:11:00,9,260,16,132.9,20.1,0.09504
2020-09-16 17:11:00,9,260,17,48.7,18.51,0.02707
2020-09-16 18:11:00,9,260,18,0.0,17.45,0.0
2020-09-16 19:11:00,9,260,19,0.0,15.33,0.0
2020-09-16 20:11:00,9,260,20,0.0,14.8,0.0
2020-09-16 21:11:00,9,260,21,0.0,14.27,0.0
2020-09-16 22:11:00,9,260,22,0.0,13.74,0.0
2020-09-16 23:11:00,9,260,23,0.0,13.74,0.0
2020-09-17 00:11:00,9,261,0,0.0,13.21,0.0
2020-09-17 01:11:00,9,261,1,0.0,13.21,0.0
2020-09-17 02:11:00,9,261,2,0.0,12.68,0.0
2020-09-17 03:11:00,9,261,3,0.0,12.68,0.0
2020-09-17 04:11:00,9,261,4,0.0,12.15,0.0
2020-09-17 05:11:00,9,261,5,0.0,12.15,0.0
2020-09-17 06:11:00,9,261,6,29.2,11.61,0.01105
2020-09-17 07:11:00,9,261,7,232.9,12.15,0.1821
2020-09-17 08:11:00,9,261,8,467.9,12.68,0.39183
2020-09-17 09:11:00,9,261,9,597.6,13.74,0.49891
2020-09-17 10:11:00,9,261,10,852.9,14.8,0.70027
2020-09-17 11:11:00,9,261,11,947.2,15.86,0.77025
2020-09-17 12:11:00,9,261,12,958.5,16.92,0.77328
2020-09-17 13:11:00,9,261,13,875.7,17.98,0.70498
2020-09-17 14:11:00,9,261,14,737.4,18.51,0.59728
2020-09-17 15:11:00,9,261,15,547.3,18.51,0.4439
2020-09-17 16:11:00,9,261,16,306.2,18.51,0.23309
2020-09-17 17:11:00,9,261,17,85.1,17.98,0.04655
2020-09-17 18:11:00,9,261,18,0.0,16.39,0.0
2020-09-17 19:11:00,9,261,19,0.0,15.33,0.0
2020-09-17 20:11:00,9,261,20,0.0,14.27,0.0
2020-09-17 21:11:00,9,261,21,0.0,13.21,0.0
2020-09-17 22:11:00,9,261,22,0.0,12.15,0.0
2020-09-17 23:11:00,9,261,23,0.0,11.61,0.0
2020-09-18 00:11:00,9,262,0,0.0,11.09,0.0
2020-09-18 01:11:00,9,262,1,0.0,10.55,0.0
2020-09-18 02:11:00,9,262,2,0.0,10.55,0.0
2020-09-18 03:11:00,9,262,3,0.0,10.55,0.0
2020-09-18 04:11:00,9,262,4,0.0,10.55,0.0
2020-09-18 05:11:00,9,262,5,0.0,10.55,0.0
2020-09-18 06:11:00,9,262,6,14.4,10.55,0.0038
2020-09-18 07:11:00,9,262,7,91.2,11.09,0.06353
2020-09-18 08:11:00,9,262,8,293.1,12.68,0.24096
2020-09-18 09:11:00,9,262,9,530.8,14.27,0.44642
2020-09-18 10:11:00,9,262,10,900.1,15.33,0.74212
2020-09-18 11:11:00,9,262,11,981.0,16.39,0.79785
2020-09-18 12:11:00,9,262,12,958.3,17.45,0.77724
2020-09-18 13:11:00,9,262,13,897.6,18.51,0.72797
2020-09-18 14:11:00,9,262,14,762.1,18.51,0.62373
2020-09-18 15:11:00,9,262,15,560.4,18.51,0.45863
2020-09-18 16:11:00,9,262,16,262.4,18.51,0.20003
2020-09-18 17:11:00,9,262,17,58.9,17.45,0.0338
2020-09-18 18:11:00,9,262,18,0.0,15.86,0.0
2020-09-18 19:11:00,9,262,19,0.0,14.27,0.0
2020-09-18 20:11:00,9,262,20,0.0,13.21,0.0
2020-09-18 21:11:00,9,262,21,0.0,12.68,0.0
2020-09-18 22:11:00,9,262,22,0.0,12.15,0.0
2020-09-18 23:11:00,9,262,23,0.0,11.61,0.0
2020-09-19 00:11:00,9,263,0,0.0,11.61,0.0
2020-09-19 01:11:00,9,263,1,0.0,11.61,0.0
2020-09-19 02:11:00,9,263,2,0.0,11.61,0.0
2020-09-19 03:11:00,9,263,3,0.0,11.09,0.0
2020-09-19 04:11:00,9,263,4,0.0,11.09,0.0
2020-09-19 05:11:00,9,263,5,0.0,11.09,0.0
2020-09-19 06:11:00,9,263,6,13.8,11.61,0.00336
2020-09-19 07:11:00,9,263,7,135.0,11.61,0.1001
2020-09-19 08:11:00,9,263,8,211.0,13.21,0.16809
2020-09-19 09:11:00,9,263,9,613.2,15.33,0.51372
2020-09-19 10:11:00,9,263,10,864.0,16.92,0.71098
2020-09-19 11:11:00,9,263,11,927.7,18.51,0.75398
2020-09-19 12:11:00,9,263,12,914.8,19.04,0.74256
2020-09-19 13:11:00,9,263,13,840.7,19.57,0.68446
2020-09-19 14:11:00,9,263,14,718.1,20.1,0.58689
2020-09-19 15:11:00,9,263,15,534.3,19.57,0.43564
2020-09-19 16:11:00,9,263,16,300.6,19.04,0.22821
2020-09-19 17:11:00,9,263,17,77.0,18.51,0.04064
2020-09-19 18:11:00,9,263,18,0.0,16.92,0.0
2020-09-19 19:11:00,9,263,19,0.0,14.8,0.0
2020-09-19 20:11:00,9,263,20,0.0,13.74,0.0
2020-09-19 21:11:00,9,263,21,0.0,13.21,0.0
2020-09-19 22:11:00,9,263,22,0.0,12.68,0.0
2020-09-19 23:11:00,9,263,23,0.0,12.15,0.0
2020-09-20 00:11:00,9,264,0,0.0,12.15,0.0
2020-09-20 01:11:00,9,264,1,0.0,11.61,0.0
2020-09-20 02:11:00,9,264,2,0.0,11.61,0.0
2020-09-20 03:11:00,9,264,3,0.0,11.61,0.0
2020-09-20 04:11:00,9,264,4,0.0,11.61,0.0
2020-09-20 05:11:00,9,264,5,0.0,12.15,0.0
2020-09-20 06:11:00,9,264,6,7.1,12.15,0.00057
2020-09-20 07:11:00,9,264,7,170.5,13.21,0.12919
2020-09-20 08:11:00,9,264,8,145.8,14.27,0.11011
2020-09-20 09:11:00,9,264,9,320.5,15.33,0.26256
2020-09-20 10:11:00,9,264,10,753.8,16.39,0.62102
2020-09-20 11:11:00,9,264,11,901.7,17.98,0.72747
2020-09-20 12:11:00,9,264,12,919.1,18.51,0.73692
2020-09-20 13:11:00,9,264,13,734.0,19.04,0.59451
2020-09-20 14:11:00,9,264,14,707.5,19.04,0.57484
2020-09-20 15:11:00,9,264,15,511.7,19.04,0.4151
2020-09-20 16:11:00,9,264,16,281.1,18.51,0.21254
2020-09-20 17:11:00,9,264,17,71.0,17.98,0.03729
2020-09-20 18:11:00,9,264,18,0.0,16.39,0.0
2020-09-20 19:11:00,9,264,19,0.0,14.8,0.0
2020-09-20 20:11:00,9,264,20,0.0,13.74,0.0
2020-09-20 21:11:00,9,264,21,0.0,12.68,0.0
2020-09-20 22:11:00,9,264,22,0.0,12.15,0.0
2020-09-20 23:11:00,9,264,23,0.0,11.61,0.0
2020-09-21 00:11:00,9,265,0,0.0,11.09,0.0
2020-09-21 01:11:00,9,265,1,0.0,10.55,0.0
2020-09-21 02:11:00,9,265,2,0.0,10.02,0.0
2020-09-21 03:11:00,9,265,3,0.0,10.02,0.0
2020-09-21 04:11:00,9,265,4,0.0,9.49,0.0
2020-09-21 05:11:00,9,265,5,0.0,10.02,0.0
2020-09-21 06:11:00,9,265,6,7.1,10.02,0.00059
2020-09-21 07:11:00,9,265,7,120.0,11.09,0.08694
2020-09-21 08:11:00,9,265,8,215.1,12.15,0.17049
2020-09-21 09:11:00,9,265,9,321.2,13.21,0.25978
2020-09-21 10:11:00,9,265,10,833.4,15.33,0.64166
2020-09-21 11:11:00,9,265,11,935.3,17.45,0.70411
2020-09-21 12:11:00,9,265,12,928.0,18.51,0.70047
2020-09-21 13:11:00,9,265,13,865.6,20.1,0.65791
2020-09-21 14:11:00,9,265,14,700.4,20.63,0.54539
2020-09-21 15:11:00,9,265,15,504.7,21.16,0.39598
2020-09-21 16:11:00,9,265,16,270.4,21.16,0.19895
2020-09-21 17:11:00,9,265,17,65.5,20.63,0.03333
2020-09-21 18:11:00,9,265,18,0.0,19.57,0.0
2020-09-21 19:11:00,9,265,19,0.0,18.51,0.0
2020-09-21 20:11:00,9,265,20,0.0,16.92,0.0
2020-09-21 21:11:00,9,265,21,0.0,15.33,0.0
2020-09-21 22:11:00,9,265,22,0.0,14.8,0.0
2020-09-21 23:11:00,9,265,23,0.0,14.27,0.0
2020-09-22 00:11:00,9,266,0,0.0,13.21,0.0
2020-09-22 01:11:00,9,266,1,0.0,13.21,0.0
2020-09-22 02:11:00,9,266,2,0.0,12.68,0.0
2020-09-22 03:11:00,9,266,3,0.0,12.15,0.0
2020-09-22 04:11:00,9,266,4,0.0,11.61,0.0
2020-09-22 05:11:00,9,266,5,0.0,11.09,0.0
2020-09-22 06:11:00,9,266,6,0.0,11.09,0.0
2020-09-22 07:11:00,9,266,7,191.9,13.21,0.14593
2020-09-22 08:11:00,9,266,8,422.0,14.27,0.34711
2020-09-22 09:11:00,9,266,9,685.2,16.39,0.55595
2020-09-22 10:11:00,9,266,10,869.6,18.51,0.68964
2020-09-22 11:11:00,9,266,11,926.4,20.1,0.72788
2020-09-22 12:11:00,9,266,12,911.8,21.16,0.7181
2020-09-22 13:11:00,9,266,13,850.3,22.22,0.67366
2020-09-22 14:11:00,9,266,14,668.1,22.75,0.53739
2020-09-22 15:11:00,9,266,15,80.3,22.22,0.05186
2020-09-22 16:11:00,9,266,16,94.1,21.16,0.063
2020-09-22 17:11:00,9,266,17,35.6,20.1,0.01736
2020-09-22 18:11:00,9,266,18,0.0,18.51,0.0
2020-09-22 19:11:00,9,266,19,0.0,17.45,0.0
2020-09-22 20:11:00,9,266,20,0.0,16.92,0.0
2020-09-22 21:11:00,9,266,21,0.0,16.39,0.0
2020-09-22 22:11:00,9,266,22,0.0,15.86,0.0
2020-09-22 23:11:00,9,266,23,0.0,14.8,0.0
2020-09-23 00:11:00,9,267,0,0.0,14.8,0.0
2020-09-23 01:11:00,9,267,1,0.0,14.8,0.0
2020-09-23 02:11:00,9,267,2,0.0,14.8,0.0
2020-09-23 03:11:00,9,267,3,0.0,14.8,0.0
2020-09-23 04:11:00,9,267,4,0.0,14.8,0.0
2020-09-23 05:11:00,9,267,5,0.0,14.8,0.0
2020-09-23 06:11:00,9,267,6,0.0,14.27,0.0
2020-09-23 07:11:00,9,267,7,31.2,14.27,0.01531
2020-09-23 08:11:00,9,267,8,37.5,14.8,0.01982
2020-09-23 09:11:00,9,267,9,145.4,14.8,0.10899
2020-09-23 10:11:00,9,267,10,148.2,15.33,0.11097
2020-09-23 11:11:00,9,267,11,143.7,15.86,0.10678
2020-09-23 12:11:00,9,267,12,66.0,15.86,0.04187
2020-09-23 13:11:00,9,267,13,196.5,14.8,0.15243
2020-09-23 14:11:00,9,267,14,196.2,14.27,0.15293
2020-09-23 15:11:00,9,267,15,191.6,13.74,0.14947
2020-09-23 16:11:00,9,267,16,101.3,13.74,0.07112
2020-09-23 17:11:00,9,267,17,6.2,13.21,0.00021
2020-09-23 18:11:00,9,267,18,0.0,12.68,0.0
2020-09-23 19:11:00,9,267,19,0.0,11.61,0.0
2020-09-23 20:11:00,9,267,20,0.0,10.55,0.0
2020-09-23 21:11:00,9,267,21,0.0,10.02,0.0
2020-09-23 22:11:00,9,267,22,0.0,9.49,0.0
2020-09-23 23:11:00,9,267,23,0.0,8.96,0.0
2020-09-24 00:11:00,9,268,0,0.0,8.43,0.0
2020-09-24 01:11:00,9,268,1,0.0,7.9,0.0
2020-09-24 02:11:00,9,268,2,0.0,7.9,0.0
2020-09-24 03:11:00,9,268,3,0.0,7.9,0.0
2020-09-24 04:11:00,9,268,4,0.0,7.9,0.0
2020-09-24 05:11:00,9,268,5,0.0,7.9,0.0
2020-09-24 06:11:00,9,268,6,0.0,8.43,0.0
2020-09-24 07:11:00,9,268,7,207.6,8.96,0.16322
2020-09-24 08:11:00,9,268,8,467.5,10.02,0.397
2020-09-24 09:11:00,9,268,9,257.4,11.09,0.21168
2020-09-24 10:11:00,9,268,10,861.7,12.15,0.72477
2020-09-24 11:11:00,9,268,11,47.3,12.68,0.02759
2020-09-24 12:11:00,9,268,12,733.0,13.21,0.61438
2020-09-24 13:11:00,9,268,13,123.2,13.74,0.09042
2020-09-24 14:11:00,9,268,14,219.8,13.74,0.17449
2020-09-24 15:11:00,9,268,15,87.5,13.21,0.06014
2020-09-24 16:11:00,9,268,16,289.8,12.15,0.22327
2020-09-24 17:11:00,9,268,17,32.1,11.09,0.0159
2020-09-24 18:11:00,9,268,18,0.0,10.55,0.0
2020-09-24 19:11:00,9,268,19,0.0,9.49,0.0
2020-09-24 20:11:00,9,268,20,0.0,8.43,0.0
2020-09-24 21:11:00,9,268,21,0.0,7.9,0.0
2020-09-24 22:11:00,9,268,22,0.0,7.9,0.0
2020-09-24 23:11:00,9,268,23,0.0,7.9,0.0
2020-09-25 00:11:00,9,269,0,0.0,7.37,0.0
2020-09-25 01:11:00,9,269,1,0.0,7.37,0.0
2020-09-25 02:11:00,9,269,2,0.0,7.37,0.0
2020-09-25 03:11:00,9,269,3,0.0,7.37,0.0
2020-09-25 04:11:00,9,269,4,0.0,7.9,0.0
2020-09-25 05:11:00,9,269,5,0.0,7.9,0.0
2020-09-25 06:11:00,9,269,6,0.0,7.9,0.0
2020-09-25 07:11:00,9,269,7,277.5,7.9,0.2247
2020-09-25 08:11:00,9,269,8,499.7,7.9,0.4312
2020-09-25 09:11:00,9,269,9,730.3,9.49,0.63397
2020-09-25 10:11:00,9,269,10,671.9,10.55,0.58038
2020-09-25 11:11:00,9,269,11,844.7,11.61,0.72129
2020-09-25 12:11:00,9,269,12,431.7,12.15,0.36637
2020-09-25 13:11:00,9,269,13,649.7,12.68,0.55573
2020-09-25 14:11:00,9,269,14,703.7,12.68,0.60152
2020-09-25 15:11:00,9,269,15,506.4,12.68,0.42791
2020-09-25 16:11:00,9,269,16,268.3,12.15,0.20835
2020-09-25 17:11:00,9,269,17,59.9,11.61,0.02814
2020-09-25 18:11:00,9,269,18,0.0,10.55,0.0
2020-09-25 19:11:00,9,269,19,0.0,10.55,0.0
2020-09-25 20:11:00,9,269,20,0.0,10.02,0.0
2020-09-25 21:11:00,9,269,21,0.0,8.96,0.0
2020-09-25 22:11:00,9,269,22,0.0,8.43,0.0
2020-09-25 23:11:00,9,269,23,0.0,7.9,0.0
2020-09-26 00:11:00,9,270,0,0.0,7.9,0.0
2020-09-26 01:11:00,9,270,1,0.0,7.9,0.0
2020-09-26 02:11:00,9,270,2,0.0,7.37,0.0
2020-09-26 03:11:00,9,270,3,0.0,6.84,0.0
2020-09-26 04:11:00,9,270,4,0.0,6.31,0.0
2020-09-26 05:11:00,9,270,5,0.0,5.78,0.0
2020-09-26 06:11:00,9,270,6,0.0,5.78,0.0
2020-09-26 07:11:00,9,270,7,211.9,5.78,0.16959
2020-09-26 08:11:00,9,270,8,482.8,6.84,0.41742
2020-09-26 09:11:00,9,270,9,709.6,7.9,0.61424
2020-09-26 10:11:00,9,270,10,626.7,9.49,0.53911
2020-09-26 11:11:00,9,270,11,908.0,10.55,0.76716
2020-09-26 12:11:00,9,270,12,676.2,11.61,0.57629
2020-09-26 13:11:00,9,270,13,306.2,12.15,0.2537
2020-09-26 14:11:00,9,270,14,141.0,11.61,0.10709
2020-09-26 15:11:00,9,270,15,120.3,11.61,0.08897
2020-09-26 16:11:00,9,270,16,42.0,11.61,0.02358
2020-09-26 17:11:00,9,270,17,29.6,11.61,0.01367
2020-09-26 18:11:00,9,270,18,0.0,11.09,0.0
2020-09-26 19:11:00,9,270,19,0.0,10.55,0.0
2020-09-26 20:11:00,9,270,20,0.0,10.02,0.0
2020-09-26 21:11:00,9,270,21,0.0,9.49,0.0
2020-09-26 22:11:00,9,270,22,0.0,9.49,0.0
2020-09-26 23:11:00,9,270,23,0.0,8.96,0.0
2020-09-27 00:11:00,9,271,0,0.0,8.96,0.0
2020-09-27 01:11:00,9,271,1,0.0,8.43,0.0
2020-09-27 02:11:00,9,271,2,0.0,8.43,0.0
2020-09-27 03:11:00,9,271,3,0.0,7.9,0.0
2020-09-27 04:11:00,9,271,4,0.0,7.9,0.0
2020-09-27 05:11:00,9,271,5,0.0,7.9,0.0
2020-09-27 06:11:00,9,271,6,0.0,7.9,0.0
2020-09-27 07:11:00,9,271,7,188.5,7.9,0.14768
2020-09-27 08:11:00,9,271,8,264.7,7.9,0.22129
2020-09-27 09:11:00,9,271,9,405.0,8.96,0.34712
2020-09-27 10:11:00,9,271,10,620.6,10.55,0.53073
2020-09-27 11:11:00,9,271,11,837.2,11.61,0.70344
2020-09-27 12:11:00,9,271,12,805.5,12.68,0.67303
2020-09-27 13:11:00,9,271,13,836.5,13.21,0.69624
2020-09-27 14:11:00,9,271,14,699.4,13.21,0.58623
2020-09-27 15:11:00,9,271,15,500.6,13.74,0.41601
2020-09-27 16:11:00,9,271,16,270.7,13.21,0.20664
2020-09-27 17:11:00,9,271,17,50.6,12.68,0.02028
2020-09-27 18:11:00,9,271,18,0.0,11.61,0.0
2020-09-27 19:11:00,9,271,19,0.0,10.02,0.0
2020-09-27 20:11:00,9,271,20,0.0,8.96,0.0
2020-09-27 21:11:00,9,271,21,0.0,8.43,0.0
2020-09-27 22:11:00,9,271,22,0.0,7.9,0.0
2020-09-27 23:11:00,9,271,23,0.0,7.9,0.0
2020-09-28 00:11:00,9,272,0,0.0,7.37,0.0
2020-09-28 01:11:00,9,272,1,0.0,6.31,0.0
2020-09-28 02:11:00,9,272,2,0.0,6.31,0.0
2020-09-28 03:11:00,9,272,3,0.0,5.78,0.0
2020-09-28 04:11:00,9,272,4,0.0,5.25,0.0
2020-09-28 05:11:00,9,272,5,0.0,4.72,0.0
2020-09-28 06:11:00,9,272,6,0.0,4.19,0.0
2020-09-28 07:11:00,9,272,7,89.0,4.19,0.06323
2020-09-28 08:11:00,9,272,8,365.6,6.31,0.30846
2020-09-28 09:11:00,9,272,9,697.3,7.9,0.58125
2020-09-28 10:11:00,9,272,10,246.7,11.09,0.19945
2020-09-28 11:11:00,9,272,11,168.9,12.68,0.12997
2020-09-28 12:11:00,9,272,12,428.1,14.27,0.35234
2020-09-28 13:11:00,9,272,13,168.0,15.86,0.12754
2020-09-28 14:11:00,9,272,14,276.0,16.39,0.22064
2020-09-28 15:11:00,9,272,15,454.0,16.92,0.36787
2020-09-28 16:11:00,9,272,16,155.8,16.39,0.11287
2020-09-28 17:11:00,9,272,17,25.0,15.86,0.01011
2020-09-28 18:11:00,9,272,18,0.0,15.33,0.0
2020-09-28 19:11:00,9,272,19,0.0,14.8,0.0
2020-09-28 20:11:00,9,272,20,0.0,14.8,0.0
2020-09-28 21:11:00,9,272,21,0.0,14.8,0.0
2020-09-28 22:11:00,9,272,22,0.0,14.8,0.0
2020-09-28 23:11:00,9,272,23,0.0,14.27,0.0
2020-09-29 00:11:00,9,273,0,0.0,13.74,0.0
2020-09-29 01:11:00,9,273,1,0.0,13.74,0.0
2020-09-29 02:11:00,9,273,2,0.0,13.21,0.0
2020-09-29 03:11:00,9,273,3,0.0,12.15,0.0
2020-09-29 04:11:00,9,273,4,0.0,11.61,0.0
2020-09-29 05:11:00,9,273,5,0.0,11.09,0.0
2020-09-29 06:11:00,9,273,6,0.0,10.55,0.0
2020-09-29 07:11:00,9,273,7,53.1,11.09,0.03224
2020-09-29 08:11:00,9,273,8,291.0,11.61,0.23924
2020-09-29 09:11:00,9,273,9,205.2,12.68,0.16248
2020-09-29 10:11:00,9,273,10,528.7,13.74,0.4371
2020-09-29 11:11:00,9,273,11,516.9,14.8,0.42304
2020-09-29 12:11:00,9,273,12,381.5,15.33,0.30894
2020-09-29 13:11:00,9,273,13,384.4,15.86,0.30953
2020-09-29 14:11:00,9,273,14,191.1,16.39,0.14612
2020-09-29 15:11:00,9,273,15,206.8,16.39,0.15987
2020-09-29 16:11:00,9,273,16,134.6,16.39,0.09599
2020-09-29 17:11:00,9,273,17,29.5,15.86,0.01201
2020-09-29 18:11:00,9,273,18,0.0,14.8,0.0
2020-09-29 19:11:00,9,273,19,0.0,12.68,0.0
2020-09-29 20:11:00,9,273,20,0.0,11.61,0.0
2020-09-29 21:11:00,9,273,21,0.0,11.09,0.0
2020-09-29 22:11:00,9,273,22,0.0,11.09,0.0
2020-09-29 23:11:00,9,273,23,0.0,10.55,0.0
2020-09-30 00:11:00,9,274,0,0.0,10.55,0.0
2020-09-30 01:11:00,9,274,1,0.0,10.02,0.0
2020-09-30 02:11:00,9,274,2,0.0,8.96,0.0
2020-09-30 03:11:00,9,274,3,0.0,8.96,0.0
2020-09-30 04:11:00,9,274,4,0.0,8.96,0.0
2020-09-30 05:11:00,9,274,5,0.0,9.49,0.0
2020-09-30 06:11:00,9,274,6,0.0,9.49,0.0
2020-09-30 07:11:00,9,274,7,60.3,10.55,0.03801
2020-09-30 08:11:00,9,274,8,61.6,11.61,0.03914
2020-09-30 09:11:00,9,274,9,82.1,12.68,0.05588
2020-09-30 10:11:00,9,274,10,147.6,14.27,0.11123
2020-09-30 11:11:00,9,274,11,275.0,15.33,0.22223
2020-09-30 12:11:00,9,274,12,88.4,15.86,0.06024
2020-09-30 13:11:00,9,274,13,91.9,15.33,0.06336
2020-09-30 14:11:00,9,274,14,70.5,14.8,0.04578
2020-09-30 15:11:00,9,274,15,51.8,14.27,0.03084
2020-09-30 16:11:00,9,274,16,30.4,13.74,0.01472
2020-09-30 17:11:00,9,274,17,8.9,13.74,0.00135
2020-09-30 18:11:00,9,274,18,0.0,13.74,0.0
2020-09-30 19:11:00,9,274,19,0.0,13.21,0.0
2020-09-30 20:11:00,9,274,20,0.0,13.21,0.0
2020-09-30 21:11:00,9,274,21,0.0,12.68,0.0
2020-09-30 22:11:00,9,274,22,0.0,12.15,0.0
2020-09-30 23:11:00,9,274,23,0.0,11.61,0.0
2020-10-01 00:11:00,10,275,0,0.0,11.09,0.0
2020-10-01 01:11:00,10,275,1,0.0,11.09,0.0
2020-10-01 02:11:00,10,275,2,0.0,11.09,0.0
2020-10-01 03:11:00,10,275,3,0.0,10.55,0.0
2020-10-01 04:11:00,10,275,4,0.0,10.55,0.0
2020-10-01 05:11:00,10,275,5,0.0,10.02,0.0
2020-10-01 06:11:00,10,275,6,0.0,9.49,0.0
2020-10-01 07:11:00,10,275,7,58.8,8.43,0.03716
2020-10-01 08:11:00,10,275,8,269.8,9.49,0.22261
2020-10-01 09:11:00,10,275,9,47.3,10.55,0.02785
2020-10-01 10:11:00,10,275,10,358.0,11.61,0.29771
2020-10-01 11:11:00,10,275,11,138.3,12.15,0.10398
2020-10-01 12:11:00,10,275,12,135.7,12.68,0.1014
2020-10-01 13:11:00,10,275,13,736.1,13.21,0.60398
2020-10-01 14:11:00,10,275,14,496.1,13.21,0.41025
2020-10-01 15:11:00,10,275,15,434.9,13.21,0.35639
2020-10-01 16:11:00,10,275,16,206.7,13.21,0.15427
2020-10-01 17:11:00,10,275,17,35.3,11.61,0.01261
2020-10-01 18:11:00,10,275,18,0.0,10.55,0.0
2020-10-01 19:11:00,10,275,19,0.0,9.49,0.0
2020-10-01 20:11:00,10,275,20,0.0,8.96,0.0
2020-10-01 21:11:00,10,275,21,0.0,8.96,0.0
2020-10-01 22:11:00,10,275,22,0.0,8.96,0.0
2020-10-01 23:11:00,10,275,23,0.0,8.43,0.0
2020-10-02 00:11:00,10,276,0,0.0,8.43,0.0
2020-10-02 01:11:00,10,276,1,0.0,8.43,0.0
2020-10-02 02:11:00,10,276,2,0.0,8.43,0.0
2020-10-02 03:11:00,10,276,3,0.0,8.96,0.0
2020-10-02 04:11:00,10,276,4,0.0,8.96,0.0
2020-10-02 05:11:00,10,276,5,0.0,9.49,0.0
2020-10-02 06:11:00,10,276,6,0.0,9.49,0.0
2020-10-02 07:11:00,10,276,7,46.5,10.02,0.02717
2020-10-02 08:11:00,10,276,8,81.9,10.55,0.05642
2020-10-02 09:11:00,10,276,9,34.8,11.09,0.01822
2020-10-02 10:11:00,10,276,10,111.6,11.61,0.08146
2020-10-02 11:11:00,10,276,11,123.2,11.61,0.09152
2020-10-02 12:11:00,10,276,12,90.2,12.15,0.0629
2020-10-02 13:11:00,10,276,13,129.4,12.15,0.09665
2020-10-02 14:11:00,10,276,14,63.4,12.15,0.04054
2020-10-02 15:11:00,10,276,15,131.7,12.15,0.09874
2020-10-02 16:11:00,10,276,16,29.4,12.15,0.01421
2020-10-02 17:11:00,10,276,17,13.4,11.61,0.00371
2020-10-02 18:11:00,10,276,18,0.0,11.61,0.0
2020-10-02 19:11:00,10,276,19,0.0,11.61,0.0
2020-10-02 20:11:00,10,276,20,0.0,11.61,0.0
2020-10-02 21:11:00,10,276,21,0.0,12.15,0.0
2020-10-02 22:11:00,10,276,22,0.0,12.15,0.0
2020-10-02 23:11:00,10,276,23,0.0,12.15,0.0
2020-10-03 00:11:00,10,277,0,0.0,12.15,0.0
2020-10-03 01:11:00,10,277,1,0.0,12.15,0.0
2020-10-03 02:11:00,10,277,2,0.0,12.15,0.0
2020-10-03 03:11:00,10,277,3,0.0,12.68,0.0
2020-10-03 04:11:00,10,277,4,0.0,12.15,0.0
2020-10-03 05:11:00,10,277,5,0.0,12.68,0.0
2020-10-03 06:11:00,10,277,6,0.0,12.68,0.0
2020-10-03 07:11:00,10,277,7,84.2,12.15,0.05698
2020-10-03 08:11:00,10,277,8,25.9,12.68,0.01166
2020-10-03 09:11:00,10,277,9,226.8,12.68,0.18296
2020-10-03 10:11:00,10,277,10,86.6,12.68,0.05967
2020-10-03 11:11:00,10,277,11,84.8,12.68,0.05815
2020-10-03 12:11:00,10,277,12,64.3,13.21,0.04102
2020-10-03 13:11:00,10,277,13,66.0,13.21,0.04246
2020-10-03 14:11:00,10,277,14,58.9,13.21,0.03665
2020-10-03 15:11:00,10,277,15,60.7,12.68,0.03818
2020-10-03 16:11:00,10,277,16,34.8,12.68,0.01805
2020-10-03 17:11:00,10,277,17,14.6,12.68,0.00393
2020-10-03 18:11:00,10,277,18,0.0,11.61,0.0
2020-10-03 19:11:00,10,277,19,0.0,11.09,0.0
2020-10-03 20:11:00,10,277,20,0.0,10.02,0.0
2020-10-03 21:11:00,10,277,21,0.0,10.02,0.0
2020-10-03 22:11:00,10,277,22,0.0,9.49,0.0
2020-10-03 23:11:00,10,277,23,0.0,9.49,0.0
2020-10-04 00:11:00,10,278,0,0.0,8.96,0.0
2020-10-04 01:11:00,10,278,1,0.0,8.96,0.0
2020-10-04 02:11:00,10,278,2,0.0,8.96,0.0
2020-10-04 03:11:00,10,278,3,0.0,8.96,0.0
2020-10-04 04:11:00,10,278,4,0.0,8.96,0.0
2020-10-04 05:11:00,10,278,5,0.0,8.96,0.0
2020-10-04 06:11:00,10,278,6,0.0,8.43,0.0
2020-10-04 07:11:00,10,278,7,8.9,8.96,0.00141
2020-10-04 08:11:00,10,278,8,130.1,9.49,0.09873
2020-10-04 09:11:00,10,278,9,77.6,10.02,0.05278
2020-10-04 10:11:00,10,278,10,161.9,10.02,0.12542
2020-10-04 11:11:00,10,278,11,147.3,10.55,0.11178
2020-10-04 12:11:00,10,278,12,121.4,11.09,0.08936
2020-10-04 13:11:00,10,278,13,130.3,11.61,0.09695
2020-10-04 14:11:00,10,278,14,90.2,12.15,0.0626
2020-10-04 15:11:00,10,278,15,143.6,12.15,0.10838
2020-10-04 16:11:00,10,278,16,215.2,12.68,0.15969
2020-10-04 17:11:00,10,278,17,22.7,12.15,0.00638
2020-10-04 18:11:00,10,278,18,0.0,11.09,0.0
2020-10-04 19:11:00,10,278,19,0.0,10.02,0.0
2020-10-04 20:11:00,10,278,20,0.0,10.02,0.0
2020-10-04 21:11:00,10,278,21,0.0,9.49,0.0
2020-10-04 22:11:00,10,278,22,0.0,9.49,0.0
2020-10-04 23:11:00,10,278,23,0.0,8.96,0.0
2020-10-05 00:11:00,10,279,0,0.0,8.96,0.0
2020-10-05 01:11:00,10,279,1,0.0,8.43,0.0
2020-10-05 02:11:00,10,279,2,0.0,8.43,0.0
2020-10-05 03:11:00,10,279,3,0.0,8.96,0.0
2020-10-05 04:11:00,10,279,4,0.0,8.96,0.0
2020-10-05 05:11:00,10,279,5,0.0,8.96,0.0
2020-10-05 06:11:00,10,279,6,0.0,9.49,0.0
2020-10-05 07:11:00,10,279,7,12.5,10.02,0.00325
2020-10-05 08:11:00,10,279,8,135.2,10.55,0.10276
2020-10-05 09:11:00,10,279,9,79.4,11.61,0.05388
2020-10-05 10:11:00,10,279,10,141.4,13.21,0.10645
2020-10-05 11:11:00,10,279,11,82.1,14.27,0.05545
2020-10-05 12:11:00,10,279,12,87.5,14.8,0.05975
2020-10-05 13:11:00,10,279,13,195.8,14.27,0.15323
2020-10-05 14:11:00,10,279,14,53.6,14.8,0.03215
2020-10-05 15:11:00,10,279,15,149.8,13.74,0.1137
2020-10-05 16:11:00,10,279,16,59.9,13.21,0.03728
2020-10-05 17:11:00,10,279,17,8.0,12.68,0.00095
2020-10-05 18:11:00,10,279,18,0.0,12.15,0.0
2020-10-05 19:11:00,10,279,19,0.0,12.15,0.0
2020-10-05 20:11:00,10,279,20,0.0,12.15,0.0
2020-10-05 21:11:00,10,279,21,0.0,11.61,0.0
2020-10-05 22:11:00,10,279,22,0.0,11.09,0.0
2020-10-05 23:11:00,10,279,23,0.0,10.55,0.0
2020-10-06 00:11:00,10,280,0,0.0,9.49,0.0
2020-10-06 01:11:00,10,280,1,0.0,9.49,0.0
2020-10-06 02:11:00,10,280,2,0.0,9.49,0.0
2020-10-06 03:11:00,10,280,3,0.0,9.49,0.0
2020-10-06 04:11:00,10,280,4,0.0,9.49,0.0
2020-10-06 05:11:00,10,280,5,0.0,9.49,0.0
2020-10-06 06:11:00,10,280,6,0.0,10.02,0.0
2020-10-06 07:11:00,10,280,7,88.5,10.02,0.06099
2020-10-06 08:11:00,10,280,8,394.2,10.55,0.33307
2020-10-06 09:11:00,10,280,9,270.7,11.61,0.22354
2020-10-06 10:11:00,10,280,10,320.3,12.68,0.26534
2020-10-06 11:11:00,10,280,11,168.5,13.74,0.12978
2020-10-06 12:11:00,10,280,12,128.5,14.27,0.09486
2020-10-06 13:11:00,10,280,13,633.0,13.74,0.5338
2020-10-06 14:11:00,10,280,14,32.1,13.74,0.01601
2020-10-06 15:11:00,10,280,15,96.5,13.21,0.06795
2020-10-06 16:11:00,10,280,16,19.6,13.21,0.00745
2020-10-06 17:11:00,10,280,17,10.5,12.15,0.00163
2020-10-06 18:11:00,10,280,18,0.0,11.61,0.0
2020-10-06 19:11:00,10,280,19,0.0,11.09,0.0
2020-10-06 20:11:00,10,280,20,0.0,10.55,0.0
2020-10-06 21:11:00,10,280,21,0.0,10.02,0.0
2020-10-06 22:11:00,10,280,22,0.0,10.02,0.0
2020-10-06 23:11:00,10,280,23,0.0,10.02,0.0
2020-10-07 00:11:00,10,281,0,0.0,10.02,0.0
2020-10-07 01:11:00,10,281,1,0.0,9.49,0.0
2020-10-07 02:11:00,10,281,2,0.0,9.49,0.0
2020-10-07 03:11:00,10,281,3,0.0,9.49,0.0
2020-10-07 04:11:00,10,281,4,0.0,9.49,0.0
2020-10-07 05:11:00,10,281,5,0.0,9.49,0.0
2020-10-07 06:11:00,10,281,6,0.0,8.96,0.0
2020-10-07 07:11:00,10,281,7,27.7,8.96,0.01317
2020-10-07 08:11:00,10,281,8,130.1,10.02,0.09854
2020-10-07 09:11:00,10,281,9,197.6,11.09,0.15802
2020-10-07 10:11:00,10,281,10,498.3,12.15,0.42304
2020-10-07 11:11:00,10,281,11,251.1,12.68,0.20391
2020-10-07 12:11:00,10,281,12,280.4,13.21,0.22926
2020-10-07 13:11:00,10,281,13,632.5,13.74,0.53198
2020-10-07 14:11:00,10,281,14,297.3,14.27,0.2435
2020-10-07 15:11:00,10,281,15,159.0,14.27,0.12119
2020-10-07 16:11:00,10,281,16,115.9,13.74,0.0809
2020-10-07 17:11:00,10,281,17,0.0,12.68,0.0
2020-10-07 18:11:00,10,281,18,0.0,12.15,0.0
2020-10-07 19:11:00,10,281,19,0.0,12.15,0.0
2020-10-07 20:11:00,10,281,20,0.0,11.61,0.0
2020-10-07 21:11:00,10,281,21,0.0,11.61,0.0
2020-10-07 22:11:00,10,281,22,0.0,11.61,0.0
2020-10-07 23:11:00,10,281,23,0.0,11.61,0.0
2020-10-08 00:11:00,10,282,0,0.0,11.61,0.0
2020-10-08 01:11:00,10,282,1,0.0,13.21,0.0
2020-10-08 02:11:00,10,282,2,0.0,14.27,0.0
2020-10-08 03:11:00,10,282,3,0.0,14.27,0.0
2020-10-08 04:11:00,10,282,4,0.0,14.27,0.0
2020-10-08 05:11:00,10,282,5,0.0,14.27,0.0
2020-10-08 06:11:00,10,282,6,0.0,14.8,0.0
2020-10-08 07:11:00,10,282,7,24.1,14.8,0.01031
2020-10-08 08:11:00,10,282,8,122.3,14.8,0.08975
2020-10-08 09:11:00,10,282,9,187.0,14.8,0.14601
2020-10-08 10:11:00,10,282,10,180.5,14.8,0.13984
2020-10-08 11:11:00,10,282,11,108.9,14.8,0.07781
2020-10-08 12:11:00,10,282,12,141.9,13.74,0.10655
2020-10-08 13:11:00,10,282,13,260.0,13.21,0.21099
2020-10-08 14:11:00,10,282,14,92.8,12.68,0.06488
2020-10-08 15:11:00,10,282,15,139.9,12.68,0.10537
2020-10-08 16:11:00,10,282,16,88.9,12.15,0.05999
2020-10-08 17:11:00,10,282,17,0.0,11.61,0.0
2020-10-08 18:11:00,10,282,18,0.0,10.55,0.0
2020-10-08 19:11:00,10,282,19,0.0,10.02,0.0
2020-10-08 20:11:00,10,282,20,0.0,8.96,0.0
2020-10-08 21:11:00,10,282,21,0.0,8.43,0.0
2020-10-08 22:11:00,10,282,22,0.0,7.9,0.0
2020-10-08 23:11:00,10,282,23,0.0,7.9,0.0
2020-10-09 00:11:00,10,283,0,0.0,7.37,0.0
2020-10-09 01:11:00,10,283,1,0.0,7.37,0.0
2020-10-09 02:11:00,10,283,2,0.0,6.84,0.0
2020-10-09 03:11:00,10,283,3,0.0,6.84,0.0
2020-10-09 04:11:00,10,283,4,0.0,6.84,0.0
2020-10-09 05:11:00,10,283,5,0.0,6.84,0.0
2020-10-09 06:11:00,10,283,6,0.0,6.84,0.0
2020-10-09 07:11:00,10,283,7,156.6,7.37,0.11962
2020-10-09 08:11:00,10,283,8,349.4,8.43,0.29584
2020-10-09 09:11:00,10,283,9,304.7,10.02,0.2551
2020-10-09 10:11:00,10,283,10,465.2,11.09,0.39447
2020-10-09 11:11:00,10,283,11,153.0,11.61,0.11743
2020-10-09 12:11:00,10,283,12,262.3,12.15,0.21389
2020-10-09 13:11:00,10,283,13,244.6,12.68,0.19788
2020-10-09 14:11:00,10,283,14,240.4,12.15,0.1952
2020-10-09 15:11:00,10,283,15,140.6,11.09,0.10683
2020-10-09 16:11:00,10,283,16,113.1,10.55,0.07951
2020-10-09 17:11:00,10,283,17,0.0,10.02,0.0
2020-10-09 18:11:00,10,283,18,0.0,8.96,0.0
2020-10-09 19:11:00,10,283,19,0.0,7.9,0.0
2020-10-09 20:11:00,10,283,20,0.0,7.9,0.0
2020-10-09 21:11:00,10,283,21,0.0,7.37,0.0
2020-10-09 22:11:00,10,283,22,0.0,6.84,0.0
2020-10-09 23:11:00,10,283,23,0.0,6.31,0.0
2020-10-10 00:11:00,10,284,0,0.0,6.31,0.0
2020-10-10 01:11:00,10,284,1,0.0,6.31,0.0
2020-10-10 02:11:00,10,284,2,0.0,6.31,0.0
2020-10-10 03:11:00,10,284,3,0.0,6.31,0.0
2020-10-10 04:11:00,10,284,4,0.0,6.31,0.0
2020-10-10 05:11:00,10,284,5,0.0,6.31,0.0
2020-10-10 06:11:00,10,284,6,0.0,6.84,0.0
2020-10-10 07:11:00,10,284,7,171.1,7.37,0.13219
2020-10-10 08:11:00,10,284,8,115.9,7.9,0.08693
2020-10-10 09:11:00,10,284,9,110.5,9.49,0.08125
2020-10-10 10:11:00,10,284,10,110.7,10.55,0.08103
2020-10-10 11:11:00,10,284,11,599.4,11.09,0.51265
2020-10-10 12:11:00,10,284,12,442.9,11.61,0.3757
2020-10-10 13:11:00,10,284,13,237.1,12.68,0.19163
2020-10-10 14:11:00,10,284,14,330.6,12.68,0.27548
2020-10-10 15:11:00,10,284,15,357.5,12.15,0.2973
2020-10-10 16:11:00,10,284,16,161.7,11.61,0.11711
2020-10-10 17:11:00,10,284,17,0.0,10.55,0.0
2020-10-10 18:11:00,10,284,18,0.0,10.02,0.0
2020-10-10 19:11:00,10,284,19,0.0,9.49,0.0
2020-10-10 20:11:00,10,284,20,0.0,9.49,0.0
2020-10-10 21:11:00,10,284,21,0.0,8.96,0.0
2020-10-10 22:11:00,10,284,22,0.0,8.96,0.0
2020-10-10 23:11:00,10,284,23,0.0,8.96,0.0
2020-10-11 00:11:00,10,285,0,0.0,8.43,0.0
2020-10-11 01:11:00,10,285,1,0.0,8.43,0.0
2020-10-11 02:11:00,10,285,2,0.0,7.9,0.0
2020-10-11 03:11:00,10,285,3,0.0,7.9,0.0
2020-10-11 04:11:00,10,285,4,0.0,7.9,0.0
2020-10-11 05:11:00,10,285,5,0.0,7.9,0.0
2020-10-11 06:11:00,10,285,6,0.0,7.37,0.0
2020-10-11 07:11:00,10,285,7,154.2,6.84,0.1175
2020-10-11 08:11:00,10,285,8,183.4,7.9,0.14712
2020-10-11 09:11:00,10,285,9,645.5,8.96,0.54822
2020-10-11 10:11:00,10,285,10,795.0,10.55,0.66485
2020-10-11 11:11:00,10,285,11,609.7,11.09,0.51486
2020-10-11 12:11:00,10,285,12,0.0,12.15,0.0
2020-10-11 13:11:00,10,285,13,421.2,12.15,0.35304
2020-10-11 14:11:00,10,285,14,179.0,12.15,0.1402
2020-10-11 15:11:00,10,285,15,78.5,12.15,0.05301
2020-10-11 16:11:00,10,285,16,60.6,11.61,0.03768
2020-10-11 17:11:00,10,285,17,0.0,10.55,0.0
2020-10-11 18:11:00,10,285,18,0.0,8.96,0.0
2020-10-11 19:11:00,10,285,19,0.0,8.96,0.0
2020-10-11 20:11:00,10,285,20,0.0,7.9,0.0
2020-10-11 21:11:00,10,285,21,0.0,7.9,0.0
2020-10-11 22:11:00,10,285,22,0.0,6.84,0.0
2020-10-11 23:11:00,10,285,23,0.0,5.78,0.0
2020-10-12 00:11:00,10,286,0,0.0,5.78,0.0
2020-10-12 01:11:00,10,286,1,0.0,5.78,0.0
2020-10-12 02:11:00,10,286,2,0.0,5.78,0.0
2020-10-12 03:11:00,10,286,3,0.0,6.31,0.0
2020-10-12 04:11:00,10,286,4,0.0,6.31,0.0
2020-10-12 05:11:00,10,286,5,0.0,6.31,0.0
2020-10-12 06:11:00,10,286,6,0.0,6.84,0.0
2020-10-12 07:11:00,10,286,7,10.7,7.9,0.00232
2020-10-12 08:11:00,10,286,8,81.3,7.9,0.05652
2020-10-12 09:11:00,10,286,9,95.5,8.96,0.06824
2020-10-12 10:11:00,10,286,10,137.7,9.49,0.1049
2020-10-12 11:11:00,10,286,11,92.8,10.02,0.06564
2020-10-12 12:11:00,10,286,12,90.2,9.49,0.06352
2020-10-12 13:11:00,10,286,13,93.7,10.02,0.06643
2020-10-12 14:11:00,10,286,14,76.8,10.02,0.05206
2020-10-12 15:11:00,10,286,15,60.7,10.02,0.03871
2020-10-12 16:11:00,10,286,16,34.8,9.49,0.01836
2020-10-12 17:11:00,10,286,17,0.0,9.49,0.0
2020-10-12 18:11:00,10,286,18,0.0,10.02,0.0
2020-10-12 19:11:00,10,286,19,0.0,9.49,0.0
2020-10-12 20:11:00,10,286,20,0.0,8.96,0.0
2020-10-12 21:11:00,10,286,21,0.0,8.43,0.0
2020-10-12 22:11:00,10,286,22,0.0,7.9,0.0
2020-10-12 23:11:00,10,286,23,0.0,7.9,0.0
2020-10-13 00:11:00,10,287,0,0.0,7.37,0.0
2020-10-13 01:11:00,10,287,1,0.0,7.37,0.0
2020-10-13 02:11:00,10,287,2,0.0,7.37,0.0
2020-10-13 03:11:00,10,287,3,0.0,6.84,0.0
2020-10-13 04:11:00,10,287,4,0.0,6.84,0.0
2020-10-13 05:11:00,10,287,5,0.0,6.31,0.0
2020-10-13 06:11:00,10,287,6,0.0,6.31,0.0
2020-10-13 07:11:00,10,287,7,112.2,6.84,0.08134
2020-10-13 08:11:00,10,287,8,426.4,7.9,0.36468
2020-10-13 09:11:00,10,287,9,574.0,7.9,0.49366
2020-10-13 10:11:00,10,287,10,642.6,8.96,0.54648
2020-10-13 11:11:00,10,287,11,594.6,10.02,0.50348
2020-10-13 12:11:00,10,287,12,388.3,11.09,0.32593
2020-10-13 13:11:00,10,287,13,91.9,11.61,0.06442
2020-10-13 14:11:00,10,287,14,71.4,11.61,0.04719
2020-10-13 15:11:00,10,287,15,120.9,11.09,0.08951
2020-10-13 16:11:00,10,287,16,53.4,11.09,0.03211
2020-10-13 17:11:00,10,287,17,0.0,10.55,0.0
2020-10-13 18:11:00,10,287,18,0.0,10.02,0.0
2020-10-13 19:11:00,10,287,19,0.0,10.02,0.0
2020-10-13 20:11:00,10,287,20,0.0,10.02,0.0
2020-10-13 21:11:00,10,287,21,0.0,9.49,0.0
2020-10-13 22:11:00,10,287,22,0.0,9.49,0.0
2020-10-13 23:11:00,10,287,23,0.0,8.96,0.0
2020-10-14 00:11:00,10,288,0,0.0,8.43,0.0
2020-10-14 01:11:00,10,288,1,0.0,7.9,0.0
2020-10-14 02:11:00,10,288,2,0.0,7.9,0.0
2020-10-14 03:11:00,10,288,3,0.0,7.9,0.0
2020-10-14 04:11:00,10,288,4,0.0,7.9,0.0
2020-10-14 05:11:00,10,288,5,0.0,7.9,0.0
2020-10-14 06:11:00,10,288,6,0.0,7.9,0.0
2020-10-14 07:11:00,10,288,7,103.8,8.43,0.07376
2020-10-14 08:11:00,10,288,8,394.7,8.96,0.33569
2020-10-14 09:11:00,10,288,9,669.1,10.02,0.56822
2020-10-14 10:11:00,10,288,10,192.6,11.61,0.15284
2020-10-14 11:11:00,10,288,11,706.7,12.68,0.59422
2020-10-14 12:11:00,10,288,12,384.2,12.68,0.3216
2020-10-14 13:11:00,10,288,13,235.6,13.21,0.18974
2020-10-14 14:11:00,10,288,14,189.8,12.68,0.1498
2020-10-14 15:11:00,10,288,15,186.9,12.15,0.14696
2020-10-14 16:11:00,10,288,16,61.0,11.61,0.03759
2020-10-14 17:11:00,10,288,17,0.0,11.09,0.0
2020-10-14 18:11:00,10,288,18,0.0,10.02,0.0
2020-10-14 19:11:00,10,288,19,0.0,9.49,0.0
2020-10-14 20:11:00,10,288,20,0.0,8.96,0.0
2020-10-14 21:11:00,10,288,21,0.0,8.43,0.0
2020-10-14 22:11:00,10,288,22,0.0,7.9,0.0
2020-10-14 23:11:00,10,288,23,0.0,7.9,0.0
2020-10-15 00:11:00,10,289,0,0.0,7.9,0.0
2020-10-15 01:11:00,10,289,1,0.0,7.37,0.0
2020-10-15 02:11:00,10,289,2,0.0,7.37,0.0
2020-10-15 03:11:00,10,289,3,0.0,6.84,0.0
2020-10-15 04:11:00,10,289,4,0.0,6.84,0.0
2020-10-15 05:11:00,10,289,5,0.0,6.84,0.0
2020-10-15 06:11:00,10,289,6,0.0,6.84,0.0
2020-10-15 07:11:00,10,289,7,138.8,6.31,0.10415
2020-10-15 08:11:00,10,289,8,152.8,7.37,0.12026
2020-10-15 09:11:00,10,289,9,412.3,8.43,0.35227
2020-10-15 10:11:00,10,289,10,768.1,9.49,0.64853
2020-10-15 11:11:00,10,289,11,134.8,11.09,0.10165
2020-10-15 12:11:00,10,289,12,342.3,11.61,0.28537
2020-10-15 13:11:00,10,289,13,608.1,11.61,0.51382
2020-10-15 14:11:00,10,289,14,478.1,11.61,0.40379
2020-10-15 15:11:00,10,289,15,40.2,11.61,0.02218
2020-10-15 16:11:00,10,289,16,17.0,11.09,0.00585
2020-10-15 17:11:00,10,289,17,0.0,9.49,0.0
2020-10-15 18:11:00,10,289,18,0.0,8.96,0.0
2020-10-15 19:11:00,10,289,19,0.0,8.43,0.0
2020-10-15 20:11:00,10,289,20,0.0,7.9,0.0
2020-10-15 21:11:00,10,289,21,0.0,7.9,0.0
2020-10-15 22:11:00,10,289,22,0.0,7.9,0.0
2020-10-15 23:11:00,10,289,23,0.0,7.37,0.0
2020-10-16 00:11:00,10,290,0,0.0,6.84,0.0
2020-10-16 01:11:00,10,290,1,0.0,6.84,0.0
2020-10-16 02:11:00,10,290,2,0.0,6.84,0.0
2020-10-16 03:11:00,10,290,3,0.0,6.31,0.0
2020-10-16 04:11:00,10,290,4,0.0,6.31,0.0
2020-10-16 05:11:00,10,290,5,0.0,6.31,0.0
2020-10-16 06:11:00,10,290,6,0.0,6.31,0.0
2020-10-16 07:11:00,10,290,7,25.8,6.31,0.01189
2020-10-16 08:11:00,10,290,8,116.2,7.37,0.08737
2020-10-16 09:11:00,10,290,9,109.0,8.43,0.08024
2020-10-16 10:11:00,10,290,10,249.7,10.02,0.205
2020-10-16 11:11:00,10,290,11,211.1,11.09,0.16905
2020-10-16 12:11:00,10,290,12,89.2,12.15,0.06197
2020-10-16 13:11:00,10,290,13,116.9,11.61,0.0857
2020-10-16 14:11:00,10,290,14,77.6,11.61,0.05234
2020-10-16 15:11:00,10,290,15,45.5,11.61,0.02629
2020-10-16 16:11:00,10,290,16,38.2,11.09,0.02058
2020-10-16 17:11:00,10,290,17,0.0,10.55,0.0
2020-10-16 18:11:00,10,290,18,0.0,10.02,0.0
2020-10-16 19:11:00,10,290,19,0.0,9.49,0.0
2020-10-16 20:11:00,10,290,20,0.0,8.96,0.0
2020-10-16 21:11:00,10,290,21,0.0,8.96,0.0
2020-10-16 22:11:00,10,290,22,0.0,8.96,0.0
2020-10-16 23:11:00,10,290,23,0.0,8.96,0.0
2020-10-17 00:11:00,10,291,0,0.0,8.43,0.0
2020-10-17 01:11:00,10,291,1,0.0,8.43,0.0
2020-10-17 02:11:00,10,291,2,0.0,7.9,0.0
2020-10-17 03:11:00,10,291,3,0.0,7.9,0.0
2020-10-17 04:11:00,10,291,4,0.0,7.9,0.0
2020-10-17 05:11:00,10,291,5,0.0,7.9,0.0
2020-10-17 06:11:00,10,291,6,0.0,7.37,0.0
2020-10-17 07:11:00,10,291,7,45.8,6.84,0.02661
2020-10-17 08:11:00,10,291,8,366.0,7.37,0.30943
2020-10-17 09:11:00,10,291,9,164.9,7.9,0.1303
2020-10-17 10:11:00,10,291,10,117.6,9.49,0.08717
2020-10-17 11:11:00,10,291,11,80.3,10.02,0.055
2020-10-17 12:11:00,10,291,12,62.5,11.09,0.03992
2020-10-17 13:11:00,10,291,13,58.9,11.09,0.03701
2020-10-17 14:11:00,10,291,14,148.9,11.09,0.11371
2020-10-17 15:11:00,10,291,15,66.0,11.09,0.04279
2020-10-17 16:11:00,10,291,16,26.8,11.09,0.01237
2020-10-17 17:11:00,10,291,17,0.0,10.55,0.0
2020-10-17 18:11:00,10,291,18,0.0,10.02,0.0
2020-10-17 19:11:00,10,291,19,0.0,9.49,0.0
2020-10-17 20:11:00,10,291,20,0.0,8.96,0.0
2020-10-17 21:11:00,10,291,21,0.0,8.43,0.0
2020-10-17 22:11:00,10,291,22,0.0,7.9,0.0
2020-10-17 23:11:00,10,291,23,0.0,7.9,0.0
2020-10-18 00:11:00,10,292,0,0.0,7.37,0.0
2020-10-18 01:11:00,10,292,1,0.0,7.9,0.0
2020-10-18 02:11:00,10,292,2,0.0,7.9,0.0
2020-10-18 03:11:00,10,292,3,0.0,7.9,0.0
2020-10-18 04:11:00,10,292,4,0.0,7.9,0.0
2020-10-18 05:11:00,10,292,5,0.0,7.9,0.0
2020-10-18 06:11:00,10,292,6,0.0,7.9,0.0
2020-10-18 07:11:00,10,292,7,9.8,7.37,0.00187
2020-10-18 08:11:00,10,292,8,50.9,7.9,0.03102
2020-10-18 09:11:00,10,292,9,37.5,8.96,0.0204
2020-10-18 10:11:00,10,292,10,91.9,10.02,0.06462
2020-10-18 11:11:00,10,292,11,90.2,11.09,0.06275
2020-10-18 12:11:00,10,292,12,131.2,11.61,0.09747
2020-10-18 13:11:00,10,292,13,83.9,11.61,0.05743
2020-10-18 14:11:00,10,292,14,58.9,11.61,0.03688
2020-10-18 15:11:00,10,292,15,77.9,11.61,0.05251
2020-10-18 16:11:00,10,292,16,39.4,11.09,0.02125
2020-10-18 17:11:00,10,292,17,0.0,10.55,0.0
2020-10-18 18:11:00,10,292,18,0.0,10.02,0.0
2020-10-18 19:11:00,10,292,19,0.0,8.96,0.0
2020-10-18 20:11:00,10,292,20,0.0,8.43,0.0
2020-10-18 21:11:00,10,292,21,0.0,7.9,0.0
2020-10-18 22:11:00,10,292,22,0.0,7.37,0.0
2020-10-18 23:11:00,10,292,23,0.0,7.37,0.0
2020-10-19 00:11:00,10,293,0,0.0,6.84,0.0
2020-10-19 01:11:00,10,293,1,0.0,6.84,0.0
2020-10-19 02:11:00,10,293,2,0.0,6.84,0.0
2020-10-19 03:11:00,10,293,3,0.0,6.84,0.0
2020-10-19 04:11:00,10,293,4,0.0,6.84,0.0
2020-10-19 05:11:00,10,293,5,0.0,6.84,0.0
2020-10-19 06:11:00,10,293,6,0.0,6.84,0.0
2020-10-19 07:11:00,10,293,7,22.2,7.37,0.00932
2020-10-19 08:11:00,10,293,8,57.8,7.9,0.03682
2020-10-19 09:11:00,10,293,9,95.6,9.49,0.06832
2020-10-19 10:11:00,10,293,10,161.2,11.09,0.12521
2020-10-19 11:11:00,10,293,11,480.7,12.68,0.408
2020-10-19 12:11:00,10,293,12,421.2,13.21,0.35449
2020-10-19 13:11:00,10,293,13,302.4,13.21,0.24945
2020-10-19 14:11:00,10,293,14,105.0,13.21,0.07505
2020-10-19 15:11:00,10,293,15,52.7,12.68,0.03178
2020-10-19 16:11:00,10,293,16,62.1,12.15,0.03752
2020-10-19 17:11:00,10,293,17,0.0,11.61,0.0
2020-10-19 18:11:00,10,293,18,0.0,11.61,0.0
2020-10-19 19:11:00,10,293,19,0.0,11.61,0.0
2020-10-19 20:11:00,10,293,20,0.0,11.09,0.0
2020-10-19 21:11:00,10,293,21,0.0,11.09,0.0
2020-10-19 22:11:00,10,293,22,0.0,10.55,0.0
2020-10-19 23:11:00,10,293,23,0.0,11.09,0.0
2020-10-20 00:11:00,10,294,0,0.0,10.55,0.0
2020-10-20 01:11:00,10,294,1,0.0,10.55,0.0
2020-10-20 02:11:00,10,294,2,0.0,11.09,0.0
2020-10-20 03:11:00,10,294,3,0.0,11.09,0.0
2020-10-20 04:11:00,10,294,4,0.0,11.61,0.0
2020-10-20 05:11:00,10,294,5,0.0,12.15,0.0
2020-10-20 06:11:00,10,294,6,0.0,12.68,0.0
2020-10-20 07:11:00,10,294,7,6.2,12.68,0.00022
2020-10-20 08:11:00,10,294,8,356.2,13.21,0.29679
2020-10-20 09:11:00,10,294,9,116.1,14.27,0.0844
2020-10-20 10:11:00,10,294,10,132.8,15.33,0.09832
2020-10-20 11:11:00,10,294,11,425.8,15.86,0.35489
2020-10-20 12:11:00,10,294,12,110.7,16.39,0.07881
2020-10-20 13:11:00,10,294,13,263.6,16.92,0.21206
2020-10-20 14:11:00,10,294,14,242.8,16.92,0.19379
2020-10-20 15:11:00,10,294,15,260.1,16.92,0.20683
2020-10-20 16:11:00,10,294,16,37.3,15.86,0.0191
2020-10-20 17:11:00,10,294,17,0.0,15.33,0.0
2020-10-20 18:11:00,10,294,18,0.0,14.27,0.0
2020-10-20 19:11:00,10,294,19,0.0,14.27,0.0
2020-10-20 20:11:00,10,294,20,0.0,13.74,0.0
2020-10-20 21:11:00,10,294,21,0.0,13.74,0.0
2020-10-20 22:11:00,10,294,22,0.0,13.21,0.0
2020-10-20 23:11:00,10,294,23,0.0,13.21,0.0
2020-10-21 00:11:00,10,295,0,0.0,13.21,0.0
2020-10-21 01:11:00,10,295,1,0.0,12.68,0.0
2020-10-21 02:11:00,10,295,2,0.0,12.68,0.0
2020-10-21 03:11:00,10,295,3,0.0,13.21,0.0
2020-10-21 04:11:00,10,295,4,0.0,13.21,0.0
2020-10-21 05:11:00,10,295,5,0.0,13.21,0.0
2020-10-21 06:11:00,10,295,6,0.0,12.68,0.0
2020-10-21 07:11:00,10,295,7,1.8,12.68,0.0
2020-10-21 08:11:00,10,295,8,85.4,12.68,0.0588
2020-10-21 09:11:00,10,295,9,30.4,12.68,0.0148
2020-10-21 10:11:00,10,295,10,64.3,13.21,0.04094
2020-10-21 11:11:00,10,295,11,131.0,13.74,0.09656
2020-10-21 12:11:00,10,295,12,61.6,13.74,0.03865
2020-10-21 13:11:00,10,295,13,64.3,13.74,0.04083
2020-10-21 14:11:00,10,295,14,57.1,14.27,0.03501
2020-10-21 15:11:00,10,295,15,90.4,14.27,0.06231
2020-10-21 16:11:00,10,295,16,33.0,14.27,0.0161
2020-10-21 17:11:00,10,295,17,0.0,13.74,0.0
2020-10-21 18:11:00,10,295,18,0.0,13.21,0.0
2020-10-21 19:11:00,10,295,19,0.0,13.21,0.0
2020-10-21 20:11:00,10,295,20,0.0,12.68,0.0
2020-10-21 21:11:00,10,295,21,0.0,12.68,0.0
2020-10-21 22:11:00,10,295,22,0.0,12.68,0.0
2020-10-21 23:11:00,10,295,23,0.0,12.68,0.0
2020-10-22 00:11:00,10,296,0,0.0,12.68,0.0
2020-10-22 01:11:00,10,296,1,0.0,12.15,0.0
2020-10-22 02:11:00,10,296,2,0.0,11.61,0.0
2020-10-22 03:11:00,10,296,3,0.0,11.61,0.0
2020-10-22 04:11:00,10,296,4,0.0,11.09,0.0
2020-10-22 05:11:00,10,296,5,0.0,11.09,0.0
2020-10-22 06:11:00,10,296,6,0.0,10.55,0.0
2020-10-22 07:11:00,10,296,7,19.1,10.55,0.00706
2020-10-22 08:11:00,10,296,8,173.9,10.02,0.13784
2020-10-22 09:11:00,10,296,9,564.9,10.55,0.47994
2020-10-22 10:11:00,10,296,10,755.7,11.09,0.63637
2020-10-22 11:11:00,10,296,11,692.4,11.61,0.5851
2020-10-22 12:11:00,10,296,12,720.2,12.15,0.60667
2020-10-22 13:11:00,10,296,13,614.7,12.15,0.52029
2020-10-22 14:11:00,10,296,14,469.8,12.68,0.39615
2020-10-22 15:11:00,10,296,15,349.6,12.15,0.28779
2020-10-22 16:11:00,10,296,16,43.8,11.61,0.02384
2020-10-22 17:11:00,10,296,17,0.0,10.55,0.0
2020-10-22 18:11:00,10,296,18,0.0,9.49,0.0
2020-10-22 19:11:00,10,296,19,0.0,8.96,0.0
2020-10-22 20:11:00,10,296,20,0.0,8.43,0.0
2020-10-22 21:11:00,10,296,21,0.0,7.9,0.0
2020-10-22 22:11:00,10,296,22,0.0,7.9,0.0
2020-10-22 23:11:00,10,296,23,0.0,6.84,0.0
2020-10-23 00:11:00,10,297,0,0.0,6.84,0.0
2020-10-23 01:11:00,10,297,1,0.0,6.84,0.0
2020-10-23 02:11:00,10,297,2,0.0,7.9,0.0
2020-10-23 03:11:00,10,297,3,0.0,7.9,0.0
2020-10-23 04:11:00,10,297,4,0.0,8.43,0.0
2020-10-23 05:11:00,10,297,5,0.0,8.43,0.0
2020-10-23 06:11:00,10,297,6,0.0,8.96,0.0
2020-10-23 07:11:00,10,297,7,5.4,8.96,0.0
2020-10-23 08:11:00,10,297,8,131.8,9.49,0.10054
2020-10-23 09:11:00,10,297,9,27.7,11.09,0.01301
2020-10-23 10:11:00,10,297,10,95.5,11.61,0.06754
2020-10-23 11:11:00,10,297,11,96.4,12.15,0.06808
2020-10-23 12:11:00,10,297,12,513.6,12.68,0.43445
2020-10-23 13:11:00,10,297,13,209.4,12.68,0.16732
2020-10-23 14:11:00,10,297,14,201.4,12.68,0.16048
2020-10-23 15:11:00,10,297,15,340.5,12.15,0.2806
2020-10-23 16:11:00,10,297,16,113.7,11.61,0.07461
2020-10-23 17:11:00,10,297,17,0.0,10.55,0.0
2020-10-23 18:11:00,10,297,18,0.0,9.49,0.0
2020-10-23 19:11:00,10,297,19,0.0,8.43,0.0
2020-10-23 20:11:00,10,297,20,0.0,7.9,0.0
2020-10-23 21:11:00,10,297,21,0.0,7.37,0.0
2020-10-23 22:11:00,10,297,22,0.0,7.37,0.0
2020-10-23 23:11:00,10,297,23,0.0,7.37,0.0
2020-10-24 00:11:00,10,298,0,0.0,7.37,0.0
2020-10-24 01:11:00,10,298,1,0.0,7.37,0.0
2020-10-24 02:11:00,10,298,2,0.0,7.9,0.0
2020-10-24 03:11:00,10,298,3,0.0,7.9,0.0
2020-10-24 04:11:00,10,298,4,0.0,8.43,0.0
2020-10-24 05:11:00,10,298,5,0.0,8.96,0.0
2020-10-24 06:11:00,10,298,6,0.0,9.49,0.0
2020-10-24 07:11:00,10,298,7,5.4,10.02,0.0
2020-10-24 08:11:00,10,298,8,49.3,11.61,0.02939
2020-10-24 09:11:00,10,298,9,85.1,12.15,0.05873
2020-10-24 10:11:00,10,298,10,105.3,13.21,0.07555
2020-10-24 11:11:00,10,298,11,191.5,13.74,0.15095
2020-10-24 12:11:00,10,298,12,122.9,14.27,0.09021
2020-10-24 13:11:00,10,298,13,70.5,14.27,0.04594
2020-10-24 14:11:00,10,298,14,46.4,14.8,0.02662
2020-10-24 15:11:00,10,298,15,14.3,14.27,0.00415
2020-10-24 16:11:00,10,298,16,10.7,13.21,0.00223
2020-10-24 17:11:00,10,298,17,0.0,12.15,0.0
2020-10-24 18:11:00,10,298,18,0.0,11.61,0.0
2020-10-24 19:11:00,10,298,19,0.0,11.61,0.0
2020-10-24 20:11:00,10,298,20,0.0,11.09,0.0
2020-10-24 21:11:00,10,298,21,0.0,10.55,0.0
2020-10-24 22:11:00,10,298,22,0.0,9.49,0.0
2020-10-24 23:11:00,10,298,23,0.0,8.96,0.0
2020-10-25 00:11:00,10,299,0,0.0,8.43,0.0
2020-10-25 01:11:00,10,299,1,0.0,7.9,0.0
2020-10-25 02:11:00,10,299,2,0.0,7.9,0.0
2020-10-25 03:11:00,10,299,3,0.0,7.37,0.0
2020-10-25 04:11:00,10,299,4,0.0,7.37,0.0
2020-10-25 05:11:00,10,299,5,0.0,7.37,0.0
2020-10-25 06:11:00,10,299,6,0.0,7.37,0.0
2020-10-25 07:11:00,10,299,7,0.0,7.9,0.0
2020-10-25 08:11:00,10,299,8,78.3,7.9,0.05427
2020-10-25 09:11:00,10,299,9,327.0,8.43,0.27796
2020-10-25 10:11:00,10,299,10,614.7,10.02,0.52972
2020-10-25 11:11:00,10,299,11,352.3,10.55,0.29814
2020-10-25 12:11:00,10,299,12,537.4,11.09,0.45871
2020-10-25 13:11:00,10,299,13,608.6,11.61,0.51755
2020-10-25 14:11:00,10,299,14,257.1,11.61,0.21105
2020-10-25 15:11:00,10,299,15,285.5,11.09,0.23343
2020-10-25 16:11:00,10,299,16,107.7,10.55,0.06966
2020-10-25 17:11:00,10,299,17,0.0,9.49,0.0
2020-10-25 18:11:00,10,299,18,0.0,8.43,0.0
2020-10-25 19:11:00,10,299,19,0.0,7.9,0.0
2020-10-25 20:11:00,10,299,20,0.0,7.9,0.0
2020-10-25 21:11:00,10,299,21,0.0,7.37,0.0
2020-10-25 22:11:00,10,299,22,0.0,6.84,0.0
2020-10-25 23:11:00,10,299,23,0.0,6.84,0.0
2020-10-26 00:11:00,10,300,0,0.0,6.31,0.0
2020-10-26 01:11:00,10,300,1,0.0,6.31,0.0
2020-10-26 02:11:00,10,300,2,0.0,6.31,0.0
2020-10-26 03:11:00,10,300,3,0.0,6.84,0.0
2020-10-26 04:11:00,10,300,4,0.0,6.84,0.0
2020-10-26 05:11:00,10,300,5,0.0,6.84,0.0
2020-10-26 06:11:00,10,300,6,0.0,6.84,0.0
2020-10-26 07:11:00,10,300,7,0.0,6.84,0.0
2020-10-26 08:11:00,10,300,8,97.7,7.37,0.07136
2020-10-26 09:11:00,10,300,9,170.7,8.43,0.13626
2020-10-26 10:11:00,10,300,10,447.3,9.49,0.38262
2020-10-26 11:11:00,10,300,11,442.7,10.55,0.37763
2020-10-26 12:11:00,10,300,12,541.3,11.61,0.46101
2020-10-26 13:11:00,10,300,13,73.2,11.61,0.04875
2020-10-26 14:11:00,10,300,14,196.6,11.61,0.15729
2020-10-26 15:11:00,10,300,15,343.1,11.09,0.28418
2020-10-26 16:11:00,10,300,16,70.3,10.55,0.04195
2020-10-26 17:11:00,10,300,17,0.0,10.02,0.0
2020-10-26 18:11:00,10,300,18,0.0,8.96,0.0
2020-10-26 19:11:00,10,300,19,0.0,8.43,0.0
2020-10-26 20:11:00,10,300,20,0.0,7.9,0.0
2020-10-26 21:11:00,10,300,21,0.0,7.9,0.0
2020-10-26 22:11:00,10,300,22,0.0,7.37,0.0
2020-10-26 23:11:00,10,300,23,0.0,6.84,0.0
2020-10-27 00:11:00,10,301,0,0.0,6.84,0.0
2020-10-27 01:11:00,10,301,1,0.0,6.31,0.0
2020-10-27 02:11:00,10,301,2,0.0,5.78,0.0
2020-10-27 03:11:00,10,301,3,0.0,5.78,0.0
2020-10-27 04:11:00,10,301,4,0.0,5.78,0.0
2020-10-27 05:11:00,10,301,5,0.0,6.31,0.0
2020-10-27 06:11:00,10,301,6,0.0,6.84,0.0
2020-10-27 07:11:00,10,301,7,0.0,7.9,0.0
2020-10-27 08:11:00,10,301,8,33.9,7.9,0.01784
2020-10-27 09:11:00,10,301,9,79.9,8.43,0.05526
2020-10-27 10:11:00,10,301,10,85.7,8.96,0.05998
2020-10-27 11:11:00,10,301,11,117.8,9.49,0.08767
2020-10-27 12:11:00,10,301,12,100.9,10.55,0.07254
2020-10-27 13:11:00,10,301,13,87.5,11.09,0.06091
2020-10-27 14:11:00,10,301,14,70.5,11.61,0.04652
2020-10-27 15:11:00,10,301,15,29.4,12.15,0.01421
2020-10-27 16:11:00,10,301,16,54.8,11.61,0.03053
2020-10-27 17:11:00,10,301,17,0.0,10.02,0.0
2020-10-27 18:11:00,10,301,18,0.0,9.49,0.0
2020-10-27 19:11:00,10,301,19,0.0,8.43,0.0
2020-10-27 20:11:00,10,301,20,0.0,7.9,0.0
2020-10-27 21:11:00,10,301,21,0.0,7.9,0.0
2020-10-27 22:11:00,10,301,22,0.0,7.9,0.0
2020-10-27 23:11:00,10,301,23,0.0,7.37,0.0
2020-10-28 00:11:00,10,302,0,0.0,7.9,0.0
2020-10-28 01:11:00,10,302,1,0.0,7.9,0.0
2020-10-28 02:11:00,10,302,2,0.0,7.9,0.0
2020-10-28 03:11:00,10,302,3,0.0,7.9,0.0
2020-10-28 04:11:00,10,302,4,0.0,7.9,0.0
2020-10-28 05:11:00,10,302,5,0.0,7.9,0.0
2020-10-28 06:11:00,10,302,6,0.0,7.9,0.0
2020-10-28 07:11:00,10,302,7,0.0,7.37,0.0
2020-10-28 08:11:00,10,302,8,226.2,7.9,0.18731
2020-10-28 09:11:00,10,302,9,319.7,8.43,0.27211
2020-10-28 10:11:00,10,302,10,360.2,9.49,0.30801
2020-10-28 11:11:00,10,302,11,73.2,10.55,0.04904
2020-10-28 12:11:00,10,302,12,243.0,11.09,0.19948
2020-10-28 13:11:00,10,302,13,583.4,10.55,0.50076
2020-10-28 14:11:00,10,302,14,134.2,10.02,0.10229
2020-10-28 15:11:00,10,302,15,100.6,10.02,0.0725
2020-10-28 16:11:00,10,302,16,42.1,9.49,0.02183
2020-10-28 17:11:00,10,302,17,0.0,8.96,0.0
2020-10-28 18:11:00,10,302,18,0.0,8.43,0.0
2020-10-28 19:11:00,10,302,19,0.0,7.9,0.0
2020-10-28 20:11:00,10,302,20,0.0,7.9,0.0
2020-10-28 21:11:00,10,302,21,0.0,7.37,0.0
2020-10-28 22:11:00,10,302,22,0.0,7.37,0.0
2020-10-28 23:11:00,10,302,23,0.0,7.37,0.0
2020-10-29 00:11:00,10,303,0,0.0,7.37,0.0
2020-10-29 01:11:00,10,303,1,0.0,7.37,0.0
2020-10-29 02:11:00,10,303,2,0.0,7.37,0.0
2020-10-29 03:11:00,10,303,3,0.0,7.37,0.0
2020-10-29 04:11:00,10,303,4,0.0,7.37,0.0
2020-10-29 05:11:00,10,303,5,0.0,7.9,0.0
2020-10-29 06:11:00,10,303,6,0.0,7.9,0.0
2020-10-29 07:11:00,10,303,7,0.0,7.9,0.0
2020-10-29 08:11:00,10,303,8,34.8,8.96,0.01842
2020-10-29 09:11:00,10,303,9,28.6,9.49,0.01377
2020-10-29 10:11:00,10,303,10,74.1,10.02,0.04988
2020-10-29 11:11:00,10,303,11,101.8,10.55,0.07332
2020-10-29 12:11:00,10,303,12,94.6,11.61,0.06685
2020-10-29 13:11:00,10,303,13,80.3,12.68,0.05447
2020-10-29 14:11:00,10,303,14,45.5,13.21,0.02613
2020-10-29 15:11:00,10,303,15,17.8,13.21,0.00633
2020-10-29 16:11:00,10,303,16,5.4,13.74,0.0
2020-10-29 17:11:00,10,303,17,0.0,13.74,0.0
2020-10-29 18:11:00,10,303,18,0.0,13.74,0.0
2020-10-29 19:11:00,10,303,19,0.0,13.74,0.0
2020-10-29 20:11:00,10,303,20,0.0,13.74,0.0
2020-10-29 21:11:00,10,303,21,0.0,13.74,0.0
2020-10-29 22:11:00,10,303,22,0.0,13.74,0.0
2020-10-29 23:11:00,10,303,23,0.0,13.74,0.0
2020-10-30 00:11:00,10,304,0,0.0,13.74,0.0
2020-10-30 01:11:00,10,304,1,0.0,13.74,0.0
2020-10-30 02:11:00,10,304,2,0.0,14.27,0.0
2020-10-30 03:11:00,10,304,3,0.0,14.27,0.0
2020-10-30 04:11:00,10,304,4,0.0,14.27,0.0
2020-10-30 05:11:00,10,304,5,0.0,14.27,0.0
2020-10-30 06:11:00,10,304,6,0.0,14.27,0.0
2020-10-30 07:11:00,10,304,7,0.0,14.27,0.0
2020-10-30 08:11:00,10,304,8,21.4,14.27,0.00856
2020-10-30 09:11:00,10,304,9,79.2,14.8,0.05302
2020-10-30 10:11:00,10,304,10,35.7,14.8,0.01852
2020-10-30 11:11:00,10,304,11,110.7,14.8,0.07944
2020-10-30 12:11:00,10,304,12,102.6,15.33,0.07236
2020-10-30 13:11:00,10,304,13,152.7,15.33,0.11571
2020-10-30 14:11:00,10,304,14,75.9,15.33,0.05002
2020-10-30 15:11:00,10,304,15,75.3,15.33,0.0495
2020-10-30 16:11:00,10,304,16,10.7,14.8,0.0022
2020-10-30 17:11:00,10,304,17,0.0,13.74,0.0
2020-10-30 18:11:00,10,304,18,0.0,13.21,0.0
2020-10-30 19:11:00,10,304,19,0.0,13.21,0.0
2020-10-30 20:11:00,10,304,20,0.0,13.21,0.0
2020-10-30 21:11:00,10,304,21,0.0,13.21,0.0
2020-10-30 22:11:00,10,304,22,0.0,13.21,0.0
2020-10-30 23:11:00,10,304,23,0.0,13.74,0.0
2020-10-31 00:11:00,10,305,0,0.0,13.74,0.0
2020-10-31 01:11:00,10,305,1,0.0,13.74,0.0
2020-10-31 02:11:00,10,305,2,0.0,13.74,0.0
2020-10-31 03:11:00,10,305,3,0.0,13.74,0.0
2020-10-31 04:11:00,10,305,4,0.0,13.74,0.0
2020-10-31 05:11:00,10,305,5,0.0,13.74,0.0
2020-10-31 06:11:00,10,305,6,0.0,13.21,0.0
2020-10-31 07:11:00,10,305,7,0.0,13.74,0.0
2020-10-31 08:11:00,10,305,8,92.3,13.74,0.06485
2020-10-31 09:11:00,10,305,9,33.9,14.27,0.01727
2020-10-31 10:11:00,10,305,10,61.6,14.8,0.03861
2020-10-31 11:11:00,10,305,11,62.5,14.8,0.03933
2020-10-31 12:11:00,10,305,12,75.0,14.27,0.04965
2020-10-31 13:11:00,10,305,13,347.4,13.74,0.29087
2020-10-31 14:11:00,10,305,14,421.2,12.15,0.3577
2020-10-31 15:11:00,10,305,15,136.1,12.15,0.10239
2020-10-31 16:11:00,10,305,16,22.9,11.61,0.00873
2020-10-31 17:11:00,10,305,17,0.0,10.55,0.0
2020-10-31 18:11:00,10,305,18,0.0,10.02,0.0
2020-10-31 19:11:00,10,305,19,0.0,10.02,0.0
2020-10-31 20:11:00,10,305,20,0.0,9.49,0.0
2020-10-31 21:11:00,10,305,21,0.0,9.49,0.0
2020-10-31 22:11:00,10,305,22,0.0,9.49,0.0
2020-10-31 23:11:00,10,305,23,0.0,8.96,0.0
2020-11-01 00:11:00,11,306,0,0.0,8.96,0.0
2020-11-01 01:11:00,11,306,1,0.0,8.96,0.0
2020-11-01 02:11:00,11,306,2,0.0,8.96,0.0
2020-11-01 03:11:00,11,306,3,0.0,8.96,0.0
2020-11-01 04:11:00,11,306,4,0.0,9.49,0.0
2020-11-01 05:11:00,11,306,5,0.0,10.55,0.0
2020-11-01 06:11:00,11,306,6,0.0,11.09,0.0
2020-11-01 07:11:00,11,306,7,0.0,11.61,0.0
2020-11-01 08:11:00,11,306,8,123.8,12.68,0.0926
2020-11-01 09:11:00,11,306,9,346.0,13.74,0.29024
2020-11-01 10:11:00,11,306,10,48.2,14.27,0.02807
2020-11-01 11:11:00,11,306,11,244.3,13.74,0.19838
2020-11-01 12:11:00,11,306,12,416.8,13.21,0.35205
2020-11-01 13:11:00,11,306,13,75.0,13.74,0.04973
2020-11-01 14:11:00,11,306,14,19.6,13.21,0.00746
2020-11-01 15:11:00,11,306,15,77.6,13.74,0.05185
2020-11-01 16:11:00,11,306,16,4.5,13.74,0.0
2020-11-01 17:11:00,11,306,17,0.0,14.27,0.0
2020-11-01 18:11:00,11,306,18,0.0,15.33,0.0
2020-11-01 19:11:00,11,306,19,0.0,16.39,0.0
2020-11-01 20:11:00,11,306,20,0.0,16.39,0.0
2020-11-01 21:11:00,11,306,21,0.0,15.86,0.0
2020-11-01 22:11:00,11,306,22,0.0,15.86,0.0
2020-11-01 23:11:00,11,306,23,0.0,15.86,0.0
2020-11-02 00:11:00,11,307,0,0.0,16.39,0.0
2020-11-02 01:11:00,11,307,1,0.0,16.92,0.0
2020-11-02 02:11:00,11,307,2,0.0,16.92,0.0
2020-11-02 03:11:00,11,307,3,0.0,16.92,0.0
2020-11-02 04:11:00,11,307,4,0.0,16.92,0.0
2020-11-02 05:11:00,11,307,5,0.0,16.39,0.0
2020-11-02 06:11:00,11,307,6,0.0,15.86,0.0
2020-11-02 07:11:00,11,307,7,0.0,15.33,0.0
2020-11-02 08:11:00,11,307,8,111.1,13.74,0.08108
2020-11-02 09:11:00,11,307,9,51.8,12.15,0.0312
2020-11-02 10:11:00,11,307,10,695.5,11.61,0.59432
2020-11-02 11:11:00,11,307,11,881.3,11.61,0.74972
2020-11-02 12:11:00,11,307,12,211.6,12.15,0.17042
2020-11-02 13:11:00,11,307,13,286.6,12.15,0.23877
2020-11-02 14:11:00,11,307,14,343.8,12.15,0.29034
2020-11-02 15:11:00,11,307,15,323.1,11.09,0.268
2020-11-02 16:11:00,11,307,16,29.1,10.55,0.01229
2020-11-02 17:11:00,11,307,17,0.0,10.02,0.0
2020-11-02 18:11:00,11,307,18,0.0,9.49,0.0
2020-11-02 19:11:00,11,307,19,0.0,8.43,0.0
2020-11-02 20:11:00,11,307,20,0.0,8.43,0.0
2020-11-02 21:11:00,11,307,21,0.0,7.9,0.0
2020-11-02 22:11:00,11,307,22,0.0,7.9,0.0
2020-11-02 23:11:00,11,307,23,0.0,7.37,0.0
2020-11-03 00:11:00,11,308,0,0.0,6.84,0.0
2020-11-03 01:11:00,11,308,1,0.0,6.31,0.0
2020-11-03 02:11:00,11,308,2,0.0,6.31,0.0
2020-11-03 03:11:00,11,308,3,0.0,6.31,0.0
2020-11-03 04:11:00,11,308,4,0.0,6.31,0.0
2020-11-03 05:11:00,11,308,5,0.0,5.78,0.0
2020-11-03 06:11:00,11,308,6,0.0,5.78,0.0
2020-11-03 07:11:00,11,308,7,0.0,5.78,0.0
2020-11-03 08:11:00,11,308,8,42.6,4.72,0.02498
2020-11-03 09:11:00,11,308,9,454.2,4.72,0.39359
2020-11-03 10:11:00,11,308,10,685.7,6.31,0.59414
2020-11-03 11:11:00,11,308,11,153.5,7.9,0.12062
2020-11-03 12:11:00,11,308,12,426.8,8.43,0.36864
2020-11-03 13:11:00,11,308,13,162.7,8.43,0.12879
2020-11-03 14:11:00,11,308,14,554.8,8.96,0.47889
2020-11-03 15:11:00,11,308,15,299.1,8.43,0.24824
2020-11-03 16:11:00,11,308,16,1.8,7.9,0.0
2020-11-03 17:11:00,11,308,17,0.0,7.37,0.0
2020-11-03 18:11:00,11,308,18,0.0,6.84,0.0
2020-11-03 19:11:00,11,308,19,0.0,5.78,0.0
2020-11-03 20:11:00,11,308,20,0.0,5.25,0.0
2020-11-03 21:11:00,11,308,21,0.0,4.19,0.0
2020-11-03 22:11:00,11,308,22,0.0,3.66,0.0
2020-11-03 23:11:00,11,308,23,0.0,3.66,0.0
2020-11-04 00:11:00,11,309,0,0.0,3.13,0.0
2020-11-04 01:11:00,11,309,1,0.0,2.6,0.0
2020-11-04 02:11:00,11,309,2,0.0,2.07,0.0
2020-11-04 03:11:00,11,309,3,0.0,1.54,0.0
2020-11-04 04:11:00,11,309,4,0.0,1.54,0.0
2020-11-04 05:11:00,11,309,5,0.0,1.54,0.0
2020-11-04 06:11:00,11,309,6,0.0,1.54,0.0
2020-11-04 07:11:00,11,309,7,0.0,1.54,0.0
2020-11-04 08:11:00,11,309,8,266.4,2.6,0.22738
2020-11-04 09:11:00,11,309,9,517.4,4.72,0.44693
2020-11-04 10:11:00,11,309,10,712.9,7.37,0.6017
2020-11-04 11:11:00,11,309,11,845.2,8.43,0.7039
2020-11-04 12:11:00,11,309,12,350.2,9.49,0.29597
2020-11-04 13:11:00,11,309,13,114.5,10.02,0.08449
2020-11-04 14:11:00,11,309,14,70.5,10.02,0.0468
2020-11-04 15:11:00,11,309,15,22.3,10.02,0.00936
2020-11-04 16:11:00,11,309,16,0.0,8.96,0.0
2020-11-04 17:11:00,11,309,17,0.0,7.9,0.0
2020-11-04 18:11:00,11,309,18,0.0,6.84,0.0
2020-11-04 19:11:00,11,309,19,0.0,6.31,0.0
2020-11-04 20:11:00,11,309,20,0.0,5.25,0.0
2020-11-04 21:11:00,11,309,21,0.0,4.72,0.0
2020-11-04 22:11:00,11,309,22,0.0,4.19,0.0
2020-11-04 23:11:00,11,309,23,0.0,3.13,0.0
2020-11-05 00:11:00,11,310,0,0.0,2.6,0.0
2020-11-05 01:11:00,11,310,1,0.0,2.6,0.0
2020-11-05 02:11:00,11,310,2,0.0,3.13,0.0
2020-11-05 03:11:00,11,310,3,0.0,3.13,0.0
2020-11-05 04:11:00,11,310,4,0.0,3.66,0.0
2020-11-05 05:11:00,11,310,5,0.0,4.19,0.0
2020-11-05 06:11:00,11,310,6,0.0,4.19,0.0
2020-11-05 07:11:00,11,310,7,0.0,3.66,0.0
2020-11-05 08:11:00,11,310,8,219.6,3.13,0.18377
2020-11-05 09:11:00,11,310,9,256.5,5.78,0.21511
2020-11-05 10:11:00,11,310,10,479.5,7.9,0.40641
2020-11-05 11:11:00,11,310,11,362.8,8.96,0.30533
2020-11-05 12:11:00,11,310,12,765.9,9.49,0.63431
2020-11-05 13:11:00,11,310,13,321.1,10.02,0.26743
2020-11-05 14:11:00,11,310,14,314.6,10.02,0.26145
2020-11-05 15:11:00,11,310,15,196.1,9.49,0.15498
2020-11-05 16:11:00,11,310,16,0.0,8.96,0.0
2020-11-05 17:11:00,11,310,17,0.0,7.9,0.0
2020-11-05 18:11:00,11,310,18,0.0,6.31,0.0
2020-11-05 19:11:00,11,310,19,0.0,6.31,0.0
2020-11-05 20:11:00,11,310,20,0.0,5.78,0.0
2020-11-05 21:11:00,11,310,21,0.0,5.78,0.0
2020-11-05 22:11:00,11,310,22,0.0,5.25,0.0
2020-11-05 23:11:00,11,310,23,0.0,4.72,0.0
2020-11-06 00:11:00,11,311,0,0.0,3.13,0.0
2020-11-06 01:11:00,11,311,1,0.0,2.6,0.0
2020-11-06 02:11:00,11,311,2,0.0,2.07,0.0
2020-11-06 03:11:00,11,311,3,0.0,1.54,0.0
2020-11-06 04:11:00,11,311,4,0.0,1.01,0.0
2020-11-06 05:11:00,11,311,5,0.0,1.54,0.0
2020-11-06 06:11:00,11,311,6,0.0,1.54,0.0
2020-11-06 07:11:00,11,311,7,0.0,2.6,0.0
2020-11-06 08:11:00,11,311,8,339.6,3.13,0.29287
2020-11-06 09:11:00,11,311,9,373.4,3.66,0.32519
2020-11-06 10:11:00,11,311,10,595.5,4.72,0.51777
2020-11-06 11:11:00,11,311,11,844.8,6.31,0.7183
2020-11-06 12:11:00,11,311,12,579.0,7.9,0.49719
2020-11-06 13:11:00,11,311,13,113.8,8.43,0.08456
2020-11-06 14:11:00,11,311,14,60.7,8.96,0.03892
2020-11-06 15:11:00,11,311,15,172.8,8.96,0.13566
2020-11-06 16:11:00,11,311,16,0.0,8.43,0.0
2020-11-06 17:11:00,11,311,17,0.0,7.37,0.0
2020-11-06 18:11:00,11,311,18,0.0,6.84,0.0
2020-11-06 19:11:00,11,311,19,0.0,5.78,0.0
2020-11-06 20:11:00,11,311,20,0.0,5.78,0.0
2020-11-06 21:11:00,11,311,21,0.0,5.25,0.0
2020-11-06 22:11:00,11,311,22,0.0,4.72,0.0
2020-11-06 23:11:00,11,311,23,0.0,4.19,0.0
2020-11-07 00:11:00,11,312,0,0.0,4.19,0.0
2020-11-07 01:11:00,11,312,1,0.0,3.66,0.0
2020-11-07 02:11:00,11,312,2,0.0,3.66,0.0
2020-11-07 03:11:00,11,312,3,0.0,3.13,0.0
2020-11-07 04:11:00,11,312,4,0.0,2.6,0.0
2020-11-07 05:11:00,11,312,5,0.0,2.6,0.0
2020-11-07 06:11:00,11,312,6,0.0,2.07,0.0
2020-11-07 07:11:00,11,312,7,0.0,2.6,0.0
2020-11-07 08:11:00,11,312,8,42.9,2.6,0.02558
2020-11-07 09:11:00,11,312,9,95.5,5.25,0.06989
2020-11-07 10:11:00,11,312,10,481.4,7.9,0.41091
2020-11-07 11:11:00,11,312,11,774.8,9.49,0.64471
2020-11-07 12:11:00,11,312,12,751.5,11.09,0.62186
2020-11-07 13:11:00,11,312,13,628.1,12.15,0.5219
2020-11-07 14:11:00,11,312,14,371.0,12.68,0.30742
2020-11-07 15:11:00,11,312,15,179.3,12.68,0.13837
2020-11-07 16:11:00,11,312,16,0.0,11.09,0.0
2020-11-07 17:11:00,11,312,17,0.0,10.02,0.0
2020-11-07 18:11:00,11,312,18,0.0,9.49,0.0
2020-11-07 19:11:00,11,312,19,0.0,8.96,0.0
2020-11-07 20:11:00,11,312,20,0.0,8.96,0.0
2020-11-07 21:11:00,11,312,21,0.0,8.43,0.0
2020-11-07 22:11:00,11,312,22,0.0,7.9,0.0
2020-11-07 23:11:00,11,312,23,0.0,7.9,0.0
2020-11-08 00:11:00,11,313,0,0.0,7.9,0.0
2020-11-08 01:11:00,11,313,1,0.0,7.9,0.0
2020-11-08 02:11:00,11,313,2,0.0,7.9,0.0
2020-11-08 03:11:00,11,313,3,0.0,7.9,0.0
2020-11-08 04:11:00,11,313,4,0.0,7.9,0.0
2020-11-08 05:11:00,11,313,5,0.0,7.9,0.0
2020-11-08 06:11:00,11,313,6,0.0,8.43,0.0
2020-11-08 07:11:00,11,313,7,0.0,9.49,0.0
2020-11-08 08:11:00,11,313,8,40.6,9.49,0.0229
2020-11-08 09:11:00,11,313,9,29.4,10.02,0.01435
2020-11-08 10:11:00,11,313,10,31.2,11.09,0.01557
2020-11-08 11:11:00,11,313,11,73.2,12.15,0.04847
2020-11-08 12:11:00,11,313,12,66.9,12.68,0.04321
2020-11-08 13:11:00,11,313,13,95.7,12.68,0.06717
2020-11-08 14:11:00,11,313,14,146.5,12.68,0.11132
2020-11-08 15:11:00,11,313,15,80.4,12.68,0.05415
2020-11-08 16:11:00,11,313,16,0.0,12.15,0.0
2020-11-08 17:11:00,11,313,17,0.0,12.15,0.0
2020-11-08 18:11:00,11,313,18,0.0,11.61,0.0
2020-11-08 19:11:00,11,313,19,0.0,11.61,0.0
2020-11-08 20:11:00,11,313,20,0.0,11.61,0.0
2020-11-08 21:11:00,11,313,21,0.0,12.15,0.0
2020-11-08 22:11:00,11,313,22,0.0,12.15,0.0
2020-11-08 23:11:00,11,313,23,0.0,12.15,0.0
2020-11-09 00:11:00,11,314,0,0.0,12.15,0.0
2020-11-09 01:11:00,11,314,1,0.0,12.15,0.0
2020-11-09 02:11:00,11,314,2,0.0,11.61,0.0
2020-11-09 03:11:00,11,314,3,0.0,11.61,0.0
2020-11-09 04:11:00,11,314,4,0.0,11.61,0.0
2020-11-09 05:11:00,11,314,5,0.0,11.61,0.0
2020-11-09 06:11:00,11,314,6,0.0,11.61,0.0
2020-11-09 07:11:00,11,314,7,0.0,11.09,0.0
2020-11-09 08:11:00,11,314,8,41.2,11.09,0.02314
2020-11-09 09:11:00,11,314,9,53.6,12.15,0.03258
2020-11-09 10:11:00,11,314,10,75.0,12.68,0.04988
2020-11-09 11:11:00,11,314,11,93.7,13.21,0.06539
2020-11-09 12:11:00,11,314,12,159.0,14.27,0.12151
2020-11-09 13:11:00,11,314,13,177.9,14.27,0.13843
2020-11-09 14:11:00,11,314,14,55.3,14.8,0.03351
2020-11-09 15:11:00,11,314,15,61.5,14.8,0.03834
2020-11-09 16:11:00,11,314,16,0.0,14.27,0.0
2020-11-09 17:11:00,11,314,17,0.0,13.74,0.0
2020-11-09 18:11:00,11,314,18,0.0,13.21,0.0
2020-11-09 19:11:00,11,314,19,0.0,12.15,0.0
2020-11-09 20:11:00,11,314,20,0.0,12.15,0.0
2020-11-09 21:11:00,11,314,21,0.0,11.61,0.0
2020-11-09 22:11:00,11,314,22,0.0,11.61,0.0
2020-11-09 23:11:00,11,314,23,0.0,11.09,0.0
2020-11-10 00:11:00,11,315,0,0.0,11.09,0.0
2020-11-10 01:11:00,11,315,1,0.0,11.09,0.0
2020-11-10 02:11:00,11,315,2,0.0,11.09,0.0
2020-11-10 03:11:00,11,315,3,0.0,11.09,0.0
2020-11-10 04:11:00,11,315,4,0.0,11.09,0.0
2020-11-10 05:11:00,11,315,5,0.0,11.09,0.0
2020-11-10 06:11:00,11,315,6,0.0,11.09,0.0
2020-11-10 07:11:00,11,315,7,0.0,9.49,0.0
2020-11-10 08:11:00,11,315,8,108.8,9.49,0.08027
2020-11-10 09:11:00,11,315,9,33.0,10.55,0.01692
2020-11-10 10:11:00,11,315,10,84.6,11.09,0.05838
2020-11-10 11:11:00,11,315,11,89.2,12.15,0.06194
2020-11-10 12:11:00,11,315,12,75.9,12.15,0.05075
2020-11-10 13:11:00,11,315,13,66.9,12.68,0.04328
2020-11-10 14:11:00,11,315,14,525.6,12.68,0.4406
2020-11-10 15:11:00,11,315,15,80.4,12.68,0.05428
2020-11-10 16:11:00,11,315,16,0.0,12.15,0.0
2020-11-10 17:11:00,11,315,17,0.0,11.09,0.0
2020-11-10 18:11:00,11,315,18,0.0,10.55,0.0
2020-11-10 19:11:00,11,315,19,0.0,10.55,0.0
2020-11-10 20:11:00,11,315,20,0.0,9.49,0.0
2020-11-10 21:11:00,11,315,21,0.0,8.96,0.0
2020-11-10 22:11:00,11,315,22,0.0,8.43,0.0
2020-11-10 23:11:00,11,315,23,0.0,7.9,0.0
2020-11-11 00:11:00,11,316,0,0.0,7.9,0.0
2020-11-11 01:11:00,11,316,1,0.0,7.9,0.0
2020-11-11 02:11:00,11,316,2,0.0,7.9,0.0
2020-11-11 03:11:00,11,316,3,0.0,7.9,0.0
2020-11-11 04:11:00,11,316,4,0.0,7.9,0.0
2020-11-11 05:11:00,11,316,5,0.0,8.43,0.0
2020-11-11 06:11:00,11,316,6,0.0,8.43,0.0
2020-11-11 07:11:00,11,316,7,0.0,9.49,0.0
2020-11-11 08:11:00,11,316,8,21.4,9.49,0.0088
2020-11-11 09:11:00,11,316,9,83.7,10.55,0.05826
2020-11-11 10:11:00,11,316,10,64.3,11.61,0.04136
2020-11-11 11:11:00,11,316,11,90.2,12.15,0.0628
2020-11-11 12:11:00,11,316,12,92.8,12.68,0.06491
2020-11-11 13:11:00,11,316,13,95.0,13.21,0.06665
2020-11-11 14:11:00,11,316,14,41.1,12.68,0.02276
2020-11-11 15:11:00,11,316,15,26.8,12.68,0.01228
2020-11-11 16:11:00,11,316,16,0.0,12.15,0.0
2020-11-11 17:11:00,11,316,17,0.0,12.15,0.0
2020-11-11 18:11:00,11,316,18,0.0,11.61,0.0
2020-11-11 19:11:00,11,316,19,0.0,11.61,0.0
2020-11-11 20:11:00,11,316,20,0.0,11.61,0.0
2020-11-11 21:11:00,11,316,21,0.0,11.61,0.0
2020-11-11 22:11:00,11,316,22,0.0,12.15,0.0
2020-11-11 23:11:00,11,316,23,0.0,11.09,0.0
2020-11-12 00:11:00,11,317,0,0.0,9.49,0.0
2020-11-12 01:11:00,11,317,1,0.0,8.43,0.0
2020-11-12 02:11:00,11,317,2,0.0,8.43,0.0
2020-11-12 03:11:00,11,317,3,0.0,8.43,0.0
2020-11-12 04:11:00,11,317,4,0.0,8.43,0.0
2020-11-12 05:11:00,11,317,5,0.0,8.43,0.0
2020-11-12 06:11:00,11,317,6,0.0,8.43,0.0
2020-11-12 07:11:00,11,317,7,0.0,8.96,0.0
2020-11-12 08:11:00,11,317,8,123.0,8.43,0.09361
2020-11-12 09:11:00,11,317,9,376.7,8.43,0.32264
2020-11-12 10:11:00,11,317,10,622.4,8.96,0.53197
2020-11-12 11:11:00,11,317,11,185.7,10.02,0.14856
2020-11-12 12:11:00,11,317,12,701.0,11.09,0.59566
2020-11-12 13:11:00,11,317,13,624.3,11.09,0.53297
2020-11-12 14:11:00,11,317,14,209.0,11.61,0.16855
2020-11-12 15:11:00,11,317,15,284.9,11.09,0.23187
2020-11-12 16:11:00,11,317,16,0.0,10.55,0.0
2020-11-12 17:11:00,11,317,17,0.0,10.55,0.0
2020-11-12 18:11:00,11,317,18,0.0,10.02,0.0
2020-11-12 19:11:00,11,317,19,0.0,10.02,0.0
2020-11-12 20:11:00,11,317,20,0.0,9.49,0.0
2020-11-12 21:11:00,11,317,21,0.0,9.49,0.0
2020-11-12 22:11:00,11,317,22,0.0,10.02,0.0
2020-11-12 23:11:00,11,317,23,0.0,10.02,0.0
2020-11-13 00:11:00,11,318,0,0.0,10.02,0.0
2020-11-13 01:11:00,11,318,1,0.0,10.55,0.0
2020-11-13 02:11:00,11,318,2,0.0,10.55,0.0
2020-11-13 03:11:00,11,318,3,0.0,10.55,0.0
2020-11-13 04:11:00,11,318,4,0.0,10.55,0.0
2020-11-13 05:11:00,11,318,5,0.0,10.55,0.0
2020-11-13 06:11:00,11,318,6,0.0,10.55,0.0
2020-11-13 07:11:00,11,318,7,0.0,10.55,0.0
2020-11-13 08:11:00,11,318,8,220.5,10.55,0.17955
2020-11-13 09:11:00,11,318,9,431.6,9.49,0.36895
2020-11-13 10:11:00,11,318,10,646.1,9.49,0.54952
2020-11-13 11:11:00,11,318,11,764.9,10.02,0.64658
2020-11-13 12:11:00,11,318,12,580.9,10.55,0.496
2020-11-13 13:11:00,11,318,13,662.6,11.09,0.56404
2020-11-13 14:11:00,11,318,14,305.3,11.09,0.25495
2020-11-13 15:11:00,11,318,15,113.6,10.55,0.0831
2020-11-13 16:11:00,11,318,16,0.0,9.49,0.0
2020-11-13 17:11:00,11,318,17,0.0,8.43,0.0
2020-11-13 18:11:00,11,318,18,0.0,8.43,0.0
2020-11-13 19:11:00,11,318,19,0.0,7.9,0.0
2020-11-13 20:11:00,11,318,20,0.0,7.9,0.0
2020-11-13 21:11:00,11,318,21,0.0,7.9,0.0
2020-11-13 22:11:00,11,318,22,0.0,7.9,0.0
2020-11-13 23:11:00,11,318,23,0.0,7.9,0.0
2020-11-14 00:11:00,11,319,0,0.0,7.9,0.0
2020-11-14 01:11:00,11,319,1,0.0,7.9,0.0
2020-11-14 02:11:00,11,319,2,0.0,7.9,0.0
2020-11-14 03:11:00,11,319,3,0.0,7.9,0.0
2020-11-14 04:11:00,11,319,4,0.0,7.9,0.0
2020-11-14 05:11:00,11,319,5,0.0,8.43,0.0
2020-11-14 06:11:00,11,319,6,0.0,9.49,0.0
2020-11-14 07:11:00,11,319,7,0.0,10.55,0.0
2020-11-14 08:11:00,11,319,8,7.1,12.15,0.00057
2020-11-14 09:11:00,11,319,9,26.8,13.21,0.01224
2020-11-14 10:11:00,11,319,10,71.4,13.21,0.04691
2020-11-14 11:11:00,11,319,11,49.1,13.74,0.02884
2020-11-14 12:11:00,11,319,12,105.3,13.21,0.07565
2020-11-14 13:11:00,11,319,13,108.3,13.21,0.07832
2020-11-14 14:11:00,11,319,14,18.7,13.21,0.00689
2020-11-14 15:11:00,11,319,15,28.6,13.21,0.0135
2020-11-14 16:11:00,11,319,16,0.0,13.21,0.0
2020-11-14 17:11:00,11,319,17,0.0,13.21,0.0
2020-11-14 18:11:00,11,319,18,0.0,13.21,0.0
2020-11-14 19:11:00,11,319,19,0.0,12.68,0.0
2020-11-14 20:11:00,11,319,20,0.0,12.15,0.0
2020-11-14 21:11:00,11,319,21,0.0,11.09,0.0
2020-11-14 22:11:00,11,319,22,0.0,10.55,0.0
2020-11-14 23:11:00,11,319,23,0.0,10.02,0.0
2020-11-15 00:11:00,11,320,0,0.0,10.02,0.0
2020-11-15 01:11:00,11,320,1,0.0,10.02,0.0
2020-11-15 02:11:00,11,320,2,0.0,10.02,0.0
2020-11-15 03:11:00,11,320,3,0.0,10.55,0.0
2020-11-15 04:11:00,11,320,4,0.0,10.55,0.0
2020-11-15 05:11:00,11,320,5,0.0,11.09,0.0
2020-11-15 06:11:00,11,320,6,0.0,11.61,0.0
2020-11-15 07:11:00,11,320,7,0.0,11.09,0.0
2020-11-15 08:11:00,11,320,8,56.8,11.09,0.03572
2020-11-15 09:11:00,11,320,9,14.3,11.09,0.00424
2020-11-15 10:11:00,11,320,10,663.0,9.49,0.57472
2020-11-15 11:11:00,11,320,11,221.2,9.49,0.18175
2020-11-15 12:11:00,11,320,12,422.8,10.02,0.36365
2020-11-15 13:11:00,11,320,13,250.8,10.02,0.20853
2020-11-15 14:11:00,11,320,14,315.6,10.02,0.2666
2020-11-15 15:11:00,11,320,15,89.7,8.96,0.06328
2020-11-15 16:11:00,11,320,16,0.0,8.43,0.0
2020-11-15 17:11:00,11,320,17,0.0,7.9,0.0
2020-11-15 18:11:00,11,320,18,0.0,7.9,0.0
2020-11-15 19:11:00,11,320,19,0.0,7.9,0.0
2020-11-15 20:11:00,11,320,20,0.0,7.9,0.0
2020-11-15 21:11:00,11,320,21,0.0,7.9,0.0
2020-11-15 22:11:00,11,320,22,0.0,7.9,0.0
2020-11-15 23:11:00,11,320,23,0.0,7.9,0.0
2020-11-16 00:11:00,11,321,0,0.0,7.9,0.0
2020-11-16 01:11:00,11,321,1,0.0,8.43,0.0
2020-11-16 02:11:00,11,321,2,0.0,8.43,0.0
2020-11-16 03:11:00,11,321,3,0.0,8.43,0.0
2020-11-16 04:11:00,11,321,4,0.0,9.49,0.0
2020-11-16 05:11:00,11,321,5,0.0,10.02,0.0
2020-11-16 06:11:00,11,321,6,0.0,9.49,0.0
2020-11-16 07:11:00,11,321,7,0.0,9.49,0.0
2020-11-16 08:11:00,11,321,8,8.0,8.96,0.00099
2020-11-16 09:11:00,11,321,9,51.8,8.43,0.03186
2020-11-16 10:11:00,11,321,10,218.9,8.96,0.17988
2020-11-16 11:11:00,11,321,11,281.1,9.49,0.23544
2020-11-16 12:11:00,11,321,12,347.4,10.02,0.29421
2020-11-16 13:11:00,11,321,13,290.4,10.55,0.24302
2020-11-16 14:11:00,11,321,14,79.4,10.55,0.0544
2020-11-16 15:11:00,11,321,15,40.6,10.55,0.02264
2020-11-16 16:11:00,11,321,16,0.0,10.55,0.0
2020-11-16 17:11:00,11,321,17,0.0,10.02,0.0
2020-11-16 18:11:00,11,321,18,0.0,10.02,0.0
2020-11-16 19:11:00,11,321,19,0.0,10.55,0.0
2020-11-16 20:11:00,11,321,20,0.0,11.09,0.0
2020-11-16 21:11:00,11,321,21,0.0,11.61,0.0
2020-11-16 22:11:00,11,321,22,0.0,12.15,0.0
2020-11-16 23:11:00,11,321,23,0.0,12.15,0.0
2020-11-17 00:11:00,11,322,0,0.0,12.15,0.0
2020-11-17 01:11:00,11,322,1,0.0,12.15,0.0
2020-11-17 02:11:00,11,322,2,0.0,12.15,0.0
2020-11-17 03:11:00,11,322,3,0.0,12.15,0.0
2020-11-17 04:11:00,11,322,4,0.0,11.61,0.0
2020-11-17 05:11:00,11,322,5,0.0,11.61,0.0
2020-11-17 06:11:00,11,322,6,0.0,11.61,0.0
2020-11-17 07:11:00,11,322,7,0.0,11.61,0.0
2020-11-17 08:11:00,11,322,8,6.2,12.15,0.00022
2020-11-17 09:11:00,11,322,9,15.2,12.15,0.00473
2020-11-17 10:11:00,11,322,10,65.2,12.68,0.04188
2020-11-17 11:11:00,11,322,11,66.0,12.68,0.04261
2020-11-17 12:11:00,11,322,12,117.5,12.68,0.08642
2020-11-17 13:11:00,11,322,13,85.4,13.21,0.05853
2020-11-17 14:11:00,11,322,14,16.1,13.21,0.00523
2020-11-17 15:11:00,11,322,15,8.9,13.21,0.00135
2020-11-17 16:11:00,11,322,16,0.0,13.21,0.0
2020-11-17 17:11:00,11,322,17,0.0,13.21,0.0
2020-11-17 18:11:00,11,322,18,0.0,12.68,0.0
2020-11-17 19:11:00,11,322,19,0.0,12.68,0.0
2020-11-17 20:11:00,11,322,20,0.0,12.15,0.0
2020-11-17 21:11:00,11,322,21,0.0,11.61,0.0
2020-11-17 22:11:00,11,322,22,0.0,11.09,0.0
2020-11-17 23:11:00,11,322,23,0.0,11.09,0.0
2020-11-18 00:11:00,11,323,0,0.0,11.09,0.0
2020-11-18 01:11:00,11,323,1,0.0,11.09,0.0
2020-11-18 02:11:00,11,323,2,0.0,10.55,0.0
2020-11-18 03:11:00,11,323,3,0.0,10.55,0.0
2020-11-18 04:11:00,11,323,4,0.0,10.02,0.0
2020-11-18 05:11:00,11,323,5,0.0,10.02,0.0
2020-11-18 06:11:00,11,323,6,0.0,10.02,0.0
2020-11-18 07:11:00,11,323,7,0.0,10.55,0.0
2020-11-18 08:11:00,11,323,8,10.7,10.55,0.00228
2020-11-18 09:11:00,11,323,9,34.8,11.61,0.01817
2020-11-18 10:11:00,11,323,10,25.9,12.15,0.01169
2020-11-18 11:11:00,11,323,11,155.5,12.68,0.12024
2020-11-18 12:11:00,11,323,12,58.9,13.21,0.03673
2020-11-18 13:11:00,11,323,13,43.7,13.74,0.02469
2020-11-18 14:11:00,11,323,14,60.7,14.27,0.03805
2020-11-18 15:11:00,11,323,15,16.1,13.74,0.00522
2020-11-18 16:11:00,11,323,16,0.0,12.68,0.0
2020-11-18 17:11:00,11,323,17,0.0,11.09,0.0
2020-11-18 18:11:00,11,323,18,0.0,9.49,0.0
2020-11-18 19:11:00,11,323,19,0.0,8.43,0.0
2020-11-18 20:11:00,11,323,20,0.0,7.9,0.0
2020-11-18 21:11:00,11,323,21,0.0,7.9,0.0
2020-11-18 22:11:00,11,323,22,0.0,7.9,0.0
2020-11-18 23:11:00,11,323,23,0.0,7.9,0.0
2020-11-19 00:11:00,11,324,0,0.0,7.9,0.0
2020-11-19 01:11:00,11,324,1,0.0,7.9,0.0
2020-11-19 02:11:00,11,324,2,0.0,7.9,0.0
2020-11-19 03:11:00,11,324,3,0.0,8.43,0.0
2020-11-19 04:11:00,11,324,4,0.0,8.43,0.0
2020-11-19 05:11:00,11,324,5,0.0,7.9,0.0
2020-11-19 06:11:00,11,324,6,0.0,7.9,0.0
2020-11-19 07:11:00,11,324,7,0.0,8.43,0.0
2020-11-19 08:11:00,11,324,8,85.3,8.43,0.06051
2020-11-19 09:11:00,11,324,9,24.1,7.9,0.01072
2020-11-19 10:11:00,11,324,10,648.4,7.9,0.56141
2020-11-19 11:11:00,11,324,11,532.7,7.9,0.4599
2020-11-19 12:11:00,11,324,12,331.7,7.9,0.2827
2020-11-19 13:11:00,11,324,13,365.9,7.9,0.31379
2020-11-19 14:11:00,11,324,14,175.4,7.9,0.14093
2020-11-19 15:11:00,11,324,15,6.2,7.9,0.00024
2020-11-19 16:11:00,11,324,16,0.0,6.84,0.0
2020-11-19 17:11:00,11,324,17,0.0,5.78,0.0
2020-11-19 18:11:00,11,324,18,0.0,5.78,0.0
2020-11-19 19:11:00,11,324,19,0.0,4.19,0.0
2020-11-19 20:11:00,11,324,20,0.0,3.66,0.0
2020-11-19 21:11:00,11,324,21,0.0,3.13,0.0
2020-11-19 22:11:00,11,324,22,0.0,2.6,0.0
2020-11-19 23:11:00,11,324,23,0.0,2.6,0.0
2020-11-20 00:11:00,11,325,0,0.0,2.07,0.0
2020-11-20 01:11:00,11,325,1,0.0,2.07,0.0
2020-11-20 02:11:00,11,325,2,0.0,2.07,0.0
2020-11-20 03:11:00,11,325,3,0.0,2.07,0.0
2020-11-20 04:11:00,11,325,4,0.0,2.6,0.0
2020-11-20 05:11:00,11,325,5,0.0,2.6,0.0
2020-11-20 06:11:00,11,325,6,0.0,3.13,0.0
2020-11-20 07:11:00,11,325,7,0.0,3.66,0.0
2020-11-20 08:11:00,11,325,8,8.0,4.72,0.00103
2020-11-20 09:11:00,11,325,9,10.7,5.78,0.00236
2020-11-20 10:11:00,11,325,10,126.0,6.31,0.09707
2020-11-20 11:11:00,11,325,11,71.4,7.37,0.04821
2020-11-20 12:11:00,11,325,12,56.2,7.9,0.03547
2020-11-20 13:11:00,11,325,13,82.8,7.9,0.05788
2020-11-20 14:11:00,11,325,14,17.8,8.43,0.00651
2020-11-20 15:11:00,11,325,15,32.0,8.43,0.01635
2020-11-20 16:11:00,11,325,16,0.0,8.96,0.0
2020-11-20 17:11:00,11,325,17,0.0,8.96,0.0
2020-11-20 18:11:00,11,325,18,0.0,9.49,0.0
2020-11-20 19:11:00,11,325,19,0.0,10.02,0.0
2020-11-20 20:11:00,11,325,20,0.0,10.02,0.0
2020-11-20 21:11:00,11,325,21,0.0,10.02,0.0
2020-11-20 22:11:00,11,325,22,0.0,10.02,0.0
2020-11-20 23:11:00,11,325,23,0.0,10.02,0.0
2020-11-21 00:11:00,11,326,0,0.0,10.02,0.0
2020-11-21 01:11:00,11,326,1,0.0,10.02,0.0
2020-11-21 02:11:00,11,326,2,0.0,9.49,0.0
2020-11-21 03:11:00,11,326,3,0.0,9.49,0.0
2020-11-21 04:11:00,11,326,4,0.0,9.49,0.0
2020-11-21 05:11:00,11,326,5,0.0,8.96,0.0
2020-11-21 06:11:00,11,326,6,0.0,8.96,0.0
2020-11-21 07:11:00,11,326,7,0.0,9.49,0.0
2020-11-21 08:11:00,11,326,8,45.7,8.96,0.02714
2020-11-21 09:11:00,11,326,9,46.9,9.49,0.02782
2020-11-21 10:11:00,11,326,10,74.4,10.02,0.05025
2020-11-21 11:11:00,11,326,11,167.2,11.09,0.13171
2020-11-21 12:11:00,11,326,12,130.4,11.61,0.09839
2020-11-21 13:11:00,11,326,13,238.6,11.61,0.19618
2020-11-21 14:11:00,11,326,14,231.8,11.61,0.18957
2020-11-21 15:11:00,11,326,15,84.5,11.61,0.05793
2020-11-21 16:11:00,11,326,16,0.0,11.09,0.0
2020-11-21 17:11:00,11,326,17,0.0,11.09,0.0
2020-11-21 18:11:00,11,326,18,0.0,11.09,0.0
2020-11-21 19:11:00,11,326,19,0.0,11.09,0.0
2020-11-21 20:11:00,11,326,20,0.0,11.09,0.0
2020-11-21 21:11:00,11,326,21,0.0,11.09,0.0
2020-11-21 22:11:00,11,326,22,0.0,10.55,0.0
2020-11-21 23:11:00,11,326,23,0.0,10.55,0.0
2020-11-22 00:11:00,11,327,0,0.0,10.02,0.0
2020-11-22 01:11:00,11,327,1,0.0,9.49,0.0
2020-11-22 02:11:00,11,327,2,0.0,8.43,0.0
2020-11-22 03:11:00,11,327,3,0.0,7.9,0.0
2020-11-22 04:11:00,11,327,4,0.0,7.37,0.0
2020-11-22 05:11:00,11,327,5,0.0,6.84,0.0
2020-11-22 06:11:00,11,327,6,0.0,6.31,0.0
2020-11-22 07:11:00,11,327,7,0.0,6.31,0.0
2020-11-22 08:11:00,11,327,8,24.5,6.31,0.01119
2020-11-22 09:11:00,11,327,9,409.5,6.31,0.35142
2020-11-22 10:11:00,11,327,10,70.0,7.9,0.04689
2020-11-22 11:11:00,11,327,11,681.6,7.9,0.57873
2020-11-22 12:11:00,11,327,12,301.4,8.43,0.25396
2020-11-22 13:11:00,11,327,13,695.5,8.43,0.58999
2020-11-22 14:11:00,11,327,14,471.7,8.43,0.40264
2020-11-22 15:11:00,11,327,15,156.0,7.9,0.12079
2020-11-22 16:11:00,11,327,16,0.0,7.9,0.0
2020-11-22 17:11:00,11,327,17,0.0,7.37,0.0
2020-11-22 18:11:00,11,327,18,0.0,6.31,0.0
2020-11-22 19:11:00,11,327,19,0.0,5.78,0.0
2020-11-22 20:11:00,11,327,20,0.0,4.72,0.0
2020-11-22 21:11:00,11,327,21,0.0,4.19,0.0
2020-11-22 22:11:00,11,327,22,0.0,3.66,0.0
2020-11-22 23:11:00,11,327,23,0.0,3.13,0.0
2020-11-23 00:11:00,11,328,0,0.0,2.6,0.0
2020-11-23 01:11:00,11,328,1,0.0,2.07,0.0
2020-11-23 02:11:00,11,328,2,0.0,2.07,0.0
2020-11-23 03:11:00,11,328,3,0.0,2.07,0.0
2020-11-23 04:11:00,11,328,4,0.0,2.07,0.0
2020-11-23 05:11:00,11,328,5,0.0,1.54,0.0
2020-11-23 06:11:00,11,328,6,0.0,1.01,0.0
2020-11-23 07:11:00,11,328,7,0.0,0.48,0.0
2020-11-23 08:11:00,11,328,8,23.4,0.48,0.01076
2020-11-23 09:11:00,11,328,9,366.0,2.07,0.31989
2020-11-23 10:11:00,11,328,10,325.7,4.72,0.28029
2020-11-23 11:11:00,11,328,11,218.9,6.84,0.18105
2020-11-23 12:11:00,11,328,12,442.3,7.9,0.38056
2020-11-23 13:11:00,11,328,13,442.6,7.9,0.38254
2020-11-23 14:11:00,11,328,14,385.7,8.43,0.32981
2020-11-23 15:11:00,11,328,15,206.8,8.43,0.16562
2020-11-23 16:11:00,11,328,16,0.0,8.43,0.0
2020-11-23 17:11:00,11,328,17,0.0,7.9,0.0
2020-11-23 18:11:00,11,328,18,0.0,7.9,0.0
2020-11-23 19:11:00,11,328,19,0.0,7.9,0.0
2020-11-23 20:11:00,11,328,20,0.0,7.9,0.0
2020-11-23 21:11:00,11,328,21,0.0,7.9,0.0
2020-11-23 22:11:00,11,328,22,0.0,8.96,0.0
2020-11-23 23:11:00,11,328,23,0.0,9.49,0.0
2020-11-24 00:11:00,11,329,0,0.0,9.49,0.0
2020-11-24 01:11:00,11,329,1,0.0,9.49,0.0
2020-11-24 02:11:00,11,329,2,0.0,9.49,0.0
2020-11-24 03:11:00,11,329,3,0.0,9.49,0.0
2020-11-24 04:11:00,11,329,4,0.0,8.96,0.0
2020-11-24 05:11:00,11,329,5,0.0,8.96,0.0
2020-11-24 06:11:00,11,329,6,0.0,8.43,0.0
2020-11-24 07:11:00,11,329,7,0.0,8.96,0.0
2020-11-24 08:11:00,11,329,8,1.8,8.96,0.0
2020-11-24 09:11:00,11,329,9,21.4,8.96,0.00883
2020-11-24 10:11:00,11,329,10,73.7,9.49,0.04977
2020-11-24 11:11:00,11,329,11,233.4,10.55,0.19227
2020-11-24 12:11:00,11,329,12,221.1,10.55,0.18086
2020-11-24 13:11:00,11,329,13,617.8,11.09,0.52705
2020-11-24 14:11:00,11,329,14,129.2,11.09,0.0979
2020-11-24 15:11:00,11,329,15,45.9,10.55,0.02668
2020-11-24 16:11:00,11,329,16,0.0,10.02,0.0
2020-11-24 17:11:00,11,329,17,0.0,9.49,0.0
2020-11-24 18:11:00,11,329,18,0.0,8.96,0.0
2020-11-24 19:11:00,11,329,19,0.0,8.96,0.0
2020-11-24 20:11:00,11,329,20,0.0,8.96,0.0
2020-11-24 21:11:00,11,329,21,0.0,9.49,0.0
2020-11-24 22:11:00,11,329,22,0.0,9.49,0.0
2020-11-24 23:11:00,11,329,23,0.0,10.02,0.0
2020-11-25 00:11:00,11,330,0,0.0,10.02,0.0
2020-11-25 01:11:00,11,330,1,0.0,10.55,0.0
2020-11-25 02:11:00,11,330,2,0.0,10.02,0.0
2020-11-25 03:11:00,11,330,3,0.0,10.55,0.0
2020-11-25 04:11:00,11,330,4,0.0,10.55,0.0
2020-11-25 05:11:00,11,330,5,0.0,10.55,0.0
2020-11-25 06:11:00,11,330,6,0.0,10.55,0.0
2020-11-25 07:11:00,11,330,7,0.0,10.02,0.0
2020-11-25 08:11:00,11,330,8,1.8,10.02,0.0
2020-11-25 09:11:00,11,330,9,83.6,9.49,0.05856
2020-11-25 10:11:00,11,330,10,17.8,8.96,0.00649
2020-11-25 11:11:00,11,330,11,32.1,7.9,0.0165
2020-11-25 12:11:00,11,330,12,378.5,7.37,0.32417
2020-11-25 13:11:00,11,330,13,204.1,7.9,0.16675
2020-11-25 14:11:00,11,330,14,77.0,7.9,0.05307
2020-11-25 15:11:00,11,330,15,51.3,7.9,0.0313
2020-11-25 16:11:00,11,330,16,0.0,7.37,0.0
2020-11-25 17:11:00,11,330,17,0.0,6.84,0.0
2020-11-25 18:11:00,11,330,18,0.0,5.78,0.0
2020-11-25 19:11:00,11,330,19,0.0,5.25,0.0
2020-11-25 20:11:00,11,330,20,0.0,4.19,0.0
2020-11-25 21:11:00,11,330,21,0.0,3.66,0.0
2020-11-25 22:11:00,11,330,22,0.0,2.6,0.0
2020-11-25 23:11:00,11,330,23,0.0,2.07,0.0
2020-11-26 00:11:00,11,331,0,0.0,1.54,0.0
2020-11-26 01:11:00,11,331,1,0.0,1.01,0.0
2020-11-26 02:11:00,11,331,2,0.0,1.01,0.0
2020-11-26 03:11:00,11,331,3,0.0,0.48,0.0
2020-11-26 04:11:00,11,331,4,0.0,0.48,0.0
2020-11-26 05:11:00,11,331,5,0.0,1.01,0.0
2020-11-26 06:11:00,11,331,6,0.0,1.01,0.0
2020-11-26 07:11:00,11,331,7,0.0,-0.04,0.0
2020-11-26 08:11:00,11,331,8,0.0,-0.04,0.0
2020-11-26 09:11:00,11,331,9,354.3,1.54,0.30713
2020-11-26 10:11:00,11,331,10,542.8,3.13,0.46524
2020-11-26 11:11:00,11,331,11,452.8,4.72,0.38753
2020-11-26 12:11:00,11,331,12,686.3,5.78,0.57543
2020-11-26 13:11:00,11,331,13,695.2,6.31,0.58277
2020-11-26 14:11:00,11,331,14,465.3,6.31,0.39602
2020-11-26 15:11:00,11,331,15,144.4,5.78,0.11141
2020-11-26 16:11:00,11,331,16,0.0,4.72,0.0
2020-11-26 17:11:00,11,331,17,0.0,4.72,0.0
2020-11-26 18:11:00,11,331,18,0.0,4.19,0.0
2020-11-26 19:11:00,11,331,19,0.0,4.19,0.0
2020-11-26 20:11:00,11,331,20,0.0,3.66,0.0
2020-11-26 21:11:00,11,331,21,0.0,3.13,0.0
2020-11-26 22:11:00,11,331,22,0.0,3.13,0.0
2020-11-26 23:11:00,11,331,23,0.0,3.13,0.0
2020-11-27 00:11:00,11,332,0,0.0,2.6,0.0
2020-11-27 01:11:00,11,332,1,0.0,2.6,0.0
2020-11-27 02:11:00,11,332,2,0.0,2.6,0.0
2020-11-27 03:11:00,11,332,3,0.0,2.6,0.0
2020-11-27 04:11:00,11,332,4,0.0,2.6,0.0
2020-11-27 05:11:00,11,332,5,0.0,2.6,0.0
2020-11-27 06:11:00,11,332,6,0.0,2.6,0.0
2020-11-27 07:11:00,11,332,7,0.0,3.13,0.0
2020-11-27 08:11:00,11,332,8,0.0,2.6,0.0
2020-11-27 09:11:00,11,332,9,53.4,2.6,0.03421
2020-11-27 10:11:00,11,332,10,110.9,4.19,0.08401
2020-11-27 11:11:00,11,332,11,552.8,5.25,0.47233
2020-11-27 12:11:00,11,332,12,584.4,5.78,0.49646
2020-11-27 13:11:00,11,332,13,555.4,6.31,0.47252
2020-11-27 14:11:00,11,332,14,438.7,6.31,0.3748
2020-11-27 15:11:00,11,332,15,72.4,5.78,0.04903
2020-11-27 16:11:00,11,332,16,0.0,4.72,0.0
2020-11-27 17:11:00,11,332,17,0.0,4.19,0.0
2020-11-27 18:11:00,11,332,18,0.0,3.66,0.0
2020-11-27 19:11:00,11,332,19,0.0,3.66,0.0
2020-11-27 20:11:00,11,332,20,0.0,4.19,0.0
2020-11-27 21:11:00,11,332,21,0.0,4.72,0.0
2020-11-27 22:11:00,11,332,22,0.0,4.72,0.0
2020-11-27 23:11:00,11,332,23,0.0,4.72,0.0
2020-11-28 00:11:00,11,333,0,0.0,4.72,0.0
2020-11-28 01:11:00,11,333,1,0.0,4.72,0.0
2020-11-28 02:11:00,11,333,2,0.0,4.72,0.0
2020-11-28 03:11:00,11,333,3,0.0,4.72,0.0
2020-11-28 04:11:00,11,333,4,0.0,5.25,0.0
2020-11-28 05:11:00,11,333,5,0.0,5.25,0.0
2020-11-28 06:11:00,11,333,6,0.0,5.78,0.0
2020-11-28 07:11:00,11,333,7,0.0,6.84,0.0
2020-11-28 08:11:00,11,333,8,0.0,6.84,0.0
2020-11-28 09:11:00,11,333,9,18.7,7.37,0.00712
2020-11-28 10:11:00,11,333,10,24.1,7.37,0.01074
2020-11-28 11:11:00,11,333,11,18.7,7.9,0.0071
2020-11-28 12:11:00,11,333,12,33.0,7.9,0.01716
2020-11-28 13:11:00,11,333,13,96.2,7.9,0.06955
2020-11-28 14:11:00,11,333,14,68.0,8.43,0.0453
2020-11-28 15:11:00,11,333,15,51.2,8.43,0.03112
2020-11-28 16:11:00,11,333,16,0.0,8.43,0.0
2020-11-28 17:11:00,11,333,17,0.0,7.9,0.0
2020-11-28 18:11:00,11,333,18,0.0,7.9,0.0
2020-11-28 19:11:00,11,333,19,0.0,7.9,0.0
2020-11-28 20:11:00,11,333,20,0.0,7.9,0.0
2020-11-28 21:11:00,11,333,21,0.0,7.9,0.0
2020-11-28 22:11:00,11,333,22,0.0,7.9,0.0
2020-11-28 23:11:00,11,333,23,0.0,7.37,0.0
2020-11-29 00:11:00,11,334,0,0.0,6.84,0.0
2020-11-29 01:11:00,11,334,1,0.0,6.31,0.0
2020-11-29 02:11:00,11,334,2,0.0,6.31,0.0
2020-11-29 03:11:00,11,334,3,0.0,6.31,0.0
2020-11-29 04:11:00,11,334,4,0.0,5.78,0.0
2020-11-29 05:11:00,11,334,5,0.0,5.78,0.0
2020-11-29 06:11:00,11,334,6,0.0,5.78,0.0
2020-11-29 07:11:00,11,334,7,0.0,6.31,0.0
2020-11-29 08:11:00,11,334,8,0.0,6.31,0.0
2020-11-29 09:11:00,11,334,9,14.3,5.78,0.00438
2020-11-29 10:11:00,11,334,10,14.3,6.31,0.00437
2020-11-29 11:11:00,11,334,11,79.6,6.31,0.05534
2020-11-29 12:11:00,11,334,12,48.2,6.31,0.0291
2020-11-29 13:11:00,11,334,13,39.3,6.31,0.02205
2020-11-29 14:11:00,11,334,14,76.2,6.31,0.05261
2020-11-29 15:11:00,11,334,15,17.0,6.31,0.00602
2020-11-29 16:11:00,11,334,16,0.0,6.31,0.0
2020-11-29 17:11:00,11,334,17,0.0,6.31,0.0
2020-11-29 18:11:00,11,334,18,0.0,6.31,0.0
2020-11-29 19:11:00,11,334,19,0.0,6.84,0.0
2020-11-29 20:11:00,11,334,20,0.0,6.84,0.0
2020-11-29 21:11:00,11,334,21,0.0,6.84,0.0
2020-11-29 22:11:00,11,334,22,0.0,6.84,0.0
2020-11-29 23:11:00,11,334,23,0.0,6.84,0.0
2020-11-30 00:11:00,11,335,0,0.0,6.84,0.0
2020-11-30 01:11:00,11,335,1,0.0,6.84,0.0
2020-11-30 02:11:00,11,335,2,0.0,6.84,0.0
2020-11-30 03:11:00,11,335,3,0.0,6.84,0.0
2020-11-30 04:11:00,11,335,4,0.0,6.84,0.0
2020-11-30 05:11:00,11,335,5,0.0,6.84,0.0
2020-11-30 06:11:00,11,335,6,0.0,6.84,0.0
2020-11-30 07:11:00,11,335,7,0.0,5.78,0.0
2020-11-30 08:11:00,11,335,8,0.0,5.78,0.0
2020-11-30 09:11:00,11,335,9,17.8,6.31,0.00659
2020-11-30 10:11:00,11,335,10,24.1,6.84,0.01077
2020-11-30 11:11:00,11,335,11,62.5,7.9,0.04061
2020-11-30 12:11:00,11,335,12,58.0,7.9,0.03694
2020-11-30 13:11:00,11,335,13,111.7,7.9,0.08361
2020-11-30 14:11:00,11,335,14,268.6,8.43,0.22566
2020-11-30 15:11:00,11,335,15,105.6,8.43,0.07689
2020-11-30 16:11:00,11,335,16,0.0,8.43,0.0
2020-11-30 17:11:00,11,335,17,0.0,8.96,0.0
2020-11-30 18:11:00,11,335,18,0.0,8.96,0.0
2020-11-30 19:11:00,11,335,19,0.0,8.96,0.0
2020-11-30 20:11:00,11,335,20,0.0,7.9,0.0
2020-11-30 21:11:00,11,335,21,0.0,6.84,0.0
2020-11-30 22:11:00,11,335,22,0.0,5.78,0.0
2020-11-30 23:11:00,11,335,23,0.0,5.25,0.0
2020-12-01 00:11:00,12,336,0,0.0,4.72,0.0
2020-12-01 01:11:00,12,336,1,0.0,4.19,0.0
2020-12-01 02:11:00,12,336,2,0.0,3.66,0.0
2020-12-01 03:11:00,12,336,3,0.0,3.66,0.0
2020-12-01 04:11:00,12,336,4,0.0,3.13,0.0
2020-12-01 05:11:00,12,336,5,0.0,3.13,0.0
2020-12-01 06:11:00,12,336,6,0.0,3.13,0.0
2020-12-01 07:11:00,12,336,7,0.0,2.07,0.0
2020-12-01 08:11:00,12,336,8,0.0,1.54,0.0
2020-12-01 09:11:00,12,336,9,302.4,2.07,0.26353
2020-12-01 10:11:00,12,336,10,552.6,3.13,0.48434
2020-12-01 11:11:00,12,336,11,669.1,4.72,0.57996
2020-12-01 12:11:00,12,336,12,648.0,5.78,0.55949
2020-12-01 13:11:00,12,336,13,657.9,6.31,0.56465
2020-12-01 14:11:00,12,336,14,431.9,6.31,0.37129
2020-12-01 15:11:00,12,336,15,145.4,5.78,0.11249
2020-12-01 16:11:00,12,336,16,0.0,4.19,0.0
2020-12-01 17:11:00,12,336,17,0.0,3.66,0.0
2020-12-01 18:11:00,12,336,18,0.0,3.13,0.0
2020-12-01 19:11:00,12,336,19,0.0,3.13,0.0
2020-12-01 20:11:00,12,336,20,0.0,2.07,0.0
2020-12-01 21:11:00,12,336,21,0.0,1.54,0.0
2020-12-01 22:11:00,12,336,22,0.0,1.01,0.0
2020-12-01 23:11:00,12,336,23,0.0,0.48,0.0
2020-12-02 00:11:00,12,337,0,0.0,0.48,0.0
2020-12-02 01:11:00,12,337,1,0.0,1.01,0.0
2020-12-02 02:11:00,12,337,2,0.0,1.01,0.0
2020-12-02 03:11:00,12,337,3,0.0,1.01,0.0
2020-12-02 04:11:00,12,337,4,0.0,2.07,0.0
2020-12-02 05:11:00,12,337,5,0.0,2.6,0.0
2020-12-02 06:11:00,12,337,6,0.0,3.66,0.0
2020-12-02 07:11:00,12,337,7,0.0,3.13,0.0
2020-12-02 08:11:00,12,337,8,0.0,3.66,0.0
2020-12-02 09:11:00,12,337,9,343.8,4.72,0.29632
2020-12-02 10:11:00,12,337,10,19.6,5.25,0.0078
2020-12-02 11:11:00,12,337,11,198.2,6.31,0.16245
2020-12-02 12:11:00,12,337,12,52.7,6.84,0.03269
2020-12-02 13:11:00,12,337,13,99.8,7.37,0.07298
2020-12-02 14:11:00,12,337,14,32.1,7.9,0.0165
2020-12-02 15:11:00,12,337,15,25.4,7.9,0.01161
2020-12-02 16:11:00,12,337,16,0.0,7.37,0.0
2020-12-02 17:11:00,12,337,17,0.0,6.31,0.0
2020-12-02 18:11:00,12,337,18,0.0,4.72,0.0
2020-12-02 19:11:00,12,337,19,0.0,4.72,0.0
2020-12-02 20:11:00,12,337,20,0.0,3.66,0.0
2020-12-02 21:11:00,12,337,21,0.0,3.66,0.0
2020-12-02 22:11:00,12,337,22,0.0,3.13,0.0
2020-12-02 23:11:00,12,337,23,0.0,2.6,0.0
2020-12-03 00:11:00,12,338,0,0.0,2.6,0.0
2020-12-03 01:11:00,12,338,1,0.0,3.13,0.0
2020-12-03 02:11:00,12,338,2,0.0,3.13,0.0
2020-12-03 03:11:00,12,338,3,0.0,3.66,0.0
2020-12-03 04:11:00,12,338,4,0.0,3.66,0.0
2020-12-03 05:11:00,12,338,5,0.0,3.66,0.0
2020-12-03 06:11:00,12,338,6,0.0,4.19,0.0
2020-12-03 07:11:00,12,338,7,0.0,3.66,0.0
2020-12-03 08:11:00,12,338,8,0.0,4.19,0.0
2020-12-03 09:11:00,12,338,9,15.2,4.19,0.00498
2020-12-03 10:11:00,12,338,10,41.1,4.19,0.02375
2020-12-03 11:11:00,12,338,11,58.0,4.19,0.03758
2020-12-03 12:11:00,12,338,12,76.0,4.72,0.0528
2020-12-03 13:11:00,12,338,13,96.1,4.72,0.07049
2020-12-03 14:11:00,12,338,14,81.6,4.72,0.05794
2020-12-03 15:11:00,12,338,15,26.5,4.19,0.01261
2020-12-03 16:11:00,12,338,16,0.0,4.19,0.0
2020-12-03 17:11:00,12,338,17,0.0,3.66,0.0
2020-12-03 18:11:00,12,338,18,0.0,3.66,0.0
2020-12-03 19:11:00,12,338,19,0.0,3.66,0.0
2020-12-03 20:11:00,12,338,20,0.0,3.66,0.0
2020-12-03 21:11:00,12,338,21,0.0,3.13,0.0
2020-12-03 22:11:00,12,338,22,0.0,3.13,0.0
2020-12-03 23:11:00,12,338,23,0.0,2.6,0.0
2020-12-04 00:11:00,12,339,0,0.0,2.07,0.0
2020-12-04 01:11:00,12,339,1,0.0,1.54,0.0
2020-12-04 02:11:00,12,339,2,0.0,1.54,0.0
2020-12-04 03:11:00,12,339,3,0.0,2.07,0.0
2020-12-04 04:11:00,12,339,4,0.0,2.07,0.0
2020-12-04 05:11:00,12,339,5,0.0,2.6,0.0
2020-12-04 06:11:00,12,339,6,0.0,2.6,0.0
2020-12-04 07:11:00,12,339,7,0.0,2.6,0.0
2020-12-04 08:11:00,12,339,8,0.0,2.6,0.0
2020-12-04 09:11:00,12,339,9,16.1,3.13,0.00557
2020-12-04 10:11:00,12,339,10,22.3,3.13,0.00974
2020-12-04 11:11:00,12,339,11,46.4,3.66,0.02815
2020-12-04 12:11:00,12,339,12,33.0,4.19,0.01752
2020-12-04 13:11:00,12,339,13,68.1,4.19,0.04628
2020-12-04 14:11:00,12,339,14,38.4,4.19,0.02167
2020-12-04 15:11:00,12,339,15,14.3,4.19,0.00443
2020-12-04 16:11:00,12,339,16,0.0,4.19,0.0
2020-12-04 17:11:00,12,339,17,0.0,3.66,0.0
2020-12-04 18:11:00,12,339,18,0.0,3.66,0.0
2020-12-04 19:11:00,12,339,19,0.0,3.13,0.0
2020-12-04 20:11:00,12,339,20,0.0,3.13,0.0
2020-12-04 21:11:00,12,339,21,0.0,2.6,0.0
2020-12-04 22:11:00,12,339,22,0.0,2.07,0.0
2020-12-04 23:11:00,12,339,23,0.0,2.07,0.0
2020-12-05 00:11:00,12,340,0,0.0,2.07,0.0
2020-12-05 01:11:00,12,340,1,0.0,2.07,0.0
2020-12-05 02:11:00,12,340,2,0.0,2.6,0.0
2020-12-05 03:11:00,12,340,3,0.0,3.13,0.0
2020-12-05 04:11:00,12,340,4,0.0,3.13,0.0
2020-12-05 05:11:00,12,340,5,0.0,3.13,0.0
2020-12-05 06:11:00,12,340,6,0.0,3.13,0.0
2020-12-05 07:11:00,12,340,7,0.0,3.66,0.0
2020-12-05 08:11:00,12,340,8,0.0,3.13,0.0
2020-12-05 09:11:00,12,340,9,229.8,3.13,0.19591
2020-12-05 10:11:00,12,340,10,616.1,3.66,0.54217
2020-12-05 11:11:00,12,340,11,644.8,4.72,0.56537
2020-12-05 12:11:00,12,340,12,391.4,5.78,0.34034
2020-12-05 13:11:00,12,340,13,581.0,5.78,0.50616
2020-12-05 14:11:00,12,340,14,256.8,5.78,0.21699
2020-12-05 15:11:00,12,340,15,81.4,5.25,0.05696
2020-12-05 16:11:00,12,340,16,0.0,4.19,0.0
2020-12-05 17:11:00,12,340,17,0.0,3.66,0.0
2020-12-05 18:11:00,12,340,18,0.0,2.6,0.0
2020-12-05 19:11:00,12,340,19,0.0,2.6,0.0
2020-12-05 20:11:00,12,340,20,0.0,2.07,0.0
2020-12-05 21:11:00,12,340,21,0.0,1.54,0.0
2020-12-05 22:11:00,12,340,22,0.0,1.54,0.0
2020-12-05 23:11:00,12,340,23,0.0,1.01,0.0
2020-12-06 00:11:00,12,341,0,0.0,1.01,0.0
2020-12-06 01:11:00,12,341,1,0.0,0.48,0.0
2020-12-06 02:11:00,12,341,2,0.0,0.48,0.0
2020-12-06 03:11:00,12,341,3,0.0,0.48,0.0
2020-12-06 04:11:00,12,341,4,0.0,0.48,0.0
2020-12-06 05:11:00,12,341,5,0.0,1.01,0.0
2020-12-06 06:11:00,12,341,6,0.0,0.48,0.0
2020-12-06 07:11:00,12,341,7,0.0,-0.04,0.0
2020-12-06 08:11:00,12,341,8,0.0,-0.04,0.0
2020-12-06 09:11:00,12,341,9,7.1,-0.04,0.00067
2020-12-06 10:11:00,12,341,10,14.3,1.54,0.00451
2020-12-06 11:11:00,12,341,11,55.3,2.6,0.03561
2020-12-06 12:11:00,12,341,12,78.8,3.13,0.05558
2020-12-06 13:11:00,12,341,13,201.9,3.13,0.16803
2020-12-06 14:11:00,12,341,14,233.7,3.13,0.19666
2020-12-06 15:11:00,12,341,15,110.8,3.13,0.0829
2020-12-06 16:11:00,12,341,16,0.0,3.13,0.0
2020-12-06 17:11:00,12,341,17,0.0,3.13,0.0
2020-12-06 18:11:00,12,341,18,0.0,2.6,0.0
2020-12-06 19:11:00,12,341,19,0.0,3.13,0.0
2020-12-06 20:11:00,12,341,20,0.0,3.13,0.0
2020-12-06 21:11:00,12,341,21,0.0,2.6,0.0
2020-12-06 22:11:00,12,341,22,0.0,2.6,0.0
2020-12-06 23:11:00,12,341,23,0.0,2.6,0.0
2020-12-07 00:11:00,12,342,0,0.0,2.07,0.0
2020-12-07 01:11:00,12,342,1,0.0,2.07,0.0
2020-12-07 02:11:00,12,342,2,0.0,2.07,0.0
2020-12-07 03:11:00,12,342,3,0.0,1.54,0.0
2020-12-07 04:11:00,12,342,4,0.0,1.01,0.0
2020-12-07 05:11:00,12,342,5,0.0,1.01,0.0
2020-12-07 06:11:00,12,342,6,0.0,1.01,0.0
2020-12-07 07:11:00,12,342,7,0.0,1.01,0.0
2020-12-07 08:11:00,12,342,8,0.0,1.01,0.0
2020-12-07 09:11:00,12,342,9,38.2,1.01,0.02193
2020-12-07 10:11:00,12,342,10,39.3,1.01,0.02269
2020-12-07 11:11:00,12,342,11,93.6,1.01,0.06952
2020-12-07 12:11:00,12,342,12,67.8,1.01,0.04652
2020-12-07 13:11:00,12,342,13,60.7,1.54,0.04028
2020-12-07 14:11:00,12,342,14,321.5,2.07,0.27775
2020-12-07 15:11:00,12,342,15,24.2,2.07,0.01112
2020-12-07 16:11:00,12,342,16,0.0,2.07,0.0
2020-12-07 17:11:00,12,342,17,0.0,2.07,0.0
2020-12-07 18:11:00,12,342,18,0.0,2.07,0.0
2020-12-07 19:11:00,12,342,19,0.0,1.54,0.0
2020-12-07 20:11:00,12,342,20,0.0,2.07,0.0
2020-12-07 21:11:00,12,342,21,0.0,1.54,0.0
2020-12-07 22:11:00,12,342,22,0.0,2.07,0.0
2020-12-07 23:11:00,12,342,23,0.0,2.07,0.0
2020-12-08 00:11:00,12,343,0,0.0,2.07,0.0
2020-12-08 01:11:00,12,343,1,0.0,1.54,0.0
2020-12-08 02:11:00,12,343,2,0.0,2.07,0.0
2020-12-08 03:11:00,12,343,3,0.0,2.07,0.0
2020-12-08 04:11:00,12,343,4,0.0,2.07,0.0
2020-12-08 05:11:00,12,343,5,0.0,2.07,0.0
2020-12-08 06:11:00,12,343,6,0.0,2.07,0.0
2020-12-08 07:11:00,12,343,7,0.0,0.48,0.0
2020-12-08 08:11:00,12,343,8,0.0,-0.04,0.0
2020-12-08 09:11:00,12,343,9,88.6,0.48,0.06599
2020-12-08 10:11:00,12,343,10,127.1,2.07,0.1002
2020-12-08 11:11:00,12,343,11,173.9,3.66,0.1422
2020-12-08 12:11:00,12,343,12,219.4,4.19,0.18384
2020-12-08 13:11:00,12,343,13,573.5,5.25,0.49797
2020-12-08 14:11:00,12,343,14,150.9,5.25,0.12034
2020-12-08 15:11:00,12,343,15,51.7,4.72,0.0321
2020-12-08 16:11:00,12,343,16,0.0,4.19,0.0
2020-12-08 17:11:00,12,343,17,0.0,4.19,0.0
2020-12-08 18:11:00,12,343,18,0.0,4.19,0.0
2020-12-08 19:11:00,12,343,19,0.0,4.72,0.0
2020-12-08 20:11:00,12,343,20,0.0,4.72,0.0
2020-12-08 21:11:00,12,343,21,0.0,4.72,0.0
2020-12-08 22:11:00,12,343,22,0.0,5.25,0.0
2020-12-08 23:11:00,12,343,23,0.0,5.25,0.0
2020-12-09 00:11:00,12,344,0,0.0,5.25,0.0
2020-12-09 01:11:00,12,344,1,0.0,5.25,0.0
2020-12-09 02:11:00,12,344,2,0.0,5.25,0.0
2020-12-09 03:11:00,12,344,3,0.0,5.25,0.0
2020-12-09 04:11:00,12,344,4,0.0,5.25,0.0
2020-12-09 05:11:00,12,344,5,0.0,5.25,0.0
2020-12-09 06:11:00,12,344,6,0.0,4.72,0.0
2020-12-09 07:11:00,12,344,7,0.0,5.25,0.0
2020-12-09 08:11:00,12,344,8,0.0,4.72,0.0
2020-12-09 09:11:00,12,344,9,317.4,4.72,0.27386
2020-12-09 10:11:00,12,344,10,133.8,4.72,0.1052
2020-12-09 11:11:00,12,344,11,110.2,4.72,0.08333
2020-12-09 12:11:00,12,344,12,69.6,5.25,0.04715
2020-12-09 13:11:00,12,344,13,105.1,5.78,0.07835
2020-12-09 14:11:00,12,344,14,32.1,5.78,0.01668
2020-12-09 15:11:00,12,344,15,23.5,5.25,0.01042
2020-12-09 16:11:00,12,344,16,0.0,4.19,0.0
2020-12-09 17:11:00,12,344,17,0.0,3.66,0.0
2020-12-09 18:11:00,12,344,18,0.0,3.66,0.0
2020-12-09 19:11:00,12,344,19,0.0,4.19,0.0
2020-12-09 20:11:00,12,344,20,0.0,4.19,0.0
2020-12-09 21:11:00,12,344,21,0.0,4.19,0.0
2020-12-09 22:11:00,12,344,22,0.0,4.19,0.0
2020-12-09 23:11:00,12,344,23,0.0,4.72,0.0
2020-12-10 00:11:00,12,345,0,0.0,5.25,0.0
2020-12-10 01:11:00,12,345,1,0.0,5.25,0.0
2020-12-10 02:11:00,12,345,2,0.0,5.78,0.0
2020-12-10 03:11:00,12,345,3,0.0,5.78,0.0
2020-12-10 04:11:00,12,345,4,0.0,5.78,0.0
2020-12-10 05:11:00,12,345,5,0.0,6.31,0.0
2020-12-10 06:11:00,12,345,6,0.0,6.31,0.0
2020-12-10 07:11:00,12,345,7,0.0,5.78,0.0
2020-12-10 08:11:00,12,345,8,0.0,5.78,0.0
2020-12-10 09:11:00,12,345,9,6.2,5.78,0.00026
2020-12-10 10:11:00,12,345,10,96.1,5.78,0.0707
2020-12-10 11:11:00,12,345,11,43.7,6.31,0.02563
2020-12-10 12:11:00,12,345,12,39.3,6.84,0.02206
2020-12-10 13:11:00,12,345,13,21.4,6.84,0.00893
2020-12-10 14:11:00,12,345,14,58.5,6.84,0.03773
2020-12-10 15:11:00,12,345,15,3.6,6.84,0.0
2020-12-10 16:11:00,12,345,16,0.0,6.84,0.0
2020-12-10 17:11:00,12,345,17,0.0,6.84,0.0
2020-12-10 18:11:00,12,345,18,0.0,6.84,0.0
2020-12-10 19:11:00,12,345,19,0.0,6.84,0.0
2020-12-10 20:11:00,12,345,20,0.0,6.84,0.0
2020-12-10 21:11:00,12,345,21,0.0,6.84,0.0
2020-12-10 22:11:00,12,345,22,0.0,6.84,0.0
2020-12-10 23:11:00,12,345,23,0.0,7.37,0.0
2020-12-11 00:11:00,12,346,0,0.0,7.37,0.0
2020-12-11 01:11:00,12,346,1,0.0,7.9,0.0
2020-12-11 02:11:00,12,346,2,0.0,7.9,0.0
2020-12-11 03:11:00,12,346,3,0.0,7.9,0.0
2020-12-11 04:11:00,12,346,4,0.0,7.9,0.0
2020-12-11 05:11:00,12,346,5,0.0,7.9,0.0
2020-12-11 06:11:00,12,346,6,0.0,7.9,0.0
2020-12-11 07:11:00,12,346,7,0.0,7.9,0.0
2020-12-11 08:11:00,12,346,8,0.0,7.9,0.0
2020-12-11 09:11:00,12,346,9,5.4,7.9,0.0
2020-12-11 10:11:00,12,346,10,73.8,7.9,0.05041
2020-12-11 11:11:00,12,346,11,350.9,8.43,0.29785
2020-12-11 12:11:00,12,346,12,400.0,8.96,0.34015
2020-12-11 13:11:00,12,346,13,213.1,9.49,0.17346
2020-12-11 14:11:00,12,346,14,118.8,8.96,0.08947
2020-12-11 15:11:00,12,346,15,59.5,8.43,0.03781
2020-12-11 16:11:00,12,346,16,0.0,7.9,0.0
2020-12-11 17:11:00,12,346,17,0.0,6.84,0.0
2020-12-11 18:11:00,12,346,18,0.0,5.78,0.0
2020-12-11 19:11:00,12,346,19,0.0,5.78,0.0
2020-12-11 20:11:00,12,346,20,0.0,5.25,0.0
2020-12-11 21:11:00,12,346,21,0.0,5.25,0.0
2020-12-11 22:11:00,12,346,22,0.0,5.25,0.0
2020-12-11 23:11:00,12,346,23,0.0,5.25,0.0
2020-12-12 00:11:00,12,347,0,0.0,5.78,0.0
2020-12-12 01:11:00,12,347,1,0.0,5.78,0.0
2020-12-12 02:11:00,12,347,2,0.0,6.31,0.0
2020-12-12 03:11:00,12,347,3,0.0,6.31,0.0
2020-12-12 04:11:00,12,347,4,0.0,6.84,0.0
2020-12-12 05:11:00,12,347,5,0.0,6.84,0.0
2020-12-12 06:11:00,12,347,6,0.0,7.37,0.0
2020-12-12 07:11:00,12,347,7,0.0,7.9,0.0
2020-12-12 08:11:00,12,347,8,0.0,7.9,0.0
2020-12-12 09:11:00,12,347,9,7.1,7.9,0.00061
2020-12-12 10:11:00,12,347,10,56.7,7.37,0.03606
2020-12-12 11:11:00,12,347,11,49.1,7.37,0.02977
2020-12-12 12:11:00,12,347,12,59.8,6.84,0.03862
2020-12-12 13:11:00,12,347,13,59.8,7.37,0.03852
2020-12-12 14:11:00,12,347,14,35.7,7.37,0.01925
2020-12-12 15:11:00,12,347,15,75.6,6.84,0.05162
2020-12-12 16:11:00,12,347,16,0.0,6.31,0.0
2020-12-12 17:11:00,12,347,17,0.0,5.78,0.0
2020-12-12 18:11:00,12,347,18,0.0,5.25,0.0
2020-12-12 19:11:00,12,347,19,0.0,4.19,0.0
2020-12-12 20:11:00,12,347,20,0.0,3.13,0.0
2020-12-12 21:11:00,12,347,21,0.0,2.6,0.0
2020-12-12 22:11:00,12,347,22,0.0,2.07,0.0
2020-12-12 23:11:00,12,347,23,0.0,1.54,0.0
2020-12-13 00:11:00,12,348,0,0.0,1.54,0.0
2020-12-13 01:11:00,12,348,1,0.0,0.48,0.0
2020-12-13 02:11:00,12,348,2,0.0,0.48,0.0
2020-12-13 03:11:00,12,348,3,0.0,0.48,0.0
2020-12-13 04:11:00,12,348,4,0.0,1.54,0.0
2020-12-13 05:11:00,12,348,5,0.0,2.6,0.0
2020-12-13 06:11:00,12,348,6,0.0,3.13,0.0
2020-12-13 07:11:00,12,348,7,0.0,3.66,0.0
2020-12-13 08:11:00,12,348,8,0.0,4.72,0.0
2020-12-13 09:11:00,12,348,9,10.7,5.25,0.00237
2020-12-13 10:11:00,12,348,10,19.6,5.78,0.00779
2020-12-13 11:11:00,12,348,11,33.0,6.84,0.01728
2020-12-13 12:11:00,12,348,12,65.2,7.37,0.04302
2020-12-13 13:11:00,12,348,13,24.1,7.9,0.01072
2020-12-13 14:11:00,12,348,14,17.8,8.43,0.00651
2020-12-13 15:11:00,12,348,15,24.7,8.96,0.01106
2020-12-13 16:11:00,12,348,16,0.0,10.02,0.0
2020-12-13 17:11:00,12,348,17,0.0,10.55,0.0
2020-12-13 18:11:00,12,348,18,0.0,10.55,0.0
2020-12-13 19:11:00,12,348,19,0.0,10.55,0.0
2020-12-13 20:11:00,12,348,20,0.0,10.55,0.0
2020-12-13 21:11:00,12,348,21,0.0,10.55,0.0
2020-12-13 22:11:00,12,348,22,0.0,10.02,0.0
2020-12-13 23:11:00,12,348,23,0.0,9.49,0.0
2020-12-14 00:11:00,12,349,0,0.0,9.49,0.0
2020-12-14 01:11:00,12,349,1,0.0,9.49,0.0
2020-12-14 02:11:00,12,349,2,0.0,9.49,0.0
2020-12-14 03:11:00,12,349,3,0.0,9.49,0.0
2020-12-14 04:11:00,12,349,4,0.0,8.96,0.0
2020-12-14 05:11:00,12,349,5,0.0,8.96,0.0
2020-12-14 06:11:00,12,349,6,0.0,8.43,0.0
2020-12-14 07:11:00,12,349,7,0.0,8.43,0.0
2020-12-14 08:11:00,12,349,8,0.0,7.9,0.0
2020-12-14 09:11:00,12,349,9,370.7,7.9,0.32047
2020-12-14 10:11:00,12,349,10,452.0,8.43,0.393
2020-12-14 11:11:00,12,349,11,501.7,9.49,0.43453
2020-12-14 12:11:00,12,349,12,699.3,10.02,0.60209
2020-12-14 13:11:00,12,349,13,287.2,10.02,0.24205
2020-12-14 14:11:00,12,349,14,214.7,10.02,0.17585
2020-12-14 15:11:00,12,349,15,32.6,9.49,0.01664
2020-12-14 16:11:00,12,349,16,0.0,8.96,0.0
2020-12-14 17:11:00,12,349,17,0.0,8.43,0.0
2020-12-14 18:11:00,12,349,18,0.0,8.43,0.0
2020-12-14 19:11:00,12,349,19,0.0,8.43,0.0
2020-12-14 20:11:00,12,349,20,0.0,8.43,0.0
2020-12-14 21:11:00,12,349,21,0.0,7.9,0.0
2020-12-14 22:11:00,12,349,22,0.0,7.9,0.0
2020-12-14 23:11:00,12,349,23,0.0,7.9,0.0
2020-12-15 00:11:00,12,350,0,0.0,7.37,0.0
2020-12-15 01:11:00,12,350,1,0.0,6.84,0.0
2020-12-15 02:11:00,12,350,2,0.0,6.84,0.0
2020-12-15 03:11:00,12,350,3,0.0,6.84,0.0
2020-12-15 04:11:00,12,350,4,0.0,6.84,0.0
2020-12-15 05:11:00,12,350,5,0.0,6.31,0.0
2020-12-15 06:11:00,12,350,6,0.0,6.31,0.0
2020-12-15 07:11:00,12,350,7,0.0,6.31,0.0
2020-12-15 08:11:00,12,350,8,0.0,6.31,0.0
2020-12-15 09:11:00,12,350,9,289.0,6.31,0.24697
2020-12-15 10:11:00,12,350,10,484.6,6.84,0.42084
2020-12-15 11:11:00,12,350,11,673.4,7.9,0.57729
2020-12-15 12:11:00,12,350,12,609.5,8.43,0.5242
2020-12-15 13:11:00,12,350,13,590.1,8.96,0.50986
2020-12-15 14:11:00,12,350,14,403.6,8.96,0.34586
2020-12-15 15:11:00,12,350,15,116.3,8.96,0.08605
2020-12-15 16:11:00,12,350,16,0.0,7.9,0.0
2020-12-15 17:11:00,12,350,17,0.0,7.9,0.0
2020-12-15 18:11:00,12,350,18,0.0,7.37,0.0
2020-12-15 19:11:00,12,350,19,0.0,6.84,0.0
2020-12-15 20:11:00,12,350,20,0.0,6.84,0.0
2020-12-15 21:11:00,12,350,21,0.0,6.31,0.0
2020-12-15 22:11:00,12,350,22,0.0,6.31,0.0
2020-12-15 23:11:00,12,350,23,0.0,6.84,0.0
2020-12-16 00:11:00,12,351,0,0.0,7.37,0.0
2020-12-16 01:11:00,12,351,1,0.0,7.37,0.0
2020-12-16 02:11:00,12,351,2,0.0,7.9,0.0
2020-12-16 03:11:00,12,351,3,0.0,7.9,0.0
2020-12-16 04:11:00,12,351,4,0.0,7.9,0.0
2020-12-16 05:11:00,12,351,5,0.0,7.9,0.0
2020-12-16 06:11:00,12,351,6,0.0,7.9,0.0
2020-12-16 07:11:00,12,351,7,0.0,8.43,0.0
2020-12-16 08:11:00,12,351,8,0.0,8.43,0.0
2020-12-16 09:11:00,12,351,9,22.3,7.9,0.00949
2020-12-16 10:11:00,12,351,10,38.4,8.43,0.0212
2020-12-16 11:11:00,12,351,11,52.7,8.43,0.03251
2020-12-16 12:11:00,12,351,12,53.6,8.43,0.03323
2020-12-16 13:11:00,12,351,13,32.1,8.43,0.01647
2020-12-16 14:11:00,12,351,14,20.5,8.96,0.00823
2020-12-16 15:11:00,12,351,15,8.9,8.96,0.00141
2020-12-16 16:11:00,12,351,16,0.0,8.96,0.0
2020-12-16 17:11:00,12,351,17,0.0,8.43,0.0
2020-12-16 18:11:00,12,351,18,0.0,7.9,0.0
2020-12-16 19:11:00,12,351,19,0.0,7.37,0.0
2020-12-16 20:11:00,12,351,20,0.0,6.31,0.0
2020-12-16 21:11:00,12,351,21,0.0,5.78,0.0
2020-12-16 22:11:00,12,351,22,0.0,5.78,0.0
2020-12-16 23:11:00,12,351,23,0.0,5.25,0.0
2020-12-17 00:11:00,12,352,0,0.0,5.25,0.0
2020-12-17 01:11:00,12,352,1,0.0,5.25,0.0
2020-12-17 02:11:00,12,352,2,0.0,5.25,0.0
2020-12-17 03:11:00,12,352,3,0.0,5.25,0.0
2020-12-17 04:11:00,12,352,4,0.0,5.25,0.0
2020-12-17 05:11:00,12,352,5,0.0,5.25,0.0
2020-12-17 06:11:00,12,352,6,0.0,5.25,0.0
2020-12-17 07:11:00,12,352,7,0.0,5.78,0.0
2020-12-17 08:11:00,12,352,8,0.0,5.78,0.0
2020-12-17 09:11:00,12,352,9,277.6,6.31,0.23675
2020-12-17 10:11:00,12,352,10,507.5,6.84,0.44133
2020-12-17 11:11:00,12,352,11,635.8,7.9,0.54698
2020-12-17 12:11:00,12,352,12,632.7,7.9,0.54631
2020-12-17 13:11:00,12,352,13,598.8,8.43,0.51335
2020-12-17 14:11:00,12,352,14,409.9,8.43,0.35197
2020-12-17 15:11:00,12,352,15,117.8,8.43,0.08761
2020-12-17 16:11:00,12,352,16,0.0,8.43,0.0
2020-12-17 17:11:00,12,352,17,0.0,8.43,0.0
2020-12-17 18:11:00,12,352,18,0.0,8.43,0.0
2020-12-17 19:11:00,12,352,19,0.0,8.43,0.0
2020-12-17 20:11:00,12,352,20,0.0,8.43,0.0
2020-12-17 21:11:00,12,352,21,0.0,8.96,0.0
2020-12-17 22:11:00,12,352,22,0.0,9.49,0.0
2020-12-17 23:11:00,12,352,23,0.0,9.49,0.0
2020-12-18 00:11:00,12,353,0,0.0,9.49,0.0
2020-12-18 01:11:00,12,353,1,0.0,9.49,0.0
2020-12-18 02:11:00,12,353,2,0.0,10.02,0.0
2020-12-18 03:11:00,12,353,3,0.0,10.02,0.0
2020-12-18 04:11:00,12,353,4,0.0,10.55,0.0
2020-12-18 05:11:00,12,353,5,0.0,10.55,0.0
2020-12-18 06:11:00,12,353,6,0.0,11.09,0.0
2020-12-18 07:11:00,12,353,7,0.0,11.09,0.0
2020-12-18 08:11:00,12,353,8,0.0,11.09,0.0
2020-12-18 09:11:00,12,353,9,40.9,11.09,0.02316
2020-12-18 10:11:00,12,353,10,31.2,11.09,0.01559
2020-12-18 11:11:00,12,353,11,38.4,11.61,0.02086
2020-12-18 12:11:00,12,353,12,17.0,11.61,0.00583
2020-12-18 13:11:00,12,353,13,30.4,11.61,0.0149
2020-12-18 14:11:00,12,353,14,90.1,12.15,0.06354
2020-12-18 15:11:00,12,353,15,3.6,12.15,0.0
2020-12-18 16:11:00,12,353,16,0.0,12.15,0.0
2020-12-18 17:11:00,12,353,17,0.0,12.15,0.0
2020-12-18 18:11:00,12,353,18,0.0,12.15,0.0
2020-12-18 19:11:00,12,353,19,0.0,11.61,0.0
2020-12-18 20:11:00,12,353,20,0.0,11.09,0.0
2020-12-18 21:11:00,12,353,21,0.0,11.09,0.0
2020-12-18 22:11:00,12,353,22,0.0,11.09,0.0
2020-12-18 23:11:00,12,353,23,0.0,11.09,0.0
2020-12-19 00:11:00,12,354,0,0.0,11.09,0.0
2020-12-19 01:11:00,12,354,1,0.0,10.55,0.0
2020-12-19 02:11:00,12,354,2,0.0,10.55,0.0
2020-12-19 03:11:00,12,354,3,0.0,10.02,0.0
2020-12-19 04:11:00,12,354,4,0.0,10.02,0.0
2020-12-19 05:11:00,12,354,5,0.0,10.02,0.0
2020-12-19 06:11:00,12,354,6,0.0,10.02,0.0
2020-12-19 07:11:00,12,354,7,0.0,9.49,0.0
2020-12-19 08:11:00,12,354,8,0.0,8.96,0.0
2020-12-19 09:11:00,12,354,9,250.3,8.43,0.2105
2020-12-19 10:11:00,12,354,10,492.0,8.43,0.42764
2020-12-19 11:11:00,12,354,11,546.3,9.49,0.47296
2020-12-19 12:11:00,12,354,12,139.3,9.49,0.10791
2020-12-19 13:11:00,12,354,13,498.7,9.49,0.43186
2020-12-19 14:11:00,12,354,14,156.8,8.96,0.12413
2020-12-19 15:11:00,12,354,15,161.9,8.96,0.12634
2020-12-19 16:11:00,12,354,16,0.0,8.43,0.0
2020-12-19 17:11:00,12,354,17,0.0,7.9,0.0
2020-12-19 18:11:00,12,354,18,0.0,7.9,0.0
2020-12-19 19:11:00,12,354,19,0.0,7.9,0.0
2020-12-19 20:11:00,12,354,20,0.0,7.9,0.0
2020-12-19 21:11:00,12,354,21,0.0,7.37,0.0
2020-12-19 22:11:00,12,354,22,0.0,6.84,0.0
2020-12-19 23:11:00,12,354,23,0.0,6.84,0.0
2020-12-20 00:11:00,12,355,0,0.0,6.84,0.0
2020-12-20 01:11:00,12,355,1,0.0,6.84,0.0
2020-12-20 02:11:00,12,355,2,0.0,6.84,0.0
2020-12-20 03:11:00,12,355,3,0.0,6.31,0.0
2020-12-20 04:11:00,12,355,4,0.0,6.31,0.0
2020-12-20 05:11:00,12,355,5,0.0,5.78,0.0
2020-12-20 06:11:00,12,355,6,0.0,5.78,0.0
2020-12-20 07:11:00,12,355,7,0.0,5.78,0.0
2020-12-20 08:11:00,12,355,8,0.0,5.78,0.0
2020-12-20 09:11:00,12,355,9,267.0,5.78,0.22786
2020-12-20 10:11:00,12,355,10,480.6,6.31,0.41996
2020-12-20 11:11:00,12,355,11,224.1,7.37,0.18651
2020-12-20 12:11:00,12,355,12,138.4,7.9,0.10771
2020-12-20 13:11:00,12,355,13,405.2,7.9,0.35123
2020-12-20 14:11:00,12,355,14,135.4,7.9,0.10521
2020-12-20 15:11:00,12,355,15,210.7,7.9,0.17018
2020-12-20 16:11:00,12,355,16,0.0,7.37,0.0
2020-12-20 17:11:00,12,355,17,0.0,6.31,0.0
2020-12-20 18:11:00,12,355,18,0.0,5.78,0.0
2020-12-20 19:11:00,12,355,19,0.0,5.78,0.0
2020-12-20 20:11:00,12,355,20,0.0,5.25,0.0
2020-12-20 21:11:00,12,355,21,0.0,4.72,0.0
2020-12-20 22:11:00,12,355,22,0.0,4.19,0.0
2020-12-20 23:11:00,12,355,23,0.0,4.19,0.0
2020-12-21 00:11:00,12,356,0,0.0,4.19,0.0
2020-12-21 01:11:00,12,356,1,0.0,4.19,0.0
2020-12-21 02:11:00,12,356,2,0.0,4.72,0.0
2020-12-21 03:11:00,12,356,3,0.0,4.72,0.0
2020-12-21 04:11:00,12,356,4,0.0,5.25,0.0
2020-12-21 05:11:00,12,356,5,0.0,6.31,0.0
2020-12-21 06:11:00,12,356,6,0.0,7.37,0.0
2020-12-21 07:11:00,12,356,7,0.0,7.9,0.0
2020-12-21 08:11:00,12,356,8,0.0,7.9,0.0
2020-12-21 09:11:00,12,356,9,13.4,8.43,0.00379
2020-12-21 10:11:00,12,356,10,52.4,8.96,0.0323
2020-12-21 11:11:00,12,356,11,133.2,9.49,0.10221
2020-12-21 12:11:00,12,356,12,22.3,10.55,0.00934
2020-12-21 13:11:00,12,356,13,19.6,11.09,0.00755
2020-12-21 14:11:00,12,356,14,38.4,12.15,0.02078
2020-12-21 15:11:00,12,356,15,4.5,12.15,0.0
2020-12-21 16:11:00,12,356,16,0.0,12.15,0.0
2020-12-21 17:11:00,12,356,17,0.0,12.15,0.0
2020-12-21 18:11:00,12,356,18,0.0,12.15,0.0
2020-12-21 19:11:00,12,356,19,0.0,12.15,0.0
2020-12-21 20:11:00,12,356,20,0.0,12.15,0.0
2020-12-21 21:11:00,12,356,21,0.0,11.61,0.0
2020-12-21 22:11:00,12,356,22,0.0,11.61,0.0
2020-12-21 23:11:00,12,356,23,0.0,11.61,0.0
2020-12-22 00:11:00,12,357,0,0.0,11.61,0.0
2020-12-22 01:11:00,12,357,1,0.0,11.09,0.0
2020-12-22 02:11:00,12,357,2,0.0,10.02,0.0
2020-12-22 03:11:00,12,357,3,0.0,8.96,0.0
2020-12-22 04:11:00,12,357,4,0.0,7.9,0.0
2020-12-22 05:11:00,12,357,5,0.0,7.9,0.0
2020-12-22 06:11:00,12,357,6,0.0,6.84,0.0
2020-12-22 07:11:00,12,357,7,0.0,6.31,0.0
2020-12-22 08:11:00,12,357,8,0.0,5.25,0.0
2020-12-22 09:11:00,12,357,9,297.6,4.72,0.25416
2020-12-22 10:11:00,12,357,10,566.0,5.25,0.48246
2020-12-22 11:11:00,12,357,11,106.1,6.31,0.07884
2020-12-22 12:11:00,12,357,12,63.4,6.84,0.04143
2020-12-22 13:11:00,12,357,13,91.9,6.84,0.06604
2020-12-22 14:11:00,12,357,14,84.0,6.84,0.05947
2020-12-22 15:11:00,12,357,15,3.6,6.84,0.0
2020-12-22 16:11:00,12,357,16,0.0,6.84,0.0
2020-12-22 17:11:00,12,357,17,0.0,6.31,0.0
2020-12-22 18:11:00,12,357,18,0.0,6.31,0.0
2020-12-22 19:11:00,12,357,19,0.0,5.25,0.0
2020-12-22 20:11:00,12,357,20,0.0,5.78,0.0
2020-12-22 21:11:00,12,357,21,0.0,5.78,0.0
2020-12-22 22:11:00,12,357,22,0.0,6.31,0.0
2020-12-22 23:11:00,12,357,23,0.0,6.84,0.0
2020-12-23 00:11:00,12,358,0,0.0,7.37,0.0
2020-12-23 01:11:00,12,358,1,0.0,7.9,0.0
2020-12-23 02:11:00,12,358,2,0.0,7.9,0.0
2020-12-23 03:11:00,12,358,3,0.0,8.43,0.0
2020-12-23 04:11:00,12,358,4,0.0,8.43,0.0
2020-12-23 05:11:00,12,358,5,0.0,8.96,0.0
2020-12-23 06:11:00,12,358,6,0.0,8.96,0.0
2020-12-23 07:11:00,12,358,7,0.0,8.96,0.0
2020-12-23 08:11:00,12,358,8,0.0,8.96,0.0
2020-12-23 09:11:00,12,358,9,8.0,8.96,0.00099
2020-12-23 10:11:00,12,358,10,25.0,9.49,0.01123
2020-12-23 11:11:00,12,358,11,38.4,9.49,0.02105
2020-12-23 12:11:00,12,358,12,157.3,9.49,0.12352
2020-12-23 13:11:00,12,358,13,66.6,9.49,0.04375
2020-12-23 14:11:00,12,358,14,23.2,8.96,0.01003
2020-12-23 15:11:00,12,358,15,6.2,8.96,0.00024
2020-12-23 16:11:00,12,358,16,0.0,7.9,0.0
2020-12-23 17:11:00,12,358,17,0.0,7.9,0.0
2020-12-23 18:11:00,12,358,18,0.0,6.84,0.0
2020-12-23 19:11:00,12,358,19,0.0,5.78,0.0
2020-12-23 20:11:00,12,358,20,0.0,5.25,0.0
2020-12-23 21:11:00,12,358,21,0.0,5.25,0.0
2020-12-23 22:11:00,12,358,22,0.0,5.25,0.0
2020-12-23 23:11:00,12,358,23,0.0,5.25,0.0
2020-12-24 00:11:00,12,359,0,0.0,5.25,0.0
2020-12-24 01:11:00,12,359,1,0.0,5.25,0.0
2020-12-24 02:11:00,12,359,2,0.0,5.25,0.0
2020-12-24 03:11:00,12,359,3,0.0,4.72,0.0
2020-12-24 04:11:00,12,359,4,0.0,4.19,0.0
2020-12-24 05:11:00,12,359,5,0.0,3.66,0.0
2020-12-24 06:11:00,12,359,6,0.0,2.6,0.0
2020-12-24 07:11:00,12,359,7,0.0,1.54,0.0
2020-12-24 08:11:00,12,359,8,0.0,1.01,0.0
2020-12-24 09:11:00,12,359,9,277.6,1.01,0.24274
2020-12-24 10:11:00,12,359,10,527.9,1.54,0.47009
2020-12-24 11:11:00,12,359,11,613.0,2.07,0.54384
2020-12-24 12:11:00,12,359,12,653.6,2.6,0.57937
2020-12-24 13:11:00,12,359,13,553.9,3.13,0.49151
2020-12-24 14:11:00,12,359,14,39.3,3.13,0.02249
2020-12-24 15:11:00,12,359,15,26.3,3.13,0.01257
2020-12-24 16:11:00,12,359,16,0.0,2.6,0.0
2020-12-24 17:11:00,12,359,17,0.0,2.07,0.0
2020-12-24 18:11:00,12,359,18,0.0,1.54,0.0
2020-12-24 19:11:00,12,359,19,0.0,1.54,0.0
2020-12-24 20:11:00,12,359,20,0.0,1.01,0.0
2020-12-24 21:11:00,12,359,21,0.0,0.48,0.0
2020-12-24 22:11:00,12,359,22,0.0,0.48,0.0
2020-12-24 23:11:00,12,359,23,0.0,-0.04,0.0
2020-12-25 00:11:00,12,360,0,0.0,-0.57,0.0
2020-12-25 01:11:00,12,360,1,0.0,-0.57,0.0
2020-12-25 02:11:00,12,360,2,0.0,-1.1,0.0
2020-12-25 03:11:00,12,360,3,0.0,-1.63,0.0
2020-12-25 04:11:00,12,360,4,0.0,-1.63,0.0
2020-12-25 05:11:00,12,360,5,0.0,-2.16,0.0
2020-12-25 06:11:00,12,360,6,0.0,-2.16,0.0
2020-12-25 07:11:00,12,360,7,0.0,-2.16,0.0
2020-12-25 08:11:00,12,360,8,0.0,-2.16,0.0
2020-12-25 09:11:00,12,360,9,81.0,-2.16,0.05999
2020-12-25 10:11:00,12,360,10,222.9,-1.1,0.19228
2020-12-25 11:11:00,12,360,11,317.3,0.48,0.27858
2020-12-25 12:11:00,12,360,12,625.2,1.54,0.54892
2020-12-25 13:11:00,12,360,13,619.1,2.07,0.54351
2020-12-25 14:11:00,12,360,14,313.9,2.6,0.27234
2020-12-25 15:11:00,12,360,15,151.4,2.07,0.12063
2020-12-25 16:11:00,12,360,16,0.0,1.54,0.0
2020-12-25 17:11:00,12,360,17,0.0,1.01,0.0
2020-12-25 18:11:00,12,360,18,0.0,1.01,0.0
2020-12-25 19:11:00,12,360,19,0.0,0.48,0.0
2020-12-25 20:11:00,12,360,20,0.0,0.48,0.0
2020-12-25 21:11:00,12,360,21,0.0,0.48,0.0
2020-12-25 22:11:00,12,360,22,0.0,0.48,0.0
2020-12-25 23:11:00,12,360,23,0.0,1.01,0.0
2020-12-26 00:11:00,12,361,0,0.0,1.01,0.0
2020-12-26 01:11:00,12,361,1,0.0,2.07,0.0
2020-12-26 02:11:00,12,361,2,0.0,2.6,0.0
2020-12-26 03:11:00,12,361,3,0.0,3.13,0.0
2020-12-26 04:11:00,12,361,4,0.0,4.19,0.0
2020-12-26 05:11:00,12,361,5,0.0,4.72,0.0
2020-12-26 06:11:00,12,361,6,0.0,5.25,0.0
2020-12-26 07:11:00,12,361,7,0.0,5.78,0.0
2020-12-26 08:11:00,12,361,8,0.0,6.84,0.0
2020-12-26 09:11:00,12,361,9,14.3,6.84,0.00436
2020-12-26 10:11:00,12,361,10,35.7,7.37,0.01925
2020-12-26 11:11:00,12,361,11,89.1,7.9,0.06359
2020-12-26 12:11:00,12,361,12,65.2,8.43,0.04278
2020-12-26 13:11:00,12,361,13,56.2,8.96,0.03533
2020-12-26 14:11:00,12,361,14,42.8,8.96,0.02461
2020-12-26 15:11:00,12,361,15,25.2,8.43,0.01143
2020-12-26 16:11:00,12,361,16,0.0,8.43,0.0
2020-12-26 17:11:00,12,361,17,0.0,8.43,0.0
2020-12-26 18:11:00,12,361,18,0.0,8.43,0.0
2020-12-26 19:11:00,12,361,19,0.0,8.43,0.0
2020-12-26 20:11:00,12,361,20,0.0,8.43,0.0
2020-12-26 21:11:00,12,361,21,0.0,8.43,0.0
2020-12-26 22:11:00,12,361,22,0.0,8.43,0.0
2020-12-26 23:11:00,12,361,23,0.0,7.9,0.0
2020-12-27 00:11:00,12,362,0,0.0,7.9,0.0
2020-12-27 01:11:00,12,362,1,0.0,7.9,0.0
2020-12-27 02:11:00,12,362,2,0.0,7.37,0.0
2020-12-27 03:11:00,12,362,3,0.0,7.37,0.0
2020-12-27 04:11:00,12,362,4,0.0,7.37,0.0
2020-12-27 05:11:00,12,362,5,0.0,6.84,0.0
2020-12-27 06:11:00,12,362,6,0.0,5.78,0.0
2020-12-27 07:11:00,12,362,7,0.0,5.25,0.0
2020-12-27 08:11:00,12,362,8,0.0,4.19,0.0
2020-12-27 09:11:00,12,362,9,339.5,3.66,0.29652
2020-12-27 10:11:00,12,362,10,562.0,3.66,0.49506
2020-12-27 11:11:00,12,362,11,702.0,4.19,0.61095
2020-12-27 12:11:00,12,362,12,700.2,4.72,0.6115
2020-12-27 13:11:00,12,362,13,371.8,5.25,0.32373
2020-12-27 14:11:00,12,362,14,123.8,5.25,0.0958
2020-12-27 15:11:00,12,362,15,237.6,4.72,0.19693
2020-12-27 16:11:00,12,362,16,0.0,3.66,0.0
2020-12-27 17:11:00,12,362,17,0.0,2.6,0.0
2020-12-27 18:11:00,12,362,18,0.0,2.07,0.0
2020-12-27 19:11:00,12,362,19,0.0,2.07,0.0
2020-12-27 20:11:00,12,362,20,0.0,2.07,0.0
2020-12-27 21:11:00,12,362,21,0.0,1.54,0.0
2020-12-27 22:11:00,12,362,22,0.0,1.54,0.0
2020-12-27 23:11:00,12,362,23,0.0,1.01,0.0
2020-12-28 00:11:00,12,363,0,0.0,0.48,0.0
2020-12-28 01:11:00,12,363,1,0.0,-0.04,0.0
2020-12-28 02:11:00,12,363,2,0.0,-0.57,0.0
2020-12-28 03:11:00,12,363,3,0.0,-1.1,0.0
2020-12-28 04:11:00,12,363,4,0.0,-1.63,0.0
2020-12-28 05:11:00,12,363,5,0.0,-1.63,0.0
2020-12-28 06:11:00,12,363,6,0.0,-1.63,0.0
2020-12-28 07:11:00,12,363,7,0.0,-0.57,0.0
2020-12-28 08:11:00,12,363,8,0.0,-0.57,0.0
2020-12-28 09:11:00,12,363,9,89.7,-0.57,0.06748
2020-12-28 10:11:00,12,363,10,54.3,-0.57,0.0354
2020-12-28 11:11:00,12,363,11,33.9,-0.04,0.01859
2020-12-28 12:11:00,12,363,12,41.1,0.48,0.02421
2020-12-28 13:11:00,12,363,13,52.7,1.01,0.03368
2020-12-28 14:11:00,12,363,14,43.7,1.01,0.02631
2020-12-28 15:11:00,12,363,15,8.9,1.01,0.00151
2020-12-28 16:11:00,12,363,16,0.0,1.01,0.0
2020-12-28 17:11:00,12,363,17,0.0,1.01,0.0
2020-12-28 18:11:00,12,363,18,0.0,1.01,0.0
2020-12-28 19:11:00,12,363,19,0.0,1.01,0.0
2020-12-28 20:11:00,12,363,20,0.0,1.01,0.0
2020-12-28 21:11:00,12,363,21,0.0,1.01,0.0
2020-12-28 22:11:00,12,363,22,0.0,0.48,0.0
2020-12-28 23:11:00,12,363,23,0.0,0.48,0.0
2020-12-29 00:11:00,12,364,0,0.0,0.48,0.0
2020-12-29 01:11:00,12,364,1,0.0,-0.04,0.0
2020-12-29 02:11:00,12,364,2,0.0,-0.04,0.0
2020-12-29 03:11:00,12,364,3,0.0,-0.04,0.0
2020-12-29 04:11:00,12,364,4,0.0,-0.57,0.0
2020-12-29 05:11:00,12,364,5,0.0,-0.57,0.0
2020-12-29 06:11:00,12,364,6,0.0,-0.57,0.0
2020-12-29 07:11:00,12,364,7,0.0,-1.63,0.0
2020-12-29 08:11:00,12,364,8,0.0,-1.63,0.0
2020-12-29 09:11:00,12,364,9,19.6,-1.1,0.0081
2020-12-29 10:11:00,12,364,10,11.6,-0.04,0.00296
2020-12-29 11:11:00,12,364,11,20.5,0.48,0.00864
2020-12-29 12:11:00,12,364,12,62.5,1.01,0.04201
2020-12-29 13:11:00,12,364,13,33.0,1.54,0.01776
2020-12-29 14:11:00,12,364,14,15.2,2.07,0.00504
2020-12-29 15:11:00,12,364,15,155.1,2.6,0.12413
2020-12-29 16:11:00,12,364,16,0.0,2.6,0.0
2020-12-29 17:11:00,12,364,17,0.0,2.07,0.0
2020-12-29 18:11:00,12,364,18,0.0,1.54,0.0
2020-12-29 19:11:00,12,364,19,0.0,2.07,0.0
2020-12-29 20:11:00,12,364,20,0.0,2.07,0.0
2020-12-29 21:11:00,12,364,21,0.0,1.54,0.0
2020-12-29 22:11:00,12,364,22,0.0,1.54,0.0
2020-12-29 23:11:00,12,364,23,0.0,0.48,0.0
2020-12-30 00:11:00,12,365,0,0.0,-0.04,0.0
2020-12-30 01:11:00,12,365,1,0.0,-0.57,0.0
2020-12-30 02:11:00,12,365,2,0.0,-1.1,0.0
2020-12-30 03:11:00,12,365,3,0.0,-1.1,0.0
2020-12-30 04:11:00,12,365,4,0.0,-1.1,0.0
2020-12-30 05:11:00,12,365,5,0.0,-0.57,0.0
2020-12-30 06:11:00,12,365,6,0.0,-0.57,0.0
2020-12-30 07:11:00,12,365,7,0.0,-0.57,0.0
2020-12-30 08:11:00,12,365,8,0.0,-0.57,0.0
2020-12-30 09:11:00,12,365,9,357.6,-1.1,0.31763
2020-12-30 10:11:00,12,365,10,545.1,-0.04,0.48333
2020-12-30 11:11:00,12,365,11,684.8,1.54,0.59744
2020-12-30 12:11:00,12,365,12,176.9,2.6,0.14577
2020-12-30 13:11:00,12,365,13,133.2,3.13,0.10509
2020-12-30 14:11:00,12,365,14,68.5,3.13,0.04699
2020-12-30 15:11:00,12,365,15,9.8,2.6,0.00194
2020-12-30 16:11:00,12,365,16,0.0,2.07,0.0
2020-12-30 17:11:00,12,365,17,0.0,1.01,0.0
2020-12-30 18:11:00,12,365,18,0.0,-0.04,0.0
2020-12-30 19:11:00,12,365,19,0.0,0.48,0.0
2020-12-30 20:11:00,12,365,20,0.0,-0.04,0.0
2020-12-30 21:11:00,12,365,21,0.0,-0.57,0.0
2020-12-30 22:11:00,12,365,22,0.0,-0.57,0.0
2020-12-30 23:11:00,12,365,23,0.0,-1.1,0.0
